account_id,summoner_name,match_id,position,playtime,kills,deaths,assists,totalDamageDealtToChampions,totalHeal,damageSelfMitigated,visionScore,timeCCingOthers,totalDamageTaken,goldEarned,totalMinionsKilled,neutralMinionsKilled,neutralMinionsKilledEnemyJungle,totalTimeCrowdControlDealt,visionWardsBoughtInGame,wardsPlaced,wardsKilled,killsRatio,deathsRatio
y-vHQgxJCXHoXtDH5DVatxdat778j08IGbTgyVLkCOs_Sj7TOsNzjFcW,스웨이이,4521410205,top,1478,5,1,9,12586,2620,23000,15,29,13228,10080,161,4,4,309,2,7,2,0.56,0.07142857142857142
McUSorF7fDy6QXiwzLGyZhaLX5KveZLNSgfT6tSu6Nh3,동구별관,4521410205,top,1478,1,4,1,5423,4185,10817,22,3,16816,9489,174,8,0,65,3,8,1,0.15384615384615385,0.16
thjSxMHhOFPrSKajpMqA4N8R9dmCVUUlj_ZjEvKEvo3ik78,군대갈원이,4541852695,top,2340,11,5,9,34619,16759,30383,49,24,38964,18299,251,10,6,229,3,15,4,0.4166666666666667,0.13513513513513514
YNUFMaGxUOiCTexRy8SUwG5PMKKXtffshNqpD9O2apVG,휘릭휘릭 빠직,4541852695,top,2340,6,9,4,34790,6895,55812,33,35,43927,14660,244,4,0,161,1,13,4,0.2702702702702703,0.1875
CMThpzSnqxLwlsImyjJ_cIQrtc8N0GNh4-KK922e_ulOI8K3C0tMRyDg,바텀또지네 임병,4431170068,top,1657,5,6,2,11703,6697,17797,16,18,27407,11024,189,8,8,105,2,10,0,0.3684210526315789,0.16666666666666666
KhKHgqSFG6k0TI0DIwMpVMczQmuklroDQK0OoD2JouVfkjc,이리와혜지야,4533974386,top,1484,5,7,4,20076,5057,15688,7,37,27118,8520,127,0,0,335,3,3,1,0.391304347826087,0.19444444444444445
k1EQtN4jBKAMcj0wp-8IrKQdV27HWbk2Y74PhtbK8WtFiHM,매우화나있는상태,4486677014,top,1238,5,3,2,11137,2659,10916,7,9,15791,8777,129,9,4,51,1,4,0,0.20588235294117646,0.375
PmaSIcyVirtD67YUbyTzdaXkgbQA1oSUjh5f_5nSDSg-,현 핰,4541656343,top,1389,3,5,2,5322,2270,9874,14,9,17874,7248,124,8,0,46,3,6,2,0.18518518518518517,0.1388888888888889
OgBViNzSBwOe7PmhSu85MhqO9ktB3AG8GSXToQewbxoT,전동만,4541656343,top,1389,1,5,3,8561,1983,7697,10,15,13916,8224,136,0,0,54,0,7,0,0.1111111111111111,0.18518518518518517
AZkdcltOcWUVS4HF8sUd8f-RO2wK44JaPc_hkD1qikmiWp5Qu1ozo3cL,FriendIy,4532908723,top,1797,5,6,3,14614,5857,23514,13,5,29304,11906,208,17,8,111,3,3,1,0.3076923076923077,0.2727272727272727
YU9BOzLWT1nHK0M4SZJpeUGrtJm76QEGMPIvjRDnn_-P2yXiF9w5Is44,MNMNNMNNMNMNMM,4541286938,top,2187,10,7,7,31207,5554,49355,24,39,34248,13323,152,12,8,308,1,6,8,0.4594594594594595,0.175
Ot9OE68AaWNesFwAk-9NPy7asWrrUXzBLsJWt0fQLJBI9L4,탑솔러의싸움,4541286938,top,2187,11,8,8,33020,4099,19389,28,8,25764,15840,236,10,2,137,4,8,6,0.475,0.21621621621621623
1pSYYWSBKZEcHEBCRyFB4ayQd20a6_NmiY8KRljTDHrEMOc,NF XXXX,4538458335,top,1731,7,8,8,19524,5932,28725,21,21,26032,11169,147,3,1,62,4,11,2,0.3191489361702128,0.3333333333333333
CWd9VIGZJ0Q1TOGNWapKKtiS3bwmXVEDgpNvKXos-kEBQ4Q,경산유기농망고,4532284425,top,2098,10,3,9,25114,38283,59063,53,47,45281,13664,172,11,0,460,1,12,1,0.475,0.11538461538461539
ZwjE8KDViLIwa7vDyozjD7fzQE-bwgknDL4uwNrZD8SuRJQ,win XG,4532284425,top,2098,4,10,4,25192,5298,40291,14,39,33172,11739,189,15,0,141,0,5,2,0.3076923076923077,0.25
NITtPjq41laKgLrouQWFKsr_TQK_DrrhJrnD91WTxkMo,e공주님,4494491935,top,1920,5,10,12,31101,17058,31531,25,13,43928,12206,164,14,4,129,2,9,2,0.5151515151515151,0.17543859649122806
xCFDnBMAq947s_xC66uNlTyL-WvsFOvn8pc1R9O4wsz1pjqdglVwu11t,2020챌1300마감,4492887476,top,2071,9,13,3,15295,7010,36581,27,27,48628,13360,177,16,8,155,3,10,4,0.4,0.2708333333333333
7fuPHGqKuxE8aT1eNgP7b3qKqfSWa8Z9HelI1H0mLbMUf3Q,너구리궁디,4492887476,top,2071,21,6,6,68464,11036,10876,23,45,29153,19864,204,21,12,645,3,7,2,0.5625,0.2
MZzcbbO-w956dBaPjtK_QMy-IcN0aZtMmt-b5wqoXtT7KoymXABStI49,관짝 춤 추는티모,4495640972,top,2092,7,9,18,46771,6849,15051,20,56,33151,12377,140,8,0,433,2,10,4,0.5555555555555556,0.24324324324324326
_7Mj4VFjLBLfTfl-vNEsY6vtXdOfk4Kw39qxDVhCPnROV-UaJOxhxVRU,aaxxdd,4540380421,top,2326,9,9,11,37665,24710,67660,29,15,56010,19159,305,4,0,165,2,7,6,0.6896551724137931,0.34615384615384615
ZVZvTUdvbRgsgrKRbFCaACjEh24WexzoosRybAWIYFcwCR8,거발시비애니,4540380421,top,2326,10,6,1,30398,11749,44692,21,16,45598,17315,270,31,0,256,0,11,0,0.4230769230769231,0.20689655172413793
kDVBT7C_LJvxlkaxeawmow3vEnDp3zaHcZ9b7ek_sn_LR8w,베인손이베인이유,4537225591,top,1898,2,9,6,15359,9100,35287,17,17,33217,11228,191,5,4,152,3,7,2,0.17777777777777778,0.2727272727272727
ztB7Mi7hBDHUL6er7s_9sQtk5v6PG-eb_yCL2huU4S0E,판테온왜한건지,4537225591,top,1898,3,8,7,16352,5316,19797,10,16,32209,9892,174,4,0,30,1,2,3,0.30303030303030304,0.17777777777777778
hkFByTFaP2BC56p-3viAx_oYEYkWEdvjRXYvRuAuqP80xee9J_obCyhn,요릭고양이,4541653997,top,2379,7,6,2,20614,7340,36134,15,13,31531,16987,303,8,1,97,4,5,4,0.34615384615384615,0.20689655172413793
g-C6hqQxOHaqoojXPUUVmS6FbvU5RtYYgZBkcG26KCxJ,토돌잉,4541653997,top,2379,12,13,3,37847,2826,25504,36,6,27520,19806,298,38,4,101,5,12,4,0.5172413793103449,0.5
GPe05Ku5HWedWgbAtq7B9UsxdZz5wuxYxzpQ_SgYHUD5,금호라인아파트,4523003865,top,1237,10,1,1,12580,1368,16735,5,26,13412,10153,153,0,0,382,0,3,0,0.4583333333333333,0.125
fxgeb1RxpcjnkVD-m8vjM01Iv2nkz_7LX5yIh-qb_u1GIbqNdr9i4UI2,Yukitaka Yu,4493570967,top,1476,4,1,6,9607,6988,11923,34,47,11425,9137,144,1,0,688,0,0,4,0.45454545454545453,0.07692307692307693
zcF2D5v_UqNT8qWyK_lHX5oOHfocDHIV0_HAZIkyyC9wLZA,한강잠수,4493570967,top,1476,0,3,2,4802,2312,16535,8,18,14636,6734,146,4,0,447,0,5,0,0.15384615384615385,0.13636363636363635
XKz_GvpZTxy6h00Ka815dmW4Uo6tlbUHJCHwNHi1-7pu,what the fxxking,4451582175,top,1743,3,5,7,7166,1231,19478,11,17,18768,9634,171,4,0,73,2,5,3,0.47619047619047616,0.1282051282051282
ZaOtDLAW7SGUDzIs8LDPveO1c4rtCU2mBcIinC1qjBMViLk,미모종결코돈UGA,4451582175,top,1743,4,5,9,13095,3794,24060,17,42,19998,9961,136,4,0,452,2,10,0,0.3333333333333333,0.23809523809523808
YJJ4APtNbt_zMOuAoQeCKlTE_jkjt1W5KtEb1gJWTujj,Virginia moons,4541186812,top,2172,6,8,4,15594,6893,30418,28,16,31810,13409,176,34,11,167,3,15,3,0.29411764705882354,0.2857142857142857
5jdmMCqHFxPdWTfntqdQlSYD1F0rTrURJAetKlXt_8SXiDE,내친구는대머리,4541186812,top,2172,10,6,6,25178,14891,49820,28,24,42926,16247,271,8,0,80,4,13,3,0.5714285714285714,0.17647058823529413
DZUwy4XV6ziDMm5Y8K1O_0wLQbeFhnT7aw4IdXTmO4kN7AdOnN-tip92,메롱시티 3번출구,4536462927,top,1682,14,4,4,20258,6658,25071,14,11,22966,15539,156,50,16,33,0,4,2,0.4090909090909091,0.14285714285714285
_DJuJHEWbwDmZTaCDow6dRcWzgMfJMG_U6qptUm0aDjXYd4,Steel of POSCO,4536462927,top,1682,4,7,4,12504,13533,14303,16,3,23989,9119,164,0,0,72,2,10,3,0.2857142857142857,0.1590909090909091
ZjN6q-WCLtGR2S6XHwm7-V2ixFoZqh7y32rlP0eKoRERmIY,si val nomm,4534165936,top,2288,15,8,4,35993,7717,19834,45,17,30134,18105,189,33,0,164,1,12,2,0.5277777777777778,0.16
q7e0cV07ImTNTaaBVwaCbAaSYYW2UUZxj36R0zOed0LFwM2oHWsDDLWq,걷다보니챌린저,4538318541,top,1601,5,8,3,19123,1847,19640,14,37,23318,10626,179,8,0,123,0,7,3,0.3333333333333333,0.2222222222222222
980sX5qVuyuxS_5BTamLKG_AQeseBTau0QBQRY-fsaR5HzjqPW3Ch6Xt,타꾸다,4538318541,top,1601,8,5,7,22241,0,30722,12,24,25946,11664,166,16,12,423,3,9,0,0.4166666666666667,0.20833333333333334
S0a4-R-1NF77qhjfUlMhNsIxofmnK_B_IpwpSuwkQipKKTc,강철갑옷,4541180901,top,1303,7,3,0,17894,5411,14267,17,12,22660,10668,178,0,0,79,2,8,1,0.4666666666666667,0.08571428571428572
rXGgEdG5FvA3B2C3Ww9h5sKSDJ49fY2UIIixymOaEbx0o6E,프링글스12,4541180901,top,1303,1,5,4,10719,1935,12248,9,17,12451,6121,107,0,0,354,0,7,1,0.14705882352941177,0.3333333333333333
qJHZ9SvXtz9_zR1GvyNc4e51IEG5z3PEnSNCg5iatOfxe2NUE6v7C7ai,하이름,4541280077,top,1693,6,7,2,19885,3910,19858,9,24,21364,11849,203,0,0,174,1,6,0,0.3076923076923077,0.1794871794871795
tO9t36j4kYzZzpGkHHNDJFpQx5x3ZksrRbG191cgFUcjWk4,내가캐리할차렝가,4526181542,top,1898,7,6,7,20428,5295,19712,29,15,23095,12784,150,24,4,85,3,7,4,0.56,0.15
ftB9mpjFmns7C_S9M-o0LF-g2j9Ar1p1C17sWyIOGty5X0Q,a close call,4526181542,top,1898,3,3,6,17409,10085,30395,12,22,30367,10214,144,20,7,367,2,7,1,0.225,0.12
X23p_WN7Shsf1eudRC3brWWS5KsWjAumscelMHvplLXf,귀팅유저,4541274396,top,1677,0,6,5,7561,1502,14774,13,7,19712,7980,126,0,0,18,0,8,2,0.20833333333333334,0.15
gYFyT4chZMJ5n-gbT0vX7ksgDwiZkqoTzm-VSFt2cDTg,포로포로포로륑,4541274396,top,1677,2,4,14,11833,4704,28534,25,44,20496,8672,125,0,0,243,2,11,1,0.4,0.16666666666666666
hkn6mDCoZUebrmzCMbU3ZKTuja9oYyTb-9HP-LOVO2kacf4,주은아넌내꺼야,4536693786,top,1693,2,2,2,6921,4306,16763,20,3,17010,9706,120,29,25,23,1,10,1,0.125,0.13333333333333333
DctsROZoc9W_qcYUhoOsuiSMwHmEVC0NVyolgx97i_TEO60,덜익은놈,4478623271,top,1752,4,7,9,14510,1384,8170,15,7,17126,10838,148,25,0,37,0,9,0,0.325,0.2916666666666667
WIl7T4KNrr3DDkQXe81PC7lENTfs8a-ZgeEbNwktvpfMi9LtbrhJXCkz,마당을나온지현,4470159944,top,1289,4,5,2,7305,3973,7494,13,9,15889,7406,117,12,0,91,4,6,2,0.20689655172413793,0.2631578947368421
KbwuKgX__IReGJ85pRmYFxQEymIMPZY1lXHCB1xm6Yv_,녹차맛잔디,4541879484,top,1552,2,9,6,8494,1645,15072,14,15,19139,8250,147,0,0,335,2,8,3,0.42105263157894735,0.3
FG2-FsprpB41WAuZv13NJ4kc8G-2Vh-tykR7XDgtHfsM,가고일의 돌고추,4382495875,top,1495,2,2,2,6217,769,20610,6,27,15092,8155,159,4,2,71,0,5,0,0.36363636363636365,0.07407407407407407
PxEpEXD-Gc3oRiFQO3jnvsDjLSxuNaugXiKlykHeMWk,NIF 범범이,4366245788,top,1241,3,2,3,11110,5232,11594,10,4,14169,9754,175,16,0,26,0,6,0,0.23076923076923078,0.125
o5Fj87jUS-l08BhdcwCD9sBD58A_C1auFgfUFxURG08xfTs,노련한 배짱이,4539119440,top,1922,7,6,9,21952,5262,27680,17,7,35919,12891,180,4,4,56,1,9,2,0.34782608695652173,0.21428571428571427
en5ESjhjOqLgPEoYa-5hayZAAtx5uxHmFzzj7YzbVdnDo7v5CIXhFDmT,김형중의 부계정,4539119440,top,1922,3,7,8,18055,1503,36580,19,53,27596,9649,115,4,0,99,0,9,1,0.39285714285714285,0.15217391304347827
O0iSUdJeXXcqwiaPAo8EZVekedlnUCo7yHt4zciKbrwY,EnrEKr,4485379430,top,2047,4,7,7,24096,14685,45034,26,11,34202,13065,213,6,0,112,0,8,5,0.22,0.25
1DFmUFXswG88Cp8hnMBFrpWGF8j1nNfhu1hB2XthmEYJ,갈비오돌뼈,4541618607,top,2125,5,6,5,17011,2096,11939,19,24,21535,11706,164,1,1,848,0,12,1,0.3125,0.15
NVyGyuK0BdUaXmd4xoKduN9oRs0NuD0Ee2S2rs4hCkXj6NYNUqTXWYOW,Asian Katarina,4541813928,top,1897,3,7,20,22051,3359,30564,24,61,29168,10749,156,0,0,560,2,10,1,0.46938775510204084,0.18421052631578946
q2eu2cjDHCOVXG4D0h1uSjooilH_NcSWpr1NMA9gq7wpHso,죽빵매따까리,4400745556,top,2040,4,8,4,16261,4371,13431,17,19,22655,9830,148,6,0,61,3,7,2,0.38095238095238093,0.22857142857142856
8Lx7smYTxoMq1wzNSjsXmz8NZlNda_vLVolrZl_RQLynf2c,과자125,4400745556,top,2040,14,2,7,31756,16989,46620,15,36,37276,16466,206,36,11,226,0,9,2,0.6,0.09523809523809523
u7N21PU2JRp9GpDpCScTNNbEyyzFO2klp1tIPuzwEV1W,무 장 리,4540248939,top,1507,2,8,3,10579,6472,26177,12,36,25524,7086,103,4,0,307,3,6,2,0.22727272727272727,0.3076923076923077
xfzDpVQKtjXyJFzezKvboEvuZJBAMmGYKbtsBMMt-VDE76Q,PD암무무,4529701207,top,2413,10,7,5,25049,23682,70656,20,25,54540,15408,201,21,7,222,1,6,4,0.30612244897959184,0.14285714285714285
XRBrj60Fl81du0p9easZtpQ_GFFjPDr1PwepE6T1ZfbmpcKyPbVrmUhp,앜앜앜앜앜앜앜앜앜앜앜앜앜앜앜앜,4529701207,top,2413,6,16,16,42182,5980,18113,16,46,43666,14161,163,16,0,639,0,6,3,0.4489795918367347,0.32
FeG8yG2WnIAQRA5yShrAC8BU2DdVeSYo7l6Rveud6ZibNUl4NeaEiQzO,개념챙긴아이,4520782284,top,2111,8,4,3,14659,2288,13581,6,4,23611,13728,242,4,0,78,0,2,2,0.5238095238095238,0.16
2SF6MC26apvj-rHerCzxDJagISCAqBPLUvbk3ZpUrJtxIUjc1kb5V_-W,마돌석,4520782284,top,2111,4,3,0,24015,4111,7886,15,42,16443,11256,182,4,0,218,0,7,2,0.16,0.14285714285714285
XzgX9uaYqjc1M5xCn0u-kWfKBjEaQhHGleZJyyIg74oqtMI,헤징크스,4459662434,top,2391,10,5,17,32116,4489,67822,26,47,31142,13840,149,0,0,686,0,14,2,0.627906976744186,0.11363636363636363
V1dJKqwMDg57xZvj6HTSAFWqQsHtPtrDqjCUlLjOG8FcE3w,Sririte Rnegar,4528952288,top,1776,4,6,4,14494,6106,15139,12,6,29641,10304,182,4,4,71,3,10,3,0.2857142857142857,0.15789473684210525
JjEu5SRO8AzLkxVafOCb_97YXQKoAlO-W1bmJF3gqjJsz3o,15분참기,4528952288,top,1776,5,5,9,15756,3536,27081,21,29,22112,10937,141,12,0,284,0,9,3,0.3684210526315789,0.17857142857142858
vs4HBvZuTjLJOqnlFGRCavNjFd9z825HmhodZe1BNVlrm6s,Still I Rise,4524507915,top,1397,4,3,0,8519,2955,13076,9,11,19538,8098,141,0,0,48,0,6,1,0.2222222222222222,0.10344827586206896
Rk8gq0PAyt7Qs0cVWOGOVpENU_fy0YznkC79cdaaqphQ,깡통블리츠,4524507915,top,1397,3,3,2,17007,5012,9501,20,2,16765,9853,196,0,0,24,2,8,3,0.1724137931034483,0.16666666666666666
yNtfwbPrPKMDTJmrUP6tMcVNzR7isUI7E9BL-64F5vizhOHJ54pF1S-R,01049244879,4541494890,top,2018,3,8,3,11881,3907,24288,31,18,29298,12007,247,7,2,80,4,9,4,0.42857142857142855,0.2857142857142857
o7YiYyX0CetoB7zRJ6Vd9XU6QbVts7tnpKtbTqcyfyjDEck,한려대장,4541494890,top,2018,15,6,4,31357,8008,31949,21,31,29848,18790,222,35,4,183,3,4,5,0.6785714285714286,0.42857142857142855
PRfXfNOYGTzTaqJw2eloqppcjG52PjYivjAaqmUFb2cq,량깡깡,4540084861,top,2261,9,6,10,27126,7393,24908,28,21,38360,14625,242,4,0,85,6,7,1,0.48717948717948717,0.1875
D9yiUJYLW6BTXZWatF1MtrncFIhkIdKx0ybKu1rt_eIT,곰탕재료푸우  푸,4527265258,top,2163,12,6,3,26055,4624,53580,29,38,31953,16961,255,16,8,288,3,13,2,0.35714285714285715,0.16216216216216217
65C4xw_UUY-BaJvsUEtMLtqvVk18TcoffSb0euC4pAI,미소청년,4527265258,top,2163,7,5,8,30370,4896,23288,25,44,27675,14322,197,37,12,607,1,11,3,0.40540540540540543,0.11904761904761904
2_KlGMECNsgC84KP0wd9KnvFZgdOa3fjGG3D474NTktpcG0,님호형님,4528567234,top,1320,5,5,9,15418,2721,21978,9,28,20533,8234,115,8,4,131,0,6,0,0.5,0.45454545454545453
X0i0otppuyjT79esZirlrLFypty16OTTdpsWZ2bo27Sz,묵언스행,4528567234,top,1320,0,8,1,13368,2986,11442,13,19,18883,6461,128,0,0,86,2,6,1,0.09090909090909091,0.2857142857142857
YxKUSIUetDoe-k5rC_ti5aGJckXRUAFU1tboX2YINQCPYrY,콧물비빔밥,4541932341,top,2034,5,4,0,15683,6698,28570,33,3,19667,14915,235,85,24,219,5,9,2,0.125,0.11764705882352941
gL-EnynK6O15InRXnBNO18lIJv-zGrubeGHUZlgOS2GpB-IcAZkkETuI,게찌미,4541647067,top,1256,5,7,3,12196,852,15868,10,31,19750,7033,79,0,0,382,2,5,0,0.4444444444444444,0.15555555555555556
0EU8UP6gVe-k-q56Qf8Pg0Rwqfys8QkaFOPzlT5vTDizZ1KzWM2vRizj,akfehd,4541484403,top,1437,13,4,9,15766,7234,14978,26,12,18404,12077,127,8,8,79,5,13,1,0.6285714285714286,0.16666666666666666
ICnxUGky4WU8hZ8-MhWFYDDqJdh_tqwP5EogpmEOxlDuNiI,트롤러 병무룩,4541484403,top,1437,7,8,2,16744,4761,18201,11,9,24256,10283,166,0,0,63,3,6,0,0.375,0.22857142857142856
SewU2Zf5s_5tAw1gpHVGUEpdH_9FHUkKVVb0M7ykm1YdoKE,트런들할레요,4499767910,top,1740,16,2,9,38076,15830,45888,16,24,45880,16303,197,7,3,518,0,9,1,0.78125,0.09090909090909091
YMfiHlCsEN3nuzuFzRX3rrTQjij3jpt8xhZF2MVGOhXIRgJjq_mdWquI,첫 경험의 느낌,4499767910,top,1740,1,8,4,13356,5091,32575,13,48,25583,8065,163,4,0,522,0,8,0,0.22727272727272727,0.25
PcQ3tlLNePN9YDGhHOwX4kRFOwvWw8eOIzca5nu19NWCcDuORIrO49Hc,배불러요그만,4540248922,top,2073,7,7,9,28401,5880,24231,12,51,31630,13769,207,3,1,729,0,4,2,0.36363636363636365,0.21875
Li7aBtwS6UTOFZwgDfQbkdeOqvE3c_qdY0gWzvn9nLh-LqGRACWf-92k,가슴속에베인,4540248922,top,2073,10,7,3,24416,11983,25712,11,24,36827,13910,213,0,0,416,1,5,2,0.41935483870967744,0.1590909090909091
L1SsrT9Qw4lcSQiQ12vdWzwP7TOzBA_2VVA1JljMOTaoy6c,우간다부시맨,4532750428,top,1662,1,1,3,14431,5159,11809,27,16,15389,9481,187,0,0,330,3,13,1,0.2857142857142857,0.029411764705882353
P-egQjchVbYFQKKk3CEKXVF5qlzDm8BPflVUkgWbyOcxt8OtXoqgxCie,바람을박아라,4532750428,top,1662,8,3,4,17199,12940,25360,21,4,26973,12235,177,15,11,54,0,8,4,0.35294117647058826,0.21428571428571427
9tJaRXOVHKviIDKysiMioGKel1eG4lj1wRIjEkzAgg7FcAB18WENdMgi,쌀국수뚝배기장인,4521040474,top,2089,4,5,1,12953,9879,24435,23,19,29793,10863,194,12,0,132,2,12,4,0.16666666666666666,0.15151515151515152
xixPAGV0T8udjMpvKPT6Xb3ber6LUaKmsgvKGR5H-dbf,shinms9812,4521040474,top,2089,3,2,13,22510,8479,44675,26,33,26629,12576,203,0,0,500,2,13,3,0.48484848484848486,0.06666666666666667
fzO7zpvGrO7-eHoLZtolHwg_UBy58i8uLLoaW966jYpX,죽이는자1,4539228831,top,1692,4,7,9,21236,14551,11532,14,4,31318,9413,132,0,0,70,1,5,0,0.5,0.1346153846153846
yA9FMwMp9xgYUVgQqAVvCCK1JkAfeiw8lz8ekXJ6v9YrUro,쩡 끼무늬,4539724360,top,1867,4,4,8,17398,3180,35992,26,40,21528,12187,191,13,2,518,2,11,5,0.6666666666666666,0.13793103448275862
cQAmPWUfgkBrj6151IZV8a0-4xHVkw6B1xlw9MWx9nQSw9Q,예비군엉아,4536159718,top,1494,6,4,8,17848,10611,28704,8,11,31124,11639,148,20,7,141,1,4,1,0.4666666666666667,0.16666666666666666
gQu8jBzeTfcIAK3PlnSXSxZPMR6IAdjbC0y7OnlhJUUL,알아서한다고요,4530985506,top,1830,5,5,9,20154,4757,12759,21,10,21138,16220,266,19,5,166,2,9,4,0.5,0.22727272727272727
NBMPPzxmDT1hRo5-JeEXfiy-GVtoVD45bto_14Y67H5uCO0,소사역섹시킹,4523491342,top,2365,10,5,5,20528,14440,51591,33,13,32430,17727,268,12,0,589,2,13,1,0.6521739130434783,0.12195121951219512
-OcA5wrNmtj0j6_PIk75WvfhRTnG0YS3Hw6LFifpr7snDdOeR972MRuo,Hero too,4523491342,top,2365,9,3,13,28644,14122,28577,21,35,32234,17918,265,32,5,679,0,13,2,0.55,0.13043478260869565
LpS7FSBxYUK6KFTqo7Ue5OHlHAN5uDxvtCArodLkX5g-dPk,작명군,4532769566,top,2850,5,9,20,24418,20793,109513,40,93,59535,14884,191,4,0,734,5,21,5,0.6944444444444444,0.225
w5Jcfv4bjRSE2YYUMM5lp_H-Sd1l6OmoqS4xhbOz6hPTY2g,애긔돼지효니,4538964425,top,1579,12,9,3,25361,12464,35847,17,25,38346,12421,118,21,9,139,0,7,3,0.32608695652173914,0.19148936170212766
no1yMyLEq-8ooigzLU_MPoQH1EaLYFedhj8hXtuDnUnlTO0,타키는 사랑,4538964425,top,1579,13,8,11,34452,8486,29356,9,30,35995,13869,129,0,0,363,0,7,0,0.5217391304347826,0.17391304347826086
fXdKm3LaaQcRsDeMHdaLijcuOIEfOa9hRzv1ebAB0FFvEMNolfcNx7rp,사랑해 종민,4541623159,top,1917,0,9,14,5946,2438,12961,18,25,20686,7079,67,0,0,298,3,9,0,0.35,0.225
0fzCXfsTRktxTtxEUi5Ky6BM05FwUV-AjrRcvShP4Ndt,바로때려,4541623159,top,1917,12,4,8,33226,9502,56541,16,34,37996,14278,160,0,0,119,0,5,3,0.5,0.1
nuwLc_FAuSSPhoPnyCvymSpka46hkqrxayJyVBRwCOtb,마검트린다미어인,4261160341,top,1832,11,4,6,24941,3413,14286,19,14,21274,14610,193,31,1,184,3,11,0,0.6296296296296297,0.13333333333333333
LF7QO5Jr7ZTGDzxX7qqrg6RKfVcg6t8E94F7UgTp9c_qZq0,코후비는몽골인,4261160341,top,1832,3,6,10,11913,3484,12929,33,10,19419,12393,170,8,0,25,1,11,2,0.43333333333333335,0.2222222222222222
nLQNH4298NghK-a4C5IQYtbGZefW7REQo--iYw6sJrNO,Fran after,4347007244,top,1633,2,7,3,20141,3026,26266,20,50,21073,8239,145,0,0,478,2,10,1,0.2777777777777778,0.22580645161290322
zOsSDYZUAYohOCubz-RzXOneUUtqhFRuTzK71ULLiLcD,천년기념물,4347007244,top,1633,4,2,10,15193,14777,38706,21,61,28967,11342,184,4,0,564,3,8,3,0.45161290322580644,0.1111111111111111
XxXrMdVItia9fBfQ1jSNTxx2uWoTz4_tcW_JmA2gJy-p,일 원,4496935350,top,1991,3,6,7,11032,3024,21769,33,16,23971,9950,165,4,0,108,2,12,4,0.4,0.17647058823529413
RyiZdAMuUhUkV865iZmHtdrTX96vm6T2wD62c_C9gk1NDD3vN3pcGCYo,Riven373,4532395685,top,1859,7,7,5,18558,1999,26203,12,29,27199,10799,179,4,0,122,0,5,2,0.5,0.20588235294117646
q9D_PDCwws1-fFkXk4o73ZFrvN7t2RAz-Nfqv8XsieOWV-8dV035GzWx,야밤tv,4532395685,top,1859,10,6,13,24763,8478,22756,34,24,28751,15263,225,4,0,110,5,10,1,0.6764705882352942,0.25
HdnSc7VYMFX534w9XcZwsuE0aR0XL270MSEnpfM4KJG1J84,김 만 표,4532209373,top,1256,0,6,0,4849,1536,10155,12,8,17925,6082,151,0,0,244,1,7,0,0,0.35294117647058826
fwQ-tAG994ORBNA5pHPGkbI2YdKgkjzBX5FGJJ85jtVB,ME Jungler,4537842684,top,1331,2,7,2,8749,9399,16356,12,27,25385,6421,76,0,0,179,1,7,0,0.3333333333333333,0.2692307692307692
0X4siP6itSlnsHTvqS0HaXsctoGTZQOjgFiuwZZninYw,괴안동빠루,4541382654,top,1240,0,3,0,2691,59,1875,4,3,3893,3740,45,0,0,9,1,3,0,0,0.1875
VQtuXSI6Vzycv3QCb7OdNyhcIhiBEfAIhJJq4Rwx-hceaoD3WXusbrD7,방사능사,4503165952,top,2177,11,14,4,35613,6866,52536,18,5,61654,15723,234,0,0,230,0,12,1,0.3333333333333333,0.3333333333333333
dW2vpBq4lMLsO1aCalBV2WRASWshIk64qn8EsUR5Q0ilwA2NC3FwXZeZ,짜리미 사랑해 ,4540076144,top,1504,2,5,0,7072,1934,11582,7,6,13981,5754,91,0,0,74,1,3,0,0.2222222222222222,0.15625
GdELBHzMHEpZNgV8cO5d1-U2DWWdJWKDgQrF69o21nCe8os,조또chess,4540076144,top,1504,5,2,3,11757,1592,12590,11,6,15963,11606,158,28,5,27,1,7,1,0.25,0.2222222222222222
_krwH4Z6z4drULJrNAuyBLcb1J_ruC_vRNq0bdtNwmkQ,베고미,4532481161,top,1693,4,5,4,10447,3460,19677,22,9,20616,10127,163,0,0,144,1,10,1,0.27586206896551724,0.08928571428571429
txH3hiVcW7LoIjmCP5i-UQKDHipd6ocb0AjEIOrtiGkam2B2YfZfOU-e,임시소환사명xi23,4532481161,top,1693,3,6,4,13744,1733,24205,14,16,23545,8989,125,12,8,97,0,8,0,0.125,0.20689655172413793
VwuFC23Gzuwt6uwf9Xm07P0vTtBhoZ_8Mwqp7QOp94RZ,Sceptre,4527904535,top,1558,3,2,2,8007,2757,20937,20,18,16744,9297,158,8,4,279,0,8,3,0.25,0.13333333333333333
hR8WXPfUXdHPJEweNlKEWrWijAUAAMv9Fq9daMXVJ6Cn,햇반승,4538601302,top,2259,8,9,9,26148,8981,35383,24,31,39055,14926,179,40,5,233,2,13,2,0.5666666666666667,0.21951219512195122
QwH-s5RIJAPxkBaF78c3nbgbn4qNg7FaPuY5n9l6TeXp6RYSsPhIYWR1,공짜닉변감사요,4538601302,top,2259,17,4,9,33125,13717,42867,31,32,37997,19071,267,8,8,118,3,5,8,0.6341463414634146,0.13333333333333333
LNZNY-EDqJeTbkmLB_feKUzqU34bO1j5NKropLsaS3Oh,빨간망스차차,4540777048,top,1776,3,10,1,15190,386,11169,18,26,20789,10671,197,0,0,587,1,9,1,0.13793103448275862,0.35714285714285715
ozuwDEi3ERrdUN-GRPnr8gw14A1tSBRiXGxOrGdw0JWIpx0rHIFt1aG-,Ku3lb1itz,4506063278,top,2078,6,5,1,22625,6622,9327,17,9,21527,14969,281,4,0,368,3,10,2,0.3888888888888889,0.11627906976744186
b7gfWo9oFc_pE1ZUTUloCrviBJ6gyCEriY1t9Uk7Q4A0,돼지박휘,4506063278,top,2078,6,1,7,13725,7055,31134,26,14,21913,14956,230,32,16,127,2,6,5,0.3023255813953488,0.05555555555555555
79lUvhxf4in_UN-dHMtGR6wsGtiAuj3Ptpa7nDLu0vkyu64,수능이 코앞이다,4539155211,top,2102,8,5,3,16745,6119,28237,27,11,34740,16296,205,82,34,107,2,6,4,0.3333333333333333,0.23809523809523808
UTbbYtBJSD58t9cgctIEHWYkgjl6fmHTWbIdQkFMbulCBhphNj4UkKOg,주짓떼로,4378924554,top,1897,10,7,8,24441,10984,38754,25,10,34506,15858,239,8,0,167,1,11,2,0.47368421052631576,0.1590909090909091
_Xdq469zj6uia3z-fJkcl_Rk0wb2JBXRpKuKW7PtJliT,로타리이상무,4379240392,top,1798,10,10,8,27482,5730,32941,15,22,36483,14836,155,22,5,53,1,3,5,0.8571428571428571,0.2631578947368421
6tlq6-UrNpGmSplndkDvmUIbJmqgr4AcLJBbPvEo0TXg,강아내,4379240392,top,1798,7,7,11,23718,10817,24217,26,9,29342,13429,167,4,0,82,2,12,1,0.47368421052631576,0.3181818181818182
4rNVvowii1N66vGBe-riMxWjTMRf8KCCJgQanxaXVkcGGVY,tworabbit1,4541361853,top,2555,12,11,15,53282,45307,31502,43,8,61649,19772,266,35,0,186,5,18,3,0.5625,0.24444444444444444
XRmmeBk4vOaLmtQoQ26MoT_IFpAT4TDlna3zBU9UPD06sW9PVX3cxr79,I m rei,4469902330,top,2217,1,7,7,17708,4595,33754,19,25,28589,11418,199,4,1,686,1,11,2,0.38095238095238093,0.18421052631578946
LGJ6MqZUe6uNOvyVqY2Al4HJHAW5UjKI2AUapK3XncD5,Right Action,4469902330,top,2217,2,3,21,19357,12399,48894,27,71,32573,11949,167,2,2,607,8,15,4,0.6052631578947368,0.14285714285714285
YCoySG6J8Tn0yVQ5v-VmI_OWLk6u1IYtr5LB70tZ1a7z,훈송이,4505364970,top,2048,13,7,8,37518,10690,53723,19,41,34636,15600,198,9,7,132,1,10,2,0.4772727272727273,0.20588235294117646
Mii4uW9ymsLaqR0NCl6Erw2nRdfvbl_kzqJU8fAZXDjA,미적지근한 국밥,4505364970,top,2048,6,11,4,17982,7595,44775,22,15,48380,11369,169,10,0,192,1,11,2,0.29411764705882354,0.25
ESFXEJEWiAPzbH-Cf85rvVtEwOu3RXbcRue7BzpQatQ8iOBYF7b9xMx4,신현서의 마법봉,4436418883,top,1709,4,3,10,18047,6567,32810,21,35,25561,11256,162,8,4,519,2,9,1,0.3111111111111111,0.14285714285714285
1Yz1wSLHpYmXZeWVoVtT0-y92XH3eUu2YbMPQntqD2DzMVOJ7RFpeXJ6,이린누나 예쁘다,4524064904,top,1620,2,6,3,12328,4498,20092,11,8,25767,9268,160,4,1,144,0,7,1,0.2631578947368421,0.2222222222222222
iLFCekCJO8njDVgayECezXLT7jCVELAnqNVkJc7xPZdJ3H0,박근헤탄핵무효,4524064904,top,1620,3,5,6,19301,8801,9687,20,12,19670,11857,186,37,11,319,2,10,1,0.3333333333333333,0.2631578947368421
7GnZcrpDLVpV0m-zsP23u7jsMTwlxIoLqzF-Mt-wFYEu,대장기준뚠,4536852830,top,1892,4,4,6,17059,2635,30603,19,25,27684,13321,251,4,0,184,2,11,1,0.45454545454545453,0.13333333333333333
xUpY7EXSWdB1jk0mgtOjHA29Z5xMpuH97IMOBMHgR3t71aY,뭘봐 이 식기야,4536852830,top,1892,1,5,4,9440,6178,22497,23,10,28092,11812,196,56,8,42,1,10,5,0.16666666666666666,0.22727272727272727
mt05_ZrcuwSKbBe1wIC4IQWNNyBol5U0N568_utVsF3PzVs,충북대 수의학과,4540853936,top,2284,0,5,1,4830,2319,13546,9,14,14207,7873,72,0,0,36,1,6,0,0.02857142857142857,0.14705882352941177
AEVDKUUh8YVKYgA0tyrnX-3_MGfZNZSSCBEzFFU52XvP,적색의간달프오른,4522368186,top,2171,9,6,9,26648,9644,47775,41,49,39861,13612,174,16,0,288,5,17,3,0.6206896551724138,0.1875
cbtKRf97L_6NOeYajEq1Yd7nUBzCb_FxMqjq91WVhVfF,미드똥 왁왁,4522368186,top,2171,9,5,13,39620,10499,51485,27,49,45133,16700,209,31,3,313,5,11,3,0.6875,0.16666666666666666
7hZId3aAxm53a64R4_0H7A2fmOXVFCvgVfpDt8PGs1CguXA,T1 Aileen,4537766289,top,1598,8,4,6,17177,9173,12063,10,4,24927,10663,132,5,5,191,0,7,1,0.3181818181818182,0.26666666666666666
XPLkK7nW2POXr84RdXafylOR8czhNxoFF48CyrZ3i1iymKTQ7fE_m4vx,드렁큰호랑이,4538987157,top,1939,6,7,5,27047,7116,23236,20,37,30199,11035,181,4,0,544,1,10,6,0.6470588235294118,0.2
MIQbxwmtxHTZ_nVqvFXBTudCgIEKgRk7Hr6a17FPUQQ9EmQ,잔망스러운손가락,4538987157,top,1939,4,4,5,10913,7337,33121,21,11,41618,11255,196,16,4,33,4,7,6,0.2571428571428571,0.23529411764705882
G4U4ef7qF8rfrBgFSYf9_IWTG068xrfnbMwmO3Dbr-H3,노력형복서,4541810870,top,2289,8,2,5,23582,4955,50075,41,43,21718,14267,150,8,0,801,4,10,5,0.43333333333333335,0.09090909090909091
vFOeSkfuJ1g7g5Kb-u63udtIvW2OtWauxgJ0XtvlL2sVJTBUgkDkYj6M,Feeling a wall,4541810870,top,2289,1,8,7,18627,1510,23955,29,58,38818,11085,187,3,0,689,1,12,7,0.36363636363636365,0.26666666666666666
gZiRI5HTb6EKfmkIuIMNhal29Jf7MBRibT8UzsnDuYUUB_XFI6vPOAuD,풀악셀,4535181916,top,2154,6,3,12,28507,9380,54914,24,20,36091,12821,161,16,12,293,4,11,3,0.4090909090909091,0.1111111111111111
l3Hup_V7Uvm5yF4bUkuDskKzGLGgLAFLw9UMiL-0bYzRtgTtbEIhh-9Q,Kim Chovy,4535181916,top,2154,3,8,7,19025,17416,42055,22,25,41600,13096,244,14,0,175,0,12,3,0.37037037037037035,0.18181818181818182
giQ5KP21HxzdUKayUYWOAQJHuCyQQruedkEbeZ3dz4YX,스냅만커리,4540867158,top,2331,6,8,8,26146,15804,40144,19,7,40866,14555,212,25,4,143,0,13,1,0.45161290322580644,0.22857142857142856
nDCijRj0PXf947stemJi-pLQVHzb_OxEoxFtxKvi0zi6JAU,뉜 교,4540405031,top,1656,1,9,2,10943,2207,19273,26,21,26898,7247,146,0,0,65,8,14,1,0.21428571428571427,0.36
9j7D2fUR0sZDPOgV1N6yucnBS7lh8VnygkaeyAdSnK9x-H9ARUwbjRPo,꽉찬맛,4540405031,top,1656,11,3,6,24119,11452,24998,17,27,29597,14995,191,16,8,75,2,9,2,0.68,0.21428571428571427
vV9Ey3yC9_ZvJISSEIUzupjwBndK82nZnyScz0uYPaTTVyc,동물의왕국두더지,4241988345,top,1639,0,7,4,9119,3395,14897,13,8,22444,7176,107,22,0,128,0,8,1,0.2,0.20588235294117646
AcyinPgdRc_F5FkkovyLdgOLbcLD6Aq0VNVCZXVfuX2T,아루아아아,4241988345,top,1639,8,3,9,21932,9742,24184,12,10,26313,14776,208,4,0,124,2,3,2,0.5,0.15
zLKZdXj5pw1GMNNLTwdwLMXvYA-EMnq5KRbJiVq8Rc8W,갱연이,4425885330,top,2024,3,4,6,15268,6384,38884,25,15,28817,13425,230,43,15,295,1,8,0,0.32142857142857145,0.1
XUiEkiUvlpKtuSX3lGytUSyZXQtHHZlt_b0m8Z36QhiZ,LeonhardE,4533631330,top,1908,1,8,1,16312,2251,29052,16,35,31844,8795,184,4,0,74,1,8,0,0.11764705882352941,0.23529411764705882
CaM0qabsSV_UMjzguV2Xd0C72APEYDC1jBW_Xw9rrz8k-uU,진천고 순드댕,4533631330,top,1908,13,0,7,27373,7888,23281,35,35,26134,14666,213,2,0,69,2,12,4,0.5882352941176471,0
7qFhPo-vwZMAYCfbxkuQuV_BD4Ee66DM-ypmJpJNiIbJ,시원짱짱123,4513509138,top,1563,3,4,3,6034,2451,11632,20,8,18604,10048,155,12,0,44,2,11,0,0.15789473684210525,0.21052631578947367
Z72pu0rbafmxBV9t9ZyNkrhlBD2i_j8iGAX-4UvJG0FMdg8,티드래곤,4492356079,top,2088,8,7,7,27837,11430,19853,31,6,30225,14349,236,6,0,95,6,16,2,0.39473684210526316,0.2916666666666667
xzZfVJgKr5Xj8LDx57zV52fYlbYayZna8VHHR8lwycEZ564,브5까지가보자,4492356079,top,2088,5,6,13,17900,3313,58892,16,40,39406,11425,166,4,0,363,0,8,3,0.75,0.15789473684210525
NvNGJ2nbGFyzpDf4PpBSUosQX_Q4HfHwkK-XM5rweP9j,똥쟁이호구,4494109600,top,1403,0,4,0,8120,2701,11387,8,1,17539,6676,167,0,0,19,1,4,0,0,0.15384615384615385
3-ne5HkasGvgraLkBMY8AjFKcSCH_AjK0m3b8KuuFPYsCRkyIn3Yr1iS,172cm67kg19cm,4494109600,top,1403,3,0,4,15944,3870,11289,8,6,10016,10397,189,6,1,93,2,5,1,0.2692307692307692,0
bCjtspoP8jRto_jsTlil2Mj-ZFuSfJiHo_Fih5XhvF3G,해바라기 보호막,4532499249,top,2109,6,12,7,29442,5441,21243,19,36,34363,12938,191,24,4,586,0,9,3,0.40625,0.26666666666666666
xZ0KCqsQ_1VvHMep62Rlnc2TQWQtqwLG33KzrpeeA2jZoRQ,내덕동아저씨,4532499249,top,2109,6,4,10,21192,6617,47581,18,29,39166,14497,172,31,12,315,1,6,2,0.35555555555555557,0.125
fh4XoUX9BL5nPpbp2VdMndX_zw9zw4UhhUNVw4w5Y1PGKkY,막내 이왕주,4536951772,top,2139,11,8,8,44346,33759,69195,40,54,62504,15305,153,37,11,214,3,12,5,0.36538461538461536,0.19047619047619047
FwnJh_JStPadbonShDPq-wKiboHfjA673RPSlY6Fd4n8Dfg,성환미,4536951772,top,2139,18,11,10,66017,23658,78136,14,66,68336,17262,203,12,0,553,0,9,2,0.6666666666666666,0.21153846153846154
NKzyGep_6kB3gbmJsaylbKACmHwv1Afp0KD0YX-T4jk2HLrje1L_CQ3D,아칼리임니다,4530280636,top,1661,4,10,5,9405,4660,10754,19,1,25161,9324,158,4,0,38,1,6,3,0.2647058823529412,0.19607843137254902
1Py2EFNhweI-PbTmsHRPW18fFPMgefwpUgNr2xtb7YmYOUooS69bMAyx,얘네장난아니네,4540387673,top,1654,1,6,8,10747,3821,15215,21,12,20537,10331,159,12,1,43,2,6,1,0.2647058823529412,0.46153846153846156
3dNY3CIKeqJUXHIp8kIB6xhQKkO4LR92GBpN9iMrwxCG,와라바쉬,4540387673,top,1654,6,6,2,21906,2115,35627,10,38,28324,10422,195,0,0,547,1,6,0,0.6153846153846154,0.17647058823529413
obAFbXcN8xRUDIyRLRBDk1Rdjc_ZtalLvSqJGzHiv86aWzZsR9boxUlD,Noir ne,4541713688,top,2016,16,6,7,40844,14428,47853,23,16,40755,18006,228,12,4,211,0,11,3,0.6764705882352942,0.25
GFi0HtiXjBfw_D2tEr_4w-LG7kSV8xOZihvT21jPNIMWO_4,수수꾸꾸미,4541713688,top,2016,9,10,2,24240,660,16936,31,10,25648,13069,171,20,0,216,3,13,2,0.4583333333333333,0.29411764705882354
_jC62C6zr_cqpNMeyIvEkppP-yULT9doWRvkavXKGZ94mCqFzEoqLkqV,윈드라구,4540193268,top,1754,4,4,8,20083,4922,11653,40,30,21079,10212,167,0,0,444,2,9,9,0.46153846153846156,0.12121212121212122
rRGcWwy6Ca-s-tHYeP_HbXOn_WnwYNqaq1mZr2Hxsejb3pY,ALL차단1234,4540193268,top,1754,5,8,8,17836,9030,21591,10,25,29742,10112,161,2,0,418,1,6,1,0.3939393939393939,0.3076923076923077
tPIlmJ8emjT66KUVxBtpR3aRhwpQXcy4I44ATcw-i4EqyJ6V05_omK99,cow fly 넣을게,4539685878,top,2173,6,3,1,17316,1786,50092,31,33,28523,13707,246,4,0,122,3,15,5,0.3684210526315789,0.08333333333333333
EucmDHupr_RrZx-OZt9Md8YpYBi0E8QnQs8iaZpl9-Ee8q4UTPD2eIWO,Dontknowyou,4539685878,top,2173,6,5,9,21948,9264,30467,39,3,29585,13460,229,3,0,44,8,17,3,0.4166666666666667,0.2631578947368421
j3fE-KT1t6BP6ZyG0C-LJpBfHkKYjU8KSRndS6ois6Xj,패션왕슈스,4500404010,top,1592,6,7,4,11901,3344,30412,7,20,24566,10147,142,0,0,64,0,6,0,0.43478260869565216,0.25
f062w6jLlks27t8HAhPkZma9Z6HXgDhc8uMn9dkN5xbK,새벽을여는나,4500404010,top,1592,17,6,4,28670,6924,40335,12,43,29630,15469,158,22,21,187,0,9,0,0.75,0.2608695652173913
ZLO7kchLJP-GmW1JnxeDkNEK9bNrOgySLf89UxDYrTadacSeNxdQ10cu,별것두 아닌 게,4534492969,top,2108,7,6,12,24699,6293,68419,23,46,32694,12940,170,8,6,702,2,12,2,0.6551724137931034,0.16216216216216217
WZMs3gZMCbEi28QcqWhbO4z-chjFiHk_vncoNd88cwVKiOA,일진망나니,4534492969,top,2108,3,6,8,15875,10514,27653,16,29,31405,12022,185,6,0,223,3,10,2,0.2972972972972973,0.20689655172413793
75d03jmvT4GkezECmHpqOX7hnQlqqIJSdp_jcjunr_LmFarIipEDyD77,엽기떡볶이주먹김밥튀김세트계란찜,4532725725,top,2067,12,4,5,33805,17382,27503,24,25,41049,15541,202,2,0,281,2,5,4,0.4857142857142857,0.17391304347826086
Gj4HQDkYIrXLhTFtuSG-VnECOApR8jOGsHzs2292j90vutk,Assassin Boy,4532725725,top,2067,4,7,8,27311,5227,22927,18,20,29861,9964,129,0,0,181,1,12,2,0.5217391304347826,0.2
EzZiQ2mrvE3g9q2u4LrZzFMKgCoVRDn_HV9oY3Lx0Zdonyc,저16cm요,4539009405,top,1745,8,6,9,23348,5979,12942,34,20,16746,12376,203,0,0,68,4,11,3,0.5,0.2857142857142857
W9nhzK78pUGHKBmruXODxap-Vqus5TcJDqu4YnLTwcJa0EE,GOGO UZI,4539009405,top,1745,6,8,2,14001,2807,16823,28,18,28295,11324,200,8,0,139,3,12,4,0.38095238095238093,0.23529411764705882
r5srAzNUfH34e4O4ClIFvJWK4uezYIjX_6RG0PdgGDTd0lpZj1yh4ri7,엄준식빨럼,4470328519,top,1558,1,12,0,8828,5502,13917,6,10,27190,6941,149,4,0,124,0,5,0,0.06666666666666667,0.35294117647058826
1J2bA2KebXiQbo2nZBN7ipTkrCTWqxTiE9JiTTZpvfBj,PoxA,4433800078,top,1863,7,10,7,32514,10599,32414,9,6,35393,12565,184,0,0,70,0,6,0,0.6666666666666666,0.2564102564102564
FEiiOFywmDQgbGduph_10nEwHhPOsi6im5SRtfhbO4SWVJY,6학년 3반 김호빈,4454695190,top,1788,6,11,3,13292,4717,24846,17,3,29121,10990,168,4,0,33,1,5,0,0.34615384615384615,0.275
NLqOhW9iE2vR6n3stRuyOMfUJb-J3Y7wA7_FZBuydQHadRQ,버거킹 피즈스틱,4516611148,top,1253,2,3,5,11630,490,16919,10,25,14151,7519,120,0,0,403,0,7,0,0.3181818181818182,0.25
QS4X0Tpi5xPRHdw6FVjuAGXxBfkpZiWZJTkqxzQPnGdd,No 1 Shooter,4516611148,top,1253,2,5,5,10765,4662,9627,11,82,17122,7058,130,4,0,176,0,6,1,0.6363636363636364,0.22727272727272727
orH62SKliL_ckgMJD69QwK_YSRr0Oa70ka6d8BjlonONyXk,황악산호랑이,4538995780,top,2219,8,7,9,20275,4910,32339,18,19,29191,13854,215,0,0,69,3,12,1,0.5,0.25
tYKl1W0rlbV78KkL7ctd9Gx3uepZFmmzevfWhS3FXANL,두부두부 김다현,4472054469,top,1448,1,6,2,8385,557,24294,12,34,18298,6064,120,0,0,576,1,6,2,0.17647058823529413,0.1935483870967742
ywqLlbMbvoMFXZ-AHNvLCprctwoOCcgFMFBjCqOZcFIBOg8,가란충,4541272708,top,1656,4,7,12,19415,4627,16736,14,19,26960,11141,154,4,0,114,0,6,2,0.5517241379310345,0.3181818181818182
UwyJfJevHd0F47ggU5ftr2uq9QDTt7w5i7YFou3yzBah-a0,침대위의바니걸,4541272708,top,1656,0,6,5,5402,816,17299,14,18,19107,7303,130,10,0,82,0,7,4,0.22727272727272727,0.20689655172413793
NwQvPmXPdcN1DwpRDN1_Ncuuu8hqEOo7c__qq-9h4aRl,인천다리미,4541786690,top,2260,2,11,3,27365,4313,15074,25,9,34382,12466,210,19,0,42,0,13,3,0.15151515151515152,0.2682926829268293
_yIozv_IO61XAYA8BVY8fdxFuCE9yPBlZ5WJHkj9rsmo1qg,롯케리아도란도둑,4541786690,top,2260,9,4,4,23264,4368,46965,21,28,44298,13793,122,12,4,147,0,13,3,0.3170731707317073,0.11764705882352941
WbvwtWwj1OrnARWpu8Ja7OusOj-vhv522sdlC8pKW9YfRKw,참쌀유과,4541619723,top,2099,6,4,13,15544,16833,43508,14,19,35101,13774,178,15,4,202,2,8,1,0.40425531914893614,0.10810810810810811
fIcZ5RsTNh2Cd_aJeTNzZNnip6VI6dA7J2dG2Tf4WBVm,지박령 전문가,4483377897,top,2348,8,5,8,21867,15914,48315,21,29,46934,18377,281,2,0,68,2,4,7,0.5517241379310345,0.16666666666666666
Cwiv3lUmbN6C6R7DPMRGhsVxrgRuTD0LZLxlO7JHw2RhTng,하늘땅별끝,4531986331,top,1272,0,2,6,10059,6334,18540,5,35,14697,6527,105,4,0,276,0,4,0,0.20689655172413793,0.18181818181818182
b3YeQmM_9quiL_tIAqYXDRE-WckOqNWBk_g2o54CAUDg,파평윤씨 33대손,4531986331,top,1272,3,4,0,14543,3413,12918,10,0,19882,7861,163,0,0,12,1,7,0,0.2727272727272727,0.13793103448275862
IxfRjqLnVqE9CtFUSBsInn6VqWdsr_gbg2ywAkU1_5DVgr1SzKEOQ8wB,브실골던지는사람,4474568967,top,1824,8,5,7,19344,5028,19567,17,12,25316,11371,149,8,0,31,3,5,3,0.5357142857142857,0.15625
iBRXPD7Uny674aSktiuMmaLUhxtp6MI2poNdpusgHjtLsWg,무작위챔피언파편,4540556100,top,1213,1,1,6,7326,5174,12321,4,39,13914,7082,109,0,0,364,2,3,0,0.2413793103448276,0.125
6mfu4ZlDNbLQGKQZqtGlbyBfrrPxHIalQCEHjGxk4I1AdzM,shyarrrr,4540556100,top,1213,1,5,0,7829,197,4850,9,5,11410,6167,148,0,0,47,0,6,1,0.125,0.1724137931034483
pr3E9e7q3KpoOR1cdXsZVh7ZAolYfUTAh3QIhCDYPL8tb2g,대포달린호랑이,4530376204,top,2197,9,9,5,18724,8388,43876,14,29,40480,14478,209,4,0,43,1,4,3,0.35,0.20930232558139536
7jnvZ_g4phARSXmB7BlOUAxpT2BvyFJXZBnJH4SIJoHTw7s,아무무 1등,4530376204,top,2197,2,7,7,15536,5408,32522,11,29,26994,12051,164,0,0,427,1,4,1,0.20930232558139536,0.175
5KcxfK85jZVb2y6bo7qj5bW6qvLvnIWRlftuXn5B1AkZxVBQjWzD6D5T,GasStation,4534438491,top,1420,4,3,5,14827,2417,30063,10,36,22559,8245,138,0,0,403,0,8,0,0.5,0.10714285714285714
ixdJN7mxI229Sy2B_V_cEJMmHWXco05R7-QVGyl9OmS-okI,낡월뤄,4534438491,top,1420,5,5,5,13994,4267,19184,12,15,16950,8294,132,0,0,191,2,8,2,0.35714285714285715,0.2631578947368421
mt05_ZrcuwSKbBe1wIC4IQWNNyBol5U0N568_utVsF3PzVs,충북대 수의학과,4540853936,top,2284,0,5,1,4830,2319,13546,9,14,14207,7873,72,0,0,36,1,6,0,0.02857142857142857,0.14705882352941177
VGi_AHVAWWGLQDpDQuNbhFPj8VkKYtNOeXwy34GP9Y-ByE5XXI0Fub1d,완두콩182,4541904458,top,2451,14,3,6,35196,8019,61811,16,50,40059,18258,204,21,7,165,0,12,0,0.46511627906976744,0.075
dowOR3rM-0L-G0zLIpmsxP4Ov87eu0jnp0Khnl5BqzQt,Lealey,4541904458,top,2451,3,13,4,19616,8994,37083,21,20,48456,11885,195,0,0,313,3,11,1,0.175,0.3023255813953488
9Ucp_loOW1w7Er8HkXFaRxuV8--KzKEwnmYh71gUhY_Io54,버스타기좋은챔,4539865224,top,1397,7,4,3,20526,4889,13682,18,27,22205,9715,145,4,0,206,2,9,0,0.3125,0.23529411764705882
mO6RUopFCyTCW_4M9vxNJ1u8SnilpR4n8lJoXYleenGhBIBFRqEnPzv_,스 또 죽,4540655514,top,1673,6,2,13,18480,3560,7265,21,37,13892,11384,176,8,0,211,1,10,2,0.5428571428571428,0.13333333333333333
b8hXt1clPQTPcB1fZV7uMpkHHgorK-NghKVBsLnFpsnhTAXf78DjSuuP,강성웅,4540879997,top,1412,2,6,7,16218,1058,7063,14,10,14339,8725,141,21,0,130,2,6,1,0.2571428571428571,0.3157894736842105
BHmKdGZHfuICzvtInk8YQM-UR8OM4t5XTySEZe2jTPBp,leeduckkyu,4540879997,top,1412,7,4,3,13786,2576,9138,19,24,16125,8469,126,0,0,319,3,10,4,0.5555555555555556,0.11428571428571428
OGRMGp5T7yqi_nuQUmd9ERyU9osoQB-NDZ__B8RNLlr_-g4,진우부캐,4507186995,top,2044,5,9,3,24614,3996,43936,22,32,38340,12920,193,4,0,237,5,10,2,0.4,0.1875
kByQR15SCyQolyIn2Tk4KldThERPLPy3HFR1qdacEfql7Wk,홍쓰베베,4507186995,top,2044,11,6,8,22152,3938,43567,37,37,31515,13948,156,22,8,134,5,15,5,0.40425531914893614,0.3
j6rO7L1rTtPhpAOe76swX3N2SNDizG2p52gQOlhXYT2t,물고기잡아라,4510354017,top,1451,0,10,5,10406,9844,14983,10,18,24757,6345,116,0,0,139,3,7,0,0.25,0.2631578947368421
t1DoGI0NUP9OcZgXmpexBMvAm0ef51u39CUaNXOSTMkG,인생갱,4510354017,top,1451,6,4,9,22181,10104,19062,17,14,25063,10124,165,0,0,51,1,5,1,0.39473684210526316,0.2
srfwvj97j6dd-WxZKW6zYc0YpPCwkecDx6yxBkc1KQuu,불주먹꿀간디,4286397787,top,2051,6,9,7,22271,10267,29281,17,17,37334,11923,170,8,0,185,2,11,2,0.3023255813953488,0.2
ZhFs1J7xhIFgYG2kq8qFoonCjXt_Osjc5EHan-pqVx1y,핑크밍기,4286397787,top,2051,13,4,3,30202,5850,38276,39,50,30249,18355,217,72,16,331,3,14,5,0.35555555555555557,0.09302325581395349
kuIL7FFzzkk5iIf0HVI0LQkdMY8f_K2Ce68eoSOWq1soRfI,장정구제자이승민,4279787020,top,1583,2,6,2,18437,3429,23659,16,8,22916,9015,174,14,1,117,0,8,2,0.21052631578947367,0.1875
wrOZ-Y0DwEwoXdG2NwLPwlTX-Ig1k6RGqpVOphlcKYnb,blues note,4279787020,top,1583,6,3,4,20221,13703,20617,26,22,26629,11667,174,28,12,202,2,9,1,0.3125,0.15789473684210525
123HIEF-hSNnNShbuR2Zn6LuW_BzECImkhj2zSRghT8R,CS만건들지마,4526230791,top,1883,9,6,7,36623,7923,27870,5,7,30890,13531,212,2,2,58,0,3,1,0.36363636363636365,0.2608695652173913
o0u_U7DenPAhqKSsor_oR53Edlmbj26_YvtpC94xubo48wI,김태희송혜교,4541874960,top,1809,2,8,4,15439,1640,27243,25,23,27112,11100,175,8,0,216,3,11,2,0.18181818181818182,0.23529411764705882
i8u7S9A4Wv8MjAYI_PQb2NFK7EHAwPo9ThZC9sQZD8u3Nsk,Erushian,4537769899,top,1469,4,6,7,19456,2590,17782,24,26,20046,8771,106,4,0,208,3,10,0,0.34375,0.5
Z-CHKRuTT37R--cN4GqsLZDFT0N1ukGeOLWqDS-8dspd,혼자만겜한다,4537769899,top,1469,4,8,2,10870,5597,11165,17,14,23084,7333,94,1,0,155,1,6,2,0.5,0.24242424242424243
mBzTiLl4MsBtEYLHG8y91QNgY-_T9GyIldfJyU7xTgR0,경상도황민현,4315441647,top,2099,4,6,8,22722,19226,22365,20,6,31448,12542,220,4,0,136,0,11,2,0.4,0.24
gK8k_PtkINnvI6U8MhEUEz7wYHIeMLbJ2fo863_mFnCX,골드4지박령,4535455801,top,1973,10,7,3,24106,6311,25847,11,4,26923,11746,175,0,0,76,1,5,1,0.3023255813953488,0.19444444444444445
w7sZJbqCKELLjzbVj25WX-s-0neYYRb5nmWaFhAZhA16,ttha,4541822403,top,1836,7,6,7,21575,3763,36481,15,21,20190,12726,206,12,4,91,1,8,2,0.5384615384615384,0.15789473684210525
Cls2iYh-fGZEiSBKfksjwoCF0sZdXBBrHHm8N7r-ulI_DYDWbErS_YPy,크으엇,4539658045,top,1689,6,5,6,18979,6564,14869,12,4,21845,10918,192,0,0,56,0,6,3,0.8,0.19230769230769232
lB9kjmx08NaMoULqgr6q6FGk4cn643pmkqPJA6ULS_l2,용기와 광기,4514741241,top,2372,8,11,10,21318,6304,45190,16,30,42168,15756,206,16,8,200,1,5,3,0.3333333333333333,0.28205128205128205
4m40lZL7utYt7u8MUlum1OqKt3BRDNjkmlaZQOYiSIy0X5cYnsBreiXQ,탑루시안너무싫어,4514741241,top,2372,10,9,6,25575,12419,41027,31,26,51534,15491,221,12,0,44,2,12,7,0.41025641025641024,0.16666666666666666
Gxr8WZwHSdfVUDoP2TSXrwBGn3tNqWRoB-yKxwWoj7h4aq-j1-STWH3y,껀껀껀껀,4510659740,top,2047,3,8,3,14102,1630,28597,26,19,24210,9572,137,30,10,334,3,8,5,0.21428571428571427,0.2857142857142857
OVCVp7crzQJJ2NvLUdF2hQV0TDG8PJgNklJVj7y5WvCU6og,진희씹고자놈,4510659740,top,2047,13,4,1,18832,6162,23387,19,17,34243,15974,203,23,0,115,3,8,3,0.5,0.14285714285714285
SEvmRE_MyQJzwU9X2ecvgE5ZqmH6t54gSdykASlmGJZfMRwLU_hmu6TX,삠뺨뿜,4503326247,top,2052,13,6,6,30147,9068,33263,19,31,31636,16551,187,12,0,160,0,9,4,0.4222222222222222,0.16216216216216217
-sayrtlvFn4NO4GXAbcy9gv7x5RRedHXVl3iNfDaWUFa,꽃종기,4503326247,top,2052,2,9,9,16259,3259,26247,37,11,26937,10634,184,8,0,202,4,15,1,0.2972972972972973,0.1956521739130435
-TudVr0GhqoLhoJf5A_Fu1xCgrXvU2CtYBq4EpIw0QeH0vAASjlFGUcs,기분좋게한판,4534877046,top,1872,2,5,2,11876,1120,14560,24,16,22797,8500,124,8,4,112,3,11,5,0.16,0.17857142857142858
m-yAps1Jo5fdDq05Lmyzj3bhpSmBBPyU1IsKnjMtxCCb,동대신역,4534877046,top,1872,2,3,9,18335,5933,29717,34,37,22849,11225,193,8,4,525,1,8,3,0.39285714285714285,0.11538461538461539
o1wObdcuoRjfjv0ZiFiWkTxypKtAx2bR4wJZgc0a-Wy9-mgVGKRXvJxk,쓰마미생,4540422093,top,1680,5,3,5,16808,5993,7491,28,20,18343,11224,199,0,0,49,4,10,4,0.38461538461538464,0.07692307692307693
HwTOpqyhy_VQfeLW_fAxPn6i40STRMBfGQ8spiLK9ahD,냥냥냥뇽뇽뇽,4252746946,top,1728,11,1,3,18286,2394,25201,15,22,19994,12571,163,20,12,72,3,4,2,0.5185185185185185,0.058823529411764705
tDLxvcCSWUNWGzMqaYUSSqPnLzFwa4PaqkqXyxrGgjow,티모 그분은 대체,4252746946,top,1728,1,8,1,15271,3241,8844,11,33,21531,8667,162,4,0,440,0,5,3,0.11764705882352941,0.2962962962962963
z3kHyhbUDIbUI4w2XKsA2neHhmnsMbra9dxENabPZxc4bMk,엔엔피구,4541793450,top,2336,4,10,8,10922,5529,33141,27,22,40329,14086,194,24,0,126,0,12,7,0.3076923076923077,0.2702702702702703
6JB8VcGC7xOgnal46TNE6Xo0Qmu-Y9cOm5aYTLeKgMaa4EI,Myojae,4420152817,top,1983,2,10,9,14002,3984,34865,15,25,33299,10268,151,6,0,453,0,11,1,0.2972972972972973,0.22727272727272727
LDTiE-1ms2gcieDBzH1n2XlVwYmf31QBnUZ-QBEf4fCHoWLPc4ncmp8V,미래소년권현영,4420152817,top,1983,23,7,7,60882,25058,72752,19,27,55790,21143,220,15,5,199,1,10,2,0.6818181818181818,0.1891891891891892
RisixWz5Lri4vlfck34SKGCDMxENRibb6Zd4ULkGTTh5cqw,조춘신,4518440078,top,2059,6,6,11,31469,9908,27996,15,17,32035,15409,254,12,8,92,0,4,3,0.4857142857142857,0.2222222222222222
JuSTmq4rKOx7OOgDjzOwAEqzsQdJnQY6MLofLNJviz6q,프로젝트김용성,4541541248,top,2258,19,4,1,48266,20021,68818,45,20,52186,21509,288,33,9,241,6,17,6,0.5263157894736842,0.11428571428571428
CSxgkR3SbD9Xx1XpnTq2MNNPQYz2xVr-QexSVa6P3AaU,p4phero,4541541248,top,2258,5,13,10,19348,6697,17707,20,3,31381,11402,166,2,0,80,0,5,5,0.42857142857142855,0.34210526315789475
91zpRMU8FeSzSFmgv1jqaw6PPh8brS8whdpU3sJsZcuk7HM,no blue carry,4517131575,top,1610,21,3,8,40030,3989,16447,19,24,21488,19077,236,12,0,354,3,11,3,0.7837837837837838,0.0967741935483871
hTvw5O5twe9Eb8Kv5LuzZQIwNaGb98OyhOs2VGHR7av8Kyn91BniRN2e,별뿌리,4537439219,top,1790,5,2,2,6625,1494,6279,10,6,10374,9441,128,0,0,31,2,7,0,0.175,0.11764705882352941
S4B5jY-_kgFRQH_mPjgeznZpdKcjXW_1JiQGvD9FU9V4,초심이실력,4541589150,top,1806,8,3,19,18702,7913,50176,31,45,27001,12202,134,1,1,498,1,10,2,0.5625,0.17647058823529413
JYTN_02ui63LdTQxzLqR8s-dZiSfmFIro6Rkne7KevU0Hbgz1JykW4fv,타릭아들,4541589150,top,1806,2,8,0,14339,2330,9112,20,14,19572,9024,161,0,0,40,1,8,1,0.11764705882352941,0.16326530612244897
i-5cI1Y8uIEcTa08xKEPBxIfRFAZ1TrmnEEZpXxy7FxenSBokTmFeLue,잘보이는트롤,4428099261,top,1393,2,6,1,6099,1985,8851,8,5,18093,7077,94,12,4,52,1,7,0,0.2727272727272727,0.25
JQx61kGwdGTmnpEKZ1UTvsaYCT1lQrPp6qnZgFmQhPn5,사자의콧털,4540195231,top,1871,3,7,1,11501,3388,18762,35,14,23588,10286,173,4,0,96,4,8,8,0.3333333333333333,0.19444444444444445
sABLzHNHwbkB5sUX0pGnpd3Ie6nZnLXdsYI4jr9EG7HPMx4,dkjrhfediwd,4540195231,top,1871,11,3,7,21209,7296,15163,26,26,24476,13381,169,20,0,158,4,8,4,0.5,0.25
adzCtAILmc1SsCS2ePq_KESUpKsb0FtMYVVg5IDIW5HhVA64thO59H8z,리기태,4526293185,top,1295,7,1,0,10493,4106,10008,12,4,12190,9561,162,17,11,39,1,7,1,0.28,0.1
jtMHh9Sq5lPuxRKY3o5RgEkVrOX8f_H-MsKcQ7xw63mrtZU,챙겨주세요,4526293185,top,1295,0,7,2,7806,0,6237,13,8,13450,6363,152,0,0,38,2,8,1,0.2222222222222222,0.28
gysVZRnRSIZbfa0lniSmNkr-t6H-UuM4STJMJLyw3rre6po1vIFDagAx,야필페이커,4541970185,top,1315,2,7,2,10348,679,19058,9,22,18380,6532,106,8,0,146,0,6,0,0.4444444444444444,0.21212121212121213
tpcqSCr10-tT4dyHGGFYWTHR6_oAae3CHsUPjAwxYQQJC8I,귀욤뽀짝클레드,4541970185,top,1315,5,1,10,12167,2985,14006,9,8,16517,10012,132,4,0,64,1,8,0,0.45454545454545453,0.1111111111111111
0cWZrG3L3XI-LWBoTwF_MUXcnVSYOfPxBHTSpYanuLNE,날카로운공격,4527723939,top,2021,2,5,5,15626,2560,38090,16,29,20858,10996,196,0,0,611,1,6,1,0.35,0.1282051282051282
KZMpeE5y1gIua30JmRKt98coIbePD2M9cjJHsfV0tHFB,NoSpell,4527723939,top,2021,6,3,2,17858,4648,16537,24,26,19661,12227,201,12,4,415,3,6,2,0.20512820512820512,0.15
tTLVE0ThcVl92pU6nJLcHMSqcjYlWGzgtzRjpgZpcPFMwKo,용미사두,4540917250,top,1741,4,5,2,17674,21806,15661,26,3,27448,10023,173,5,0,107,4,13,5,0.20689655172413793,0.11627906976744186
Q28mkoyA6IyXOrQ-F-9S0eZGlZ5E1hqeaeNGPbm8ariA,잉명좌,4508129636,top,1628,11,2,7,16072,3630,14638,18,21,20298,13215,155,18,10,161,0,9,3,0.3333333333333333,0.09090909090909091
1gQT86_XGAMQDhB8m0k8vajrwZnF1bTvaYElje1wXVrH,준상찐찌123,4540131406,top,1799,8,4,12,31310,1065,46814,14,10,40434,14366,199,33,13,113,0,7,2,0.7692307692307693,0.19047619047619047
Osg2umB4eKrBsEIZecSMS_q7GYdnF1H8MzKDsFQWuFfP,HANDONGHYEOK,4391207272,top,1435,1,3,3,4627,537,18578,8,16,15827,7372,136,0,0,226,0,6,0,0.26666666666666666,0.08823529411764706
wfOBF_TnYptXgKgxklFKBcbT-JaO5nBthV8bDhK51jiPts8,가슴사이에불빠따,4390440354,top,1741,1,6,9,21978,9616,51693,18,59,33195,8677,154,0,0,598,1,7,2,0.4,0.15
J2b2_lQ1k3Q9BbYAgJVaKrlJUjaxnguNjanKI16tD7TgRyo,학살의 불덩이,4390440354,top,1741,8,6,11,24509,11845,21901,10,35,27402,11191,124,12,4,194,3,4,2,0.475,0.24
UGkzRt5YGGVaQhUQQh8fHbO-uYuVw6RJOHi514tKtHmsW6w,cheng nei wang,4505329421,top,1224,12,1,3,21528,6107,8394,6,5,15029,9762,136,4,4,79,1,3,1,0.5357142857142857,0.09090909090909091
sXutIA8OM4cC6p-w1yXcSx4WH15rYApCtVeUt_MZucog,진 세,4505329421,top,1224,1,10,1,7551,360,13738,13,17,20476,5750,83,1,0,102,1,6,0,0.18181818181818182,0.35714285714285715
Mq9HTyfrgPARrKQ9ri6v7QLjKOEDWUq7dLWkowpoDrLx,한녀혐오자,4419871728,top,2211,14,8,2,37225,4710,21663,24,15,34756,19666,238,28,8,218,0,12,3,0.5161290322580645,0.16326530612244897
nhtmfoO0Y8KukEZlLrbcZndILP7owNVujj8NniKnCoqc,바론먹이주는장인,4419871728,top,2211,10,12,5,27823,5978,34731,25,24,38339,15871,225,32,0,139,1,13,0,0.30612244897959184,0.3870967741935484
Fl2CrumHgV1HAB4Nmwrb0ToQR_AiUWhC-VRNjbp-qf2H,채팅하러왓냐,4541869752,top,1583,2,7,3,7077,232,30802,12,22,27137,7515,116,0,0,879,0,7,1,0.625,0.2916666666666667
kwUIj2W00roTbzsFmtM2upVg6MpYNFp5ktisQMs5rRZK-1s,Echko,4497303506,top,2174,5,12,7,17178,1839,12680,35,22,25825,11847,157,4,0,109,4,12,2,0.4,0.3076923076923077
7ujM7yuRaEj0i6oecl_92K75-J5IVHELGxcYlYLYUIeA01oXRQBcGP0h,IGTheFive,4497303506,top,2174,12,8,5,22975,2090,19579,35,10,22713,15282,172,12,4,167,1,13,3,0.4358974358974359,0.26666666666666666
