account_id,summoner_name,match_id,position,playtime,kills,deaths,assists,totalDamageDealtToChampions,totalHeal,damageSelfMitigated,visionScore,timeCCingOthers,totalDamageTaken,goldEarned,totalMinionsKilled,neutralMinionsKilled,neutralMinionsKilledEnemyJungle,totalTimeCrowdControlDealt,visionWardsBoughtInGame,wardsPlaced,wardsKilled,killsRatio,deathsRatio
VYhnt3IeHP7hsF61EOKMXG98Axl4SNK2w4oEKSGgjPvPZ48UolDFDjKH,아서라서,4521410205,mid,1478,4,3,7,9517,2073,5515,35,29,11513,9416,187,3,0,250,3,12,3,0.44,0.21428571428571427
NPwHxPYj6izsmOF5DbGfhdJoOMNPmQowBToZ2-Xo6P1JOFM,bokC,4521410205,mid,1478,2,4,5,14811,449,5649,17,22,13401,8495,187,4,0,189,5,10,2,0.5384615384615384,0.16
r376bE0uu7gH7Di3_tlzEetMAFtrjYjViU51rQ_rPjpcOwXQEBQLUr2n,철준철,4541852695,mid,2340,8,9,15,30289,4179,18275,23,32,28408,15690,230,18,2,242,2,11,1,0.4791666666666667,0.24324324324324326
-u-aH_5Z-zIRcCHvGeCiFRaxR33ciBgRLdBpKdySickwUDo,SODNAM,4541852695,mid,2340,4,12,6,32411,10061,29766,50,26,40734,12645,216,8,0,85,8,17,5,0.2702702702702703,0.25
TIser-g2H0MVrahNwcc2b7o07zQTt4EgPQA7OE55pyUV,쾌남 지석원,4431170068,mid,1657,0,9,4,10253,4037,12314,12,14,24331,6217,102,0,0,250,2,9,1,0.21052631578947367,0.25
N3TdBK6hOZW8EwDwwjz5MNQVoMYq-sfeLvGn2dJJiCwd,운쓰빠끄,4533974386,mid,1484,6,6,4,19996,770,6073,21,23,12615,8659,126,4,0,173,3,10,0,0.43478260869565216,0.16666666666666666
7sKMJeRSsgIgyiX7AHBllLN7dpnr-PSM7dNXwnyz2sPN,IIIIlIlIIlIlIl,4486677014,mid,1238,5,0,6,12698,3954,4833,10,16,10465,8168,133,18,10,338,4,6,1,0.3235294117647059,0
La_LmYZie-T9wu5JTzfD8o1zU-qsh0-GFX-venRU35kP,지견후,4541656343,mid,1389,6,9,8,12743,177,11597,17,10,17762,8883,108,0,0,134,0,7,4,0.5185185185185185,0.25
I1kr7r4WxWvku7jBNhraICTLoxxnR-wr0ikllZNHBHnHEeWc4dcSag31,아인즈II울II공,4541656343,mid,1389,13,4,7,25705,738,6100,17,6,12074,13575,144,14,5,101,1,9,2,0.5555555555555556,0.14814814814814814
cHvxkguc8T4R3biDRlDoiWPw50q-adZd2rTIvogquNxmwgs,라바돈의힙합모자,4532908723,mid,1797,10,6,3,26689,8081,22747,24,18,30082,14175,239,4,4,64,3,8,2,0.5,0.2727272727272727
qpaBoiNnBUOUfShOexi7Ht6CnHIPMRcDpjm_fuZ9R_bLvSwuL4eop4ez,lililiillililill,4541286938,mid,2187,8,9,8,22133,3568,15089,29,6,27460,13918,171,7,0,66,3,9,5,0.43243243243243246,0.225
9bGLW_Y-050FnihDcf7STOIwoyEBqnSO4-VbiOO0Fggz,할것이다,4541286938,mid,2187,5,6,14,29134,7624,18678,24,85,23273,11574,159,16,4,162,0,12,2,0.475,0.16216216216216217
F9nimWw3pNEXFdDYXj7C33XQXZ76aFcenPOIeqb8JTVq,원딜왕자 김대현,4538458335,mid,1731,15,3,7,33088,2721,11630,12,10,15240,14224,149,23,7,128,2,7,1,0.46808510638297873,0.125
UUrWwCy08QB7OHd_35j4grXjEh5jxZZcRYvL8csccYBc,작고 매운 고추,4532284425,mid,2098,10,5,9,35274,9268,33994,15,3,33590,15334,180,32,4,22,2,3,3,0.475,0.19230769230769232
WrwhlQtrtiWP5UPlR0k-fxfYm0yr3XHAsKVM5sRKapjE,오 알 조,4532284425,mid,2098,8,6,4,20405,10253,22216,35,4,33127,12116,132,46,4,88,1,8,4,0.46153846153846156,0.15
0lId3r43DP-8yQINy_9hTbvoTB6Kqb6CT-G-1Ue9MXXyRsg,Jacki Wai,4494491935,mid,1920,10,9,9,34588,1189,24989,16,92,27906,14150,148,4,0,730,3,7,1,0.5757575757575758,0.15789473684210525
wM1DLE0rFGoeuCTu3UqEEyq5f4ARw3zglmZ7F7-9bed6,난단발이끌리더라,4492887476,mid,2071,8,7,8,22948,10798,19008,26,15,33758,14253,214,12,0,172,4,8,4,0.5333333333333333,0.14583333333333334
ORKDTfDem21WeSjsgdJJtlRXSjmLoaR3CqYt5CB0eLjV,생오이,4492887476,mid,2071,4,2,11,26579,2737,5161,29,40,14795,13295,219,28,4,437,6,13,1,0.3125,0.06666666666666667
CVzGZ7jMFW0bp2KTJ0-4a58ZW3bytHsEhUWq7eCoytgL,vernilIIIlier,4495640972,mid,2092,12,5,14,30935,21817,45013,14,31,37605,16493,167,12,8,166,3,7,4,0.5777777777777777,0.13513513513513514
-SFqxRXR-MPuhgWn_Zg0hz9D21eqUP53tq9f6EO1e-Lt,사과던진다,4540380421,mid,2326,8,5,6,17019,5609,14538,30,16,26171,13006,170,12,0,192,2,11,7,0.4827586206896552,0.19230769230769232
ijPWJzFWrNG-9yk-Qgvw-A9W4-RtqBjqas90QzLXfA73PW744BPqroBr,너 구 리 아 재,4540380421,mid,2326,1,8,3,13145,1557,12366,18,18,20046,10513,189,4,4,335,2,13,0,0.15384615384615385,0.27586206896551724
vNGgg1ClkVd9nFU2PZqL7sgi2XFcAQlke1giuLbAD-gfcUs,JustLlkeTnetKR,4537225591,mid,1898,20,5,7,37924,6483,14277,25,3,23300,16555,189,1,1,24,2,5,5,0.6,0.15151515151515152
TA27hNI1F7gygDbmDd6k7b5D0okbZaqUqoaYpCic-6Xh,Acra,4537225591,mid,1898,3,6,9,12790,5397,13445,20,35,25029,10824,162,5,0,125,3,12,3,0.36363636363636365,0.13333333333333333
245-Gn5oAOLNgVBTNlVcJd0EEnKyY5iXPuZIWCmw1g5xZP_dIkjSsdRn,06바부,4541653997,mid,2379,8,5,8,29202,19563,29997,30,3,46261,15755,276,6,0,118,2,16,4,0.6153846153846154,0.1724137931034483
8h8XYiueHhJo_pmKzkjoV2nFeRU6PHPvfmJZHnDv7Z9e,샴페팡,4541653997,mid,2379,4,1,14,31770,3898,7670,38,31,13197,14335,233,16,4,92,3,7,6,0.6206896551724138,0.038461538461538464
cTKqjpzgHkw_9jn7XbSeeo6lnGDTpWBijcFUlRHOU82tSy8,광기 그 자체,4523003865,mid,1237,3,5,2,12145,3045,4645,9,12,15025,7380,109,23,13,133,3,4,0,0.20833333333333334,0.625
WDKONuf4LsaMbqcagElTvkRW7rbWE_DJtTP8PQ_G7dXMV1ZtlOAT_b3D,01077777524,4493570967,mid,1476,1,2,3,8318,5243,9553,12,12,13130,9704,215,11,4,112,2,8,0,0.18181818181818182,0.15384615384615385
95bqe15WsojcF64feMZrtX9edBMGndL8sca2ie9wIHH6,Volente Deoz,4493570967,mid,1476,3,4,2,11938,4921,6819,21,24,16152,8626,177,4,0,209,3,10,0,0.38461538461538464,0.18181818181818182
UwooGkVBgsfjFEFxrldjvxkRXk6E35TjiwILZv-susW9t6w,지 롤,4451582175,mid,1743,6,7,6,15419,977,27528,13,9,21408,10356,143,12,0,41,2,9,1,0.5714285714285714,0.1794871794871795
n5jhSt6pYPnBIzviVVoFIRB7PYkP7eiIZuzhnqzUMOMb,주환아 롤하지마,4451582175,mid,1743,7,5,9,21107,3072,21611,28,23,22895,12673,185,12,0,176,4,10,3,0.41025641025641024,0.23809523809523808
XTBM-MFeFo3PNDzrIazaPSHZ5GtA9cKuwloO5RaLh02468rkvMS_1i2i,롤하기싫다싫어,4541186812,mid,2172,5,7,13,26789,2271,12554,20,10,20308,13588,169,20,4,99,2,11,3,0.5294117647058824,0.25
feTBpdtl8HN-67da0eQgPUXWS5VEuRaB-xRdPAq1tK_Cc3g,귀여운게취향이야,4541186812,mid,2172,6,8,4,20845,10127,18670,26,4,32938,10907,180,0,0,64,1,12,7,0.35714285714285715,0.23529411764705882
Fq2OLyyvFGMgpVY3eYQI3UgWT9DDXHa0J6WCMGyHus1Q278,미니언먹는세진,4536462927,mid,1682,8,8,5,21416,5104,25961,16,32,23791,12703,177,39,27,146,0,8,2,0.29545454545454547,0.2857142857142857
Z_WgAB-gT-_2Ikq-1XXnKb7aC-VlAUcyzeusBKTs5l0B,오케모케,4536462927,mid,1682,12,7,3,17115,7690,18501,15,34,22522,13404,176,0,0,493,0,9,3,0.5357142857142857,0.1590909090909091
5TSYbvsTZZA0FzzVslYfB5b4AXnIOnj8xKA-eqvY2fzuiQA,DWG Peanut,4534165936,mid,2288,9,12,10,30130,12677,34376,27,62,52243,14509,213,4,0,424,1,14,2,0.5277777777777778,0.24
N0F1d9DhaBSFDV-Ta7QBMELxe3hVMgJmQbbEAxljNlUU,훈이랑소여니랑,4538318541,mid,1601,3,6,4,16389,7853,16256,28,18,27456,7919,127,4,0,132,4,12,2,0.2916666666666667,0.16666666666666666
kGyvOh_BCqrELRtW6By1r_1Vf_iJdMYnEiu44BaTL6cS0Hc,나는준영이다,4538318541,mid,1601,4,2,5,18209,5318,6531,23,12,15762,8787,132,8,4,26,6,11,1,0.25,0.08333333333333333
lhWy9r0UkV1G-XXSKkZE7soLMdpo2gt-JBk616a0U04JdkU,태업왕,4541180901,mid,1303,3,10,2,8413,2557,10453,18,92,17590,7349,99,9,1,201,4,5,1,0.3333333333333333,0.2857142857142857
6l-iXLVz8YfYz6d6qz-pAPSEtyFlrTowsDpS-iC-iIPFxF8F6LgUqwUu,sloth 곰,4541180901,mid,1303,12,3,4,18028,6469,8896,11,1,17845,11604,162,10,4,21,1,6,2,0.47058823529411764,0.2
NpTZapf446oD3DXp1FsXLKX8vS1_RTsvbM27dp9Gj3UQbZx9KBMSLW9S,혜지원박,4541280077,mid,1693,0,7,7,8768,214,21140,20,21,20284,8763,159,4,0,223,3,12,2,0.2692307692307692,0.1794871794871795
TOmfkSqeBshHf_m6jeCB-LAMTJX8FSi-N117ca8IALv7cts,강한코알라,4526181542,mid,1898,3,6,9,20576,4830,6036,22,15,21632,9798,145,0,0,15,1,10,2,0.48,0.15
MBMBRULcRhjVd5sNSdAWapycWHPcJapMSK8U5HBO6xthaMlWBajOnpwR,킹 솔 근,4526181542,mid,1898,18,5,6,40520,9731,27662,17,3,34890,16747,208,0,0,45,8,9,1,0.6,0.2
XqV6eJPv77W2uozQbqB8CvWh4Wc5ahUcTP6QdFEO_X4z,김 민 셔,4541274396,mid,1677,7,7,8,22730,3177,7809,25,47,19681,9227,79,8,0,184,6,9,4,0.625,0.175
POhIfc0i4BHMdpSD8OeNPNCdB7pL639WmhVcDWHLXO2tUkKl9VKQ9O_q,권 애 현 ,4541274396,mid,1677,12,4,7,24844,23499,9594,14,3,24219,13673,167,3,0,74,1,7,2,0.475,0.16666666666666666
UCNRCNUT6B7lgFLjRtQ9EiWNdJ0r-LITw6WusKZUAURA,정섹윤 ,4536693786,mid,1693,6,6,2,19258,1161,10410,29,2,20662,11453,202,16,2,27,2,10,2,0.25,0.4
Au7wCl3v1jkXH12bUYtLfeh0Ff3Y185IwXdowZdktMAVDb4,새소환사닉네임,4478623271,mid,1752,12,3,11,26903,7820,17575,15,16,23376,14484,180,32,1,56,4,13,2,0.575,0.125
88YnB65gtZDgLlSQR0dyX8tYILaE9IIWu6t32DoYg2TKjLvj-qWFZ_yU,77GameMM3,4470159944,mid,1289,11,6,4,19349,1565,10398,6,14,20364,11640,112,28,4,171,0,2,1,0.5172413793103449,0.3157894736842105
hb6J8vJTQh4nx6_1ppVrjb0Mz7AVu_CILYqkmUab42VD,HlovevolH,4541879484,mid,1552,10,6,4,32506,2846,20674,11,10,30274,15359,209,23,5,73,0,6,1,0.7368421052631579,0.2
3uHkZfK-qg-Pn9w_fzerdn_c_ngnDPIABnOYORQRYVBGQfk,NewMainTop,4382495875,mid,1495,1,4,4,14658,90,3448,27,11,10087,6757,141,0,0,111,3,11,1,0.45454545454545453,0.14814814814814814
yjIMk9YsaZmAEQRU8O4sY2BGASOhN5SgZIZxntn3IakxT2g,경복고 성훈,4366245788,mid,1241,12,5,5,17759,1768,15772,15,7,24583,12115,119,13,13,145,3,9,0,0.6538461538461539,0.3125
VOZO4jc3CesMfaLQXHikBBC3Ojq5_KpSpPvNLZPwOFMi,소오털,4539119440,mid,1922,9,5,17,30958,5752,10373,34,6,26386,13931,195,46,15,106,5,15,2,0.5652173913043478,0.17857142857142858
kmbMMlHyN00eqOKlBh4HmNsExzGxvWTwwFm0T1eYYRXc,SKT T1 Delight,4539119440,mid,1922,7,9,4,16626,5962,20482,16,12,29322,12743,205,0,0,47,0,10,3,0.39285714285714285,0.1956521739130435
hzSUYQCSFolvM0TL_sUHG3lbW8EvEnkl6M5ynU03f9D_,샤랄라튤라,4485379430,mid,2047,9,8,8,20231,13338,31063,31,1,39721,13896,177,0,0,31,2,11,2,0.34,0.2857142857142857
W3I-1XcHybcsOQRlqDHBjMk70HHv3MYXmZdgL1iOM_M4,효정 남친,4541618607,mid,2125,12,6,3,27500,2983,14980,27,8,24818,14024,160,12,0,136,0,8,7,0.46875,0.15
8ArGpuPZEWCb4Ah4nv_M20zxCjBvVJSe89HOnXnmxcnx39U,Asian Yasuo,4541813928,mid,1897,10,6,18,29141,6634,25021,24,39,23745,13740,170,25,9,155,1,10,3,0.5714285714285714,0.15789473684210525
AA50x5bEjwcit2rAtwJrCs8RZkmk0VulczbUJYX5F9bjP_qsOIFSytRE,19990716,4400745556,mid,2040,5,8,5,21421,4069,9460,16,51,23254,9107,115,4,0,207,2,7,3,0.47619047619047616,0.22857142857142856
7WZjXPQYhbOLC0bFvaobrm_Kb87R7EeaEmvbWl5Qv7w4aYyt52fx8XXp,홍시 팬티도둑,4400745556,mid,2040,8,5,3,13198,5414,11914,33,13,28275,12095,142,4,0,83,2,11,4,0.3142857142857143,0.23809523809523808
nm2z6fQl6QmKQR1kpOpHQ4GrO3EbivaZXionoO31xkt63Is,안견기념관,4540248939,mid,1507,4,4,5,10594,1384,13435,12,3,15140,9309,145,5,0,18,0,7,1,0.4090909090909091,0.15384615384615385
byaIIr3BiGxvE0fFzfbBGC1oR997A_8yC6I2gffPakqd,대물멸치,4529701207,mid,2413,28,7,7,74979,20257,27968,17,33,48266,24254,260,45,1,269,2,11,0,0.7142857142857143,0.14285714285714285
TMUZujdQ29fhjYgZRos1zH1l83k8YcOZZ4ZItqfjoH_1bIA,안경잡이원딜,4529701207,mid,2413,13,12,7,44176,10732,60844,22,49,39115,17526,236,24,8,235,0,10,4,0.40816326530612246,0.24
v0rnixAAz11gS_QAFlBTVzCbyn00v1IuFOF4ZOCSqBTT3Is,Alletun,4520782284,mid,2111,5,4,7,16520,6219,8673,31,6,23879,10910,165,8,0,13,6,8,9,0.5714285714285714,0.16
0wY6Qsx6Aln69jhnsivSXFr_l-xwJ2Sdpw76DsOm32Z9v9Q,너거들의성님,4520782284,mid,2111,7,2,8,26740,631,8849,32,53,9703,14833,200,45,10,534,3,15,4,0.6,0.09523809523809523
AmoYlSC2dyBRZQinc1CNNloyiXQlB9nSdH4lonBQ-z74a9LWQgyTVRe4,kkkeaB,4511886307,mid,1528,10,11,6,27068,8271,23931,9,13,33281,12681,206,4,0,75,1,6,0,0.64,0.16923076923076924
lG128rd4aLlaOnwJVl_1oK3_W8LQGvuMnfcmQ10S3NUFm_o,Mensch원딜,4459662434,mid,2391,6,10,15,31983,12179,62213,16,35,31481,15642,221,36,1,183,0,8,2,0.4883720930232558,0.22727272727272727
IBU0tKF5y_IizMqiAR3cdoJbyAHRsNvZ03Srw8eZB7lrg2BaaWtvUpVf,우0미,4528952288,mid,1776,10,9,8,28608,2303,13076,26,8,23773,12104,169,4,0,118,5,9,5,0.6428571428571429,0.23684210526315788
gi5_f7HvLbtp3Qtp7bDnwCWcKp9DCJ9HCqElcswX86-wPyU,까만별하얀밤,4528952288,mid,1776,7,5,11,12811,5399,16060,30,23,19961,13868,176,4,0,130,7,10,2,0.47368421052631576,0.17857142857142858
2IlPC15IMhQ9vm5bDcfF_g6EGQ5M4QHsBxuLAKLEGg_8gITGITkRz4Ja,polas office,4524507915,mid,1397,7,6,2,15698,4650,16253,13,6,20854,10010,148,9,0,48,0,5,3,0.5,0.20689655172413793
A4rYGuwczYUA0-QEbrERi6wI2XSerHuysYy5zLadm1ak,김푼수쒸,4524507915,mid,1397,1,7,3,9953,1054,4238,9,14,12835,6689,112,0,0,35,0,7,0,0.13793103448275862,0.3888888888888889
vkYZn77x-5xpBxgFz59w9pHNPtNuwe8c9SXXGrxS0wY_DQnyENn3XZ4J,연 혈,4541494890,mid,2018,5,4,3,16035,12116,19515,15,18,31505,14176,230,36,0,559,0,10,0,0.5714285714285714,0.14285714285714285
EUxWubN-Ekm1LCGfcmjb2t4XUwQ6Z5x1PzqnX7tRQwjlkIY3YpdC91tp,De1,4541494890,mid,2018,3,2,7,18724,1101,6086,30,12,13394,14760,249,56,17,683,2,12,6,0.35714285714285715,0.14285714285714285
X04bJC9WzZdicTDclSxpGcfknkUoLWlVnEqzimtPUfycwPI,너 발에서,4540084861,mid,2261,2,3,16,26713,4147,15056,25,29,21767,11539,186,26,4,309,2,11,2,0.46153846153846156,0.09375
TborZ1rxSuGhTd1hm6l0_sbdKiEUX3NQXxq9TmcEICzxrV8,여포장군12,4527265258,mid,2163,7,7,15,24698,6975,78298,25,58,44860,13254,149,8,0,530,1,11,2,0.5238095238095238,0.1891891891891892
3P0yDISWnAqz-rUtrj7KLFytTru4X7IWZ7Z3RAZFY4ex,그녀의은밀한곳,4527265258,mid,2163,10,11,12,35201,1889,37685,11,14,32191,13182,158,9,0,143,4,2,2,0.5945945945945946,0.2619047619047619
KnrNHDK-gRDFJ0AtkJLn8jQ5fJu9FQJQVfbY4U4HBdgVgzs,서생기돌이,4528567234,mid,1320,6,0,6,11811,14719,5063,15,1,13405,9047,159,10,1,57,3,8,0,0.42857142857142855,0
4vs0S1uWkAcCDhRdwUrNk7AELw-WXhLO5pOxDuxMzScxDIs,샹 권 ,4528567234,mid,1320,0,4,2,13187,698,10133,19,4,13581,6570,149,0,0,49,3,10,1,0.18181818181818182,0.14285714285714285
zqbNvssMYK-ldqOc9w2j_eoZUVULBXq7-WwZtkEZhynl,송시크,4541932341,mid,2034,11,9,7,22256,2441,15654,24,7,21823,13161,150,28,8,113,3,7,4,0.45,0.2647058823529412
BF4BWPz6kknlm1BuVkxl6rrMyTCY7DbyxJNFuVG3EfI-,걍던진다,4541647067,mid,1256,6,9,5,14826,1135,7306,18,7,15938,7615,98,8,4,82,4,8,3,0.6111111111111112,0.2
P4fIq2JNCC7y5QPQ_pbMG4_UGdZJ7ld_kxTUWIc5kwZ8pCjlfd8HUVGe,마스터곧갑니다,4541484403,mid,1437,12,6,17,24921,3812,23163,8,52,19617,12528,132,11,4,145,0,5,1,0.8285714285714286,0.25
RWeHEpij_IGFZCeERA6wPpDiiUNVOBygc4xoCelfcb6X,비니루닷컴,4541484403,mid,1437,5,5,6,12508,1098,16095,17,7,12924,8100,102,4,0,26,2,7,4,0.4583333333333333,0.14285714285714285
hJfltyuQtF4PmwfYEn8yguU0uqJLCIfby99MZQ3Jkoqn,꿈속에왕자지,4499767910,mid,1740,7,4,7,22275,8055,22712,21,14,28400,13610,221,11,5,125,0,6,7,0.4375,0.18181818181818182
0yCN8JIMl8rB-IoO7O3-vGPLJQjV41ctFMn_bbzoW6WVh3xZmaYOd6CT,꽃든남자,4499767910,mid,1740,5,7,4,16452,3034,17069,21,35,20984,11655,167,7,4,214,3,12,1,0.4090909090909091,0.21875
sWBcUzRV8m3Q2taHfYeqh39oMbpmqFxnpQ6rvO044-1FAp4,후리고싶다,4540248922,mid,2073,10,8,2,19703,11649,36446,36,17,37906,14036,190,36,8,78,8,17,1,0.2727272727272727,0.25
IU4cOUyjlbgPW4PA2QD-aMvg3uu72Wt2tQwn49XT2Rc1,해피밀사줘,4540248922,mid,2073,6,10,7,27618,414,16299,12,87,24527,12561,202,8,0,717,1,4,3,0.41935483870967744,0.22727272727272727
fbjr5iYxug3rr-4B3ErKpTRqMAbQe8cCVxvVxGuLAqlb,기무고니,4532750428,mid,1662,2,7,4,10729,409,9293,25,22,18270,8240,169,0,0,85,1,8,8,0.42857142857142855,0.20588235294117646
FvvWwVghe8B5XfVAez5i4zC0ZnX0PhjHbZYwdeEXidL1,대바람아들,4532750428,mid,1662,8,3,12,17228,1685,12830,20,33,12177,10329,105,8,0,339,3,10,0,0.5882352941176471,0.21428571428571427
n-pYFPP5F-pb2U1eTsva7M2FwQOptTCgSTq5hQb2_0HeOUk,피시방붙박이,4521040474,mid,2089,6,7,12,31322,3176,31552,34,12,25468,13428,204,24,4,55,5,10,6,0.6,0.21212121212121213
2yJRJNWJ9P-j5zfJStcVVad-EwHGyXhewao8FupImaQnFdg,인천의 자랑,4521040474,mid,2089,8,11,10,29902,14689,15757,18,44,33800,14787,201,61,3,591,1,11,2,0.5454545454545454,0.36666666666666664
WH2BxmMDiN330Qgt2MSAaYiB8PKT5kpieSGOrSlY5FuZ,iljljiljiljlii,4539228831,mid,1692,10,12,1,18979,4091,18208,26,24,27005,12327,148,8,0,113,1,10,3,0.4230769230769231,0.23076923076923078
4idAfyyE2frj1yLYFh6hExM2k3a7YjVWml2QoN2uMQUs,하기힘드농,4539724360,mid,1867,2,8,3,8657,5197,15484,25,6,30621,7765,125,0,0,196,4,9,0,0.2777777777777778,0.27586206896551724
CWrjbwAI13MlImYS4syfhyVvZDozZCZSZh-bHPKhUR6Z,DIAG,4536159718,mid,1494,5,6,4,17483,1358,5433,13,12,14133,8377,132,4,0,196,1,8,2,0.3,0.25
9JSL4aTT4kUv4pdpDQ168v0o6LEzv55VciVuhOLVFklg,쉽쉽쉽,4530985506,mid,1830,5,3,4,9315,7011,11243,24,2,21227,10385,143,20,8,47,4,7,5,0.32142857142857145,0.13636363636363635
nu8ts5sDbD14nUiondxxWAOXWG4xVfmapfb0QujwvPo,죽으면숨참기,4523491342,mid,2365,1,9,12,18137,6599,42182,28,36,36410,12345,210,16,0,127,3,6,8,0.5652173913043478,0.21951219512195122
XDPNmFvSAidd08D5brXtUPzfwFn_gf_h3-U2zSIQOHrjP7m2i3di6V6e,꾸웃짱,4523491342,mid,2365,9,5,12,24643,1632,10979,38,8,16997,14854,202,9,0,119,8,11,8,0.525,0.21739130434782608
RL2CzWfM4jOUw0TyWrwXfp7d8iSZBHOJuZqtY5MHWeVz,404 606 808,4532769566,mid,2850,4,7,13,36282,10721,33922,31,1,40249,19060,308,47,4,293,0,16,3,0.4722222222222222,0.175
gGNY7q_jywDdQf3aHWBhjkd23pauDlPP04S1Yw7YggK0QLg,달 흠,4538964425,mid,1579,20,9,11,41217,13283,35081,4,7,34421,15530,148,4,4,51,0,2,0,0.6739130434782609,0.19148936170212766
fWIW188xTEGKpHvLPYzG_CqrEuvq0Q9OAyswvCOa9TiV,즐겜유저10,4538964425,mid,1579,6,11,9,17118,2995,6335,23,20,21215,9295,124,8,0,225,2,8,1,0.32608695652173914,0.2391304347826087
IY2Qy7eS7d4JndpF0Pe12lB6UW3OGCKESYJj1UG_OBzsqkE,SC Physical,4541623159,mid,1917,12,6,13,23396,7535,25174,12,32,26332,13904,144,8,0,116,1,7,2,0.625,0.15
4b8aBBQ5gNlEgnKRoPnXMqIA8INSZDSVVVM-ukJDci1h6pw,SwanSalon,4541623159,mid,1917,0,4,1,4681,0,4750,5,8,5847,6502,66,0,0,114,0,3,0,0.025,0.1
CEZBh2OOb70ShmNcJllxEtZEFZ9xOcV_3lmlwqKlfLuw,이웃집섹시녀,4261160341,mid,1832,7,7,4,11306,3016,12821,18,106,21633,9599,125,11,0,220,2,11,3,0.4074074074074074,0.23333333333333334
3vfh-tOwGUhhqpmeh6D5jIHx7r9wdrwDsLS1w1mRBJp9,보자긔,4261160341,mid,1832,14,4,3,26139,3471,25342,37,18,19215,18580,280,39,24,179,3,13,1,0.5666666666666667,0.14814814814814814
2JBdvkfgCFZL-UoK_cXRjGSE_GPyYhBkzVuwbPcnwmAs,정복자모데카이저,4347007244,mid,1633,1,7,4,14407,3886,22974,8,17,25897,7472,129,0,0,197,0,6,0,0.2777777777777778,0.22580645161290322
56l9XbN663xM9OSOuqzQIUFIDPx5BJl5lGywFfJxfdeAzpM,아라비안 공주,4347007244,mid,1633,11,2,13,29815,7305,6876,26,37,15488,13779,190,20,0,199,4,11,0,0.7741935483870968,0.1111111111111111
YPNShmXdHxROPAsJHSkXRQUj411kb2C21u5ACW9nnno,용용 날출,4496935350,mid,1991,6,5,10,19801,4369,16040,27,36,28977,12366,189,16,0,1000,6,10,3,0.64,0.14705882352941177
L-5pUEDQPlaM_Px911eJHlZtxK9DZfBltQ0e03l8ubh9,쿠키리치,4532395685,mid,1859,3,5,12,22533,13630,13033,18,34,35131,10122,173,6,0,234,4,11,3,0.625,0.14705882352941177
1WdfomSTQtOo6wim-7h9K17A5qMrVBR4pbvMnz5IrBON,충무로프리덤,4532395685,mid,1859,3,1,14,19059,9838,45223,29,30,32763,12316,190,21,5,305,5,9,6,0.5,0.041666666666666664
5xOpxZFW6KXUl0u9bkHhDahz8sQENDmXE1oZSne5ndWN,qweq,4532209373,mid,1256,2,2,1,8829,663,4294,14,3,9443,6748,156,0,0,96,3,13,2,0.6,0.11764705882352941
D8v3xeTlg8n9QVDsst2DZwiSoj3Xx6JYjW9binUve1gqCvb92cknPtmr,썬 태,4537842684,mid,1331,1,2,0,6330,1763,3140,9,19,8459,6341,131,0,0,71,1,5,1,0.08333333333333333,0.07692307692307693
xsg3uPvPvh4--g7vT-hs4PP8-Mo4fotdCIuv-abOOpoixDs,한 여름의 밤,4541382654,mid,1240,1,4,3,6660,614,3548,11,15,8587,6714,131,8,0,192,2,8,0,0.4,0.25
WMRmWDTNqQqqvf264j23y-9lJjQlwrGPVsG2lIIUWZxBiJg,혜 은,4503165952,mid,2177,8,5,13,31849,4854,9690,27,30,24479,14205,210,19,0,260,1,8,9,0.4666666666666667,0.11904761904761904
tGUkWED04uBIBGR-iS0iFiW_rPqugkaGvOvXijBsJmm-6ew,미드안주면던질껑,4540076144,mid,1504,0,3,3,8947,1894,4453,3,14,12070,7343,180,0,0,120,4,3,0,0.3333333333333333,0.09375
wCXnoEJUDA2f5ev0zDhN9HnlRw-6VGzTjUBr5hLIUkQKXOU,지옥에서온아칼리,4540076144,mid,1504,12,0,5,19582,7615,8902,22,4,17911,12451,171,11,11,85,2,3,0,0.53125,0
Bu7xxW11FJJw3kAfD-cRJkRWduWXm_-nrx4Pl2fH6qsFR99OYNJC-jl4,01041439770,4532481161,mid,1693,17,11,6,39686,6329,31143,19,45,27759,16148,177,0,0,185,3,10,2,0.7931034482758621,0.19642857142857142
SydrCTG64d3iZ1nWHdIBRteUvkTqaeTT_ExmXieOlsiaPEI,wpzly,4532481161,mid,1693,7,9,17,15208,5351,20833,15,21,28297,10106,89,4,0,158,1,9,2,0.42857142857142855,0.3103448275862069
FCs4izv7vX5OMorik6ZmwonMvRNVU_o1wQNTruWcCUFp,soloslba,4527904535,mid,1558,7,3,2,17589,4231,5746,39,17,14164,11633,175,24,0,218,5,13,7,0.45,0.2
DdPwOdbpTggVDOXCkl6aq_KbmfebvbRxfaNHlvrxMtjhNEE,한신 윤성,4538601302,mid,2259,4,6,5,18958,7937,20285,36,26,28570,13977,254,0,0,92,4,16,6,0.3,0.14634146341463414
ddMTe7YSjvxI4V84D_dKqc5ltd90q2QKIKZOFLH4wfpVvuMlKdTF4_XM,onoff mlobom,4538601302,mid,2259,6,4,24,28093,3883,50610,31,54,28459,13682,176,10,0,147,5,11,7,0.7317073170731707,0.13333333333333333
afgHBaDa-XHkomjiSWUC95MT6qdjO8FYrZVyZNhobABAWZ1ndDgoCO9B,모자란 탑신병자,4540777048,mid,1776,12,3,4,20104,1950,7530,50,26,12588,10438,147,6,0,120,4,19,9,0.5517241379310345,0.10714285714285714
HqGN_BeQMEd2E8TNUGA3SGI_ZZtkoGVqwnu9b_khg0DhmsE,k피즈,4506063278,mid,2078,2,12,3,14072,5853,14339,34,21,32982,11537,217,16,0,72,3,12,6,0.2777777777777778,0.27906976744186046
6WB7crZy-KkbG9g2PgIrl2R8EAdHxzBCroW5pIvA0YKtIcg,분홍꽃송이,4506063278,mid,2078,19,3,9,42957,7694,33542,37,220,32211,19836,240,45,8,505,1,14,8,0.6511627906976745,0.16666666666666666
r4rdP-p03HSd4g_JUQwcFu3g_l8f3n9_vxTM2i9aFN6v,TS Spt Arbiter,4539155211,mid,2102,8,5,8,20813,4746,16833,21,22,21351,12921,168,20,4,165,2,3,3,0.48484848484848486,0.23809523809523808
5FGX7XPyN_ZwLypmLKucUIjZr-idluv9-3Y6OUN3NiZoKxQ,부처클라쭈,4378924554,mid,1897,22,8,5,49313,10941,24895,13,14,35732,19546,178,17,8,151,2,5,4,0.7105263157894737,0.18181818181818182
Z-D8uet4frrQ07wL_atNqd8ibfseUZ8YJaMEOq50AkZUBvA,헬리오시티 학식,4379240392,mid,1798,4,7,8,17757,6334,12206,24,4,22919,10098,182,0,0,49,3,9,3,0.5714285714285714,0.18421052631578946
eW7jwAzpnMupRFjyJ1tgF88FFRktRVTBqIuoBdTNBbLF,나도짱짱짱,4379240392,mid,1798,8,4,16,24829,12739,22143,15,25,29036,12052,142,31,11,298,2,8,3,0.631578947368421,0.18181818181818182
zl8iKTwmnJGeWjy1H3L_vPcW0h-rYO7yqykXRbF_ikvG,스테판커리년,4541361853,mid,2555,16,7,3,67464,10329,18535,53,6,44898,22006,288,66,13,112,5,18,2,0.3958333333333333,0.15555555555555556
JSV5fP7ewkBPALpUUQHAqABLCiE5Bk6KxxjSCEvEPSCXTXU,트롤왕 심사단장,4469902330,mid,2217,6,9,7,30224,1570,21121,19,18,27677,12340,183,11,0,201,2,6,4,0.6190476190476191,0.23684210526315788
mV0CEMe2qcaYsrPwKak85ZgIjGeYCossgwdgtTPr49m-h6o,Agent Coup,4469902330,mid,2217,18,5,12,31073,23299,53749,26,34,45695,16640,150,13,7,208,3,5,8,0.7894736842105263,0.23809523809523808
j76f6vg3JqJAz2PzKFd-9yHxHCuiClFLERg86RtYIcro,내몸에서나가항심,4505364970,mid,2048,7,3,11,26077,6951,9464,31,30,19464,15526,200,39,11,105,0,11,6,0.4090909090909091,0.08823529411764706
kPXXLWyK5L_aW1YyubxuVru3MKOQkjshkBubgHRXlnr64rA,오버워치하,4505364970,mid,2048,15,11,9,41207,9246,24551,14,21,41532,16136,164,22,0,134,3,4,0,0.7058823529411765,0.25
ReawhEDfFN9tk-KyY9iMbQVo6cfpT7mvFScK3GPj_QFWySnMqejy4NCf,태풍24,4436418883,mid,1709,8,3,9,18511,9251,11850,25,3,22971,11327,160,14,10,89,4,10,2,0.37777777777777777,0.14285714285714285
OtyvpmsPS_OsCR3kUpCyy2a92yaUsv7_lVn9Bhfp-b98shk,우리집강아지포니,4524064904,mid,1620,5,4,2,12950,3271,7476,24,17,17997,8974,164,8,0,51,4,11,3,0.3684210526315789,0.14814814814814814
UykokNclKvWByOu0CpiYHHJ7gSXBB3M2AvyhfiAXYziFHsdhmIktT5Tj,100시간노방종,4524064904,mid,1620,1,7,4,10752,2616,6977,38,14,16348,9327,194,13,1,238,5,13,5,0.18518518518518517,0.3684210526315789
J7WU7fnYIGef5TYhPGw8fFxSYsPgxJQwXwfnYthDs4RCevinEh7cy-G6,Master 0 LP,4536852830,mid,1892,3,9,4,14947,4079,15609,5,18,23346,11368,235,8,0,60,0,6,0,0.3181818181818182,0.3
4uowTi3qXhIdmBAOEGiXKB8iZIF_J9Y5XBlNhIX6vzXyFjM,lIllIIIIlIIIll,4536852830,mid,1892,8,2,9,16168,6266,8357,18,16,14805,13475,186,24,4,51,3,6,2,0.5666666666666667,0.09090909090909091
x8DwPk0vqgIEWPqGYvx6ETFMkgHAyjfJJIM3ESeG3ADeBrs,기완몽,4540853936,mid,2284,6,6,7,29885,47566,33690,18,4,49553,15043,246,31,5,172,0,11,5,0.37142857142857144,0.17647058823529413
K6DPl8bLFyesDMD0NmliUJ9-KhuV2AcHtgg2LZm0u6nR91Q,혜니 드래곤,4522368186,mid,2171,11,8,1,30947,4996,15898,24,16,30305,16028,266,20,8,231,3,3,9,0.41379310344827586,0.25
wCPIhh1o47dJsCLRURBxjV5plu9hMCJDyDUj4IdznLN25tw,제주도 카타,4522368186,mid,2171,9,10,12,28560,15260,21222,21,29,43262,13182,147,8,0,303,4,14,3,0.65625,0.3333333333333333
OPjlm1mcwPtSEPsFIXBK_vUiUzei6fGwn3m_ZXyJ6ihi-vA,우 마 신 ,4537766289,mid,1598,15,3,7,19848,1012,37920,32,19,31066,14055,161,19,11,894,3,12,3,0.5,0.2
AS3-pqqAynkfj2J0_1ATk0YD1SMYPIrpMDWf2s7DaFTvKNA,jang인soo,4538987157,mid,1939,3,5,4,17135,2551,10493,13,23,19452,10100,174,0,0,124,1,11,2,0.4117647058823529,0.14285714285714285
zLvyPb-jrApdHYAqxRNTtRJU5yZNzIk79eyxp3Gjpd1o7CbZ5muZCy9g,APlaceWithNoName,4538987157,mid,1939,22,2,4,32078,2601,8893,37,6,13941,17770,200,20,16,115,3,13,6,0.7428571428571429,0.11764705882352941
BkgNFfcer8hSzUdInhOHv-AYGozRVp7LQflk5SFFBp5S-fE,기부니가좋아,4541810870,mid,2289,4,4,7,17736,6891,30770,38,7,25429,14366,169,24,4,28,7,20,5,0.36666666666666664,0.18181818181818182
w0SYPJoRoChgC72Tb4N1MnZ1uauXOEVvWRUSGZ-4Gta_,샤키스,4541810870,mid,2289,8,1,6,41410,1424,4319,31,32,10559,13125,205,4,0,218,2,15,3,0.6363636363636364,0.03333333333333333
kS4DBrvHZ-pO8HGKrbIha1Q_qh8pqFDVxqXULE1-qVuJ,안주대신닭가슴살,4535181916,mid,2154,12,7,15,27061,1393,14825,35,60,21118,15171,164,32,24,471,1,12,2,0.6136363636363636,0.25925925925925924
gcIs8veHRTKRcWsTfM_gsaL37pUffPRSSwYIH5PV_t8oAxw8olrzjC02,jg도와 줘,4535181916,mid,2154,8,11,2,21898,483,16442,7,19,28964,14188,226,8,0,249,0,5,1,0.37037037037037035,0.25
bVRSnC34JblMvjO5tmv6PHU_-mJmfuWAkCfnhn3iQsn_,라스트 카니발,4540867158,mid,2331,11,6,15,38945,6854,14978,14,35,29534,16222,209,12,0,250,3,8,2,0.8387096774193549,0.17142857142857143
kxeRsxRqxad50R_18q77RYVo0z_FV3ZoJxrc8sYbrh75,dnfntk13,4540405031,mid,1656,4,4,5,15114,637,22275,9,22,17294,10019,188,4,0,80,0,7,0,0.6428571428571429,0.16
exWZw5YUQhXxrG22D16l7AavMfBWixuv7mRu33RSkuI2Nl8,갈만한곳만갱감,4540405031,mid,1656,1,4,7,15974,3674,7623,12,2,17796,10988,184,28,15,18,0,4,4,0.32,0.2857142857142857
O01o3lQNiJF4-tHZAiPbFcicLy81QF8qNDwGTKjZjGOqVZE,귀여운은석,4241988345,mid,1639,2,8,8,10753,4006,12148,16,118,25781,7628,123,8,2,246,2,8,3,0.5,0.23529411764705882
O_C2edemAHosD964HYxRPEHmDweWasTKX_8PTItV8Y_zMSo,벌레인거인정,4241988345,mid,1639,12,4,10,28879,2305,12655,15,24,12527,13652,199,21,9,347,6,8,3,0.6470588235294118,0.2
0wYfynyxNkTXKVJAg7yJZYXhv3Wa_R6POj-yrb5D_OFC,즉석라면,4425885330,mid,2024,6,7,10,31706,32354,17151,24,4,38475,14434,260,8,8,96,1,11,4,0.5714285714285714,0.175
GvoUKfjDIDbpNUH4TZ2V-glpu50hSXJ3YgkhGbmH9bzmTK4,직쏘맨,4533631330,mid,1908,4,7,4,14123,4913,21767,19,19,24833,11536,207,12,0,126,1,3,5,0.47058823529411764,0.20588235294117646
oSwJGHS9LRRTJGqonOYMi9O4fALQAyJMwCLs4UUmGAN62TtZff7VnkpM,진천사람,4533631330,mid,1908,4,2,12,16664,3382,29598,23,45,21090,12972,203,4,0,116,4,14,0,0.47058823529411764,0.1111111111111111
U1l8aelAyqKfzF2x4q0sfQOrFXRAyFq7pehwjTFWolUhZFxUV7vM4D0D,대 왕 주 먹 밥,4513509138,mid,1563,10,6,8,27448,4437,23616,17,11,18708,12490,161,20,8,50,5,6,3,0.47368421052631576,0.3157894736842105
n2Bp27B3obzmRcW8Uy4ed70sjXy7mAPD3kheCMYs2abs,Redapple Candy,4492356079,mid,2088,11,5,8,26243,4425,18447,26,23,18625,15791,188,44,13,148,2,8,1,0.5,0.20833333333333334
1Uz2d4N2Ig0J9ebzsAF0RqyM7A6oHzgCrfwuebn01_bP,쎄 끈,4492356079,mid,2088,8,8,9,19089,3758,28113,18,28,29575,11891,129,26,0,208,2,7,2,0.7083333333333334,0.21052631578947367
pbVXZE7Zjonz1ezlzoC2sAK3BVmfbnliQJXtrzXN_dqsR6s,Quan Shi Zhen,4494109600,mid,1403,2,3,0,7778,3971,8498,8,1,15319,7763,185,4,0,68,2,4,0,0.25,0.11538461538461539
qZfezjYqxzwoybewtMFp2mWyvDmFAbMc4nBRCRR5n1x6reTRmAe-ttBN,유아교육과여신,4494109600,mid,1403,4,4,9,14684,6279,9723,18,14,15544,10219,160,36,12,81,1,7,1,0.5,0.4444444444444444
zv7Mv0VWqHLH-gWh9YJidfvHuHXYdGJUUdCqW0auewSl,죠스떡볶이,4532499249,mid,2109,12,11,8,30761,1983,23285,14,6,37777,15144,176,12,0,117,2,8,4,0.625,0.24444444444444444
_-Ibp_eEGzvK_cPE6-w53sW5OYOhSg2kSor1lbtqt3nl0Qw,설계석,4532499249,mid,2109,9,8,11,30310,15335,31353,59,9,39665,16086,190,32,1,203,8,19,3,0.4444444444444444,0.25
1QafYxbzQjHhFYdJU5geC9hqQ6hNURzpdNBNrh4Yjupkxmt-LEuvP2a8,yu부초밥,4536951772,mid,2139,23,10,6,61707,23993,36806,10,38,62629,19229,182,50,19,488,1,6,1,0.5576923076923077,0.23809523809523808
ZDONjhUbOSrEm5Gb6QR4dcUVEyXFhGpiz8Po4cPT-YHrrl4,마산파이크,4536951772,mid,2139,9,14,7,34227,11028,23731,11,4,42331,12536,166,0,0,103,1,7,0,0.38095238095238093,0.2692307692307692
g2QahqZXG0lOkXz6zR0s6BDPp-WN9jt-aNLyGsc8UlRVqVstFLuwaLJm,넌지시한패드립,4530280636,mid,1661,9,11,6,19039,1980,10138,12,7,20784,11575,91,4,0,76,0,9,1,0.4411764705882353,0.21568627450980393
Jo3E-QAJlxzmkH2G3yuiPs-Bq6IV55XTIFcw4DpD3CeszZU,극 컨,4540387673,mid,1654,15,3,11,29635,3892,11248,11,10,17470,13075,125,8,8,145,0,5,1,0.7647058823529411,0.23076923076923078
bMK6V1JvODfC33MiwuJ99kqUJEATCznIsLkoPBt7HQghI5A,성병웅,4540387673,mid,1654,5,11,2,20310,3249,40096,25,35,36776,10216,158,4,0,333,2,11,1,0.5384615384615384,0.3235294117647059
8XzqGcHmn-QQjDorg7sks1mkb5gMVnoq8CQCCntAhVQrIQc,한국무용,4541713688,mid,2016,6,3,4,16162,3802,14513,38,8,24315,12506,179,20,4,146,3,16,7,0.29411764705882354,0.125
WpEJlEID4f71_-sA0iggFoDQ2yGv1Mx_TDCrU9NG6u_S,쭈와와,4541713688,mid,2016,4,9,4,24569,26407,20415,19,4,40253,11022,195,12,0,57,2,12,0,0.3333333333333333,0.2647058823529412
GP844z-JaSlvZyw27CASTlhLaov0A7ua4EUblLJlsvMk,먼저싸기 시전중,4540193268,mid,1754,3,9,4,11741,2824,21049,16,14,22546,12904,233,27,5,192,2,9,1,0.2692307692307692,0.2727272727272727
ocN7SY70ZkPSaOHhBKF-mr2yCdjmzgNjkPUq1ntJSzU61-ORfZWQq9EM,밤하늘의 별구름,4540193268,mid,1754,11,0,8,21017,1411,11131,24,15,14531,15097,201,20,4,198,5,13,1,0.5757575757575758,0
7gXRe6jLZdmpRrNrhu-J730ASEUMzgXAP4Q5HmCihKT8KNo,부산무무,4539685878,mid,2173,7,13,4,16454,3764,32192,31,19,32757,13234,213,4,0,94,3,8,6,0.5789473684210527,0.3611111111111111
p-X2bwn04Qkj0EougYrSddKIVVwVjB_csnx7Ep9hXd9D,밤지기,4539685878,mid,2173,13,4,11,27484,6943,11756,15,43,20181,14424,152,24,0,725,0,9,2,0.6666666666666666,0.21052631578947367
f_HHmDYKjRt58q6a05UOwDlR_-Ohrs2dlmXBPmTrtC3L,역겨운 오빠차이,4500404010,mid,1592,6,4,10,13408,3367,12821,18,13,17232,10332,128,4,0,106,1,9,0,0.6956521739130435,0.14285714285714285
PCR8L2fvK7Gqow_NHAjWpK4YyGusECRHdfOApAcX4l77c2WmyRsT4zhe,Aquse,4500404010,mid,1592,5,4,7,15684,1924,12939,29,21,13148,10293,170,12,4,98,2,10,3,0.42857142857142855,0.17391304347826086
eaw3WsGoQ9S3hEKDXjSXtBHriex7QfAq4kYajjCidvkYHqU,TAKEHERE,4534492969,mid,2108,6,11,11,18817,4676,26399,33,32,29739,12509,170,12,0,109,4,10,7,0.5862068965517241,0.2972972972972973
vtVudnU_1mj8Y6SaeVkaQIwecZ-hn0gNGNgKUeCVcbQWAd-EUQHa44OJ,bestjojo,4534492969,mid,2108,18,4,6,32879,7019,25796,37,20,27514,20074,228,44,0,134,0,14,10,0.6486486486486487,0.13793103448275862
odmT4uRoctxtnDHZYe8aZOrLdpzxD4Zdk1wjGA_rD38DeRw,YSC Viper,4532725725,mid,2067,8,5,3,32820,7488,18887,28,12,24124,18117,264,76,23,229,1,11,6,0.3142857142857143,0.21739130434782608
HCcyLEJuCbMmzkx8BgwtHptOEo7gC5KpD2yOnIHQZNhF,마포구고니,4532725725,mid,2067,5,6,6,23705,2930,11670,28,2,27112,12390,220,10,0,178,5,16,3,0.4782608695652174,0.17142857142857143
ZQKB_r0C46VGeqsL2w8RErmALnz0oIQ7XPNcW9cF1jIOUvxCLSZAlr3V,손주혁,4539009405,mid,1745,10,7,7,24629,6253,7932,45,14,20504,11529,139,12,4,358,5,15,6,0.5,0.3333333333333333
gVhCzAolT0tG8fJAGN6aZdCTAFF8h6JvXzUYOp3Qpg_Gy__kJL0BT6K5,한국산스시,4539009405,mid,1745,9,8,3,16489,10250,16913,17,4,31856,12282,172,14,0,51,2,5,3,0.5714285714285714,0.23529411764705882
tjRYcJPqk3Ufw6BB1uy5u44BBiX6jsxPBsyVPuRSyQsrUb8,쮸발람,4470328519,mid,1558,6,10,4,20438,1694,27084,21,8,25169,10342,123,18,8,53,2,10,2,0.6666666666666666,0.29411764705882354
ngHqIRwZSUOW8jhyvDZm_lBglB-yqyS40_YKm_Lm2Mq3ha4,너그음마,4433800078,mid,1863,1,9,5,19077,8854,32750,36,26,36354,8502,160,4,0,331,3,12,3,0.2857142857142857,0.23076923076923078
hhfek8xfAazbdU__eZH0CbfXfskq3daZyvcXT4tNbtEY31U,우참아,4454695190,mid,1788,4,8,4,13187,7901,17182,27,17,33459,9096,120,22,4,260,3,12,4,0.3076923076923077,0.2
gdhOjUiWuoRrG5MdlmTd-sWhZ1delO0YXc0b77NLR3Z938k,라랄룰룰라,4516611148,mid,1253,10,1,4,22771,3267,7138,27,28,14950,9713,134,8,0,39,1,7,6,0.6363636363636364,0.08333333333333333
5OzS6kPj3Qz_SECgR6Xke6cJ-spWoArTNe8NbGLmONDiILQ4nqf70qJQ,자몽검은,4516611148,mid,1253,5,4,0,8666,3517,13268,7,6,18635,7472,110,0,0,9,1,5,0,0.45454545454545453,0.18181818181818182
38qVePVUz6B0y5Nw4sbo7BoBuL2LPu0OfbIU8z9RBl2-,빵만드는빵빵조,4538995780,mid,2219,10,5,9,24392,20628,32474,56,5,40213,14940,241,12,2,91,12,21,6,0.5588235294117647,0.17857142857142858
TBro9D6gehfWAc2vLmsT2U1anCGsZX1OPVb9aKwjhv4r,친한파야스오,4472054469,mid,1448,6,5,5,12229,3289,18245,13,15,16906,9553,140,0,0,80,2,7,1,0.6470588235294118,0.16129032258064516
wmZlfOQ6gNA8TLqR9xcKt6QlnhvM9cVCTy_KY5zkcrUY,므랍니까,4541272708,mid,1656,4,4,12,18874,1211,8543,26,56,11424,11793,151,24,4,683,1,10,1,0.5517241379310345,0.18181818181818182
srJHkSCFQT1oDxpVuEKUpfCfkeBIFWoN3OPpCOl6SeMd9q0cbBA216yJ,black jjang gu,4541272708,mid,1656,6,7,7,16894,5968,16077,10,30,33197,10327,151,5,0,1056,0,5,1,0.5909090909090909,0.2413793103448276
g2iXtRdNdAUTsdabDF11NzepVgjep82OXD6gI22_hs49djkKTRJ-PBX9,heart chaser,4541786690,mid,2260,9,6,4,26535,15126,19702,35,16,40222,15721,208,66,0,82,3,15,1,0.3939393939393939,0.14634146341463414
BuBpO-ps2HC-IvRteeRPFYpM6ydV8zsBqYA45aWAEbEXtcY,섹궁미,4541786690,mid,2260,11,4,10,42082,1749,10047,29,50,23380,15765,202,32,5,329,1,14,3,0.5121951219512195,0.11764705882352941
idEXXgY8YrLzgeq49eNGxdAjwyv5iMyrrCh44XEdFuBp,뒤몽가,4541619723,mid,2099,19,7,8,39803,3325,21554,24,15,29492,19461,213,16,0,183,2,8,4,0.574468085106383,0.1891891891891892
_40LI6_ec-q5tfAxPVonRRXOF4BXsY2z9V9z8jgKoH1l,티모겅주,4483377897,mid,2348,10,4,15,31687,5463,56935,44,46,27698,15738,156,54,12,158,6,6,13,0.8620689655172413,0.13333333333333333
2BtEvjKCY0y1kZPxFpnFnokpFK8tZF1EWAXIbMhSDNM4,닉네임을모른다,4531986331,mid,1272,14,3,3,23924,10304,11493,17,21,20126,11884,158,16,8,184,2,8,1,0.5862068965517241,0.2727272727272727
J1IVwQrq_1iphSzSaDC41cnkxr0jpnd3kyio1BjpMfoo,퀸발롬,4531986331,mid,1272,3,6,1,11521,979,7054,9,7,15450,8084,138,0,0,122,1,6,1,0.36363636363636365,0.20689655172413793
dKKVgCR4Ptxu5Oz7waUE9z54tEbKuYUTfWku1TjS8iqJ9Ek,모카는탐탐,4474568967,mid,1824,3,5,3,16031,1219,9805,12,22,15065,11535,191,32,9,315,0,8,0,0.21428571428571427,0.15625
YRojaCgjqT4739YNd3PUDfFhfKLuN0VaVydkWGfCji8TIXI,이            엑,4540556100,mid,1213,2,1,7,4416,762,6381,14,4,6198,7104,125,0,0,18,1,6,1,0.3103448275862069,0.125
DHJFw67JkDljPNLjr-mG2MzI-VO9HzzYlIFV7uTXEgvKmtB6Kxie_XPg,조심플,4540556100,mid,1213,2,2,2,8130,1077,3228,10,12,7656,6333,115,4,0,78,2,7,0,0.5,0.06896551724137931
0xeEqtxmnfCnYzQJsCfn8MX3NO848UKf68oRjEzo0EicIJQ,구원최,4530376204,mid,2197,15,8,9,31022,2362,20674,21,9,28974,16975,179,4,0,142,0,5,5,0.6,0.18604651162790697
JRIu6s5Blr1QtfyPs_wdtE3uLt91umXa6nEwWFxCvRsvnfk,카마도 림즈코,4530376204,mid,2197,8,9,6,26179,10221,42445,28,25,34384,16762,284,14,3,179,2,13,1,0.32558139534883723,0.225
JcbO930PM9D7eVaxVxmuDWEtpZIpxt2L2yz9AMf8LZKYj7U,매판고도의집중,4534438491,mid,1420,9,7,2,14008,4307,9582,27,143,19263,10421,155,4,0,309,3,6,3,0.6111111111111112,0.25
EEMOgUc6y2WEVwCyBNdy3u3g6EKldBjd0lMy4eR8zFDQ,지구는동그라미,4534438491,mid,1420,5,4,6,13148,2500,12059,13,14,12675,10191,156,24,13,133,1,6,2,0.39285714285714285,0.21052631578947367
x8DwPk0vqgIEWPqGYvx6ETFMkgHAyjfJJIM3ESeG3ADeBrs,기완몽,4540853936,mid,2284,6,6,7,29885,47566,33690,18,4,49553,15043,246,31,5,172,0,11,5,0.37142857142857144,0.17647058823529413
hRP06F2PQsnJZ00arJjU97swXsVgq58QfzVqUhNl4qWM,럼블조교,4541904458,mid,2451,4,5,22,21074,5546,11334,40,26,24188,15492,181,48,0,371,3,15,8,0.6046511627906976,0.125
4F8bVXsZpRc4ZbZVhL4HCR9OJEVixAMBW7Z0Y4AdBMwN,나만의공백,4541904458,mid,2451,9,6,16,39542,6720,12171,46,32,25320,15566,202,20,0,91,5,10,9,0.625,0.13953488372093023
Zfq6Tm5yFc9ElCBxAbqkPTXSsGGW8PmcDeXFUqodG0e3iKw,두리아빵,4539865224,mid,1397,4,3,8,11453,943,6249,6,18,14340,9006,151,16,8,104,0,7,0,0.375,0.17647058823529413
fvaH5FCxiO4N8l424lqad_h-Umw8ph1zYdGkX2Vju3awMq4,안경잡이짱구,4540655514,mid,1673,7,6,4,15641,6236,16003,16,16,26145,11435,169,4,0,112,2,7,0,0.3142857142857143,0.4
AS9Fe80Mfd9bk77NXs1nuYdULGGEYsDhYYW9Vyn4t9D1qq8,왕 자 지 헌,4540879997,mid,1412,17,5,0,27644,7961,17277,17,20,24881,13793,180,23,11,175,5,11,1,0.4857142857142857,0.2631578947368421
1MPoFOyKsXpMf5h0-z-abv-5_eGyOk9Q6Xp7UYCmc6dkZi8,리븐지나가요,4540879997,mid,1412,2,12,5,12273,948,9079,11,4,18298,6259,99,0,0,66,1,7,1,0.3888888888888889,0.34285714285714286
V9Ln7HTFQ5ssyvF7pvFsY50hnL9iqAmMpadzb8ne-_5fwC2pvnjyFzB3,와이 소 시리우스,4507186995,mid,2044,4,9,2,14063,6767,9545,23,23,22628,10147,142,18,0,136,1,11,3,0.3,0.1875
-0m4IUTLTsNxO4jLEMjXQSMc71PlPBLiNmiO5SKArUZxdjg,dpfslsy99,4507186995,mid,2044,3,6,5,8988,17960,8376,9,2,18889,9758,119,4,4,238,0,6,0,0.1702127659574468,0.3
2iYXVyF-53g9cUS803Qf-yb6cNeOmRF210AB-kGRPtrL,낚인듯,4510354017,mid,1451,9,6,2,15132,4254,9875,15,11,19356,10480,135,8,0,60,5,6,1,0.55,0.15789473684210525
dSok9Mr-7AD3sMRe6jxFFiVmdG0v_QLqYmFCVj74bhXo,킴봉박,4510354017,mid,1451,9,5,3,15832,4484,11013,12,15,17483,9350,115,8,0,290,2,5,0,0.3157894736842105,0.25
t8LjMaak8mFzBpA_k27OefQv37PdcIr1hBLH3QlHTyGQ,검색하지마시오,4286397787,mid,2051,20,7,6,31105,19103,27619,10,55,47715,17322,182,8,0,433,4,7,3,0.6046511627906976,0.15555555555555556
n_QRrI0PDdcnICBHAlvMpw7K1qu85ObCcc8OkLgvp9Ut3vw,용준이의하루,4286397787,mid,2051,11,10,15,27688,2830,16379,19,186,26759,15188,190,13,1,396,3,8,2,0.5777777777777777,0.23255813953488372
VweaO99-OyZDu9gWZCDn7GUmHulov_qsBeaH6rQ6ePtlhTRqwymB9kJ-,송도양양,4279787020,mid,1583,9,3,3,18718,5555,14831,25,34,22700,10735,136,12,0,149,6,13,2,0.631578947368421,0.09375
1zgjJdyguR8o_OteLEStc64v4vyFcjvgiHipx0EemIw6V_0,현형최고,4279787020,mid,1583,10,4,3,19949,2955,9005,22,27,14444,11406,147,24,0,41,1,6,3,0.40625,0.21052631578947367
eIpp4dxBF_UHimX8zZx_XhlnEcPl4d1QFk1Oe9YrTziG,큐어랜스,4526230791,mid,1883,8,3,14,29142,1726,5560,23,27,9881,11846,121,18,2,208,3,12,2,0.5,0.13043478260869565
jZhzEaSiiFEE8WsW6s-1Pux3NRvOPmu8Kqw30sfxH0LULv0,커플 다뒤져라,4541874960,mid,1809,7,3,8,26756,23637,17793,27,5,30485,12333,193,14,4,104,4,15,2,0.45454545454545453,0.08823529411764706
2SggVZPJ5u_GDhRxSeJnV_6tpiqB3Gw_w8FN63TS4esFnLTyYUdc6fU8,맹 듀,4537769899,mid,1469,20,2,6,29230,2500,6446,11,33,13131,13308,131,9,9,142,1,6,1,0.8125,0.16666666666666666
GuuptbzqZX_lWFVaLKYq7XV4q5yxYS9Xq2tN8G8qAXdm,동pa6,4537769899,mid,1469,2,8,5,12070,2077,7539,17,26,17463,7218,116,0,0,98,3,10,2,0.5833333333333334,0.24242424242424243
XRUfDOcXOdNWKRsGe0lSTBlWV2a_HY6xCrCGi79b2zw,빡윤상,4315441647,mid,2099,2,3,12,15929,4007,8316,41,19,15287,11306,187,16,4,259,6,18,5,0.4666666666666667,0.12
yUTL_TV1dw35OZT1Uc_--PLdi5ZA9Wg2dbmMB-5RwyEfFWzG6SmTUEge,나 채민서,4535455801,mid,1973,7,6,5,11121,8887,26632,8,21,26291,10174,144,7,0,236,2,1,0,0.27906976744186046,0.16666666666666666
XL9TiuUoaDCNGUrJ6ImD4weyQPrnZ7BcvKBMOB-8U-hJIOqK-169orgL,부엉이0,4541822403,mid,1836,10,4,7,24676,1959,7444,27,33,16024,13447,207,12,4,331,3,11,2,0.6538461538461539,0.10526315789473684
DgXML5SJO-KGUhqumawfiFard9WOA1meerwX8mp2nCwnWi4kVgt_wNNP,암살당하는시금치,4539658045,mid,1689,2,6,2,11119,5978,13309,22,2,21201,8237,162,0,0,19,3,10,2,0.26666666666666666,0.23076923076923078
qcibXUrfOrkX-Wvdi4fRxsArmgIXKWGAyjd7udQ8ECbvxmftlXoI3-oK,정화사냥,4514741241,mid,2372,14,3,16,45668,17582,36514,32,7,38491,18068,209,20,5,205,2,6,10,0.5555555555555556,0.07692307692307693
3Eg-SnIewaePS0YCwLJ2MfCJcxPZtPgldBcmEIQEIgw7Hj02XYMvqBtr,왕자 태현,4514741241,mid,2372,6,12,8,23496,5604,25159,48,38,44227,12989,163,0,0,209,11,25,9,0.358974358974359,0.2222222222222222
YWOL0OJHvJVn5EsN8P23obq-_dXKQYSDIrO0dAN7zbghOl4,l1ght won,4510659740,mid,2047,9,8,5,27432,1514,13930,34,10,20553,14301,198,42,9,134,5,9,11,0.5,0.2857142857142857
ZJccGBr6J6ypT9ct6jD1WrCqUwrFhJnivxvirabenqXK,피딩자판기,4510659740,mid,2047,2,7,6,12184,2815,11556,25,36,24718,11630,179,4,0,223,2,12,5,0.2857142857142857,0.25
V_ZDVsIzBMfcafPv4WzuuBBDFmvlp2Ngc_prk1OeAkAtbn0,김리자,4503326247,mid,2052,6,8,11,21578,5584,7578,21,35,23520,11798,154,12,0,126,3,8,3,0.37777777777777777,0.21621621621621623
lY4nMFZBkERHFttucMBBa5NbDa3jkWXYirbRlED5CzANAglGzu6frRsE,승현이내동생,4503326247,mid,2052,12,10,9,32952,16226,48407,17,23,46212,16474,224,26,0,148,0,11,1,0.5675675675675675,0.21739130434782608
ALR8tHVnYhEuMnUf1OsFG4IoSpI75iwPY4LjtVGnipSX,마철륜,4534877046,mid,1872,7,6,6,19352,4302,8415,17,43,20787,10705,153,8,0,276,4,9,2,0.52,0.21428571428571427
7cu2TVD3nF0zlfODi-lnutgp74fmRF8kFJRA55qF1qGy6dc,꽤 나,4534877046,mid,1872,4,6,10,7866,1681,15444,24,11,16411,12519,178,10,0,90,2,12,3,0.5,0.23076923076923078
UmPeHVCVguNEj_sblCfZ4vVshxjViZtX_RlqwNkdqoVzwq8,병잔이,4540422093,mid,1680,1,10,6,8387,860,23330,10,16,27251,7770,126,9,0,471,5,6,0,0.2692307692307692,0.2564102564102564
8BSKeVP_qCxR0Dj-Chobvjk9pUX8bw_6a4l2ho_mUh2BOaQ,입주자,4252746946,mid,1728,7,7,4,20869,4917,19897,9,8,28035,11232,161,19,3,276,1,5,1,0.4074074074074074,0.4117647058823529
ufOuOT1U3Mj6bNjQaTI3gZ4P_VMYoqnkAVzSkclF21tS,슥삭쓱,4252746946,mid,1728,5,3,3,17742,663,6476,19,37,13838,10183,174,5,0,295,3,9,4,0.47058823529411764,0.1111111111111111
rj92lMN1oj9YrrYMph5kgRHgEBo0Jf6SlEduEGQFJPES,미드에던짐,4541793450,mid,2336,19,6,11,40671,1743,26516,16,71,27160,19800,205,13,5,1432,1,13,0,0.7692307692307693,0.16216216216216217
GhoyBVU4UuXsw0FQ3ENeRy2QFoGtVE60usTK0ceg69hl0F8,강력수면제ZOE,4420152817,mid,1983,12,7,6,31722,5488,13808,29,37,22719,13108,142,16,0,162,2,11,2,0.4864864864864865,0.1590909090909091
p4r_fEOXJ8bbg9U5SCcH1aaE3jZTvbCS3M09tKsfkmrmJtk,삼타콩,4420152817,mid,1983,5,7,5,14437,7081,16043,20,14,31479,9874,115,8,0,216,7,10,1,0.22727272727272727,0.1891891891891892
3wV7sNTe89v8aubQfw_RTRMXxcgX-0H8ItgQeWQ7LC2jxL__9zd4HGsz,차칸노옴,4518440078,mid,2059,13,6,7,26595,10532,20989,19,17,30669,14182,181,30,4,293,2,6,1,0.5714285714285714,0.2222222222222222
1EeDm20OViKy0aIekZgNmZNvtc5xYxkBcMDUO3mpU-0gJI0,고추장인청양고추,4541541248,mid,2258,4,8,7,18362,2835,27353,21,11,23907,12799,188,18,4,44,4,8,3,0.2894736842105263,0.22857142857142856
73_LX5hNoE5Mjt1YD6xgeDzUwrxg_YSiYwAOq1xxJdigI9g,똑바로안하냐,4541541248,mid,2258,6,6,9,24441,4874,12790,30,20,23650,14021,208,16,0,146,7,11,4,0.42857142857142855,0.15789473684210525
hyCsqvnVZ9S-HIPj2gynvNnHW9oKPeUOE1v2TTkSt-5NN3s,KYF,4517131575,mid,1610,4,7,17,10740,3099,16572,13,47,19567,8650,93,1,0,371,0,8,3,0.5675675675675675,0.22580645161290322
NKIb15Seod3uQw1S10uwgwR7x3_IC6M_NM4bMBqZWa0k2c77sZFemM-w,구나인그래프,4537439219,mid,1790,5,6,9,18008,10478,17422,18,19,30786,11135,169,8,0,301,2,10,3,0.35,0.35294117647058826
r7X4-dTxzKuv8MNAH64IoRKwz6moufxUMnY6C5tOCfBniGk,역캐리장인,4541589150,mid,1806,18,3,8,32514,9894,22178,15,52,22287,15880,169,18,2,112,1,5,3,0.5416666666666666,0.17647058823529413
T8Y52gQRyx9vq9vIs91UfbpgD3J9TJPpEkmcSeTe_SaF6mo,T1 amamusi,4541589150,mid,1806,4,12,6,23432,4439,15782,9,34,30815,10206,128,0,0,113,1,6,0,0.5882352941176471,0.24489795918367346
0Z134hsGA5y_3foqAOCXnADTGei4-AKgKu3V0Zyco30F,네가지면그냥좋다,4428099261,mid,1393,0,10,3,9573,0,13770,20,11,21489,6549,151,0,0,150,3,10,2,0.2727272727272727,0.4166666666666667
9jYeRrncQ9xPxmiuAgRZ8YtlXs49dArsd5t9oDGrik6yExc,나몰뻬미,4540195231,mid,1871,3,7,2,22673,2970,10090,11,3,20558,12070,236,32,0,210,0,8,0,0.4166666666666667,0.19444444444444445
6CroQRdqwvEaPIspSPD2_-VPqXL96eOvrr-PpAoaQcg5,6982,4540195231,mid,1871,5,0,8,11175,3516,21961,29,18,13973,10818,158,20,0,64,3,11,1,0.3611111111111111,0
wjnAr1YJAvWBJg5PGUdTh5cXHR7LnzDKFkyvyPYXJSkS0_k,톰요원,4526293185,mid,1295,10,2,4,16302,5751,11541,15,15,15708,11882,180,12,4,119,3,8,2,0.56,0.2
EfJmMUH8J5OjDQMAYybgSBclDkln3VIrzEFKvDFhTw_9Tfg,서폿z,4526293185,mid,1295,6,8,2,11116,3280,16791,7,19,20668,8412,94,8,0,95,2,5,1,0.8888888888888888,0.32
YGBLS8ciNa7T3MgeftauvCwJPGnTahKuquBFkyJyPZsJ,wwvwvvwwvvwvvvwv,4541970185,mid,1315,3,8,0,8709,2161,11164,7,15,15175,7707,135,12,0,58,0,3,2,0.3333333333333333,0.24242424242424243
IbxWwtjVro_1ltfKp3-bgt588vgK39w5NWKk8GOoXs9F4tk,골드 IV,4541970185,mid,1315,8,5,5,11516,2104,12228,15,19,13214,10095,131,4,0,94,1,7,1,0.3939393939393939,0.5555555555555556
2o02iVo9MftQy-Xrc9ZJCWLaj3idoMYdAciNH4VXnmQ,ALTEISEN RIESE,4527723939,mid,2021,7,8,3,19539,4374,14707,23,38,28023,12655,196,18,0,1088,0,11,3,0.5,0.20512820512820512
JiN_txnNcwXDgiohgDfVK-tfbGVQR5xD6PQ1GR25WTgs,코끼리다,4527723939,mid,2021,10,1,13,23575,6866,52512,34,29,32300,14832,190,12,5,327,3,15,1,0.5897435897435898,0.05
KYt9ITczf7PnnfIMgslyP7t8bBJUwLj82O1GuG7aCykK,Master계정 부캐,4540917250,mid,1741,4,9,5,11719,4658,21782,20,17,24098,9506,157,4,0,128,4,11,1,0.3103448275862069,0.20930232558139536
z4SKccW_PkqVWkPXw00XKC-EtgaSKgzEyBOkYwj2mFDrM3M,시어머니님,4508129636,mid,1628,13,5,5,21882,2605,11193,10,5,17192,11776,165,0,0,84,3,5,0,0.3333333333333333,0.22727272727272727
BAxZ46kPjnSOKFIR_U0aTvPUT2CqJhh8TAOQjinOLuggdSE,구혜쥐,4540131406,mid,1799,6,9,11,18954,4627,19207,23,27,24985,10691,128,4,0,92,4,9,4,0.6538461538461539,0.42857142857142855
swbOPI326vsA2f-mHo3Q6EYdtXhqyuFG8B9YnEx1ayHlpWg,릴타치,4391207272,mid,1435,5,3,3,16236,767,7610,21,32,17274,9760,162,0,0,137,2,9,1,0.5333333333333333,0.08823529411764706
FBf1zNzLgvSE5rNIkUaKB8423R3IVCXSaxWoxmCFMSUtvMg,모든챔 소화가능,4390440354,mid,1741,6,8,3,18871,5528,8604,11,4,22321,10351,149,4,0,72,0,9,0,0.36,0.2
LfY-OTLurTcf9jzwAI-pmZTdBtZMBFFvjaiNQl4xbq-ZNV8,PfcwigtGe,4390440354,mid,1741,13,6,8,23048,5232,11258,10,23,23902,16988,123,12,0,164,1,1,3,0.525,0.24
K2EBnwzGLYR8FzawQMEm5juAfhbWnKIbG71ESxZRsrJxQpU,화 to the 선,4505329421,mid,1224,1,4,4,7222,2800,8557,14,7,13286,7098,145,0,0,21,1,7,2,0.17857142857142858,0.36363636363636365
UQd2-uZeL-IYrw3Ej2SvVyujmAYCpjFaKg8fa9QTiyQ8wCM,나한지훈이야,4505329421,mid,1224,5,3,0,12015,1206,5235,14,3,10386,7900,138,0,0,89,2,8,0,0.45454545454545453,0.10714285714285714
BCT2AiMWKS0bdhqSmu3XsThXteB0WICMC1zgeZbm_TJFiglpgwPHH9S3,PPQP1,4419871728,mid,2211,6,15,2,25542,2878,15926,22,8,37172,13318,199,31,12,65,0,13,1,0.25806451612903225,0.30612244897959184
pBg6QXCZmBJDmGyVOzZYCveQxur-m2JT4glNx2G4Lajc,에리뿅,4419871728,mid,2211,3,6,13,17992,6382,12758,61,59,19419,12078,152,24,4,982,5,5,2,0.32653061224489793,0.1935483870967742
7Wbqa-KILT9iGlEll86GJwCUME0ubkMspIO7FLT6MIFMf3I,완소중,4541869752,mid,1583,2,2,0,10864,994,8468,6,4,14860,7773,135,4,0,186,0,3,0,0.25,0.08333333333333333
HzzIkK5oWCJU0p9runxwBHOMoPrnGi83NtGrka0X8DmJcAuG8h18VFRS,너만바라봐요,4497303506,mid,2174,6,8,7,13526,2845,12551,19,171,22293,10722,130,4,0,351,0,12,2,0.43333333333333335,0.20512820512820512
nScvW2eSdNcqBEiGWjxEJPjdqzOR2joB283OsQAlUl-jbGM,블라디와데이트,4497303506,mid,2174,11,3,9,20391,9366,17597,18,13,24868,14992,179,20,4,39,1,11,2,0.5128205128205128,0.1
