account_id,summoner_name,match_id,position,playtime,kills,deaths,assists,totalDamageDealtToChampions,totalHeal,damageSelfMitigated,visionScore,timeCCingOthers,totalDamageTaken,goldEarned,totalMinionsKilled,neutralMinionsKilled,neutralMinionsKilledEnemyJungle,totalTimeCrowdControlDealt,visionWardsBoughtInGame,wardsPlaced,wardsKilled,killsRatio,deathsRatio
FyWlhNXwtgLz6LXfGjr0tPCh_ROtOnS1rNTEyZtU_HYt-VD6vsYXoSuR,승아넌채식주의자니까딴거먹자,4521410205,support,1478,3,5,14,8211,7804,3498,22,12,6072,7023,3,0,0,33,3,11,2,0.68,0.35714285714285715
hhXvM1u3mwRAos8Z4_sft4yigg7yF9EnLM2YVGS72AMHxNPsEBIVSwwG,시럽스푼,4521410205,support,1478,1,5,5,3953,710,14180,30,37,12647,5795,35,0,0,82,6,13,3,0.46153846153846156,0.2
JYlF_UAdpHkkhmwWofpIUulkPAucIVE_wqxeVSQKmLwK,라이자의아틀리에,4541852695,support,2340,9,9,21,24075,4066,22671,88,77,19732,13597,43,4,0,257,5,39,13,0.625,0.24324324324324326
WE8ophwkgUiz37T_aCbLTH7ECTSIZVOgnwCQW88IB6FM,인현지,4541852695,support,2340,5,12,15,12580,6545,23080,87,25,33138,13983,43,11,4,119,0,32,15,0.5405405405405406,0.25
isVq6Qnx99DWu_THFy_jjlLJyOs9yFYRKvt_Oxm4_AVwlVw,KAMIYA NAO,4431170068,support,1657,1,7,6,4972,1598,17847,39,30,15657,6263,30,0,0,103,11,22,2,0.3684210526315789,0.19444444444444445
lTPjukDf9_N9-xNikf66renCcUJHRUfYJjXnq0GsnNeE,가비연,4533974386,support,1484,1,8,8,10072,1801,16568,17,36,18716,6400,44,0,0,228,2,14,2,0.391304347826087,0.2222222222222222
swhBuBdnoiX-_nEDkssBUdRL8Z2M50jgOotIAVKn_LmEqrA,재스포,4486677014,support,1238,2,2,17,6032,2590,8453,31,34,6781,6439,32,0,0,81,4,7,10,0.5588235294117647,0.25
T5bY_pYy-lhcSXfi_eggLHajrDRaDJRJZi02WFlha0SPGwE,Yejoo Jeong,4541656343,support,1389,4,9,10,10131,860,4441,20,31,11788,7244,14,0,0,155,7,11,5,0.5185185185185185,0.25
S2-ZCKwny9QbpFL1xmRJMFbgzCnxtnwYLeC6Bj0OZlPG,MUTE ALL SB,4541656343,support,1389,9,7,0,8473,1311,8052,35,12,13515,11258,31,1,0,63,1,18,6,0.25,0.25925925925925924
E6dsh7qBAMcPV4I61GrCkzI57R2pVeyGjvjx5uXMGnIc,nova Ecstasy,4532908723,support,1797,4,5,4,12640,972,6463,51,27,12306,8130,21,0,0,176,2,26,2,0.3076923076923077,0.22727272727272727
KtF1bWzE7hg4w9VSGy2dnjTD2XHyxtQuy4Ns4NkgEUjroSzb3hV2fxSB,yao ming sao,4541286938,support,2187,4,10,14,13832,4490,31169,79,40,27912,9733,42,0,0,202,7,38,5,0.4864864864864865,0.25
XlW_W7HyQQoWRUPZnutW_RT-ZklwsnI2eeeZUbm8NcE,도베르만Pinscher,4541286938,support,2187,10,9,11,18246,5785,25528,84,29,26940,11541,24,8,0,79,3,33,7,0.525,0.24324324324324326
DIJZWJBscVgBNG4Xx6M948YiE8gdwnq3n_z_f0IStacmpYk,마이크로프트,4538458335,support,1731,7,0,30,31552,20530,18949,47,75,25172,12398,33,4,4,526,1,23,4,0.7872340425531915,0
1buRXjgFhQIyLu-v-6j3CsU-5CtTZXP2aKVZ3UW1pwxxQ2OQE3zTPFV-,삥뽕봉구스밥버거,4532284425,support,2098,4,3,18,17893,18766,7858,37,32,10550,9205,12,0,0,64,4,15,3,0.55,0.11538461538461539
FK532mBLynuEnmjxXC2ydLb-eqKbmkJ-XThVQPK3qzMaoH0-9V6N02CY,무진 삼겹살,4532284425,support,2098,5,7,6,20061,971,10106,53,19,23488,10322,68,4,0,280,2,27,1,0.4230769230769231,0.175
9MEvR9isWiBKENnejZUdvXUgwYqypAuOdhIiJHl8TXgU,Kim Joo young,4494491935,support,1920,2,14,15,17205,3252,46593,52,34,42206,8256,46,0,0,202,6,35,4,0.5151515151515151,0.24561403508771928
HDRAqaGykO9wziYZXyy71CA8WpSDLHl2QtJi7tWdPsQu2wY,그 아 아 아 앗,4492887476,support,2071,0,16,11,13176,3746,33412,48,15,49380,8406,66,4,0,159,3,20,10,0.36666666666666664,0.3333333333333333
bkQCedVd7WVJoWUpwBKurFLvkcYzm3t1YrOZBTlNB8x8,진심이뻐,4492887476,support,2071,5,4,24,11964,3196,22875,62,45,23801,10605,46,0,0,124,5,32,4,0.6041666666666666,0.13333333333333333
1zp4MyZRCc8TX5TIzlh_v-_8LjgDt0NE8zJvvzpkjahgkmuaETBa3B8_,DFD KKeria,4495640972,support,2092,6,4,30,17176,9979,11408,78,37,16948,10939,37,0,0,220,7,35,11,0.8,0.10810810810810811
RmNav-u5e-xt32N9xs7HV55B0Eeyh-txeURFTSsSHl7Kp2iDHO6NaQtI,초보라뀨,4540380421,support,2326,4,4,11,25391,2803,6219,73,24,15237,11214,114,4,0,406,2,34,7,0.5172413793103449,0.15384615384615385
N8WT7cSE8PrgwjbGRI4nGAU1nYOS8EPm09vryBwRztXe1T-U07LJ5nBc,나 몽몽이 아니다,4540380421,support,2326,3,3,8,12049,1745,19360,64,19,16731,9696,57,0,0,213,1,32,8,0.4230769230769231,0.10344827586206896
fBsCaGN7wMBQBHpLqNoe03cwhcfiipjK3qK49mVRdRDz,별 수호자 개코,4537225591,support,1898,3,7,11,6835,2940,28261,64,27,22718,8221,27,0,0,140,5,33,3,0.3111111111111111,0.21212121212121213
mVC7XnH9dQKmLWDxO1d9gn8srjopgAEhPIoIYNFYKVqDhGM,모캐신,4537225591,support,1898,5,12,12,25266,2018,9309,41,23,23838,9521,28,0,0,33,0,25,2,0.5151515151515151,0.26666666666666666
EpmEOxMZc4d-bo8QN5FJKnsaQE40ERaISJcEEXRnBQ5dgeM,매화수조절장인,4541653997,support,2379,2,5,1,2621,605,9295,42,11,13903,8189,58,0,0,141,6,15,3,0.11538461538461539,0.1724137931034483
KPfvwbYwZcGwP7yUyx-BGXzqKg05Gow3U9vLHta_U_Y,sobnoi,4541653997,support,2379,0,3,18,7665,15353,31155,53,39,23605,9691,30,0,0,100,3,29,4,0.6206896551724138,0.11538461538461539
UjUmK1Xrzm2B7JcMW3mn03AEIpeg9mA3KmctzVZB6A9f0IQKKHGulyJ1,qjsdurgkwlakfk,4523003865,support,1237,2,1,2,4674,3521,3195,11,29,4691,6197,22,0,0,109,0,5,0,0.16666666666666666,0.125
OMHt2r5LbXV4IG3y7qFImT6J2CUDp4Bb0s0OAkSMF_od_ug,어두운 방,4493570967,support,1476,0,3,11,2947,1646,8423,49,14,9016,6470,38,0,0,117,5,19,9,0.5,0.23076923076923078
LVr3RkTztMycdDUBI4_8V16CXENEFMUVjwlhCdw-tnrzS_XxKMmUudjn,CrispLvMaoMing,4493570967,support,1476,0,5,8,3789,171,14854,42,26,11468,5390,25,0,0,42,4,20,5,0.6153846153846154,0.22727272727272727
vmoM3HkfuNHVGz6xqsSc_bvR-IpwCuiDIT9z-hzIKymuMbk, 개꾸르딱,4451582175,support,1743,5,9,9,14837,3699,12135,45,33,22394,8032,30,0,0,98,4,21,2,0.6666666666666666,0.23076923076923078
75CZKFycZiUzmYUxGFdknxQuk7W_LAR-AjCtqYijzs8v,Akad2,4451582175,support,1743,2,4,21,7505,1008,25286,52,52,14545,8552,38,4,0,263,5,21,3,0.5897435897435898,0.19047619047619047
UBiOSK2V72hGxOXqRHtFiURDDDOdBdLlQz-GBtgAcPK0,Sea Bal Nom,4541186812,support,2172,3,2,17,15532,5401,8194,98,41,14336,10175,59,4,0,224,10,44,12,0.5882352941176471,0.07142857142857142
rdfpAriiWryMtZjSzq8BoLXNghUsjwB9HcAyAPL0qZDHnvEzDbyA8tDg,김이래님,4541186812,support,2172,1,11,15,11205,13319,10933,79,19,20643,7766,34,0,0,48,15,53,7,0.5714285714285714,0.3235294117647059
ErCmGThVokD57AIAnVNg3pXNyJ_HXm3N-OsyRkWRuVZj,아리빵디,4536462927,support,1682,5,8,13,8428,3572,13693,59,26,20283,10318,29,7,0,116,4,25,7,0.4090909090909091,0.2857142857142857
rKL39IM82M2Af7an39kK8qYg9nQ89HA-i5QwhaD8GITV8iLCYFb-vgqM,쿠바나K,4536462927,support,1682,1,11,12,6724,0,7567,19,32,13998,6750,29,0,0,112,0,13,1,0.4642857142857143,0.25
KkVO6ZYwFQMNxfLQ3HiN_t01pkf1GLQJcwM_qTAwceCPY5s,김윤성,4534165936,support,2288,4,10,15,10029,2015,49782,70,54,26575,9770,56,0,0,349,4,39,7,0.5277777777777778,0.2
6iANjr31Squ4TiVezX1cAOs1ju1uHAmnKNkRaX6_7xvkmJO04WYmc7wo,요리왕,4538318541,support,1601,2,7,8,10168,1175,24351,34,25,23339,6772,34,0,0,107,1,10,3,0.4166666666666667,0.19444444444444445
WAtUIOxBiMXLA6-VLoksgyG8YQwN4lxlTQJkJYfLIyyCx2KBCNrxDb_6,옳 옥,4538318541,support,1601,2,9,10,11088,572,5501,28,15,13370,7866,23,11,0,131,1,14,2,0.3333333333333333,0.375
E-Urp_8J-LkJI--t2kYrzi0VIcgqNdJ6bC17vpfBwlnw61M,흑인 농사꾼,4541180901,support,1303,1,7,6,12153,0,7516,28,21,13607,5663,41,0,0,145,4,15,1,0.4666666666666667,0.2
YaFoXyHYGbXlqfvjanUlN-6Ry_ojXRImGUgjMTtnqDH3,회뜰날,4541180901,support,1303,3,0,13,4742,2122,13834,28,27,13571,6780,43,0,0,61,5,10,7,0.47058823529411764,0
780yKl6A9ufOlayd6UGkW_VVHLn89hgveQI480ZoNBBL,부드러운핸들링,4541280077,support,1693,5,7,10,10362,785,29416,27,61,18402,8173,32,0,0,251,4,14,2,0.5769230769230769,0.1794871794871795
6UFXSrJTM6D4AJKLOgGv9iBa4EugwEP10ag2Xzxn-TJQWhk,나리누나사랑해,4526181542,support,1898,3,12,15,11199,2972,12970,57,24,21157,9125,40,0,0,248,1,32,3,0.72,0.3
s7O3FqbLJlNxdI9G7CbzkhvhUVPUcVbmhMn3JdtchdVcn6X1cPqhKOCk,Bong Bong Sk,4526181542,support,1898,2,5,28,9525,13719,7383,35,22,9101,9152,7,0,0,52,4,15,3,0.75,0.2
cJHi6jFuY6F5aiZa5q4vIjPyUi95Sw8mMQJEyf1Xan46,조아젤리,4541274396,support,1677,1,8,14,12149,14489,22487,51,32,28141,7107,40,0,0,180,7,30,4,0.625,0.2
-6VvSU_UtppMZnRvi1JwDxdBQ9QPA50fv73ks51dnsLaNkQ,집사야 죽지마라,4541274396,support,1677,10,5,17,24731,4314,5785,58,7,16025,11839,74,16,8,139,5,21,14,0.675,0.20833333333333334
X9dSSrLm40OqnO_URw1ToMo4OU7pNKfniJfrpw5DxAV-9ak,샤코는박스지,4536693786,support,1693,4,3,8,15889,0,5094,31,24,12025,8609,19,0,0,280,0,15,3,0.375,0.2
bPD5m4OuFtVy9QfJxUOne_Dp-A-FhmGBad8DCXB1pA9Uz5ipfcrys4gu,찌찌곱창,4478623271,support,1752,4,5,23,10882,1720,9333,75,49,13120,9133,12,0,0,72,14,38,6,0.675,0.20833333333333334
Zlfp1GEX6gYFMD4S5h0x-ZAVCpjnUvg6JaHYSNP97bTL1LA,한국예수,4470159944,support,1289,2,4,11,7570,6642,12695,31,39,14398,6243,27,0,0,80,6,14,3,0.4482758620689655,0.21052631578947367
E6sc0tkLvTqYODgHQ8zA86A2h_-W-GoHAWxLViLruG5I,enpb,4541879484,support,1552,3,7,3,9330,79,5058,28,25,13688,5706,4,0,0,157,4,22,0,0.3157894736842105,0.23333333333333334
5anFYpwVdk5AsFFl3X9sd4-Bh8y3N4mcIm-Qlx2So4lxUn4,갓오리갓,4382495875,support,1495,0,7,2,3905,1492,6504,24,26,14635,5889,90,0,0,209,2,5,7,0.18181818181818182,0.25925925925925924
WxJGCVogCSWQH67FufRHdsCeHTpH2KVwcNLL74B6rgk5wGU,두 치,4366245788,support,1241,0,3,9,4600,546,9208,32,20,11608,5610,29,0,0,80,2,15,2,0.34615384615384615,0.1875
P8PchsrYlVAqF7hu7Q_L2y6u6kyDB_4yw14smAXc_LvubSs,영돕니다,4539119440,support,1922,8,5,17,14819,15028,10451,71,25,24710,11046,20,0,0,198,8,26,9,0.5434782608695652,0.17857142857142858
3AUn0NFbFhzKyOn_NX7eTJTltenX3sIYUv75X195K590oCcYB8CO1N9R,hachung,4539119440,support,1922,4,11,8,31453,0,9681,67,41,18703,9223,43,0,0,197,4,39,2,0.42857142857142855,0.2391304347826087
alko2jliSRR6F27ZP6bfcCphu6ue8acIebIg3GMeOwFLcL0VfidyGPmw,이행우,4485379430,support,2047,14,2,18,24238,8496,13397,55,58,21006,14464,40,10,4,97,5,19,9,0.64,0.07142857142857142
uHz0BEm5s8XDkMd-ouV28W2o-uus0Yv7FIlJalg1LXsR,0l즈 장인,4541618607,support,2125,1,8,14,11097,2398,39549,58,41,29881,8932,46,0,0,156,4,29,6,0.46875,0.2
d1FqIB8FusN9RMv1NXLDSf4dbVOe7yza5IseabqfMyWn,백석동차은우,4541813928,support,1897,1,10,26,10858,3556,31507,43,66,25463,8444,30,0,0,196,9,20,4,0.5510204081632653,0.2631578947368421
CUuvjR98fqPh26RWFz8zojH8wQkphfoQYpOUN3znSy7_T10,아낙수나문도다오,4400745556,support,2040,8,5,7,30177,1464,10868,49,58,18981,11930,41,12,0,246,0,27,4,0.7142857142857143,0.14285714285714285
WzxKJPxJju5kSmRPvkXK7btuSJl68PLukpypQVmxBxn36Lo,몬스터고추,4400745556,support,2040,0,3,9,6891,10677,4521,61,35,13340,7936,15,4,0,106,3,21,7,0.2571428571428571,0.14285714285714285
KuDy7Xo5hz6KoqqXfLiHTSlayGJgFiQ0oPbmZte9gXBb,이름없는 support,4540248939,support,1507,3,6,11,11943,1891,7685,57,52,12633,7609,12,2,2,73,4,30,7,0.6363636363636364,0.23076923076923078
UX2wS503Sjgalt0vo7geA5yNWSaJP9OIctxp8M9FhO-W,데 밋,4529701207,support,2413,1,10,18,11260,2035,39083,61,51,30463,9128,37,0,0,220,5,32,2,0.3877551020408163,0.20408163265306123
Ma0MHK8z5KcWXIjXQrJOkRczlRUmRUsWWtkzQlOff-htRe2FbY-QeOkv,워니입니다,4529701207,support,2413,8,5,23,26882,1980,16899,95,51,16886,16445,100,16,0,411,13,32,14,0.6326530612244898,0.1
fByMrQ3fB8Rks7-YlEBXlaP6LYQYn38Fn2r4UEbAUNAybuUPPxRDjEk4,글래머경무,4520782284,support,2111,0,4,11,8523,3642,19322,51,43,24227,7355,31,0,0,114,3,21,3,0.5238095238095238,0.16
rOuQNq-MokDL0yXsdQZhyXj5PPdu-1ZThHdhCmQnjqJI,뿅가게해줄게,4520782284,support,2111,5,6,10,12184,1423,10839,55,29,19020,10120,50,2,0,109,4,17,9,0.6,0.2857142857142857
_JBC23Q_u2s3bhw8glWc7xjvqolqI2ZusjkM-9FAkcNq,귀농 자이라,4511886307,support,1528,1,10,9,5736,348,12285,31,25,18196,6511,29,0,0,110,3,14,4,0.4,0.15384615384615385
tsCtpTHbypeXanJXwavtpMSHWUKMK8zENrD5FnP57JRVShyyyqNiUhGl,yuyuyuyuyuy,4511886307,support,1528,1,30,3,3875,369,9107,6,2,28029,4489,15,0,0,95,18,21,1,0.16,0.46153846153846156
53d9CiVytH68uhS4vl_dwpPxj6oJcLhlQS7lBZjZzeoZETk,R N l3,4459662434,support,2391,2,10,26,15575,6420,48445,111,47,26395,11079,43,0,0,179,2,45,10,0.6511627906976745,0.22727272727272727
kghtCT0f88wqCLo-w7cBSL4kH-TG7K5BYhRwW3KlnPQKRKw,뽀야언니,4528952288,support,1776,1,9,6,8364,481,9363,34,19,15164,6870,22,0,0,189,3,19,3,0.25,0.23684210526315788
L5JJ9D9NqLb-Mk2_TBhAk73Q9dpNsJPjwZlBxGJeMvkpRQ0,pingfan zhi lu,4528952288,support,1776,8,7,12,15179,1985,6146,64,18,14520,10157,77,0,0,40,4,37,9,0.5263157894736842,0.25
DuGuZ8CoLm4QwMSAdwrRHX1UqMN9GZDDJZ-VNUcyXmIDtHVMB-vHkAjX,Akali15,4524507915,support,1397,1,7,8,4638,846,12203,23,32,16584,5201,30,0,0,80,2,11,5,0.5,0.2413793103448276
1ifs3pnQbRNQPdkafAIASNMQCnkFkQAzT-Gii-D-JugqlP0,부활한돌멩이,4524507915,support,1397,3,3,12,7558,979,14957,41,23,11690,7500,48,0,0,52,5,18,8,0.5172413793103449,0.16666666666666666
FVn55mpTbfUicNE3M5151RmnmntQLxGqH441a4mis587ppmNIDyjmTZM,피곤하면 물어요,4541494890,support,2018,0,10,5,4142,554,21723,60,31,20740,6427,34,0,0,100,4,30,6,0.35714285714285715,0.35714285714285715
Ap8hHN6biBotNLwCGuPaq-PcGCaxFmfadllElF3D_bFJ,airshot,4541494890,support,2018,2,1,14,17271,959,3734,52,49,6610,9319,28,0,0,258,6,27,4,0.5714285714285714,0.07142857142857142
Gi5mvnX6ncCwI_j2XSiBURkfsAIsW8rKXL1rBJZWRDsfzRGNV5rrYbRZ,노래주점,4540084861,support,2261,3,10,22,12233,2988,44178,69,41,30384,9773,33,0,0,149,6,34,3,0.6410256410256411,0.3125
O27rJPW5SAGznYVMGAK8yjpaRMYpvou1wTT6k8S7xeB33WEGCOgvOncc,챙이윤,4527265258,support,2163,2,6,21,5560,5160,7087,69,30,17481,9866,21,0,0,264,6,35,4,0.5476190476190477,0.16216216216216217
G0rGS0bB5KKxpd7IFcOavEXU3FgMaxrniMEvYeOKbA6t,MUSEHO,4527265258,support,2163,2,10,17,18080,905,10753,51,34,22643,9607,35,6,0,149,2,22,5,0.5135135135135135,0.23809523809523808
YSRepMekF5RfdwsQK8bJZMCoCxm-pBHGLuurFrdCxp9dhOY,서폿 간다고,4528567234,support,1320,2,0,13,4503,9247,14943,35,31,11748,6886,28,0,0,83,3,16,1,0.5357142857142857,0
dMe11ZqvFPaEf6CxIZU-S_T2GVyvWQgcTSeXtZnVxUxY-e_s-PwRpi3T,수연한,4528567234,support,1320,0,4,2,8141,129,16342,38,29,13694,4444,36,0,0,72,5,15,2,0.18181818181818182,0.14285714285714285
QxpqXYDjNL0TzDKcSticO9UOuLShGOw-AL1P7sKg1scDOD4,뼈맞으면아파요,4541932341,support,2034,6,13,18,34960,11816,24639,46,55,38187,11958,40,6,2,194,5,20,6,0.6,0.38235294117647056
phfmXXogXihW9miGupvRcQK6saFgqT_VfYVjGv0iOZqx,의왕 톨게이트,4541647067,support,1256,2,6,1,2607,1076,2533,1,1,5715,4123,2,0,0,7,1,1,0,0.16666666666666666,0.13333333333333333
gWYrwomECibH5hOUb78tU7v6xU17pWnn5L_X70FYAn8J1bq-OHcKYlUs,바 캉 준,4541484403,support,1437,3,3,17,6367,1108,18202,25,24,15979,6804,26,4,0,80,3,12,4,0.5714285714285714,0.125
Rfe79BbE4kMscdhfMuFJVpDHepXB_F4DfHZA923cHGAr9Bs,이앤디,4541484403,support,1437,0,5,10,3126,699,7782,27,30,10869,5648,34,0,0,193,2,12,5,0.4166666666666667,0.14285714285714285
rRdgPdOoR4uYcqQFQmoQVFAFG0BeRh3_zTlbDJ8328GWNz0,라스트팡씨,4499767910,support,1740,0,3,20,9444,11430,3207,28,25,7072,7622,15,0,0,50,1,11,3,0.625,0.13636363636363635
kLDci_XE4zwLG6I2QaW01ehfOG6_-K3AyAOR9SERp-0,옐링킹,4499767910,support,1740,4,7,5,12713,300,40061,58,22,26113,8396,34,4,0,94,2,27,3,0.4090909090909091,0.21875
u4C2PoeUl2Pl_RHxLz5tAYNCgVYeJNRJu5RibzubRrn4,curetaste,4540248922,support,2073,10,5,14,34307,11987,12599,34,38,32072,12971,26,0,0,244,0,16,1,0.5454545454545454,0.15625
wBugwEYE8kueNCopfy5b4h6fa1OahfWK78mA5uhqujISclw,찡구리,4540248922,support,2073,4,11,10,15454,4347,14298,25,20,31371,9334,54,4,0,163,0,8,5,0.45161290322580644,0.25
B0ttPrlnP9BlHzT5JiYYp7eKB_IxEKsCfT0tzHZvX53yd-MbE7aTi0Ln,대지스리,4532750428,support,1662,0,8,2,1901,518,5599,23,21,16433,4430,4,0,0,79,4,13,1,0.14285714285714285,0.23529411764705882
2UwL79vTAKxpbb850tMWa11ca3EIzzfzJZJuwqA6Kquu,마지읽로꾸거신병,4532750428,support,1662,2,4,16,11533,7843,6645,50,36,14799,8768,27,4,0,180,6,21,3,0.5294117647058824,0.2857142857142857
ajvFx5ouzIjuYfgNOw8QaqKW9QY7NIf0W65E5EwgrpzTzE5debqdutsn,주니어기,4521040474,support,2089,0,7,12,6602,1959,25317,70,29,20145,7702,42,0,0,102,6,30,7,0.4,0.21212121212121213
lIOcnZQgEOx5iDkRRN_yejUOU9SEcIvTGM3uoMdJXVnz,Aka노,4521040474,support,2089,1,7,13,17671,979,5949,80,32,14996,8459,26,0,0,142,10,42,6,0.42424242424242425,0.23333333333333334
s6qcHcTxv4rqH4gBf5NEgDzUvRTcIKTYnv9KE5QSaRnDoJA,한  방  석,4539228831,support,1692,1,11,14,6940,6470,38169,39,35,25399,7153,27,0,0,68,5,19,2,0.5769230769230769,0.21153846153846154
VB2LstyJkyHG9wW5BM3lAw-IX9nuW_mvVD8FCi9lmfucQfo,조선서포터,4539724360,support,1867,3,4,7,6545,274,21591,65,25,14957,7056,27,1,0,115,7,34,3,0.5555555555555556,0.13793103448275862
GsrvTGjO2DLeuiUGEZzxAABSWRtIA1Pyk228ybF2wROFTdE,정치질 하는 원딜,4536159718,support,1494,3,7,11,8826,9821,13093,50,24,22235,7512,44,0,0,117,2,16,5,0.4666666666666667,0.2916666666666667
ftCgDqHM-tqdqYm17CBvjF-4jyNzw5ArAKyUjnexJYkLnrc,케스트럴 이윤성,4530985506,support,1830,0,6,13,6500,928,31689,68,31,17313,7835,28,0,0,70,4,30,4,0.4642857142857143,0.2727272727272727
KV3GHQvhc2q1s1EeLn2hNvJxHoOy6OEi9bhvrbk104BO,리그우승0회,4523491342,support,2365,3,8,10,7206,4181,43525,84,29,27051,9474,35,0,0,56,7,30,11,0.5652173913043478,0.1951219512195122
Lm_a3-saUlDGnarQIk-xAEUKE9qxDyGL8mxDnQB9SfFJ,차가운매실차,4523491342,support,2365,7,6,17,27746,5493,10814,126,107,23483,12473,73,4,0,742,9,44,14,0.6,0.2608695652173913
TrNJJfm06QzYWJ9Dt5MVamvT4tswjt5txvyJbSjLpQos,임은총을잡아라,4532769566,support,2850,5,11,13,11446,5702,62781,82,40,36332,12293,45,0,0,970,2,50,9,0.5,0.275
srC90XKbBOcIjYfsfXkRE5J9aN_kbzFkhpr2SDolG9N6,키크고잘생긴넘,4538964425,support,1579,5,8,23,12113,6596,10349,45,39,18987,9817,36,4,0,148,7,16,5,0.6086956521739131,0.1702127659574468
_K6ihIK6H39Q_W8j0gphMFjWmtVxVIYvuR79OOEj_FND6NrBVZSsha4V,가슴조지는날,4538964425,support,1579,4,8,14,6716,2262,21353,16,35,19062,7859,18,4,0,50,2,8,2,0.391304347826087,0.17391304347826086
0gBaHfmfbV5_UN2K5dVdSvlabRXXzO18fv1EpCzO7t3HKBCBd8ln0YVD,Pizza Love,4541623159,support,1917,2,10,24,11097,4659,12116,52,22,21257,8791,41,0,0,205,3,32,9,0.65,0.25
YsyPaJOdRNccAXbFzIu-uVcqd78W09rsdE9yV4YlFIgTa58,눈베인 베인,4541623159,support,1917,2,14,24,9543,1275,37196,54,42,28586,9614,39,0,0,166,5,23,6,0.65,0.35
n2p407L07Gp5b4E8bfbL-ESVGH7QGQBIFZg8R0KaIeEZ,뭉글뭉글뭉글,4261160341,support,1832,1,5,16,7814,14655,4834,41,15,8073,6975,6,0,0,48,1,23,4,0.6296296296296297,0.16666666666666666
8uk1_T2Xsu36BGFrhSmxKovh-VBZHtAsc-YqxnyYVM2t,MixoLydian b9b13,4261160341,support,1832,2,4,19,12258,2521,12155,70,29,15323,8974,31,4,0,265,4,22,15,0.7,0.14814814814814814
UdNjUbk7jOBZI_eV7BpWvPgllxJTOt1_tPrDH553prZe8oY,saltpaper,4347007244,support,1633,4,6,9,10291,2512,41402,49,45,21531,7184,33,0,0,98,7,27,4,0.7222222222222222,0.1935483870967742
VLumRKNrfGiE0VDoPFaRGG33boHlvRjj69TbMhtb3kqH,마무띵,4347007244,support,1633,2,8,13,7751,1774,9494,46,53,11563,7326,20,0,0,133,3,17,2,0.4838709677419355,0.4444444444444444
LF0i1iR4q3-s_RoC1xHQ1xrkcilDMB8G0h0TAMMR2SynJ_g,불노소득,4496935350,support,1991,6,5,6,20791,511,3268,62,37,13040,9763,55,0,0,316,4,26,4,0.48,0.14705882352941177
zJjwV61_kupjarDghAt6Ip1wUqRUTAVmqDo9Z8aZQ7Dz0V0,나는콜라,4532395685,support,1859,3,6,13,5040,1577,25050,60,24,20553,7893,40,0,0,120,7,21,10,0.6666666666666666,0.17647058823529413
DIlKcd_XyvWBmubFsFjw3WHdc1XW21WryGZDfrOzBetJ,두손병원,4532395685,support,1859,9,3,15,28949,2154,3882,50,61,8464,10781,26,1,1,244,4,21,8,0.7058823529411765,0.125
gscgc_c856C6IshgX7RFkSLDfa0eu2Rmj3BB6f8OWNjz,에욱콰욱,4532209373,support,1256,0,2,1,1285,105,2464,24,6,4233,4172,27,0,0,28,4,14,2,0.2,0.11764705882352941
4-rtsr7jxMH58K4hcRT7JcS22-BmLLEflfcl67EOgRXz,건강한 민초 생활,4537842684,support,1331,1,4,7,4351,348,4877,27,26,7529,5334,24,0,0,153,7,17,4,0.6666666666666666,0.15384615384615385
uF5SGOOzHquBg2bO6KzGO77huvaDHtZyxuCqh5UYLieT,티이모123,4541382654,support,1240,1,3,1,2603,28,9870,20,21,8523,4687,34,0,0,91,5,9,4,0.2,0.1875
oqgExmDMAN9yX30mReJLq_RdkXbUC7jD0jkhNvifVMhJA-o,PNF 중원,4503165952,support,2177,9,8,18,17055,18592,24420,68,41,32933,12085,44,0,0,300,5,38,6,0.6,0.19047619047619047
v_vaorEDjFSxr6cWGqsqnTHuPyPQzPJAwRwexShchAu8bGMdNNCVA-S0,윤규현,4540076144,support,1504,0,7,3,11019,1288,3445,27,6,15454,5640,23,0,0,7,1,22,1,0.3333333333333333,0.21875
3BbPa7lNnr-_9tDKmx4VQUenydQ7PuQjw2itNDlYTpf29wV-z1L7Guld,광휘는 예비군,4540076144,support,1504,1,3,10,13183,822,3847,42,31,9337,7406,18,0,0,179,6,17,2,0.34375,0.3333333333333333
DTixZccxvvT2aXf0mBs1s1aVxZtsZWskEwT4AaJlZW0LHpA,박루빵,4532481161,support,1693,3,14,13,8789,3059,18997,16,45,26168,7559,13,0,0,134,0,9,1,0.5517241379310345,0.25
jNY80Mss8YpbkhvV_Hi041UyXoWRX79kGi1ghulVqoLxiVY,010 7432 0348,4532481161,support,1693,6,3,27,10406,3676,40542,52,72,17555,10026,25,0,0,282,7,28,2,0.5892857142857143,0.10344827586206896
j2pzYp2EtYKQFNArkJT-FQIuxMCl76Y0Qda9AkFTMQ9ubHxDW4v2cXT6,짱미는못말려,4527904535,support,1558,2,2,10,7989,5372,2131,40,13,3232,7156,8,0,0,36,10,21,2,0.6,0.13333333333333333
PjHTUg2kK6n20Y5O67MM9IZXTUXmZ1ww4HfN5uMe8R-eLbs,할로12,4538601302,support,2259,7,6,8,33670,3879,7391,78,35,15818,12112,47,4,0,197,1,36,10,0.5,0.14634146341463414
6qi-Bl1ZUV5Nm0gdcOb75km1XvL1wdEam7P2V_BVgANbcRc,이 또한 지나가요,4538601302,support,2259,4,6,24,10552,18432,17404,82,37,25001,10094,39,0,0,198,13,40,11,0.6829268292682927,0.2
2gJh4EoPOKiJlvaUYwpaET3Irtppsuhcu2-xJg2huSdB,전복색,4540777048,support,1776,1,4,11,4395,253,14807,49,14,14220,7243,38,0,0,60,3,24,5,0.41379310344827586,0.14285714285714285
rG8vYoWjae39wtToCYX-qSiEDTeGz-1zx-iWtec_zGLjcQY,마성의 여왕벌,4506063278,support,2078,1,6,11,5369,9806,8032,50,42,18960,7533,13,0,0,192,4,24,5,0.6666666666666666,0.13953488372093023
ZjcvDDVaHGVxVbXa0DaP1lE1f3idvqdprkHEVzjOwcxt,Dielegend3,4506063278,support,2078,4,2,12,12724,3404,41710,72,60,14859,10197,44,0,0,651,6,37,7,0.37209302325581395,0.1111111111111111
xowo34AxB99WSLqZPN1Qgo1dz2NXPyxi1JNY3o2hm4x2OqwQAgDtkV-R,아무데나갈게,4539155211,support,2102,1,4,12,7891,3215,20693,76,38,21244,8235,48,0,0,63,6,26,9,0.3939393939393939,0.19047619047619047
0271F_23SULc5pFBYLceBHdF-l0m1o-AhlxZ4qZlW-_9,룰루앓이,4378924554,support,1897,1,8,26,11177,17931,8829,43,36,13727,8434,14,0,0,66,9,23,3,0.7105263157894737,0.18181818181818182
pvkz8nKuIAwX-qoat-MImQ1uGHD38vKtsym24WoXylB0Kzc,영이뽀,4379240392,support,1798,1,7,9,7412,0,16125,36,41,16626,6360,35,0,0,102,7,15,6,0.47619047619047616,0.18421052631578946
Qs8HkmZYUl6lwn7Sg7uxRJdwgUvXg60FzxD2tp5ZgEyAssM,take your life,4379240392,support,1798,0,4,25,14018,5035,19615,43,62,15971,7561,27,0,0,300,6,17,3,0.6578947368421053,0.18181818181818182
c6DpYWzTf1ocJ9VlzYptb2ejgiuyobuXIYTTOpHnaACv,운왕jr,4541361853,support,2555,3,12,10,7149,2307,38451,80,42,32811,10593,45,0,0,121,2,30,12,0.2708333333333333,0.26666666666666666
Lftu1vJc9W9ZSAMoa2MOiD1mFHcF1ENCeRElE-5ug6G8vkI,화내지마유,4469902330,support,2217,4,8,13,15420,4390,12664,95,35,18191,9531,29,0,0,211,20,57,11,0.8095238095238095,0.21052631578947367
G0gDzHtDr9QFi3Awca3dhsrb4xY5kBU3X7zZyuMJoJOn94o,곰슬슬기곰,4469902330,support,2217,2,8,25,9235,4896,34178,55,30,24007,9566,33,4,4,104,9,29,7,0.7105263157894737,0.38095238095238093
iQQbkoFkwt_-hFYGQF0ehYDa59bV6UedALvttZ15xOiz,GreenVomit,4505364970,support,2048,3,6,18,12184,2234,8743,92,66,17986,9395,27,4,0,400,5,32,8,0.4772727272727273,0.17647058823529413
FrJIXkUhFvxV504CHc3HFzBUVR0aUACusf_Gdtw50korvo4,사하구집배원,4505364970,support,2048,1,5,12,12247,13819,10453,65,29,20940,8986,41,0,0,125,4,23,8,0.38235294117647056,0.11363636363636363
dhvU_uxsB06_4S_8GCaZP5b4nkmAE2IjUmeauvahMitD82g,쌉 욱,4436418883,support,1709,11,5,12,32407,2465,6430,38,31,16264,11472,38,1,1,150,5,18,5,0.5111111111111111,0.23809523809523808
-pR1aGXbgg092rHUuswO5aYP1rvXVr5L8mfk9zSTKniyLug8VXy3xsXf,코로커다일,4524064904,support,1620,2,5,2,7022,1274,19432,50,24,16277,6928,48,4,0,97,4,21,8,0.21052631578947367,0.18518518518518517
Tnt6LgZta5be75E6sJfhHWxbYGzgdL2anRUgEIlgWbZTdVKO-8EbNuog,Bearblue,4524064904,support,1620,2,2,11,9218,9775,7125,67,17,10836,7247,15,0,0,68,6,30,9,0.48148148148148145,0.10526315789473684
sLpD4rliS2J1qy-DDIKrKM4A7IXdscjCe2p0_WRCmsvp,눈사움달인바드,4536852830,support,1892,4,6,8,6516,525,16595,59,28,17666,8293,39,0,0,75,8,27,9,0.5454545454545454,0.2
oeToPL19wgL7tZBIXQlP1Gg1mRdieBVmBqnd7No95HEt,의미없는서폿,4536852830,support,1892,6,6,12,22833,1988,7472,77,44,15685,9707,24,0,0,358,10,33,10,0.6,0.2727272727272727
D4m-D2B6hWdFhi8Zr_3nheF4bo8ZbjH94v0KX9Tdh1BVCtM,쪼코에멍,4540853936,support,2284,4,5,21,23097,8317,16344,83,32,21420,12685,26,4,0,220,7,32,9,0.7142857142857143,0.14705882352941177
2NYzeuzsv52B-sWCL3tZppFDcr0FEAzfn2UWXN2hhZLr5jN6M_XrLZuz,타가리혠,4522368186,support,2171,1,5,19,10692,19445,13739,106,38,22499,8566,41,0,0,141,7,43,18,0.6896551724137931,0.15625
mqvsf8mdG0RRwUeA2pUle7Wrg80_9x2HXrucBx09cSHK,서폿원딜도구,4522368186,support,2171,5,6,18,11233,4176,33145,76,54,23678,10346,32,0,0,180,13,41,10,0.71875,0.2
IX1XX7wHyXTRFlB3cCqjlbddZoCHO5qTYBqxT-MKG-ruirs,KimJungWoo,4537766289,support,1598,0,5,18,6605,918,13078,53,35,13419,6737,37,0,0,150,5,25,7,0.4090909090909091,0.3333333333333333
rvr0NYv0QekLQ0ITpQL3RYzKbS7qKpIdbGJ30PZ4dVZbbbQ,토끼 여친,4538987157,support,1939,0,9,8,5828,13235,7412,48,49,15393,6430,9,0,0,213,6,27,2,0.47058823529411764,0.2571428571428571
nf0kB4CbqWzGGwotqNHd38VgLyMhHpuHOkC02NzTIXfQzWU,원딜차이납니다,4538987157,support,1939,1,2,20,11261,22523,3744,29,19,6036,8127,7,0,0,53,3,15,1,0.6,0.11764705882352941
bI33s_dvgaGBl3VE_lmdzIbW-PotfCvUVYHBwOKrHqC1YFSWAvEL54Uk,teddybear3110,4541810870,support,2289,1,7,7,9561,2184,33047,77,20,29795,9480,40,0,0,86,6,29,10,0.26666666666666666,0.3181818181818182
yC34SEqPSSS1oo5hHwQUPMP4rG2sROkdjT2z-ZOkMoiUNA4,트위치 송교수,4541810870,support,2289,2,3,11,7966,6201,15451,57,55,20292,8226,35,0,0,347,5,26,7,0.5909090909090909,0.1
A-IA_ieKkR7ZBL-_ghyd_6vU0xKSSkEKw5hhe-N5OKOlu1g,한남동 와드쟁이,4535181916,support,2154,4,6,16,17279,10555,44719,58,70,28651,10232,44,0,0,309,8,17,8,0.45454545454545453,0.2222222222222222
ZlpNZ_eVMhwlXJfhJnZ4OKnqlLjhPKDURnBlEbrzA_iWH38,River Mountain,4535181916,support,2154,3,10,9,13843,383,33938,66,30,30366,8361,37,0,0,113,10,31,8,0.4444444444444444,0.22727272727272727
lO-rDcQ3T-sbvY7_0VEcgH7rKR7P19mUdc77vw9WxVw,ZocBo,4540867158,support,2331,1,9,12,6064,606,12137,37,32,23084,8614,60,0,0,327,8,12,7,0.41935483870967744,0.2571428571428571
h2otdrP4rHqEPY6E-o9UUXAcFoarxIVZkxbg8TH733-y,This is Zhonya,4540405031,support,1656,2,4,5,7480,4471,7632,45,21,11278,6351,26,0,0,129,6,22,3,0.5,0.16
B0vNPr7D8e0lCvUzcLIaOUm6VWittQ8ghLtsLOOy_Mkw6WU,연아님이래,4540405031,support,1656,2,2,6,17325,773,2473,55,27,7605,7572,30,0,0,171,3,23,6,0.32,0.14285714285714285
m1PclcjuBaGtH2G8wOgGvHmsyG4aZJji8oLZEUPX1VufL9WzNOnwt5xW,보영아어딨니,4241988345,support,1639,3,9,4,11298,0,3968,19,25,12412,6529,21,0,0,123,4,9,1,0.35,0.2647058823529412
DUi4MKhuuhaobUYZctKZbcEC79Nk7tHX_2mCj1B5LRI-_9g,가족은잘계십니다,4241988345,support,1639,3,7,12,8994,1573,14715,35,35,15483,7373,31,2,2,135,1,16,2,0.4411764705882353,0.35
LeFf22Ysw63WqELRN66Mpd5tmQbWQDX8EppyaDOG-69YdGA,요정구구,4425885330,support,2024,4,9,8,21858,426,12220,55,63,17958,9034,24,8,0,309,5,24,1,0.42857142857142855,0.225
pqgdquJDraOgj485FcLwAVr3eOWN9bzqBFwIHwAB32b2,102 GON DO IT,4533631330,support,1908,1,7,8,5113,2555,19260,46,30,24381,6899,35,0,0,80,2,23,4,0.5294117647058824,0.20588235294117646
0GwJu2lDoynbOJ18K8RmGjtZV2pugP_nUKGT840Ilg7vF7Q,아침시간이네,4533631330,support,1908,5,7,7,19720,388,4980,71,27,11032,9591,34,5,1,194,3,46,5,0.35294117647058826,0.3888888888888889
AtXKXsh5oxyMEVMc57sIIE37DwYHUYOhztU3VhUDYxW4cX0,떠디니,4513509138,support,1563,1,3,26,9225,10545,5417,53,13,7906,8855,7,0,0,44,11,25,5,0.7105263157894737,0.15789473684210525
2HV33dQk9d2tZYNbfqlQEfCPegIe7dZ8VpXUUXAFiWkojSU,쭌만식,4492356079,support,2088,2,3,27,12594,3316,13597,79,58,14954,10567,44,8,0,116,6,34,7,0.7631578947368421,0.125
YhChrVoLuFK1vdsJZW4AGhi7FHB10hm-sp-y-ilkrNDkn2ELd_bSONoT,챌린져까지,4492356079,support,2088,2,8,5,13456,53,9450,32,15,18468,8353,69,0,0,361,0,18,4,0.2916666666666667,0.21052631578947367
yItNz0ctb88Ctrfq4KK_n2eQlGY7IO_h-Yhos4M9FFf_PQ8,들어오래이,4494109600,support,1403,2,7,1,2979,992,6709,32,19,11460,4989,16,0,0,108,5,15,5,0.375,0.2692307692307692
0UHy8vcuJfUmx5fuL-86P3_y04R3QKfQy-uVM7oLYrVjULo,Summer in Bloom,4494109600,support,1403,5,0,13,10834,384,2005,45,27,3130,8652,61,0,0,236,3,19,4,0.6923076923076923,0
F-dtSICAdvujm9ltDVwLNJon5WRhNbuvH3zjDZ3xinmISTA,향 똥,4532499249,support,2109,0,6,21,7894,31701,10522,91,45,18164,8044,16,0,0,228,4,49,4,0.65625,0.13333333333333333
B6-WyaPO9I8PvXZZS-XHiYb9WHDGq0geKCsHTaPOtzPS,UNLV 2018,4532499249,support,2109,4,8,12,11489,1051,36562,45,59,22115,9589,32,0,0,276,3,19,3,0.35555555555555557,0.25
-IgGAR3J-JR5ob7yNV1b_bUiGjO882X4TcC9nfS9U0wOXu1z0kTh3yCA,와도드구,4536951772,support,2139,3,7,14,28836,2218,11317,71,22,18160,10673,43,0,0,157,7,30,2,0.3269230769230769,0.16666666666666666
PqMo-OK9nRhSPcWXe-9JQXxqbN88K6msM9GKp4wFDlkTOrE,봄숙히,4536951772,support,2139,2,8,21,18195,3795,12375,57,51,21973,9349,34,0,0,74,3,24,8,0.5476190476190477,0.15384615384615385
8I1yZXo_yWGum4bSKQpS6NcxmUM32h0uvCY1A3VpOv2j,파크다엘,4530280636,support,1661,3,10,15,10188,371,28990,39,58,28900,8110,42,0,0,263,3,22,4,0.5294117647058824,0.19607843137254902
0v-dcXVNP7Tsi3jy8O5Hb2nvIrsplvUCEfG3-PUjAixJQOw,tutti,4540387673,support,1654,0,1,9,4599,2980,20024,42,29,14664,6306,30,0,0,55,2,15,7,0.2647058823529412,0.07692307692307693
EfgW9m3-Jc42vouOz83SnG0dp-OPahN42_LDAfb7BUXwvvA,락이S2하은,4540387673,support,1654,0,6,6,2805,12382,4453,23,28,8196,5023,8,0,0,182,3,13,0,0.46153846153846156,0.17647058823529413
DlRePZrOx_Ej_9vMsh-XUlm45iEKVVhECnxb108Xi6fc3Lr24YmXllN_,건축왕브랜든,4541713688,support,2016,2,6,12,5985,24513,10121,76,41,14586,8559,19,0,0,172,4,27,10,0.4117647058823529,0.25
ku7Eqa5nD5P-E_XA-gmGxLpWjhKDhby9yoeza5g5GEep,눕고싶다자고싶다,4541713688,support,2016,1,3,13,8116,9386,10605,70,27,15703,7796,30,0,0,121,8,37,7,0.5833333333333334,0.08823529411764706
QTmbeBdzX_t8FrPs2JXbldJP4e8F3JPcbsxu5mK1DebM,ciroste,4540193268,support,1754,6,6,6,9888,4741,10248,53,38,18857,10495,32,2,0,132,3,23,11,0.46153846153846156,0.18181818181818182
_LvLnsUHPVBT-sDEPuZnU0xrB05kDRUdpx7USdobRq8W9Yk,조순애,4540193268,support,1754,2,5,10,7984,3404,4681,53,21,11273,7580,59,4,0,220,2,20,8,0.36363636363636365,0.19230769230769232
_KUs-HIMXxpGYE6DtD5zGDmgFN9iRtXe2xIxvrBuvG3Z,챌까지 100억km,4539685878,support,2173,4,6,3,28683,514,7527,58,18,17048,9003,47,4,0,26,4,26,4,0.3684210526315789,0.16666666666666666
rIGMMiOnKBI7SkRq0sGhQUZ8mMK61_AvgVIURE1nEwpP,교수님귓방망이,4539685878,support,2173,2,6,16,8710,2208,28866,46,32,23021,8959,31,0,0,131,8,18,2,0.5,0.3157894736842105
CifYMlHMAAY85jUdr7X3HuHMJ3IU7mRkS-JKAFaIjPN1TWkmiCd6noSi,헬로키티빤스,4500404010,support,1592,2,4,10,6601,8160,8984,34,6,15626,6669,14,1,0,27,2,16,5,0.5217391304347826,0.14285714285714285
FmlrATFQZ5bQ-gZ8NrJQsnfJ2nhNdhd6bespmmQzKrDVQ_w,소라카로플레까지,4500404010,support,1592,2,2,14,10394,2230,6748,27,16,8918,7402,22,0,0,214,4,12,4,0.5714285714285714,0.08695652173913043
En5k_oAXvnRQSN4_HliJpG2M1h_W5rdTxjtXedLUaO43HkGPbNx9JAet,이형해,4534492969,support,2108,0,6,14,7196,1993,9946,66,23,13707,8440,33,0,0,144,8,32,7,0.4827586206896552,0.16216216216216217
X6KQpr8pkPUUkdOBBPGFd5VKdgZ3CgD0iY4kgQgGRAnaN0wdsMFdtBnG,xiaofengfeng,4534492969,support,2108,1,7,20,5440,1333,19895,69,34,19290,8939,24,0,0,90,5,38,4,0.5675675675675675,0.2413793103448276
GblP1RdE1LBsIEZG9jBaJSgFpeIU23iJVdFVorJ7B_5A,투명방구,4532725725,support,2067,1,6,12,11614,2753,26059,100,37,24435,9095,37,8,0,186,9,39,11,0.37142857142857144,0.2608695652173913
mVlUbSc7mLK7PqrOFtaamQc6l58P5THUiP3sYunlAtYU,꿀벌 야 꿀벌,4532725725,support,2067,3,9,12,18218,1609,34768,65,33,32865,8653,39,0,0,106,4,26,11,0.6521739130434783,0.2571428571428571
E3N848hNMYG4Rv2Ah8DtSzYtUjf5kvs67EqxXsN4Ca1c,태양열개써니텐,4539009405,support,1745,4,0,7,7600,1185,10892,75,14,8762,7961,51,0,0,48,9,31,14,0.3235294117647059,0
n9bvDgnZW_46-AwycxqE5IzwIa78fcvBh5aqQYC6H_bxUjBoZBe50Ogh,S급소나,4539009405,support,1745,2,5,5,5058,1978,7508,45,3,20139,7445,45,6,0,110,1,30,2,0.3333333333333333,0.14705882352941177
2Nv7U62DOARjeCwprF50yvXYrFmasbkeHdl6pQyYBG0AVpQC7rWPyRHU,접근 전환 킬딸,4470328519,support,1558,2,5,6,8789,1146,8816,27,15,12072,6601,18,0,0,160,5,20,1,0.5333333333333333,0.14705882352941177
_AVf_CapUgvvjJu9dOPHmi722qfV31WsIjNDO6wCckFi,이웃집 빅토로,4433800078,support,1863,1,6,9,7605,8560,8129,38,26,15419,7216,28,0,0,114,4,20,5,0.47619047619047616,0.15384615384615385
Es_Yn8C8lONfnxia9FDvqLQIQoDPm9cawwPdg4Lu-ox9mqfDyEUGKc6W,협 곡 단 골,4454695190,support,1788,5,8,7,10061,6205,36567,73,51,27024,9199,39,5,0,211,2,26,9,0.46153846153846156,0.2
lvqcgyZTvF1R-VirufpYs482zszHkBEwmCLYQGI83Dnk9aw,별살롱,4516611148,support,1253,0,2,9,4189,8605,3915,22,10,4623,5490,6,1,1,25,4,9,0,0.4090909090909091,0.16666666666666666
6n_3n2vwT0wcxrj156kEWBREsLva2BKX33WI2E4A-f7T,호두펀치,4516611148,support,1253,0,4,5,5939,1209,3928,47,51,10187,4248,32,0,0,423,3,10,5,0.45454545454545453,0.18181818181818182
urmCcnlzzstbFlLzRaJtMG7TYL2POGVmk96fHNQ0pgU4,A Monday Go,4538995780,support,2219,5,4,23,15887,8783,19294,83,57,24130,10905,25,0,0,103,2,39,14,0.8235294117647058,0.14285714285714285
ILPjkNMwwbn1_b-nZD7VPD0wgqQzBj6KvkAnc0XXxeI,정글러 어디갔어,4472054469,support,1448,0,9,8,6334,0,20550,32,36,16752,4951,24,0,0,133,3,14,3,0.47058823529411764,0.2903225806451613
c4g_il_oJFyYuNNTt37LsCFH2xBlIV8aWfLCFc_cUMCOd9uVMIuMkgLN,코로로멜론,4541272708,support,1656,2,6,15,8233,12642,6344,38,36,11818,8158,21,0,0,221,2,16,6,0.5862068965517241,0.2727272727272727
vBuS3P60xdYrseA71DHe9yyD0LkNtpEFCpeY0vCaBXbXio1eMcuEVYS7,징징이패시브,4541272708,support,1656,1,3,13,8955,12654,6164,48,15,9848,6572,18,0,0,41,8,29,5,0.6363636363636364,0.10344827586206896
OKuPMlBJW-U9yMgGDqyK3i_dAwBh00uwTk0xGG3gO9lNjc6QQDnjh2hO,원딜로올라가는ID,4541786690,support,2260,3,10,15,20639,8550,15905,75,83,29965,11937,74,13,0,142,1,36,9,0.5454545454545454,0.24390243902439024
syTxpZAaGd7u0N-mxSfRm4_9wwlJpV1f1Vk_xyIocz5W,택시비1만원,4541786690,support,2260,1,10,23,3833,32292,23175,68,33,19910,9873,33,0,0,135,1,23,11,0.5853658536585366,0.29411764705882354
FXMxzgXbGr_fWAaYtLgKQj9mWa94UN6nT8PLF7qhDyjjwv8,다나쩡,4541619723,support,2099,4,7,21,19355,7570,19566,62,101,20889,10482,29,4,0,160,3,29,4,0.5319148936170213,0.1891891891891892
wY12v5F-ULf9mEX_dBm41b-lydBjfPDrcrbbNo3JDR2w8ic,크앙슈,4483377897,support,2348,1,7,13,8372,4359,39716,111,51,28675,9383,42,0,0,97,11,38,21,0.4827586206896552,0.23333333333333334
tLOOPPEKx0TbxuPf5aIJ9gChYBdMzK5kT74lw_dCVtzC,모세모,4531986331,support,1272,1,1,12,4065,1150,9726,21,27,7835,5836,29,0,0,42,2,7,4,0.4482758620689655,0.09090909090909091
YoJuMFrKOkmIFH1upCGsV1vYKu0dHcJR8-1kjWJqmVMooT4,티모왼쪽찌찌,4531986331,support,1272,0,7,2,3192,2898,4768,21,8,11360,4262,11,0,0,24,4,8,3,0.18181818181818182,0.2413793103448276
rtkGGnatuPJ69iWKmpiEEb4bK-6d0McS2Oj4GU7QieOE,남양주FF,4474568967,support,1824,2,9,15,9042,1531,23326,53,40,23982,8326,30,4,0,128,4,26,4,0.6071428571428571,0.28125
KaeE174YLplAXivlh8i9H_Seu_lbr3fJth1mL4r5mK7rjxKlHVScax-z,존잘김범수,4540556100,support,1213,7,2,9,6109,1336,3416,30,19,6575,9163,26,6,0,105,1,11,4,0.5517241379310345,0.25
fmW0MvO9znpiIqUsTvyfBq6ugaletC3C0u1jzgSq8i-T,뜨거운남자의로망,4540556100,support,1213,0,8,1,3434,0,8551,11,27,10373,3489,13,0,0,144,3,6,1,0.125,0.27586206896551724
3MOr2WcBdao5jNuHQFHrzhppgE0Rod7xZDPww9lYGCVj,쏜애플팬,4530376204,support,2197,0,10,20,10673,19538,18493,54,17,24809,8904,27,0,0,30,6,21,9,0.5,0.23255813953488372
Qu4ps4ue6W29TYqNEIwGBfVfXQdPzNE1WRusCrmf6jsd,민 택,4530376204,support,2197,4,8,18,20801,2265,13026,79,26,23608,11549,42,4,4,262,12,38,7,0.5116279069767442,0.2
tAyn2IufqQyvhWMFFPV1bSewsl6B5QubUb3D_eC8bahFMFMy7hL_lzOs,Doyel,4534438491,support,1420,1,7,2,3889,0,18133,35,28,13958,5236,23,0,0,62,2,12,3,0.16666666666666666,0.25
iH3cEeuQhVHorSq-X2MbHntvLtoth5oiBmbhnLLpCCKd,DWG Isaac,4534438491,support,1420,7,2,12,12441,9002,8735,19,37,14912,8992,8,0,0,145,3,8,2,0.6785714285714286,0.10526315789473684
D4m-D2B6hWdFhi8Zr_3nheF4bo8ZbjH94v0KX9Tdh1BVCtM,쪼코에멍,4540853936,support,2284,4,5,21,23097,8317,16344,83,32,21420,12685,26,4,0,220,7,32,9,0.7142857142857143,0.14705882352941177
6I_1dviEpPacV8KrpoKlrkUcN5IlR865muCM9zHGSdSO0672Hp5X5X65,유치원간식절도범,4541904458,support,2451,2,15,10,5850,1797,42449,92,45,29402,9377,37,4,0,178,5,43,10,0.27906976744186046,0.375
TRdQVCYy83C49UmOUB03vBAjFKXQLyG2IIqcD-1mEA-pthM,JungleHardCarry,4541904458,support,2451,3,10,20,5642,2141,33973,85,44,29464,10511,31,0,0,103,17,44,6,0.575,0.23255813953488372
gHs6VuEhNNxk656vPmB_lNLOLrQSOvqMO3epAz30NtU8a74,내사랑햄버거,4539865224,support,1397,3,5,16,4659,12199,16199,24,29,17837,7882,23,0,0,96,3,11,1,0.59375,0.29411764705882354
iOEsEmurlDfb2426pj9wcOzMS5ZHhUT5zS9EtW3mqrcBVRtE4SLZdMTe,김해용,4540655514,support,1673,3,3,19,9662,11349,8553,79,26,13393,8856,8,0,0,111,4,30,8,0.6285714285714286,0.2
j0PvxYW-TevH9MtNcl86yQRvu4UFFd0KAamAXoTiZ6BTLVfuShw0m-9v,서폿백서,4540879997,support,1412,1,1,16,6108,6833,1516,34,12,2428,6955,3,0,0,39,5,15,1,0.4857142857142857,0.05263157894736842
gVK1n62rjrlEo1oOToM5H9lVwg76VKyv_LcNfXEliuVcQeQ,너 모 야,4540879997,support,1412,4,6,5,5743,0,18080,19,23,16604,7230,24,0,0,58,2,9,1,0.5,0.17142857142857143
TeXbM94FQ_wd5lpP3_vCDH4DwQXgzNSaZfECckrA-cVS,바닥쓸기전문,4507186995,support,2044,6,12,4,24588,1476,10133,52,27,21600,10905,91,8,0,167,2,21,5,0.5,0.25
71wksTW1V6ITNHIsfQHs-Ld2ofhjgUHLVLcWUcMI9itStzg,너그거개소리야,4507186995,support,2044,7,3,17,19850,6092,10701,78,69,19946,12048,90,4,0,113,9,34,8,0.5106382978723404,0.15
ScIcZVx6NpiGDOOw7FEklNKAAVvw7EKjhX51nB-ffh_oYSo,사와딥,4510354017,support,1451,3,8,4,4746,1171,12477,29,17,18449,6467,29,0,0,82,3,13,3,0.35,0.21052631578947367
dtpZegaBd8KF-TzjsqbrGZI-mlPTtYasZPa7UdDKsgBz,codeplants,4510354017,support,1451,6,4,10,14669,1012,3855,31,20,9754,8479,29,0,0,120,2,10,7,0.42105263157894735,0.2
49215WN-IqKb2yBFgh-SHQ9w3ZMZYa_wyQQi3SLhf4nXVzzXHR_mr4k0,Wo feichang Xiao,4286397787,support,2051,2,8,18,10789,8893,25359,48,25,29549,8559,44,0,0,361,7,24,7,0.46511627906976744,0.17777777777777778
fbjr5iYxug3rr-4B3ErKpTRqMAbQe8cCVxvVxGuLAqlb,기무고니,4286397787,support,2051,10,9,22,44697,1248,7352,74,34,18817,12744,24,16,0,154,7,34,6,0.7111111111111111,0.20930232558139536
8XPsaHsaxvnRJPwG0L0tvmga7mmK8yg7tCSXIegGizMK,유유히11,4279787020,support,1583,1,8,7,7695,52,24675,50,45,14171,5753,41,0,0,324,3,24,4,0.42105263157894735,0.25
RKIZj4KHb6hEf3O4WkzPu4qgvDb6RPXmDk4hmfNra2Ke,Nami yummy,4279787020,support,1583,3,3,16,5126,7493,5197,49,15,7866,8427,7,0,0,86,4,20,7,0.59375,0.15789473684210525
akKu6b2CQaTRpPnJ0jwoRgv8RCuOOWdf-r5rR2gMqvd2VZw,종커TV,4526230791,support,1883,2,3,13,11156,599,22346,55,41,14418,9110,33,4,0,147,5,23,5,0.3409090909090909,0.13043478260869565
EFAqZjAqiuvTzF0fszwPPLG9LT5F5sPE9KLIMEj6PB2B,y alwayz me,4541874960,support,1809,5,8,19,18243,13143,14107,38,45,23553,10675,18,5,0,184,0,14,4,0.7272727272727273,0.23529411764705882
iov0EPiTlbfVk1_lDsNj3BEtPoJid3id1ya8g57WlkTHLnCpyJ3ZIaoG,right mind,4537769899,support,1469,1,3,6,2588,406,6846,41,11,8065,5527,34,0,0,36,5,18,5,0.21875,0.25
msG7ccIjXbMR2a2gx-_ySbQHWNe2UO4xutO8_TNUXCUq7uo,김치국,4537769899,support,1469,0,3,4,6317,1989,7934,41,29,10314,5353,29,0,0,241,7,24,4,0.3333333333333333,0.09090909090909091
17fj65TWE1peRQ-MguCpx9OgCSY-U3ATjf6UYzrxHbnGS7I,뚝섬은주먹,4315441647,support,2099,5,5,8,26635,1896,4753,77,29,15698,9987,35,4,0,230,7,36,10,0.43333333333333335,0.2
aNqmxb_ld8S68Rz1xcjnvLgliDKSThyddpOZn6NNOPdK,딜1도 안들어감,4535455801,support,1973,12,8,5,17821,6388,16377,65,28,23582,14854,63,16,4,134,0,27,9,0.3953488372093023,0.2222222222222222
APxOOL8D63vcc2QJXxYVWHpr15kQErl4g3kLHCd77WLG25g,길동어린이,4541822403,support,1836,0,10,8,4230,932,25362,60,24,22211,5969,21,0,0,95,4,29,3,0.3076923076923077,0.2631578947368421
O8tCV_Z2ct1vU81okS-fBRJYqrH5hTdj95QOA-Uzm0JrAXI,박근혜탄핵1,4539658045,support,1689,0,7,7,4184,776,13294,35,28,17578,5868,32,0,0,88,2,18,5,0.4666666666666667,0.2692307692307692
abNu1n9B-jn5842_AyytifCuMNjYabUO8zK55Z8jjU5P,달려라용선,4514741241,support,2372,2,8,31,22648,7548,22653,165,35,29334,13309,95,8,0,324,3,82,31,0.6111111111111112,0.20512820512820512
sOTy21rUPH6FExvGGLJlRMQ4pGi6qjknnwF0qH9bZfm2nLk,유 은,4514741241,support,2372,1,13,20,11279,20987,17115,72,20,27902,9590,23,0,0,98,9,42,11,0.5384615384615384,0.24074074074074073
muCj0fItRRHT5L94ZV_roQE6u1m-0bTSeus05Lv4SnX7,갓길의베인교실,4510659740,support,2047,0,3,7,3566,94,10735,26,16,9015,6786,24,0,0,31,3,13,5,0.25,0.10714285714285714
4ZrUVsNHR5jHoeN564z5I7ELWE1dn3e1rZ4FboRRYF-5toWIM6JooNRw,꾼밤갓,4510659740,support,2047,0,6,18,3551,28970,13381,105,25,16686,8091,31,0,0,181,7,56,6,0.6428571428571429,0.21428571428571427
qKA9VCMUENBu-eUMEDFkmEDTjt7I5KkqjxL4wp9TUX9t,어떡게그럴쑤있어,4503326247,support,2052,7,4,8,23740,6593,10184,64,38,21744,11473,59,6,2,165,3,25,6,0.3333333333333333,0.10810810810810811
qe0Jeb0I-5GjfaIPgvldoewXJF9dVf1l7pB1MAAXP__Fco8,탈시숲,4503326247,support,2052,6,10,15,16594,4199,12244,84,29,27105,11252,44,10,0,44,9,39,12,0.5675675675675675,0.21739130434782608
VIWkwIPb9szrgy39vIvAkL6xQjzlNDUNisJ3_khEIfw6,판타스틱베이뷔,4534877046,support,1872,4,5,8,14311,1702,5053,59,21,13162,7999,18,0,0,59,5,27,4,0.48,0.17857142857142858
8HR8EDIHuxhM9dhRfXqaQ4Iq9YoeP1szWF2ajk8UTjHW8gc,초록색파마,4534877046,support,1872,3,9,8,16083,887,6819,58,37,14431,10131,74,0,0,251,6,17,14,0.39285714285714285,0.34615384615384615
-9xoKEcQ52amxWpLrSGkkOGS0NGH4JU0j7J0KailVLpE,휴지끈이짧아요,4540422093,support,1680,3,9,7,7171,615,8265,22,31,16902,7397,32,0,0,234,5,12,2,0.38461538461538464,0.23076923076923078
0VsCK2c9yCHTe9L5lw8zkFtXYKY62OF3QM1XrHxaJGcM,스텔라메우스,4252746946,support,1728,3,4,7,8917,4278,8220,62,25,13570,8099,33,0,0,141,6,30,4,0.37037037037037035,0.23529411764705882
Gav5Coq7v5D33qAuYe5eofQOQIokEGcOqGWKtODpGsinoHI,로그아웃을안하니,4252746946,support,1728,5,2,10,7122,15139,5169,34,10,6401,7674,7,0,0,43,9,21,1,0.8823529411764706,0.07407407407407407
JX0EyLhwEnvbudnsAqsyhPyfKaZ5iH_e6W0q_fHolMDF,대퐁라,4541793450,support,2336,1,6,17,7704,6675,14964,83,24,19299,9955,51,4,0,291,9,40,11,0.46153846153846156,0.16216216216216217
jqiAMdCn8s-MJkjX1wtf6JFIFcF0FrRPqHVc3hqHJQQrcXU,s히페리온s,4420152817,support,1983,4,11,12,12695,1201,36450,55,29,27939,9049,32,4,0,270,5,20,7,0.43243243243243246,0.25
rf7QyiPOk2_9yw-xIL8q7LXXXQ9E3IRGXuk80xPXTjKbFyQ,찰리쥰,4420152817,support,1983,0,8,12,6620,12742,11414,42,16,17717,8088,26,0,0,128,7,15,11,0.2727272727272727,0.21621621621621623
X2Z-VmSMKZFfg8l45tBOa7HdY5QBqUZV_cu_-llwbdhC-GEAxqsGBouC,djawndud86,4518440078,support,2059,0,6,17,7448,1322,31639,69,47,17402,8324,30,0,0,146,8,39,3,0.4857142857142857,0.2222222222222222
sKxZtbteXXnXymom5CGkWVRtIpkfLmJYyeAslBRRBwg5,너보단 잘구를걸,4541541248,support,2258,3,9,9,17617,5905,11594,74,19,29524,10111,46,2,2,24,2,28,9,0.3157894736842105,0.2571428571428571
n-6HFEMM7DZQYKXL7ZNWyLjyMRXm1w2MlgIDE2zYnAez,석준2,4541541248,support,2258,6,8,19,14479,2157,47419,82,83,22836,10617,44,0,0,391,15,41,10,0.7142857142857143,0.21052631578947367
Ko26jtA1DpVbOOxQedlK2abQoRsnFUqU-gW4kkBRjs5kRiA,김미영다시마,4517131575,support,1610,4,7,14,5603,998,11119,43,21,16538,8418,10,2,0,136,5,21,4,0.4864864864864865,0.22580645161290322
BMR-CVzuIBjp_V_535sN2g5VbOWoUG-RJ9wZQ1jzSEiiHdWyFwNcXy_B,SSEN,4537439219,support,1790,4,4,20,11227,3928,9138,69,55,13323,8970,30,0,0,88,11,33,7,0.6,0.23529411764705882
nRe8AkV7u-lrkwTJheInWBa6dAmVnEhDYjhSUOBaEbbBgXFyaxjKU8OO,Picket,4541589150,support,1806,5,6,14,14948,12189,21084,49,31,29116,9200,27,0,0,141,6,24,4,0.3958333333333333,0.35294117647058826
h4ziSVeiuaeVGy21W0KXxRyNXNkEXmiGduvxEt6AiMP3,데스나이츠,4541589150,support,1806,3,8,9,12338,9311,13976,37,14,16316,7217,7,0,0,33,2,17,1,0.7058823529411765,0.16326530612244897
7fzyQ8-iFVJdJk3z7JAcPgbbriCS_1LrsnQmNbXucFSmD4s,오늘은와인나,4428099261,support,1393,3,1,4,3905,8890,1370,20,8,2531,5583,1,0,0,25,2,9,0,0.6363636363636364,0.041666666666666664
sV7yUzhqkaTA7nV9Ywb-uTN-dxjUMvh_LLhmAFzpnYcYHgUA0AWwlUoL,노고통,4540195231,support,1871,1,7,4,7572,973,12133,71,22,15185,6141,39,0,0,178,3,31,7,0.4166666666666667,0.19444444444444445
JWCWGoRna9FnBzQSNj5Bg7eSe44rckRIdLOfHsh_UfWl5tY,와아앙얌얌쩝쩝띠,4540195231,support,1871,0,3,18,9310,5936,6988,63,34,14678,8561,19,0,0,43,5,28,8,0.5,0.25
5Zaq5O35V4cdeC-YBBQORjAWZAVKSNzaACE9POJX4T1bvdg,St Mary,4526293185,support,1295,5,1,7,10313,1466,4650,42,19,6793,7201,9,4,0,146,5,16,5,0.48,0.1
3KhG4MMCU5045ASkzQNlD-wfqf4kZVILqm-XSZMoQiSyqu8,밍1004,4526293185,support,1295,1,5,3,5854,5966,6153,13,18,11196,4856,11,0,0,67,4,9,3,0.4444444444444444,0.2
MgrAROhlBP4HdXQSITvkkbABBEOHRRbIN-mpw-v0eW26ZTqb2kKzRT4d,어머나이샤,4541970185,support,1315,0,5,7,3365,500,8258,31,34,10938,5327,31,4,0,179,6,17,3,0.7777777777777778,0.15151515151515152
_3Kwflznl4W-o5Po5XpZiURj9fgsHpZxDVIqn8dDPjld,별거없더라구요,4541970185,support,1315,2,1,14,7150,11111,2291,25,16,3163,6876,9,4,4,35,3,13,0,0.48484848484848486,0.1111111111111111
rqhQ1C51AnUahG5TUZOJBQ7RoZdwyYumOb8QTldxMjhA,견 놈,4527723939,support,2021,4,11,6,17461,1416,7404,19,19,19645,9485,82,2,0,103,0,7,3,0.5,0.28205128205128205
1Nw4iDORMo7LRiOBBuIlTxLDAMTCD1O1KOz8VNVFa4Ul,북득사,4527723939,support,2021,11,6,7,23465,1897,6559,50,22,18271,12121,44,28,0,38,4,17,3,0.46153846153846156,0.3
Jt4PSvagc6Kjz8i8Hcf5ndXqOwlt80Jj3lH6ct-Hl2O7,콩떡파워,4540917250,support,1741,3,13,18,4929,1578,17838,49,35,26001,8773,36,0,0,175,4,16,9,0.7241379310344828,0.3023255813953488
AvL3_tMP81ZxHi4wfS3THdFRlmVRWYOajFNo2A7vbVQT1DA,지옥아트,4508129636,support,1628,1,5,29,13205,12068,14600,52,39,17744,9360,49,0,0,269,5,25,6,0.5555555555555556,0.22727272727272727
s8laXKQCr2nx6r66E0q1WpLFvuv_vj8oBWPsgBUGLEdw9Mw,빨  슈,4540131406,support,1799,1,3,17,5254,494,4506,61,51,8169,7402,23,0,0,313,6,27,10,0.6923076923076923,0.14285714285714285
9GzQ_JTl9Zs2m66QroofR_K0LNV4Of-MV7sIEDGdtFHgx3ZO604Kh-eV,처음처럼즐겜유저,4391207272,support,1435,0,12,0,2721,335,5058,10,5,14496,3607,20,0,0,91,0,6,1,0,0.35294117647058826
RhTSxnnVYxnbOKBaIqfCfeE_Fw8nzvXWOaM68Xwa7cdp,만나면뒤진다,4390440354,support,1741,7,8,8,15650,5335,17857,27,14,26895,9735,63,0,0,63,0,14,1,0.6,0.2
5VpKpchrukXJKCx8Im-dIr_3mrDCoqPjxiy5ojfigt4k,도맹쿠리,4390440354,support,1741,3,6,18,10681,3232,19208,53,43,18971,8443,23,0,0,96,4,21,0,0.525,0.24
LU2hUItOq7Zs0fEvQKInAzGp_HVJtu4hH2eeexsAV2y_pBQ,급식부관참시,4505329421,support,1224,2,2,11,3549,4615,12151,28,23,10431,6076,25,0,0,42,3,13,2,0.4642857142857143,0.18181818181818182
B5KArPp5XFnf_q8Tok9LeikMgboymze2b-FyuUT_HJOWqmGENu1iEmW7,Elliana,4505329421,support,1224,4,6,1,7020,625,4854,24,16,10429,5436,25,0,0,48,3,13,3,0.45454545454545453,0.21428571428571427
t-M4vdY01HmPHYTIcbcxyoVUeTiuEVEz1MAuMhLIhXovOm4,lNU 047,4419871728,support,2211,0,12,16,10959,1182,25280,54,21,28704,8978,22,0,0,89,3,25,4,0.5161290322580645,0.24489795918367346
7ugPpqB15xL2eVcDTmO5IRQQE8OB95C0l3kCdc1wI_HkEhU,륨무룩,4419871728,support,2211,6,3,29,9164,22725,13928,70,11,16638,12359,14,0,0,86,5,39,2,0.7142857142857143,0.0967741935483871
ri1zsmZdW1Ijd0j-nSWMHkVmMfikJ8whzJXfYPsSRDdO,은 시,4541869752,support,1583,0,2,4,3374,12522,3192,14,12,4694,4852,5,0,0,25,3,10,2,0.5,0.08333333333333333
0Q9_n9vLCz2-zpy4rRL9OLoNptpp0Z6T9mVyTZpQZ8JLHqY,밥잘먹는애쁜누나,4497303506,support,2174,5,6,16,8593,11159,6026,42,23,8843,8932,3,0,0,39,7,18,3,0.7,0.15384615384615385
QSMT1RCs23CArInk8AvlRT7W3qKK8KPG5IgF98VSICwZ,가파른상승세,4497303506,support,2174,2,7,8,7152,3183,10199,56,16,17960,9820,63,8,0,36,2,24,9,0.2564102564102564,0.23333333333333334
