account_id,summoner_name,match_id,position,playtime,kills,deaths,assists,totalDamageDealtToChampions,totalHeal,damageSelfMitigated,visionScore,timeCCingOthers,totalDamageTaken,goldEarned,totalMinionsKilled,neutralMinionsKilled,neutralMinionsKilledEnemyJungle,totalTimeCrowdControlDealt,visionWardsBoughtInGame,wardsPlaced,wardsKilled,killsRatio,deathsRatio
85ijSCxIVAq-ONjWEoBBYSZvXmRX5QjMHHHqprQXon1n7KI,tldi0312,4521410205,carry,1478,5,3,8,15075,193,3728,25,2,12419,9922,176,4,0,20,2,10,3,0.52,0.21428571428571427
iGCFsYW3nke9Lb-YwApV137FIvaHR3P_F9lBnLXWQQcK_Zo,연구진,4521410205,carry,1478,6,7,5,12072,3127,7614,11,3,16551,8959,122,12,0,34,0,5,2,0.8461538461538461,0.28
X9bLrXO0lG2Vx3Y314R3ahmkIiUUeQbWUlCpCWz2z7tbY-o,아기윤익,4541852695,carry,2340,14,7,8,34743,5940,12688,40,22,21124,18043,231,32,0,121,4,16,4,0.4583333333333333,0.1891891891891892
D0mFrT-FMQGGcKKUpmuwtW4sxMpoGDWJYC4cy8KVUcxX,감염실험체,4541852695,carry,2340,14,10,5,22984,4140,18633,24,33,28951,17446,232,12,4,381,1,11,4,0.5135135135135135,0.20833333333333334
U5Q53P1SnJjh8OCfek9bS6COSyFha4GwJRC1XD8j4HiN,뻘거킴,4431170068,carry,1657,6,4,4,20699,4914,9342,25,2,18925,11474,235,17,0,22,3,10,7,0.5263157894736842,0.1111111111111111
iRt5GLGtR1VdZFOZSTwJzdbZ4_Hs6lm9fxKBJQHi-umR,ADL Shooter,4533974386,carry,1484,2,8,3,11890,849,6832,9,2,13826,8182,150,0,0,120,0,7,1,0.21739130434782608,0.2222222222222222
YIVM56OroXwhDcyqX8LpLXP3unKn7BV0lQtUEAxfiqQ,행운세탁소,4486677014,carry,1238,16,2,4,19542,1856,6522,22,7,11438,12258,151,9,9,184,2,8,5,0.5882352941176471,0.25
MNCKQXDKbs0DFgevCXR1Ry26OCKGdNBQ9tDWbsJyGxAk,DWG Fox,4541656343,carry,1389,6,6,8,13326,2196,6315,10,23,15584,8788,130,7,0,121,1,6,1,0.5185185185185185,0.16666666666666666
cFHGl7EJ27wmx_-WYmMtXg2xMcGVMHbgYu6Egv7hTc8S,짜 노 구,4541656343,carry,1389,10,5,12,21535,2509,7492,8,36,18465,13967,172,20,12,779,1,2,1,0.6111111111111112,0.18518518518518517
eHXlyM2Sal3ggpGdO3bKPcwPYNMKLaZP2O_t4UkS5Sk,CJ제일제당097950,4532908723,carry,1797,2,2,7,11441,2462,6124,43,36,14763,11593,182,18,2,649,4,13,2,0.34615384615384615,0.09090909090909091
Jxwzz1ldqq52gRXXHQ08aN9tYuduB0so27nhJOVr7BlHAOY,암흑의 별 김조원,4541286938,carry,2187,13,5,11,31431,5081,12584,17,23,26498,17088,188,29,9,139,0,7,3,0.6486486486486487,0.125
tC93OZK10-SgcWZ-cBME7WK-sMELnBYMSwVKFBeFo7KOGms,맞으면 앙 기모띠,4541286938,carry,2187,7,6,13,30004,2689,8684,34,15,21999,13840,197,24,8,165,3,15,6,0.5,0.16216216216216217
6Bp-XGCn8hLQTzvLM3BOsVHDIOmnxqJ5Yvbl8TndzXx5KFw-7p_TfVym,미드갭 딱대,4538458335,carry,1731,14,9,9,34624,1535,15763,26,7,22111,14183,195,8,0,76,2,7,3,0.48936170212765956,0.375
XCUW3jAci7f7tN51Mr_koLyOIkfqKfBLci6NC-W0jRDg6ErJgWc0jUw7,인천효성고,4532284425,carry,2098,5,8,12,15533,2844,10081,31,10,24815,12540,171,14,0,163,2,12,7,0.425,0.3076923076923077
UYzV6GVdp3-YYRJMzPqSz7oQZYF6l-74GOzxZGhU4jp4Dug,진 원챔각,4532284425,carry,2098,5,6,11,23737,3570,8342,44,45,19353,13287,203,22,0,778,6,18,7,0.6153846153846154,0.15
UyQys838diFZzeOxS7e6uXJPSaXYpm09y__aQEhs0W5d,스치면어시스트,4494491935,carry,1920,10,14,11,24891,3202,11654,19,27,26557,13758,167,28,0,101,1,10,4,0.6363636363636364,0.24561403508771928
3ZP3UhUHybBjD18YFOTMQbcTz0WyZVYUgvGC-yz0Q21x,베인 금지,4492887476,carry,2071,7,6,7,29505,2833,5568,40,23,21242,13829,228,8,0,258,1,11,0,0.4666666666666667,0.125
W2-QpEAxmtxUJ_G41eyaoy_5nUcj_PBDoDVvQTq1LV2N,진짜사나일까,4492887476,carry,2071,10,9,6,22926,2360,13046,18,3,22481,13105,160,24,0,17,0,10,2,0.3333333333333333,0.3
AdAcXX0_wh_FZu2M23UeXaORGHWffaqMuD6b6lJ0JMrU,차가운밀크티,4495640972,carry,2092,6,11,19,22536,3466,14803,30,46,25550,13110,168,19,0,416,4,16,1,0.5555555555555556,0.2972972972972973
m3jMo_fex7IPlxZYYI7r5e92CZi_1eIuQVBZJIl1VfMs,킬딸하면바로던짐,4540380421,carry,2326,2,5,6,12812,3756,11796,20,3,22675,11638,213,15,0,88,0,11,1,0.27586206896551724,0.19230769230769232
y9Z6LRlxHeR_fKUehVHaU8SqJgnTbXgJGVA1V6UHWkmATkw,즐거우세요,4540380421,carry,2326,2,4,6,17741,2631,8063,45,28,21203,13655,246,32,0,840,3,15,1,0.3076923076923077,0.13793103448275862
k3HG22w1O5tJ6CV1g_1uNtTiUf8kZaQqxqiZ5htsgvFW,쭈닐쭈닐,4537225591,carry,1898,7,6,16,27095,2925,11355,12,16,21938,14100,190,34,0,109,0,6,1,0.5111111111111111,0.18181818181818182
rD5ES37-qppXH3PyAyZvg8X6bD8YVKxUVpZz7TfvO0sALZz1O5tC6-N-,하난보냈고,4537225591,carry,1898,16,9,10,30257,5471,18521,18,0,26765,17495,205,20,0,12,0,6,2,0.7878787878787878,0.2
zaIZnJIZdYfURhCD8_Ht9K5kZTHIXlt_P6WWddRaS8xRohg,SyndraRank,4541653997,carry,2379,0,5,6,9174,4095,12776,31,24,22933,13361,295,19,0,908,0,10,8,0.23076923076923078,0.1724137931034483
ibbrE0vdXn-DZ6js_riH9FYx7XM1ZDvQH0iDGkJopdA,대량생산이,4541653997,carry,2379,6,3,11,22341,4987,12135,24,13,18527,17394,293,47,4,78,5,14,1,0.5862068965517241,0.11538461538461539
sSmd282WbKHmIXDuH6V2RB0Sz927p1A_QkU5RcPb1LHUo6A,하프곰,4523003865,carry,1237,3,1,2,8648,600,1902,9,0,4561,8902,151,4,0,0,3,3,1,0.20833333333333334,0.125
h3KCa7nP3pUXIGrjpOL7ilIPMY9ksCO2WQjwlNRuZe56Nx-Pp_c9EP-T,군인의카이팅,4493570967,carry,1476,12,3,4,30601,3861,9886,11,6,16971,14500,196,28,9,135,0,7,2,0.7272727272727273,0.23076923076923078
vITrZDU2rXEg8WzFtHbbLJyZDm_0QPKfG_mekgiuV7RTagMji918PHDX,XaoQAQJD,4493570967,carry,1476,4,3,7,9692,3441,8206,14,0,13973,9604,194,9,0,24,1,9,4,0.8461538461538461,0.13636363636363635
8MnsxwqjcYWW1Q4QBGTTth7jcV9CGqdFlBaThUjeJsB5,EXID혜린이졸귀탱,4451582175,carry,1743,2,11,9,14294,1550,10325,16,30,21284,9906,173,8,0,260,0,8,3,0.5238095238095238,0.28205128205128205
jd9E4JKpK5AnjCsb6okdUhYssv7R_dfnJY9L9uJA13lV,블로웁,4451582175,carry,1743,13,3,11,28396,1089,10911,6,11,13186,16112,215,40,8,131,0,2,2,0.6153846153846154,0.14285714285714285
Pyq30B7Xdflgi1D_XaLOWeTy34roHs8Gfon1GoEI-19Poqg,Violet Thrash,4541186812,carry,2172,4,6,14,37473,3101,11632,42,20,24917,15061,258,42,12,212,1,13,15,0.5294117647058824,0.21428571428571427
gvVljJS9DjHxGsNDcRcQGBBa0x9veEpE8Pd6XACqtDV0,꼴리꽐라꿀리꼼,4541186812,carry,2172,7,5,9,28166,3549,19938,41,10,18584,13458,207,24,0,411,3,14,8,0.5714285714285714,0.14705882352941177
RcYzaNlgjgrpyf9iUA9hVtLsCcVPufxfHLgTU1L4W3DktC4,팔근아 물어,4536462927,carry,1682,11,5,12,30337,6511,10490,13,10,20782,15666,196,20,4,101,0,9,2,0.5227272727272727,0.17857142857142858
Rr_mCH0NNzhFsIZMM5CCzpCCIL7iki8y_u1ULJBQFWwXxDmuBrynjRtA,달을 닮은 너,4536462927,carry,1682,8,9,11,29556,5916,19743,16,5,25914,13361,199,16,0,248,1,10,3,0.6785714285714286,0.20454545454545456
IJpBEP-DUt-P4AntIUHhZZZtjwpsk8WlFzIfPpcYYUmlDykiadOOTRwb,EveryDa2,4534165936,carry,2288,6,11,11,21115,3628,20834,26,26,26878,14371,237,8,0,212,1,12,8,0.4722222222222222,0.22
B-I4VxFh2TUFJBhynLKsRHGgXvputdR66HOlXSykrEaa9Yk,BIG TROUBLE,4538318541,carry,1601,11,6,4,13585,2471,6989,24,12,16231,13824,180,12,0,54,1,10,3,0.625,0.16666666666666666
LyFnzxBiOVST8aRgdIpFuKo8UCqFPROUzD4MOGLED7t_,완딜갑네다,4538318541,carry,1601,9,5,8,20815,2043,7851,19,7,12866,11863,160,12,4,154,2,10,2,0.4722222222222222,0.20833333333333334
PK75tm5K5VEPq7ZJwqa-Qzw7WWo1ZZp97I-r3-GYJ3aYaJ0,작은슴가,4541180901,carry,1303,1,8,4,9229,1047,4696,11,31,13772,6997,129,4,0,442,2,5,1,0.3333333333333333,0.22857142857142856
p4xgR_e9MtAF0KkL1CbwjORkNz__eHe5dUeJ0MP2Ses_iXCZAS9EG9rd,오래오래행복하길,4541180901,carry,1303,4,4,6,9670,1731,5782,9,3,12628,7720,129,4,0,25,0,4,2,0.29411764705882354,0.26666666666666666
ieFBDzYjSjk9QQnW3N2ig8DgkDcGTtmHOQs5OEEuPA9G,태양인력,4541280077,carry,1693,6,11,10,17086,2986,7813,26,51,21077,9945,156,8,0,688,6,12,4,0.6153846153846154,0.28205128205128205
x5S6j3L2-3aL3sfvuDybUtjUNMfy4lXinmdIfaoOMiCduVY,안녕나지영이,4526181542,carry,1898,2,9,12,25886,2539,11173,16,10,20943,10871,149,21,0,268,0,10,1,0.56,0.225
5Ik2Wn4T_o_M2on0gTSESW5wm8zpNvV1KHQ95i9zhCU4Tb5gBzB3XxDx,GGGGGGGZ,4526181542,carry,1898,12,9,8,26961,3616,12570,24,12,27163,13857,173,8,0,48,0,10,2,0.5,0.36
2Iqzq1SK-cFHHG4P3Q3Vj-Zn0YlE4U5NHD0ygFEmat6Qf0I,YukiJudai1,4541274396,carry,1677,13,7,3,22429,673,11604,35,23,16880,14455,205,4,0,251,3,11,11,0.6666666666666666,0.175
S2IDi9Sy-MjaUIIoqb7C5lJn6IidUE_Z8xfkXfWk7gin,화려한 하모예1,4541274396,carry,1677,5,5,13,12329,2574,6760,19,36,16336,11378,157,18,6,756,1,8,2,0.45,0.20833333333333334
e5DCSN4v3JttC8IBPl9-SjW0qF6amsyP6KGBliRXswPH,FKys,4536693786,carry,1693,11,1,4,28326,2436,6385,21,5,14411,14954,236,8,0,134,1,5,3,0.46875,0.06666666666666667
nYCad6Zwf5d1Wn7eqTnPY2v0ahxhtXK7PSAmPDRKwMs8OJk,승승후니,4478623271,carry,1752,14,5,17,24441,1548,9903,20,46,10967,15495,152,49,6,795,1,7,5,0.775,0.20833333333333334
22ohVKM6fwa4RHUbnwXCNNHAQo_kq1EJGUHsVNVgRilO6_E,RIBBON PIG,4470159944,carry,1289,5,3,4,6787,1589,9101,9,12,11506,8394,134,8,0,114,1,3,2,0.3103448275862069,0.15789473684210525
KrzLq__VTV8-X3kNMnkiZkTl9VbGvpyHLlVjxmK-RHDF,통수왕섭통수,4541879484,carry,1552,1,3,5,9351,191,7115,3,23,11547,7190,133,0,0,575,0,1,0,0.3157894736842105,0.1
zBdCPoWyuDB7X05-lclW3TZCQwn9vyQhUpfY-aUVNMOCrog,우유와쵸코,4382495875,carry,1495,5,7,2,6294,1733,6175,14,1,13660,8414,121,0,0,8,1,9,2,0.6363636363636364,0.25925925925925924
6ssQIC6mlIBKYHH1cZ_rZDZkJj2mYMdPGhclLsVNP5-Iqyk,친구따라서롤,4366245788,carry,1241,8,3,4,10040,2128,3917,19,12,10139,9982,129,36,12,157,2,8,3,0.46153846153846156,0.1875
t1poQxwEq37QseTm1edAlok1AYtELTTcmrvOZikEDDUUfas,나태함과 게으름,4539119440,carry,1922,16,5,9,34625,10440,16472,21,4,30828,15344,175,16,0,45,0,8,4,0.5434782608695652,0.17857142857142858
D1z47vzbrtQZetQOR8dGM4J5glVKNe2JkpAzVv5_uSA2,고상현97,4539119440,carry,1922,6,9,5,20090,1963,15518,20,10,23445,12409,174,24,0,325,1,9,4,0.39285714285714285,0.1956521739130435
rZ3lvCEZIWwQxyNNKT5g2WPCuW8TzwgWp_7Fam6_PPeiSRwcApZbQH70,솔 루,4485379430,carry,2047,13,7,21,41147,5897,15197,29,64,29348,17507,233,24,8,868,2,8,5,0.68,0.25
z74yJHSenRo21IrhPHVKMuCfLQ3iGRcwveOrAH1D6UB-yAY,요닝닝,4541618607,carry,2125,6,8,13,31486,2877,16556,24,58,29646,14345,210,32,0,902,0,9,1,0.59375,0.2
x1G2Y1Nxoy1dIkzxHU0tIw6IksiulRkMPKCnkh5icBRh,노팬티해민이,4541813928,carry,1897,14,9,20,27094,4146,9732,22,52,18914,14153,145,12,4,590,2,9,4,0.6938775510204082,0.23684210526315788
BdLKrRF_kPeHgTFMFDCnxQ4e1MgZABeqtkU_sdKt7eOA,화려한번개,4400745556,carry,2040,4,5,9,20883,2843,8082,25,35,17584,13187,225,10,0,90,3,14,3,0.6190476190476191,0.14285714285714285
zwqc3YL1LQULWHJR-Qoin0J75nxE4ODBW-xpiU6zi7WCCSKihA-us5Mj,계정주인여친없음,4400745556,carry,2040,4,8,4,23440,2585,8730,22,3,22221,12008,196,4,4,46,2,11,5,0.22857142857142856,0.38095238095238093
cy5JKpdCLEszjSyFvfXncUvfw-QcO8kh_wVq_Znc-3rh0swxSbs4LWLH,아이언가는중이요,4540248939,carry,1507,7,3,7,15633,1859,4930,18,24,11489,10578,132,12,2,114,2,10,3,0.6363636363636364,0.11538461538461539
Cv3cPVjHqtLf2ows1tEBlpvxyui5IW9NbW9WiNEudc-c09VdMV3eLDuO,선화수식당2,4529701207,carry,2413,8,12,17,25762,3982,12622,51,59,29628,14980,179,18,0,714,6,17,5,0.5102040816326531,0.24489795918367346
CoBGyOmTX69I-pmgiERUf369w1RmvOk_vSPze6Hd2OUw4u0,화려한 MID,4529701207,carry,2413,16,11,10,50642,8109,46946,59,17,36416,19715,200,48,13,413,1,11,6,0.5306122448979592,0.22
NQMDQlMCq-N3rkL3C3q2QjMgw8XUMcy3S2s9Jd6Cm7E1pfw,powerjh,4520782284,carry,2111,4,8,3,16344,1644,8059,7,3,17664,10637,199,0,0,125,2,8,1,0.3333333333333333,0.32
ru2tK_iiho-ZNkC9OeESFNLsZtTRlqJNOi2oce9kjY8J8H5nsoUhxcYd,시로뿌뿌,4520782284,carry,2111,9,3,6,27599,1623,7765,33,2,16887,14542,203,29,8,43,3,15,3,0.6,0.14285714285714285
e_5j8XRd3WBzSCstv_-W8QHeTmTy3LpmbeVk2uU74LNMANw,김레인 남편,4511886307,carry,1528,8,6,3,12977,1428,6243,5,38,16193,10804,111,0,0,581,0,3,0,0.44,0.09230769230769231
_hEVb0Nd2lo-tuktp9cW4vt_Ix6hsOetC4oyzoHxpA5pFnRJsVARcj0q,악마라쿤,4459662434,carry,2391,13,9,7,47651,4072,12506,40,36,20725,21152,297,8,0,131,1,13,2,0.46511627906976744,0.20454545454545456
1pORgyZ3RXfSuMn4FlP_Bunr4SXKGrNTk6oWtsWdmLTbnIU,파란꼬물이,4528952288,carry,1776,5,6,5,17016,2975,8676,23,37,19780,12198,190,24,0,759,1,10,2,0.35714285714285715,0.15789473684210525
RShe5uJLKXTuleiSGzyncOKVJPPp38Dl6yp5HkMY3NPMEr4,멍탐정 호남,4528952288,carry,1776,5,8,8,12092,2229,6043,13,7,16269,11437,171,8,4,51,1,8,0,0.34210526315789475,0.2857142857142857
R5Iap-I36fyWOjrJUflXAYZPbhdRb5WKghGApGu8T0HRFSGnE6KfxnK6,대장이여,4524507915,carry,1397,2,6,2,9303,1051,5325,17,32,13545,7178,129,0,0,497,3,9,2,0.2222222222222222,0.20689655172413793
SI2YyUZBjTVKG9fz1z3wTKjMaUdwz1aPXL2rTbE6kgD2eEI,역대최강,4524507915,carry,1397,11,1,6,24806,1960,6210,17,8,8798,13031,188,8,0,205,1,9,1,0.5862068965517241,0.05555555555555555
4wapIu_OzxTACzl6UCxGHwI7967qMDMdfQG1UyjnLj0h,Esp Picco,4541494890,carry,2018,2,3,3,18964,2728,9047,16,5,17135,11339,221,4,0,293,0,8,1,0.35714285714285715,0.10714285714285714
dSNiEW_VYlpWflL5gQR5EY4H6bgSNgpYfVcmKb22X8MJ,미드양보합시다,4541494890,carry,2018,6,2,10,17946,2148,8179,48,43,9874,12712,199,6,0,678,3,14,7,0.5714285714285714,0.14285714285714285
jELR1hXHzyqCqt_ePfCcMUUR47lnY51ZCDfQMAPWuyp3A5E,센스메이커,4540084861,carry,2261,14,8,9,43785,7573,25381,42,15,29468,17736,211,12,0,340,2,13,1,0.5897435897435898,0.25
lMMqXOiN3WvRQgClpXd2cpIk3LUQp7yLigVclJnKozDhD29weM5jmD2v,말 걸면 잘거야,4527265258,carry,2163,9,10,12,39432,2745,24070,35,64,35536,15385,224,35,5,1057,0,9,2,0.5,0.2702702702702703
NgAVqDlQ3bxjbpyb3C6idPpLaDpcfS6eXwEJVE28K3v5,정산골잡이,4527265258,carry,2163,7,7,11,19094,5159,13069,14,22,25131,12596,164,8,0,224,0,11,0,0.4864864864864865,0.16666666666666666
-fVcjuU6HOo03JYNnRbITeuDENYohj66SSsww-_yNlkQZ63tmxuWPK7c,내가슈퍼퀄리티,4528567234,carry,1320,8,2,5,17343,1143,6609,15,14,11829,9838,148,16,4,78,2,8,3,0.4642857142857143,0.18181818181818182
yOmtpEcdALxdJo4pnKDOvfkIvtlURgjASXlCfSaWfti-IYw,굥 송,4528567234,carry,1320,3,6,1,12429,2541,6365,20,13,11774,7326,148,1,0,116,2,9,2,0.36363636363636365,0.21428571428571427
df-MxE4l2tgGrRpEegdVBcQL9bSOFmNtpltseU4eoSMO,B0Y with Luv,4541932341,carry,2034,14,3,7,32620,4893,11295,22,47,16894,15249,172,8,0,218,1,11,1,0.525,0.08823529411764706
K0XKwjLk7KCt_K6YFL5E37n2fGKlY4AaWlC-8OUGcVLx,근세포,4541647067,carry,1256,1,13,4,9554,926,6505,16,1,16286,5008,66,0,0,7,4,9,0,0.2777777777777778,0.28888888888888886
eJe50Gtl3Jdx8HE-ZadE2cy0at-Og1dxcVMLSV6tX4g,이리와놀자,4541484403,carry,1437,3,4,11,8827,1436,4028,14,32,11423,7468,107,4,0,545,1,8,0,0.4,0.16666666666666666
t-iYqwubMCY3RKoJyVTL6x5RDNdbM__pIs_JT0cSqj81,프 로 정,4541484403,carry,1437,6,7,6,20505,2319,7758,23,8,16364,10295,139,0,0,139,3,9,4,0.5,0.2
iomqhJVk3WD4lI9uuReQNFntW5-LXHaGBsjXrxdAFQsQ5Lg,파란카드실수아님,4499767910,carry,1740,0,9,9,11460,2263,6143,28,0,16573,8134,144,4,0,3,7,16,5,0.28125,0.4090909090909091
2OEZjqVf1RwLmbdauje8rLCCByLzNVC6hnCzq8-RUVQ3DdI, ad 04,4499767910,carry,1740,6,5,7,25043,2351,9083,12,1,20298,10418,173,13,0,9,1,6,2,0.5909090909090909,0.15625
xH1vutspg7vtZ7zMo7fNAN0u3vWK7qfdOTmEuMffV0_6UwZMPrHNKtGs,감잎 떨어질 즈음,4540248922,carry,2073,10,6,9,25941,4726,5985,18,15,19629,15977,224,20,2,83,2,12,1,0.4318181818181818,0.1875
PBianC2xuT93UF7peMQMNQDBV3xTFYJ9BRM34AJZPYX4Tac,엠카지노,4540248922,carry,2073,3,12,9,15540,5288,16395,17,0,31368,10545,144,3,0,2,0,11,2,0.3870967741935484,0.2727272727272727
fF4YcMdsp_fKnZReVGZpPxBLWfsoryueDh-kHzhAM2vSuhk,서엉모,4532750428,carry,1662,3,8,5,17491,1894,8221,15,5,19352,9659,181,16,0,112,1,9,2,0.5714285714285714,0.23529411764705882
zfTk6Ko5gfFRMsr4h1YKzEvRHLoVAPz9xaD378ZogHEo,광견병조심,4532750428,carry,1662,11,3,8,24229,7364,8496,23,16,17904,12826,164,23,0,63,2,10,2,0.5588235294117647,0.21428571428571427
-EmLV7nI1bRlrLoSHMMN3xqc5INUzXdMWqhTeNJXU-4AdVI,원딜 일뜽,4521040474,carry,2089,10,8,6,24355,1496,11709,29,17,22737,14989,207,36,0,106,0,11,7,0.5333333333333333,0.24242424242424243
yV-yifslHnhQLH1UJi2ZTlhzz4o7qb3ApkGLWA-0U_WziEs,리상드라,4521040474,carry,2089,9,5,10,20880,4680,9007,16,33,19929,14683,229,12,0,130,2,12,3,0.5757575757575758,0.16666666666666666
0wH-w7e9Q2RQUjHDUZNvkUsemyW73NV6NFWenbIMYvualXs,용이된다,4539228831,carry,1692,10,9,7,29221,2829,10506,12,15,22935,13764,204,2,0,51,2,8,3,0.6538461538461539,0.17307692307692307
fBih2RRt7SwBqQ1CoL8CK-gSmZVit6WHpwka0xsRdGQR,LAPAEL 키드밀리,4539724360,carry,1867,4,5,6,17043,2755,12101,22,37,19134,11460,184,24,2,886,0,6,5,0.5555555555555556,0.1724137931034483
1aTu1K7FkWo14tFi28ksmOJBIbWz6pGYvP-7nK78jJR0e7o,빠 뚜,4536159718,carry,1494,10,3,3,11409,2601,4916,17,35,13322,10810,144,16,0,544,1,7,3,0.43333333333333335,0.125
OuTTHaA13qw0LSK27q-gKSsL5BMqbh3UhCuIKB7qcaYYDoE,바보들아비켜,4530985506,carry,1830,13,4,6,29514,2477,12454,23,2,21938,14176,190,24,8,53,0,10,4,0.6785714285714286,0.18181818181818182
dgnNj5KSDPQfT6TynHKb2q42RXAjiJYUmn94IEE6FY2R,상남자김두짱,4523491342,carry,2365,7,9,8,27811,3653,14830,46,45,27038,15900,268,20,0,927,7,16,10,0.6521739130434783,0.21951219512195122
vaMqBa1saBC4n7rOoAJcCTNhnP8dn1cRLxFyoIPyuaJyYbXr5xmrVY5a,황지혐,4523491342,carry,2365,4,5,13,18015,3030,19795,20,10,19474,14556,231,29,4,211,0,7,5,0.425,0.21739130434782608
fsugbuLGDfkdPUb11Tdw1fw5OU-FMcvGXRq6-2WkT-XuhP0,메론콩,4532769566,carry,2850,14,6,13,65427,9111,31026,48,23,32717,20994,266,27,0,615,4,17,3,0.75,0.15
2Rsy3LP79GiLHEB68U-unY-zxePeaVjSdHMZhUXXQ5o8,제과재팡,4538964425,carry,1579,1,12,4,7236,2173,11175,8,27,24906,7849,98,49,7,600,1,4,1,0.10869565217391304,0.2553191489361702
mcFP3kYLbjVmyDAL6dlg6KCE9E2_BfC-FS5TPD1wcF4qidc,보고싶다 석찬아,4538964425,carry,1579,14,6,12,32732,2263,8935,28,10,16710,12803,142,0,0,159,2,8,1,0.5652173913043478,0.13043478260869565
9GIwspyQyg_ZBrHKvFq4qqSbYna2FAs_ESg0zlgM1G8g,프리창근,4541623159,carry,1917,14,9,14,29125,8029,29128,20,28,31141,18437,195,40,8,325,0,10,3,0.7,0.225
OG8otsMdx8BNlgZyJ7WoarN9QHL3WE0dhnZeIUVZLysyRQFjAjZdg6r4,돈들와라,4541623159,carry,1917,12,9,10,24331,2593,7882,17,1,23986,14359,174,24,0,17,0,4,4,0.55,0.225
Crmju7jm8z1xNtfKIKWJQ5VHLb-XOftsM5djTMEc4a7R4ck,달빛 악령 에코,4261160341,carry,1832,5,6,10,15941,1449,11854,19,4,23895,11315,211,4,0,65,0,8,6,0.5555555555555556,0.2
6oqhEzO-OeQzPP4EIScvp6eiSWShVzKgBKKnwU8cHXeN,지구별방구대장,4261160341,carry,1832,6,5,10,20848,2189,11548,33,11,14984,12239,194,19,3,179,2,10,2,0.5333333333333333,0.18518518518518517
x64w25LKh-LgY2M091vu6klpA3J7armwSJ6FcqY2SMxjzZAnt30BNzCo,포런쳐,4347007244,carry,1633,9,4,5,23092,4165,8896,18,0,17344,14180,239,16,0,28,2,9,3,0.7777777777777778,0.12903225806451613
qF4GOy5O3prsI9pKFsidj9JTMC1sciH0TJCwR8FYg1Ow,중국산뽀장,4347007244,carry,1633,5,3,10,18320,1401,8038,23,6,11195,10730,164,16,13,105,1,9,6,0.4838709677419355,0.16666666666666666
WSwMGdGYFWOgYqg60F75N2gfDFpLSuJMeR6-ZnxjYmNA,T4KE 4 LOOK,4496935350,carry,1991,5,6,5,17735,2643,15281,7,12,17799,12154,173,12,0,202,1,6,0,0.4,0.17647058823529413
QlzGehzfbyvbyLe8kYa_4tCIJ1X-es7l2N3QgBnVgskJ,마리옹 꼬띠아르,4532395685,carry,1859,2,7,6,18599,1278,9790,15,4,18715,9611,185,4,0,173,1,9,2,0.3333333333333333,0.20588235294117646
hjURVfbAs7GlEHf4AO-eQCOkvlai6AkA2YdsBb8nDCOZAnU,월척낚시,4532395685,carry,1859,8,6,15,27549,1328,6013,20,21,17276,13258,181,8,0,191,5,9,1,0.6764705882352942,0.25
KIUQI945bk2Ru5ay5fcVW1h0KNUQcRvb7yfAyKobB4OakPE,loljotgatda,4532209373,carry,1256,0,5,0,4687,634,2841,6,0,8179,4671,87,0,0,0,0,4,1,0,0.29411764705882354
si9bTVqfvfZ9LompdsnThuHrBVgacVzq1jnHb4aP2XGAdpUJ7bnEHshB,AKB KILLBB4K,4537842684,carry,1331,6,8,0,12647,1678,5646,11,11,12882,8000,115,4,0,39,1,6,3,0.5,0.3076923076923077
gCzKNt4BvuvlJp9wE-KyisjnosElGWy7Rxa6pODdTvuA,지루우할때,4541382654,carry,1240,4,2,2,10678,2060,3680,9,0,8507,7915,147,4,0,0,0,6,1,0.6,0.125
_sIF5ujneMy2HSwRbLa2yJ8YMXO5YRu8z0UCSA-rGmQjg7c,뺘 잔,4503165952,carry,2177,7,8,16,26564,3626,18319,41,53,33503,16033,216,24,4,978,0,9,8,0.5111111111111111,0.19047619047619047
XhGMm6_MbIXjWpZ3g_6Q7kIctuuiprwCqchL9iGoS5otsZbwY0ewnhLD,복숭아,4540076144,carry,1504,2,6,0,7228,2718,4599,13,7,11697,9552,188,0,0,40,1,7,0,0.2222222222222222,0.1875
-uf6lQmsDgzzt30N1yJmxNepXP4xFd1leYLtcIADxw0TMtqfqjs1coEI,정지만몇개냐,4540076144,carry,1504,8,0,7,12982,4044,5821,17,0,10283,12204,205,16,8,22,1,6,4,0.46875,0
eg0M92rKdTU-RMJDlI1wtHpQ23j4rdfb4iaWTt2uRd37Acs,대머리누리꾼,4532481161,carry,1693,1,13,4,8415,942,9160,13,10,23722,6871,114,4,0,150,0,6,3,0.1724137931034483,0.23214285714285715
4Dg4HCJvyG991QugeiuXTTVFwdiqF1xpdp-CvrttY4XsPZ8,Sweq,4532481161,carry,1693,22,3,15,43494,915,12154,4,3,18267,16157,173,17,12,84,0,5,0,0.6607142857142857,0.10344827586206896
8EKyPCb0zqCqKf--xvTyUp39M5UaH1uzFho6PrL0H4bnOAQ,원딱몬,4527904535,carry,1558,5,4,8,17663,1641,6956,28,35,16432,11786,215,28,0,746,3,9,8,0.65,0.26666666666666666
ME7s6J06ZVMgKEMbntteIBpXicg4_nBezAkP7Do9Rzs6_3U,앙 페이커띠,4538601302,carry,2259,4,11,8,27207,3624,20200,20,14,25713,12685,176,34,0,278,0,11,2,0.4,0.2682926829268293
fjI1D8j1IZKoV-Hdriz5gdQrDVth_7IdrXtPid9VxDMcvfE,잘이기는닉네임,4538601302,carry,2259,8,6,15,24973,4227,15678,23,5,31536,16428,250,29,1,81,3,9,5,0.5609756097560976,0.2
5XUgYtLQ1P530OQn6h7RGS0CcWAZ6mA8wTH0t39mfY7Jepc,봇이 터진다고,4540777048,carry,1776,6,5,6,10660,1794,6630,22,8,15479,11471,193,8,4,31,2,7,2,0.41379310344827586,0.17857142857142858
DS_R6Ni1Z-tPgjKZYzac5XIdWyJaZrZipILCuiR1Gmi5g1g52GrUxhjR,ol츠리얼,4506063278,carry,2078,3,10,5,12974,1627,9949,42,41,30054,12907,257,23,0,1043,2,13,8,0.4444444444444444,0.23255813953488372
DnXQE2oOn55WYN4ELIVxmCCYSeQ6sDW9CoZOz6wH5VaoK_M,닥 츠,4506063278,carry,2078,4,7,7,17719,3217,10773,32,28,19461,13161,183,20,12,322,2,11,5,0.2558139534883721,0.3888888888888889
_MS-II-iBxtUt8w0shsY58yXTPwH-fc5H7tq-WsiKnbGhIM,메밀캉킁,4539155211,carry,2102,10,3,8,30288,3804,9600,16,43,20485,14076,174,34,2,159,3,10,1,0.5454545454545454,0.14285714285714285
zESt36lffwyM-aVBNP2B4icbbHa4ANzk2MwkUSN31L2KHdoUlOSSXtsZ,목표는첼,4378924554,carry,1897,3,10,15,17941,2026,11750,19,51,25617,10833,159,8,0,837,0,10,4,0.47368421052631576,0.22727272727272727
WDrkLM30saskmormSuTka37sQ08X-BQ7iPcoxWCEqPfy,처음해여,4379240392,carry,1798,0,6,2,11552,1282,11236,20,0,15844,9584,209,20,0,9,1,11,1,0.09523809523809523,0.15789473684210525
3MTnGUIpCEHmCmUX6TREggRop7Ui5pdIRpZggU3IZU4ufyk,스노우드,4379240392,carry,1798,13,4,11,23034,1664,8038,25,9,13048,14715,201,16,8,115,1,8,2,0.631578947368421,0.18181818181818182
7Xz3UDe12CE1vQB_RHBNgfF9F1eWn7A1bf1lG42fkV-w,블츠베인,4541361853,carry,2555,6,7,14,32059,8068,20353,34,9,26843,16761,229,17,0,343,4,12,3,0.4166666666666667,0.15555555555555556
pa8PRgvWYxJgecpRsTS2I4vzXO4cM9qk-w6ie9XB2SQ,Chen Yian Xi,4469902330,carry,2217,7,5,8,42082,3865,18720,46,21,18890,16246,224,10,0,434,2,15,11,0.7142857142857143,0.13157894736842105
zdSaXG0aQ-YcuUk5iXeXhy-JY2Mhvim1jihT1BD3C7z4,보는순간안녕,4469902330,carry,2217,10,4,12,27306,5211,9035,26,40,19746,15775,199,37,17,290,0,11,7,0.5789473684210527,0.19047619047619047
DCAOF2fppvEDOQbxwoY42bjgjqCqJ9Y6OGCxj8Nayoxb,꼼 뚜,4505364970,carry,2048,4,8,6,22677,5861,14742,7,5,20339,13094,223,18,3,251,0,7,0,0.22727272727272727,0.23529411764705882
loqrJWNEGHUsUMUCBlM6wj4wgcK_H4yEPj1g4yfwAVRv,http 원딜,4505364970,carry,2048,6,7,3,12702,3728,14377,26,1,26127,14416,280,12,0,35,4,14,5,0.2647058823529412,0.1590909090909091
gXivOOoaGMcNNEDisZSSP0YYlUGZ-RHCwFCHr7biGGpC,깔끔한아이디,4436418883,carry,1709,11,6,11,20803,2243,9525,28,0,21214,15811,180,52,0,14,3,10,3,0.4888888888888889,0.2857142857142857
g6gZuk4Qz2kVVxZMswTDrxMUO6-56HdE-jigiqAGS5pNbMI,김천부곡동,4524064904,carry,1620,3,5,1,14419,1746,7702,10,12,12714,9432,181,3,0,275,3,8,1,0.21052631578947367,0.18518518518518517
VBJtXK4SnvSJGDK3eTcnO_LwsPeKg3gnKaW1Boen3LYdL7c,탁진명,4524064904,carry,1620,6,3,10,24733,2215,8396,15,6,15659,11169,201,4,0,186,1,8,4,0.5925925925925926,0.15789473684210525
77TkQ_qIFfccq_1E41kG4Y_nsgLx6dZ0_yALCImNeVs_,탈남마렵다,4536852830,carry,1892,7,6,4,18531,2182,8650,26,9,17970,11686,195,16,0,223,2,12,5,0.5,0.2
8yUeVf5NxpJ6H0VyvkjjnyjMWykUtHYl0QGaDSeUifrPQus,991003,4536852830,carry,1892,6,4,15,22363,2610,6795,21,46,15418,15303,237,16,0,895,3,7,5,0.7,0.18181818181818182
7dYZ6tD2Af7RcF1_zuj2h4JGzPADI9LtkuRGKfvIe3zGadI,liliillliliil,4540853936,carry,2284,20,7,6,59687,7368,22985,46,25,35553,22585,275,24,0,223,0,12,5,0.7428571428571429,0.20588235294117646
DUlKJ4v28vmvrLkPlPYA4m0gndCr27MxPFB8ejOgPLbxcPI,주사위6뜬사람,4522368186,carry,2171,5,3,13,33823,5572,19325,19,19,26861,13644,229,32,0,473,1,10,4,0.6206896551724138,0.09375
oaI-uLnXos89OK2sSta2I4TCTySOBRMpk2_R7B62PVvJ,준 위 박,4522368186,carry,2171,8,4,14,32182,7135,9412,23,26,20209,14465,216,5,0,699,2,13,4,0.6875,0.13333333333333333
WR1WvSb7d-p9j4bfQMFyMkCwgbLxwg4kyBW9Yy54sTs0,행복은도피여야해,4537766289,carry,1598,11,1,11,30300,1739,6790,10,0,16753,11368,166,4,0,9,1,6,1,0.5,0.06666666666666667
bZoNQPZNq-8Ab6xxqPnYTh6mAHmlMnpw5fy1U2CfCXjOFgQ,EB top class,4538987157,carry,1939,2,7,3,15549,2714,9266,20,1,19846,10225,204,12,0,26,2,11,1,0.29411764705882354,0.2
x55L9ZkC2X99t8EcdBO77R-Rvef1ApBn1wLaLAhait3pjH9CA-4x14gK,coffee맛 우유,4538987157,carry,1939,3,4,13,22950,1618,10852,2,7,21150,11234,197,8,0,250,0,2,0,0.45714285714285713,0.23529411764705882
FcMi-sb_i7Hx6047UsFJ0nxj31MprvmtDOibyE2zIFvEVYk,Jhin Art Offline,4541810870,carry,2289,7,5,6,28279,1699,22687,10,10,20111,15683,254,17,5,144,0,3,2,0.43333333333333335,0.22727272727272727
L2zMJVW3TOXPuQgY1W1y1TDKC6KCJkEPD1Rt9EsPtPyzK-o,SweetcandyOwO,4541810870,carry,2289,2,9,11,25286,1402,9595,33,77,20809,12186,220,10,0,1161,3,10,3,0.5909090909090909,0.3
7hQhLnSDwsfPo-Xijzm29hRs7YmocatRh1HnpEN3al-p6qo,후쿠시마핵노답,4535181916,carry,2154,10,6,9,27798,4075,11302,28,2,22356,16764,229,52,16,82,1,11,3,0.4318181818181818,0.2222222222222222
P7iB5bZEtRQJcSg0lc2vt8ryr5ZACeMufm584RUiN1lxpJkX5cPEO4Oj,피해주고살지말자,4535181916,carry,2154,7,6,8,33477,1382,13139,11,21,22078,15882,256,4,0,134,1,6,3,0.5555555555555556,0.13636363636363635
7XawlJJauab8iVLl1R3GzMKDtrk3sxWzsqza0hlRfkoEL4WjSCSioVFX,JEON똘이,4540867158,carry,2331,6,6,15,29044,5769,13444,22,68,30772,15422,210,20,4,1175,0,11,0,0.6774193548387096,0.17142857142857143
4qfWHvhPBK1UAqkrbmzK9hgpGY3jXRWzeAa-3yTiix0u,막타남,4540405031,carry,1656,3,5,4,12185,3647,7629,20,8,18680,10395,198,8,0,79,2,10,2,0.5,0.2
-zdVSEA2Wkx3wnvndctY8wqQI9EPmcgzqnld2sZpxMW6kw_IYGBVDuga,hamburger juice,4540405031,carry,1656,7,2,5,12351,2729,4973,20,0,10642,10383,130,10,0,0,2,9,3,0.48,0.14285714285714285
rkFy9su0jz-3ddFIKn4bWqS7_EbZfwjvSSZ-6k9Kw-T40Skrlk5NQhUZ,working control,4241988345,carry,1639,8,4,3,18994,3458,6047,14,10,17900,13846,194,12,4,50,0,7,3,0.55,0.11764705882352941
TZB9HE76hiRq3oMfml65KqXYJew_crsD4hvgV5B-qP36WNQ,  쩡 E ,4241988345,carry,1639,4,5,7,9619,565,6944,24,9,13703,9553,131,32,12,76,2,11,1,0.3235294117647059,0.25
GXZGCh_lf5aRajElkDPgJg5h-HLg7uAEZ7E-jezM-QTddBM,구구짱짱걸,4425885330,carry,2024,2,12,10,12211,4627,12545,11,3,26460,10322,164,8,0,19,3,2,0,0.42857142857142855,0.3
kHepcPWb1EnvLw_VlOCFQa9l9Lf19MZSQKf6WlydKVnq5nEV6OTvgpuX,신혜진,4533631330,carry,1908,6,5,1,13612,4536,9959,18,24,21425,10541,158,20,4,81,1,9,3,0.4117647058823529,0.14705882352941177
OK66cSdsncMjEz-kT7MuECJgQg9x9a3FF9E_B8SqDCpR,탑CHAI,4533631330,carry,1908,5,5,11,21861,2377,5974,16,10,12495,13342,215,9,1,442,0,9,1,0.47058823529411764,0.2777777777777778
8Pg-ZXKPtJWt9HQB5ncoOgpC2JiYWA-82bu1QRKXLskt,blimild,4513509138,carry,1563,18,3,9,25881,2543,11878,16,4,16638,14583,160,25,9,110,0,7,3,0.7105263157894737,0.15789473684210525
A8MZLsHDXV9kU6fS5FBX6m9ifmGm-mmkPiRzUGrq9jdLGCX40jp0k5qT,Chocolate Candy,4492356079,carry,2088,14,3,9,37547,4153,14461,18,13,17571,16483,195,28,4,296,0,8,4,0.6052631578947368,0.125
bmP8yZfUOUFjsH_6BtzQG4KkhxTlFjXg6BCt7omGb6si,cksgml453,4492356079,carry,2088,2,6,5,10319,4363,11086,14,0,20374,10842,180,6,0,0,0,7,2,0.2916666666666667,0.15789473684210525
gDBbvKF1oPAhbwqUAnl5z41s06BcVA34ZxzQyB7xKWgP,게임정지삼십일,4494109600,carry,1403,0,7,3,7142,712,9743,10,8,16184,6004,109,4,0,68,0,7,0,0.375,0.2692307692307692
TWjqpZZNAJm0SpnBravHmBmw1RgpEU-4jhN7UVQLGlxQ,서폿제대로안하냐,4494109600,carry,1403,6,2,8,12512,1881,3386,13,0,7625,10358,154,4,0,0,0,7,3,0.5384615384615384,0.2222222222222222
cwWrM-3Jgj2pgD07l2xs4ge2Dien_SF3cBZdbD8qZvXB,BJ슥대,4532499249,carry,2109,10,9,10,29526,3701,12712,26,18,22768,15377,217,4,0,63,3,14,4,0.625,0.2
Y7GVpnZeLxBIsHzzkRU3AdGt8E9yd-4EdVgR9sWTYyk4,vestigial,4532499249,carry,2109,5,7,13,19596,3429,8807,31,3,25023,13648,180,47,21,71,2,11,8,0.4,0.21875
uGusWOcVuN6Bq--X4s43COtujbpNAYXy_fW3M1Wrn-mB,원정녀39호,4536951772,carry,2139,10,8,12,43796,8672,23229,55,51,32538,17092,203,67,23,1063,1,11,5,0.4230769230769231,0.19047619047619047
0D9YaizeyFqPaD2GINpnSv3_TeS7raVIKvEDLrEBghRWbM9DOQDvQysb,woosooo,4536951772,carry,2139,8,11,8,20525,3974,9789,30,23,26859,13179,181,0,0,137,1,8,8,0.38095238095238093,0.21153846153846154
zk-bxcHGxX987uVjvEumqiv55BheDI5juXGpIF9v-d5ajLkE5qOlHWHV,너보단 나,4530280636,carry,1661,7,8,7,15242,1731,6216,10,13,17629,10926,186,0,0,14,0,6,2,0.4117647058823529,0.1568627450980392
M18E29KXMcU6cRTBnQb-Y7yfBxSlRhWDAHsT3hSruDEauh4,틀  니  축  제,4540387673,carry,1654,3,1,6,11623,4319,7370,13,0,11871,10569,206,8,4,1,1,7,2,0.2647058823529412,0.07692307692307693
mDuaGKYBK9z-RAoO2cEqnjL1nQn34a8HHDZ-PhL1P9QgWUyMH2ssMUlT,Februaryy,4540387673,carry,1654,2,5,3,15987,1973,6436,14,22,18855,9528,210,0,0,39,1,5,2,0.38461538461538464,0.14705882352941177
XRKcrotJ850W2ITBcgy9Os9hJZjFN8KhGuiQoFyb9RydS_4,최순실의마체태,4541713688,carry,2016,5,5,13,23024,4972,12288,25,30,25750,14337,223,24,0,166,2,9,4,0.5294117647058824,0.20833333333333334
OekycYGdg5npm99g47qUltxqrh-B0lfVP5yuH97EvehfRFg,천사곰돌이,4541713688,carry,2016,6,5,5,35519,4425,12952,12,19,23743,13376,246,8,4,103,3,6,6,0.4583333333333333,0.14705882352941177
u92aPWYURHBe2HoHaqErQL-BSjTUYjEbw16KItVYx-kP, Reservoir dog,4540193268,carry,1754,10,5,3,13517,2175,7146,6,3,18640,12159,186,16,4,29,3,5,1,0.5,0.15151515151515152
G_DH-D3d0D0XldcNY7s3IQ--KS9SG-UVi-Ani5FXxZxRVCp2jvAJIykR,didwltjr,4540193268,carry,1754,8,4,4,18856,3934,11427,32,1,17521,12654,167,51,9,10,2,10,4,0.36363636363636365,0.15384615384615385
wyzj4dUvGhxGGxnBW5EAH2dOER3wqJB8YetRYqwfyFJky-I,밥솥은큭큭,4539685878,carry,2173,1,5,5,20133,2327,9544,28,4,19656,10774,194,16,0,44,2,11,4,0.3157894736842105,0.1388888888888889
c3uZiebtFRAA2Sv8Pj9gJPNdNWx7jIlo6b7cktDI4asgHts,계피맛레몬,4539685878,carry,2173,8,0,10,24863,3726,9043,30,2,16436,18493,319,51,15,51,4,13,5,0.5,0
XANgnjwh8nNW7oVMFhtpUdMb0seTjc4yDdajqZb9VJI9,엔터키빼고올뮤트,4500404010,carry,1592,0,7,5,6843,1322,7773,13,18,17304,7685,154,8,0,44,1,7,2,0.21739130434782608,0.25
uT7xPaTbfZKpd_g5YDD3aPZPVmkhQR0iAoDPTfz0sjp0D2k,dxfrax,4500404010,carry,1592,2,3,6,19143,228,6899,18,4,10232,9670,196,10,0,127,2,7,1,0.2857142857142857,0.13043478260869565
UUexX09tqUJmhVu0lI0QOWUyqaJW1ryGHpoEwA_WVrjrcnE,마나많아,4534492969,carry,2108,5,6,9,29451,1043,12580,21,28,16279,16204,265,38,6,220,3,11,2,0.4827586206896552,0.16216216216216217
2VyzB-GX4gXFGxqT4dxogNBWEm9K8of1MvdBuB1QG4a3YLQ,twitch 고잡새,4534492969,carry,2108,11,5,12,24063,5958,16882,26,5,19809,17106,265,16,0,132,1,12,5,0.6216216216216216,0.1724137931034483
RIYVlikU6x2klQ3hEaE6s0ebob018-qEohXkBc-0BzumL4qiMuMBCcVX,구아바 구아바 망고를 유혹하네,4532725725,carry,2067,5,6,13,22496,3420,14472,40,12,19036,13661,218,18,0,164,5,15,10,0.5142857142857142,0.2608695652173913
dhQtFp56DfMMa9PpYl31pCOhiuLU2MlOwD73kaSWedoZ,근본이 되는 거점,4532725725,carry,2067,4,9,6,21439,4847,9112,10,21,23570,12855,211,22,0,150,1,4,3,0.43478260869565216,0.2571428571428571
6qIt07Em5KRmWEFBbDCnrIqrCd9kRhpJDeNj7865-hFZUKmBk9R-7eA-,차승우의 검,4539009405,carry,1745,2,5,7,10998,1606,6560,26,6,13290,11953,256,16,0,137,3,7,3,0.2647058823529412,0.23809523809523808
sXGpoqvGCrZBC_rFWMkWlSqiN0HB7Z2Ru4qZpge-TpfADJE,볼빨간SUN명이,4539009405,carry,1745,2,5,8,17125,994,6527,20,4,12913,9743,189,2,0,113,1,10,5,0.47619047619047616,0.14705882352941177
xAYFRt4FAmRbg-Ib0vPubDjp-_NFM4QQXmy1a3eh7BNG,펩씨H,4470328519,carry,1558,4,1,4,15457,1158,5300,13,4,9313,10607,220,0,0,239,1,7,2,0.5333333333333333,0.029411764705882353
Rzm9ihYDui6-vwrhiee6xhBfhugGgXXwFABX4EbY4y_9ZWWHx-JZUNXI,원딜밖은위험해,4433800078,carry,1863,4,8,6,18426,2553,8815,15,9,20303,12053,228,11,0,101,0,9,3,0.47619047619047616,0.20512820512820512
DQsB7pZnRL_J4OS5S72G0giTkzpXh19PBmhHS9WDkn6j,닥총강아지양,4454695190,carry,1788,6,7,2,10559,1321,6130,29,3,18533,12390,186,18,6,39,2,9,2,0.3076923076923077,0.175
hdFGZmJAYcxJrZYlsqHBGPTHfCSYme2U2_2KbF6DvVK4O4U,SpecialDay1201,4516611148,carry,1253,2,4,1,12168,14,6238,15,0,13406,7397,171,0,0,0,3,9,3,0.13636363636363635,0.3333333333333333
DVMrS6G_zbV1d51fkT6dxNX4-tOKRPrbtbqp6NpcOwGV,바리톤테너둘다됨,4516611148,carry,1253,3,4,1,6109,1780,3949,7,0,10529,7375,138,0,0,0,0,5,1,0.36363636363636365,0.18181818181818182
bDBQAZX_gZ3W-vLj7YBwqyvKR0_IO0jEwVe9GFzn8_xg,석원아LG석유쓰렴,4538995780,carry,2219,8,10,9,15769,4010,18778,25,16,28337,14557,242,4,0,94,1,9,9,0.5,0.35714285714285715
8euNuS0hqwSMM6uRVh32JSE_H3KO6AHmIIp3adK7xMbh,롤접어야함,4472054469,carry,1448,3,7,2,7986,870,7705,1,4,12475,8015,142,11,0,37,0,1,0,0.29411764705882354,0.22580645161290322
N3qLi3TT9T6ZF1l5aKsw1qF87x1Jdss2b_4T5BUg_-an,센스축구vv,4541272708,carry,1656,7,1,11,25558,3749,5294,28,15,12488,12279,148,24,0,116,3,8,2,0.6206896551724138,0.045454545454545456
logH2H02IKKJPKGiAi1kWXc1hmL2w4CZW9rSupxQnHtF,브레카,4541272708,carry,1656,3,6,3,11609,3880,10960,12,5,23369,9249,172,7,0,146,1,8,1,0.2727272727272727,0.20689655172413793
EiQv_Qox8KSW1LJRhhPl2wQ1bo8KQmDwxnjjxpJDAaLj,로밍각모르는사람,4541786690,carry,2260,8,8,8,21073,4711,15080,30,27,27032,14864,238,16,0,313,2,14,2,0.48484848484848486,0.1951219512195122
df80yn-xaXlzlP8rKM7fBDRj588HtemSbBwBS_3V4-gLaHNf8p7qxzSv,오직다현이만,4541786690,carry,2260,9,9,12,33769,1766,10851,25,20,29302,16001,247,28,0,131,0,12,4,0.5121951219512195,0.2647058823529412
xIk-P3TNA24dBu_Z_amDq9X5-pC41cG6JG3kN3hmvzfi6q0,손정빈,4541619723,carry,2099,5,10,10,19545,3475,11402,36,29,24625,13348,218,12,0,92,2,11,4,0.3191489361702128,0.2702702702702703
-4pbQVOs4LPo_v3ofuNB6Xx9HB1yCDadHFJUlE2QHkUKycE,탈론파는탑신병자,4483377897,carry,2348,0,9,9,11841,3746,10775,28,37,22886,10641,177,12,3,727,0,7,10,0.3103448275862069,0.3
o3q77vTnnc5qEslGLmk2Efsoh0pb3g8Xje_qapi0D9oHmrRhhN37ncAa,울산달천아이파크,4531986331,carry,1272,10,1,4,16118,1096,4337,12,3,8710,10310,161,0,0,95,1,8,1,0.4827586206896552,0.09090909090909091
_0Nc78GPn4CNvbC0iI4DRHoHfUEcXQdqCnFjCQBlPcoIoxo,벽궁뽀삐,4531986331,carry,1272,3,6,0,9299,914,3811,12,13,9552,6903,142,0,0,42,1,7,1,0.2727272727272727,0.20689655172413793
dGT7_XlLt2Lixn5RsUeQJbSXVhQIv6tm3CO28vkB5tREz8g,오빤쉽지않아,4474568967,carry,1824,10,7,7,31018,4657,13820,9,5,22386,13162,186,20,2,51,0,3,2,0.6071428571428571,0.21875
Za2uivHGRfR70_Z3C3G4Zaq2PbguUBNDBbHkfq1qtsx2PHE,동성로이쁜이,4540556100,carry,1213,12,3,8,23774,3019,5176,8,12,15808,12544,138,0,0,58,0,4,1,0.6896551724137931,0.375
rAiuPn17t6IqzHBMFG7FVRwIzzMaQdzkTlU_kZ7U3NLO,ID문재혁,4540556100,carry,1213,1,6,0,5676,665,4298,3,0,10595,5420,89,4,0,0,2,3,0,0.125,0.20689655172413793
8j-FpX-HCQTmEyYUER2aOA_E-F6YDBnSCpq1l-VhHyJn,20사번,4530376204,carry,2197,12,8,9,35660,2123,15945,35,22,26578,15517,210,28,0,600,2,13,2,0.525,0.18604651162790697
BO7CYZQuRcw7fWSj-_GGhNQXHIpBDOJqS6wo1IdfcDiU,갓주일,4530376204,carry,2197,9,6,11,25835,7262,9189,50,39,25701,15599,211,32,0,214,2,8,7,0.46511627906976744,0.15
BTcUKbBc7irqD4PQf-MmKZ04uF0j8YMM3f7EQCHoA9sL,싸발둥이,4534438491,carry,1420,1,6,1,7921,1616,6712,6,15,13050,6903,148,4,0,37,0,4,1,0.1111111111111111,0.21428571428571427
C9pGYYzRYuekp2j016Ewx3DC9e067N-VIE6_Nl2jrxGe0qgwym-g6CzP,원딜들고 탑으로,4534438491,carry,1420,4,4,11,10093,992,4512,9,19,9875,9070,149,12,0,77,0,6,0,0.5357142857142857,0.21052631578947367
7dYZ6tD2Af7RcF1_zuj2h4JGzPADI9LtkuRGKfvIe3zGadI,liliillliliil,4540853936,carry,2284,20,7,6,59687,7368,22985,46,25,35553,22585,275,24,0,223,0,12,5,0.7428571428571429,0.20588235294117646
x-gWpZART9ffnMdtlt2a1ClZkqzPZ9ABE7Ert1eAoDoR,바텀상황보고있냐,4541904458,carry,2451,7,10,17,34189,6657,15848,29,48,32481,16559,199,32,0,244,2,15,3,0.5581395348837209,0.25
Z9qEQmyn7ZFwESJsoJ_iwHLiKpqp5dj38DTqiYn8DHhgQvi13bgUYCqs,ehfrhforhforhfo,4541904458,carry,2451,20,6,13,53121,13345,24743,30,15,35853,22362,217,58,0,259,0,14,5,0.825,0.13953488372093023
yp56GMaAEs0qY3qd6Rg7PvNk2ZeDCIv7i5lKOoOwSUP5,RLY BY,4539865224,carry,1397,10,2,11,21822,1249,7018,15,24,13227,12098,164,16,8,132,2,5,3,0.65625,0.11764705882352941
k-fQ-2F8ITp-xenx8UIgy4PeuYBgesQlzxmAscwpmBQaiSo,비보존,4540655514,carry,1673,8,4,8,21735,2962,5586,32,7,14819,12412,167,18,2,88,0,8,6,0.45714285714285713,0.26666666666666666
X7vSEx-YU6iSdYBUtLj6DhtJZpXQv0_OYYaQoxsdn1m__RmBruQs4Wfb,진주와단군사랑해,4540879997,carry,1412,11,2,4,20817,1014,6548,10,6,11093,12513,178,11,5,77,1,9,0,0.42857142857142855,0.10526315789473684
qQd_CYdrftSQN4uE8NshPEZSSAdUh95YO4YGMczYSUgcpRc,덕고 부회장,4540879997,carry,1412,3,5,5,8100,2460,6405,14,11,15430,8495,173,4,0,25,0,7,2,0.4444444444444444,0.14285714285714285
ZtzUTVNy_NdVP3I6G6M51taaVcHVbGguuIbzkNmVC4L9,rnrm,4507186995,carry,2044,2,8,5,13256,2690,8855,19,21,18787,11751,193,11,0,58,0,10,4,0.35,0.16666666666666666
_2oKvTLJFTDbwxyBlr0barT6VJL2Q9XrMoKfWBDkfD5o,널조오패겠다,4507186995,carry,2044,8,4,13,14458,3124,6645,56,47,14657,13609,182,6,2,679,5,14,9,0.44680851063829785,0.2
cVoswEI-Ehh2cc2lhiEYgFicKdDiLn9_570EeVkISaxVKIkE5CRHCjaq,설현보다놈현,4510354017,carry,1451,3,8,5,17960,2662,6126,19,5,14946,8461,153,0,0,119,4,10,2,0.4,0.21052631578947367
geegu12i-XePmbvBz18PCe5Co0IkMxvsF4Jh1R-DZ1k8,과잉방어,4510354017,carry,1451,7,3,7,12689,1681,6980,24,1,11901,10371,165,4,1,79,3,11,3,0.3684210526315789,0.15
3gOL03WXdYQ-o2XSkfe2qVsU6l9hEQQ9TnJYFGbgZPmnF9M,Tommy Slug,4286397787,carry,2051,13,10,12,25085,4173,11518,21,39,29472,16196,179,34,0,842,1,8,4,0.5813953488372093,0.2222222222222222
UUtWTafc6UTc8gpQbtcDtZwCAjEsf6VDepdydpsECyf6,루팡핑퐁,4286397787,carry,2051,9,10,14,31341,462,9127,43,40,18844,14646,208,26,13,271,3,14,10,0.5111111111111111,0.23255813953488372
-9e___NdqGFTdWCFYq6Pw1H0K82Wqu2Jay4dSh0f4x0V8MVDJa2wBQUv,유유히8,4279787020,carry,1583,4,7,6,13225,3633,7218,6,1,16130,9093,150,2,0,42,2,4,2,0.5263157894736842,0.21875
5K0QYnNyk9TVLnGMwniLNU2uuMpiAQcKM9laeX1s9SjaDAo,또위게내꼬야,4279787020,carry,1583,8,3,10,27625,2968,8151,17,42,15963,12904,219,12,0,356,1,9,2,0.5625,0.15789473684210525
eYmfSmJk_6gZ5OM5QN7hZg_k0xNz_nTM9QlwceAWEDg,mr현이,4526230791,carry,1883,8,6,10,23008,3022,9237,11,2,17047,13366,162,12,0,40,1,9,2,0.4090909090909091,0.2608695652173913
SYpY5D_f6Tqie1U_GB-yjZyau3ZWkxW_wbvKWk992NaP,LG폰고쳐줄께,4541874960,carry,1809,8,7,11,21345,2428,11142,20,41,21024,12648,174,21,0,824,0,6,4,0.5757575757575758,0.20588235294117646
BcgqSpjD-tAIlpi_ir6kPMomYm2ET5BFl1iBnS7k-zIl,밥도그,4537769899,carry,1469,5,1,7,8718,799,5517,15,4,8080,9610,176,14,5,59,1,7,3,0.375,0.08333333333333333
K1Kn6apQjXCLB1wiiTKAwaG2hKfDbtr-3u1c416iYWWe,금마금마금마,4537769899,carry,1469,2,4,2,8687,1212,8630,14,10,11420,8147,172,8,0,135,0,6,3,0.3333333333333333,0.12121212121212122
9eLWnnv0sOfqeZmGeAlgOQCgy3RaWr1EbgTVDN2AxSGZ,쓰레기치우는당번,4315441647,carry,2099,15,5,4,24979,10205,14806,37,12,30248,19017,246,28,8,90,0,12,10,0.6333333333333333,0.2
hHKe0soS10i_Wck-7Y7PlYM2NJ0_JUgLYVPWoKVlRSW0RrI,챌까지 원딜하암 ,4535455801,carry,1973,4,10,14,19980,3284,20572,13,6,23901,12695,186,16,0,274,0,6,3,0.4186046511627907,0.2777777777777778
MzfPWSFFpVS8n4T74UR7hBD0zNV33_z_0gXZNF4lXlxXxac,비만어린이,4541822403,carry,1836,2,9,8,13722,2554,7304,21,47,20126,9189,160,4,0,683,3,12,3,0.38461538461538464,0.23684210526315788
KxPLgZhtBOxKorlJePfXhbCBOZa_H4DmwiK5Z1NJcTDlPnIZmO_TCTfT,30페이커,4539658045,carry,1689,4,3,3,13667,2432,5180,10,9,11304,10702,212,0,0,89,1,7,1,0.4666666666666667,0.11538461538461539
jE8keMFx4_HOCXt_QO_4P71G5NfnwaHw7Yzw6_6SLf60O1k,너만의 원딜러,4514741241,carry,2372,14,10,14,28886,19438,16431,46,49,31041,15808,152,16,0,229,5,16,9,0.5185185185185185,0.2564102564102564
rfHkCi7-MYw0sovJeiHfOTmUQCmGMYfw5GiJOOeDdppzq9k,딱쑤몬 OwO,4514741241,carry,2372,16,8,8,61070,12205,33134,22,20,41546,21788,296,46,8,644,1,13,4,0.6153846153846154,0.14814814814814814
kpK58X2wjgfPAqzvKdfOK8yCStdvW9Li8Vo1DqaDxu8k24w,01045208061,4510659740,carry,2047,7,3,5,22922,2224,7985,20,5,12000,12711,198,8,0,152,0,9,5,0.42857142857142855,0.10714285714285714
p2BylkOaTw3WPiEps_RS_TdqSQwPukkQImvTHGbPsuCo,미니맵안보는원딜,4510659740,carry,2047,5,7,10,18231,627,12419,18,42,22476,12177,187,23,0,692,2,6,2,0.5357142857142857,0.25
51Ib8jjAwJdSVxXGpe9hDOfxhmLwTdo4kZ0jLMNlzyfp,Pingshope,4503326247,carry,2052,4,9,11,17978,5220,18408,26,16,23976,12222,192,33,3,128,2,11,4,0.3333333333333333,0.24324324324324326
zoFf26l1FMxt_xyGIEMtRn9BFFEjU4Pz71sTjFQELgrA8lI,Galaxy Hunter,4503326247,carry,2052,12,9,12,29507,2905,12026,24,6,24435,16450,182,20,0,207,1,11,3,0.6486486486486487,0.1956521739130435
o9XUtguDGuuKzWh1u8UIB4-MtY0aBQQ_x2w-Y6orlOG8lfU,따스한말한마디,4534877046,carry,1872,7,4,7,17858,3548,7959,20,12,17162,14707,222,18,2,72,2,9,3,0.56,0.14285714285714285
gdFqhjvSSDoKNn_-plHRKMHvTkPj7mdO9aCH7IhAla5m,김해국제공항,4534877046,carry,1872,3,4,8,12980,2709,10179,7,5,12723,11627,171,11,4,241,2,7,0,0.39285714285714285,0.15384615384615385
yY994NLkjPCaKCHyEVFolc_ANBrvpadOAPLOm4U0ggaU,IG Enigma,4540422093,carry,1680,12,8,4,20015,4416,14648,13,6,20283,12750,158,4,0,250,0,9,1,0.6153846153846154,0.20512820512820512
9HEQZ-Vfh0Tuy_P2ZGbfImLUlN4Dqe8PkLci5wlgLSfv1rirxgVyixI9,코프트,4252746946,carry,1728,3,3,5,11976,2135,9206,16,25,10654,10708,166,44,16,189,0,9,3,0.2962962962962963,0.17647058823529413
eLqaHyEF0EiCPK6atzdga5m2SHTVuvw6bMDd9JaRa2DE,멘탈얼음,4252746946,carry,1728,6,3,3,14563,889,7048,23,4,13655,11509,184,2,0,204,1,9,5,0.5294117647058824,0.1111111111111111
FF6_aEoqF9hX5DI-Mp1y3rlUrjPt6cQfKzVvWdgAYqWd,불루베리쥬스,4541793450,carry,2336,6,4,11,16795,8697,13998,25,10,27948,15226,206,41,8,202,3,14,2,0.4358974358974359,0.10810810810810811
X12qA3y0uGhI8zxoCvvjlr1VdkWqY709pwx6qeBWufEv,Be Hoon,4420152817,carry,1983,11,11,6,31087,5762,13499,27,30,29521,14263,198,24,0,143,0,10,2,0.4594594594594595,0.25
KNbb-fWRRWo2Ftn6sRq7UuLbd0vnNtKExwAKQckUAGxywgk,한타공황장애있음,4420152817,carry,1983,12,8,4,27377,3196,12680,13,16,25073,14494,169,24,0,203,1,7,0,0.36363636363636365,0.21621621621621623
Tn3Im9O-1qpBZpYl3rfBDL8XhuBbYT1ISyPbFifuZmTDxJqJ26Na5iAi,난 원거리야,4518440078,carry,2059,10,4,9,40941,2372,8458,35,20,17375,15567,244,48,0,115,0,12,7,0.5428571428571428,0.14814814814814814
fab1UdFz_2C6d9o9JuJKCnNn8yDc3nq8ijie2zi6MX4FWN4,박쭈디,4541541248,carry,2258,4,8,11,21481,6113,15863,33,47,26328,14573,221,20,0,878,2,11,5,0.39473684210526316,0.22857142857142856
n9EuPihfLrullD5DIKhx9vz3DXolIlX_q9Utwn1q8jI,GooDE,4541541248,carry,2258,11,6,19,39882,6693,15929,29,33,28618,18619,265,28,12,189,2,8,5,0.8571428571428571,0.15789473684210525
aBXqXpiY4JnV7D5GGO0vJF6_f7ppaIAIfFBZlYBEGXSo,뮝 뭥,4517131575,carry,1610,4,7,14,13270,3570,7692,30,3,19115,10326,141,4,0,22,4,10,3,0.4864864864864865,0.22580645161290322
ooIg41nndGO-x-gbFUpuxPTpY--r-ASBw1xLSqCAzLBjagc,종원이동헌이트롤,4537439219,carry,1790,10,3,13,36080,3258,11777,22,4,19385,15958,230,31,5,120,2,8,5,0.575,0.17647058823529413
J1nQuCaWtIqd_5YHo3jWfl4FZ1inGWRqS3FWlgZIb5LH,슈포땅콩,4541589150,carry,1806,10,4,7,21018,7509,8414,30,0,18385,13869,217,8,0,0,4,10,4,0.3541666666666667,0.23529411764705882
4fyMGsTrpuxP6-ijs8C-IU6gLpHnRkmA_8Dn4lyGqMOz,T1 bangdy,4541589150,carry,1806,4,7,9,24819,3439,11965,18,56,25948,11504,199,0,0,913,1,9,3,0.7647058823529411,0.14285714285714285
WHI4bLb_kzZTzkZSZNXmU97Ss3PtXuvIorMIrbknOVRu4BeDLl7eisOV,lliilliilililili,4428099261,carry,1393,2,2,5,11883,1387,5774,16,0,15733,7761,172,0,0,1,3,11,4,0.6363636363636364,0.08333333333333333
EuKTyp5_oMffCX3EAayVU0hLhdPrfTWyHT8DHPTVL842,purposeless life,4540195231,carry,1871,3,7,3,17497,1774,14983,24,7,19578,10518,183,20,0,383,3,11,5,0.5,0.19444444444444445
21pO8_tw5UwOhD5ms8q7HHMGutNuHBG-CqNhHcVCgOxnKzc,홍근이,4540195231,carry,1871,9,3,13,21372,3954,8376,31,41,20010,13443,200,24,8,842,2,10,5,0.6111111111111112,0.25
qTznFLOVqbV8jzbXiUwWxafekGZau4uZUfpT7XNWxX1a,특공대 애쉬,4526293185,carry,1295,3,2,7,12646,2881,4645,8,18,9820,8880,135,17,8,107,1,4,2,0.4,0.2
yYxaBn6i1HRDtyezXheTPMqk13XLvnozCQe-gDwzr-6WEZWVX964IWRQ,밥잘사주는예쁜너,4526293185,carry,1295,0,4,1,3280,858,4115,10,1,10739,5439,111,4,0,5,0,7,1,0.1111111111111111,0.16
WYvgGdTzHfsY8EBAvbm2N8i3EbTESf0D9oHmsRLJ2hqUqZs,버스타는 ADC,4541970185,carry,1315,3,6,3,14126,1365,7069,9,2,14798,7593,126,4,0,13,2,5,1,0.6666666666666666,0.18181818181818182
QezD-9tAc2b54z8tSKRCIvXwzOwib7VpwqFDF2GQVK-1T5c,권지용 몸에씀,4541970185,carry,1315,7,1,8,12214,771,4529,3,21,8413,8955,112,16,4,201,0,2,1,0.45454545454545453,0.1111111111111111
kaPP0nD6bFdX0gdXJwxTGrzH8J3Ch9t0TQdqC4acanV8,동대구코로나,4527723939,carry,2021,6,6,5,19684,2320,13743,21,4,17863,12486,192,4,0,168,1,11,3,0.55,0.15384615384615385
L3CAyxjqjlQyi0CYHW35IQ0rweefw8dDGx7Hf5lR_gyx,황태호,4527723939,carry,2021,6,6,10,20733,2584,10716,16,43,25927,13967,204,20,8,773,1,5,2,0.41025641025641024,0.3
P8_XqEID0tzfwc_KbVxVdSrTvGTVcJZiO4ra94ZBZprYNfT7dRXKZdVU,Deftly alpaca,4540917250,carry,1741,12,10,5,23739,5303,12547,13,14,27925,13291,158,8,0,356,0,6,2,0.5862068965517241,0.23255813953488372
tWp50qXX_1moskUnsYAUVM3WkpFwAm2QO51eNs8s_JlqSsg,페카도가즈아,4508129636,carry,1628,21,6,7,44316,4991,15557,9,4,27477,14213,154,4,0,38,2,6,1,0.5185185185185185,0.2727272727272727
EA1MV-k5l-UbUHbpBySoIDPB2W8rtIx9YTggC_3c4Ob-,정호동,4540131406,carry,1799,3,3,15,18679,1151,3617,27,46,10104,9616,140,12,0,633,2,12,2,0.6923076923076923,0.14285714285714285
PByYmeqxsrnlShPNWGWcwMGaFt5eGQ2luRLyJ0BCs9kW5yxN6XjW9Vcq,남자가원하는여자,4391207272,carry,1435,2,10,2,6940,487,5457,5,0,16669,6911,106,0,0,0,0,4,0,0.26666666666666666,0.29411764705882354
RJ1baw4E2wRYmZI4uQdMjVL-4PqnlEEYZd5l-HrfOvXu8dU,수준봐,4390440354,carry,1741,5,7,6,21824,2476,7733,22,22,17276,10933,153,12,0,76,2,10,1,0.44,0.175
Mau0RQ30aHKva64-s-ie69hL5Yz6vJCnknv9c1asfaH7RHGntB10CbT5,종아리짱,4390440354,carry,1741,11,5,16,34484,3903,8018,7,56,22751,14980,220,4,0,884,0,3,0,0.675,0.2
Nvn-2ExKvZH5ws5pf8yL-2flZU-ue8Fc55uWC_kbpOo-Y5GnoN3fiiRe,Guisard,4505329421,carry,1224,9,2,5,9239,1009,2416,9,5,5723,9636,141,0,0,77,0,5,2,0.5,0.18181818181818182
inG45aSe2uOQxXOa4GG0Lvfli4m8GAxFo2U2H0YxyKRxLqA,스마트핑,4505329421,carry,1224,1,5,4,8647,426,3490,10,5,7523,6343,115,4,0,47,0,5,2,0.45454545454545453,0.17857142857142858
Ww_hcKqobpk23rGivTMLHHt3mn_NnXhM-7sFmbR-pLQqKjg,분개하지말자,4419871728,carry,2211,3,9,10,18431,1536,14758,36,7,21568,12107,196,16,8,107,2,14,3,0.41935483870967744,0.1836734693877551
KkUA6wimC-MWXjf5kfMj4yYWy3_HXoKcg9hjXpCYxgBwmAA,다시시작하는원딜,4419871728,carry,2211,20,6,12,45221,9733,31631,23,18,31854,21479,251,36,4,557,0,10,3,0.6530612244897959,0.1935483870967742
XGYf0-jzPajqm2rNEQCQlEM59vQ65q3-rN0-DJ_C4puqsRNJu0DEFUbK,헤르민,4541869752,carry,1583,1,8,2,11910,1703,9253,14,37,21591,7142,149,2,0,585,1,7,2,0.375,0.3333333333333333
OtD0wx8JQ5pAFuuHNt9DSYFB5buNVsWkTrStAUKgAH55zjg,천안사냥개,4497303506,carry,2174,4,9,8,21131,4616,13900,23,2,29218,13604,252,34,0,62,1,10,5,0.4,0.23076923076923078
nIfP-md7ek2wr3gDxPf9u-o8hw-7MC46NbdtqhvFC5id,배방읍총잡이,4497303506,carry,2174,6,7,11,16705,3853,9737,27,7,19807,15075,212,24,0,147,2,10,3,0.4358974358974359,0.23333333333333334
