account_id,summoner_name,match_id,position,playtime,kills,deaths,assists,totalDamageDealtToChampions,totalHeal,damageSelfMitigated,visionScore,timeCCingOthers,totalDamageTaken,goldEarned,totalMinionsKilled,neutralMinionsKilled,neutralMinionsKilledEnemyJungle,totalTimeCrowdControlDealt,visionWardsBoughtInGame,wardsPlaced,wardsKilled,killsRatio,deathsRatio
JNiiU5Ndepgf10y0BkCzFufVOhMFW6lP1wx8WiKC0GnqOUM,우리팀 항상 못함,4548692380,jungle,1930,2,8,7,11013,14834,20844,20,19,33356,9285,31,128,3,328,6,9,3,0.75,0.34782608695652173
LW9KFvHaP6w2jFv8mvTfLJsyjwgHp3dn4bMEI6nfcPvilIi6prihTTu4,sdfkhasdkfja,4548692380,jungle,1930,7,3,8,15015,15119,31771,50,11,30673,13706,41,179,13,540,16,15,10,0.6521739130434783,0.25
WGEQ3PifZ68LR_11_uGnvtH4JfSFXwH6UbpZKvmghPfw-YoTgzDtxEQ-,fast deal,4544493008,jungle,2258,5,9,10,16588,8953,19017,32,32,35224,12532,38,127,11,769,1,1,7,0.5,0.2
0AmivrD8IN29IFyVYm__iyykBfIUFglvWs6uCjnlD791fjA,지 듕 이,4544493008,jungle,2258,17,4,13,35357,27537,42410,46,32,48958,18019,78,120,12,428,10,11,8,0.6818181818181818,0.13333333333333333
yDOuHRY4vB18ZL1Mkh8Jb2Io1qGIH8r6_Y5axuErbldJfVE,OverRunner,4547828866,jungle,1539,5,6,6,11641,8120,15403,26,19,24293,9182,19,101,14,437,1,8,2,0.39285714285714285,0.13953488372093023
W3zjWfdHZyB82XFORm1sPaH2uZHM46BbsrxyixiPZMFMNOw,ConditionBlack,4544185742,jungle,1883,11,0,7,35492,8278,15973,29,5,22646,15940,95,153,33,171,2,5,6,0.42857142857142855,0
hiWvrO6e_OszTLHSP-2ZIPTQwsg5ubXdyqrHjL0TYz6CT2xDaVr5vSbD,연천 마풍강,4544185742,jungle,1883,5,10,8,24801,12479,19196,23,27,38139,10483,62,73,0,414,3,5,4,0.6842105263157895,0.23809523809523808
foqh6CdEsv8fhDrb44_nUMrHLx0umFBpMYkrqbYjKAugZLDYrikYYIR5,Dream boy1,4541495340,jungle,2382,21,12,7,57176,14553,41569,38,40,42990,22893,77,241,49,525,2,5,10,0.6086956521739131,0.24489795918367346
d65Y8tEXItWaYkOnwEt10rAynDNE0kjZ-4kegPjDNWtG,저정도,4546903145,jungle,1455,5,3,6,9663,5623,8341,11,21,13962,9668,29,110,1,378,1,3,0,0.4782608695652174,0.13636363636363635
C37b7MqsaY4u-c9zYbIbfK57GHSFxoqDOik_6dGDH9OHkqc,우빈이 와쩌염,4540087419,jungle,1347,2,5,2,5001,11969,10698,18,9,23115,6543,31,80,0,328,4,5,3,0.3076923076923077,0.1388888888888889
l-fO_z-twAZxtWphU87SJ2Y5wjOvd1qSo0dNatQXf_pS2MNd33ys0z3C,부진도파곤곤래요,4540087419,jungle,1347,6,4,10,8921,5598,14705,23,10,18871,9912,13,128,17,267,7,11,2,0.4444444444444444,0.3076923076923077
41z697VsVZW9upN0adp0lAj-pMAyGvA-P9ydfMT9iamYRdw,백정송재훈,4521070593,jungle,1221,8,0,6,10711,16181,13717,15,19,21796,10641,34,133,21,240,3,4,2,0.6363636363636364,0
KcuOkTSkVHEUBuDLnJJMv3LfPRkCvb1ecjvEJAJvb8J1tLU,엽이에요,4548648191,jungle,1710,6,11,6,12811,11194,20098,15,150,31900,12065,48,131,0,568,3,2,1,0.75,0.2972972972972973
SqK5c5rVoOfOJmMeGWfVh7ne18LCI14H7SC6HJ1XUSSLin4,찬웁니다,4548648191,jungle,1710,8,3,14,17545,13447,33056,20,26,27575,12404,24,128,0,413,4,3,4,0.5945945945945946,0.1875
eWUV7N22Jc51wCDPH7H0RnyTsfd-fkosa3ipoyJ1w-vt5X2AP_0NopxD,몰라요한국어,4525917747,jungle,1865,11,2,11,17975,9503,19776,32,22,26450,12978,16,128,20,328,11,19,5,0.7857142857142857,0.15384615384615385
VpGyt2qGxBiqnPkM8x2GZ7Ds2Vvvrsy6_yqxoyxuRsop,강원도감자칩,4548268079,jungle,2160,6,7,15,19719,41580,39569,26,45,53648,14413,32,156,12,488,3,5,5,0.6176470588235294,0.2692307692307692
M9W3y1UqaobyvRHCY94FlOM7LVyH-8c_OzWUc_14bTcBZSU,인간넥서스장유상,4548268079,jungle,2160,2,4,11,11637,11296,43726,40,17,34029,11588,53,104,0,293,6,5,7,0.5,0.11764705882352941
NLzOXjFy8xBOdQuj1LCa1HmcS5GaWkIp4wJ6gT91AI2J,평가팀,4547333410,jungle,1694,5,2,13,12780,8411,23376,30,15,24646,11752,21,160,37,272,8,16,2,0.5625,0.1
YdL0e1d9v8xIGi0taLNallPgqrjyoBovI90D4WVTYz3Z,wo ai ni ram,4547333410,jungle,1694,7,9,7,25658,14718,24978,19,21,37451,11169,67,110,9,448,2,5,3,0.7,0.28125
BVCQ_ZRlBiQZns1yYnOUXL9yc-JlPZT9OK3oYqjEr7HT6TU,drk4ce,4548609846,jungle,1975,7,7,11,19104,11655,18543,30,10,31827,13330,37,167,16,229,6,8,3,0.5454545454545454,0.28
ZtRS6PzMrztEiMhrVppIdvNS8iepafHnruM6gyu-ByY6IOg,장재백,4547980383,jungle,1903,5,4,4,13691,8320,17976,29,27,24004,11363,44,155,8,680,4,5,3,0.391304347826087,0.15384615384615385
LDmE9otEGLS1UIO7_tDvoKa_24h6-RktVFgZEK-ASw2r,HooDoo,4547980383,jungle,1903,13,3,5,26527,22366,26213,25,14,35870,15837,63,159,9,470,3,5,4,0.6923076923076923,0.13043478260869565
mHXcu-XdzdGZSRYpOUoet73KvqH3BP4BMFSQAGHKa-ll,강한 티모,4548740831,jungle,1358,1,4,1,2426,5854,8634,8,4,16332,6354,30,82,0,114,0,4,1,0.2,0.12903225806451613
UPCIeOuRXsoCJLRKeoe-ieZetm77vJoeUWGDV43Mk5dmm-k,너진짜싫당,4547161881,jungle,1780,6,6,16,10341,9775,33247,25,20,31514,11487,27,107,15,326,1,5,5,0.55,0.2727272727272727
kPjHLls8UEo3WMHKXSuCQfPt70gPYjqYfeCcq94NkBsI,응빵빵용,4547161881,jungle,1780,7,9,5,18373,12565,17237,26,7,32523,10683,9,141,29,78,3,3,2,0.5454545454545454,0.225
4qlM5GmNAbPl8HzN-3pU8c8e4aWiJm2WovoKNMJ3diHF,황채욱,4541442017,jungle,2123,10,5,13,24727,11318,57986,34,26,34818,14740,32,114,3,405,9,17,2,0.4107142857142857,0.125
fDqlzqFeMuDDHj2HxAn1bUSs7_Kyya4Snlb3JRUN_iBa,경력만 뽑으면,4509581615,jungle,1216,4,1,4,5318,7141,7123,14,4,14176,7562,5,106,29,257,3,4,0,0.2857142857142857,0.09090909090909091
ZGxcPIvCweEHjqXaf7F78RUpNK7nj2mOTuOHiEDtCApS,원딜입털면달린다,4546363771,jungle,1288,9,2,6,10778,6449,5539,27,17,12726,9839,11,99,4,133,5,5,4,0.4166666666666667,0.13333333333333333
-QskOsVL131qackrzpXoOC3PIuBvbjsfApdWkijNWsq1gDvXp6zYPVz2,엄축학개론,4535331398,jungle,2010,11,8,11,26214,7419,22474,39,6,30924,14095,68,144,21,149,2,13,5,0.6285714285714286,0.2222222222222222
09a_NN9VlFIRphs6_AuUb7QMA8w88OfrrB08BR7g6iAAupA,정술램프,4535331398,jungle,2010,11,6,8,13469,7527,29608,17,18,33652,14077,47,128,16,270,2,12,2,0.5277777777777778,0.17142857142857143
08sYMG1WCbWXMPUiQhW4Uq-NL1q0jQgzoyMu5Cy3xQxl,돈좀줍쇼,4498595734,jungle,1604,0,3,11,10062,5967,7249,38,13,17979,7572,15,95,14,178,3,10,5,0.39285714285714285,0.14285714285714285
F26l_tQwn1n0osywhEaPCFY3vFlUflca-IhVmBn2M_5f,애비 파라무그손,4498595734,jungle,1604,5,6,4,12558,12787,15017,17,17,31091,8411,10,85,0,252,6,8,0,0.42857142857142855,0.21428571428571427
zV_fv7atQvllMA_91FeTLuTZdqdG-_9hrtGpdx0SkWsnl_9DuMqKUZUg,고립 fan,4547231597,jungle,1363,7,0,12,12899,6375,6314,14,17,15841,9675,20,86,11,147,2,5,1,0.6333333333333333,0
QE-r4lMSfE-AdOQlpX0-ybu7u8GecmuYO5p8Vul2QgJh,인간시절압둘알리,4547231597,jungle,1363,0,5,4,5577,18387,14250,14,24,25288,5915,18,96,4,275,2,4,3,0.5,0.16666666666666666
egCbmbxYNTRTF5dhMf-_0qwIW5jewgOS_M3VTYoV31C8i36gSqqJgt49,장안동 원더우먼,4540861311,jungle,1206,4,1,3,5352,14836,13254,23,10,22803,8294,7,136,13,196,1,2,1,0.2692307692307692,0.2
Ox1hL6Uoihd7RPknZ2ZAGNjk0tVSfqTVVIw-dwAA4wWr,송파동머신,4516680344,jungle,1575,8,2,9,11105,6324,17225,24,22,16561,11925,71,107,12,239,1,9,1,0.4594594594594595,0.14285714285714285
_FPOVExPlZgRzgNTMoi9WDwDJj4sZ2ZmlL6WI8YOP7vd5n4,포식자 루시안,4536830885,jungle,2305,4,4,7,16787,25455,36780,35,23,41845,14173,70,174,11,262,7,6,10,0.44,0.21052631578947367
sZSVfulOHyuYfGs-KomjDFCZ2yqc-2qBIn85QZfWiz5SYOI,Season Ten Dia,4442720309,jungle,1742,2,6,8,5564,7580,25713,38,14,25792,8118,19,95,0,252,5,7,11,0.8333333333333334,0.25
Oxp6UJWxMBmt1MMeAQ-MfI1Ol8VB5YFTVtWqzdxW9sWWwOc2tyABNmSl,텰보티모,4442720309,jungle,1742,3,2,5,6587,7611,13762,31,11,21414,9785,39,126,14,230,6,6,4,0.3333333333333333,0.16666666666666666
WAo0GIZUYaFgYpQEj3LAUR2Ibezl3Tk-34rkclPRjRvH0CVconc6h2EE,tjdgwo2,4514604621,jungle,1617,0,4,15,5530,3534,7968,23,28,10719,8456,21,92,4,207,5,6,4,0.5555555555555556,0.14285714285714285
0cB8OzF5Hk9X2Uz3kh79PesduEM_8K7TI_E7g55GJKNd22Q,공상과학뉴스,4514604621,jungle,1617,13,4,5,18221,6089,13072,15,19,22238,11213,35,80,8,129,3,3,3,0.6428571428571429,0.14814814814814814
ra72g2A3OvViLpoyiJXfNmV_zEqNfG5LgqExYwB6pd0OXGTJfDVnQtWH,keleking,4524537903,jungle,1255,2,3,5,8339,6747,8898,28,9,15285,7225,11,105,12,233,2,8,4,0.2916666666666667,0.15789473684210525
VmqvHmqkV-dnXnD3PWSVDPLQmWvfIF6jYJuUIeJZwPb4YZvN8F8QzgFc,폐급데학생,4524537903,jungle,1255,5,5,5,8091,4568,13700,21,13,18345,7747,21,83,3,267,8,11,4,0.5263157894736842,0.20833333333333334
0C3QV_uQQrpVIKxVTJktm25ghNrKflbKnvsO4Pjj_IwJL4R1gAK2O7Z7,킹 종 민1,4547141332,jungle,2236,6,7,15,17716,11466,33935,33,24,41173,11820,38,97,4,432,9,16,9,0.5,0.3333333333333333
ijJQLQ0B28g64qKqk6Lz52_tPycOli1g_CpFSsdpZu-1VUE,불좀꺼주세요,4547141332,jungle,2236,1,12,4,11368,8241,38776,30,23,40148,9568,29,111,4,234,8,12,5,0.23809523809523808,0.2857142857142857
sj51N_UzJXOIX-2AEGKvHDAQAjsvfYZ-VeWEwnQkB4BH,3대500의호흡,4510696382,jungle,1613,8,1,20,15188,15958,23062,26,20,29130,12089,37,115,1,399,4,7,4,0.7777777777777778,0.05555555555555555
RHhixpD6jL8T6fZZoTXDpoWtrbYyGUKiOY3LO3EvFVSAfnLI4uDJo1lh,정신고통심한게임,4510696382,jungle,1613,5,9,4,12754,12128,17116,36,33,28703,9282,42,98,8,483,3,4,2,0.5,0.25
ZNERSXlF9whmybE-F3YSbGVS01wK7fFAJmMOWQMowamx,라마마 봇,4508703189,jungle,2267,5,8,16,22898,26231,49859,32,32,56006,12875,55,124,10,510,12,14,2,0.5,0.23529411764705882
FrQMNPq2TMplhEHh_dRXC09gQfiOgfgH49hH9IlfpIoM,로즈쨩,4508703189,jungle,2267,12,6,7,17530,9890,41130,43,17,40404,14595,43,159,4,378,7,16,12,0.5588235294117647,0.14285714285714285
ZiVdZb-p-pe11lv8fudfqI5mtad4iNBBIoenT0k6KsKmBYA,이기고싶은사람임,4527311285,jungle,1465,2,7,5,12777,6033,7091,15,14,18598,8016,62,86,0,193,0,7,2,0.5833333333333334,0.28
fGkCVNb_4WUCiDB7U4nO4TbvZfIWX6a2zuWXw2mbMXMS5rnRba6uljNp,안리나베,4527311285,jungle,1465,6,2,6,8626,10994,10609,20,6,20755,10057,32,127,23,227,5,6,5,0.48,0.16666666666666666
YnkA6vUER6i2cHMeit3RP5QQ1JpstgtbY67DcBX29TID,정글러 상현,4545798613,jungle,1869,2,3,16,8202,20818,32998,36,29,33239,11029,25,115,12,735,9,11,5,0.5142857142857142,0.125
bLXtXKjnGnAQeGZRxPwMPI7ihQL64wjYBXj-hAPLVDyzfWg,호랑랑,4545798613,jungle,1869,0,10,10,9649,14894,17583,23,17,33131,8786,30,103,3,301,0,10,6,0.4166666666666667,0.2857142857142857
2f5IfSceiBCQbhLm07iVB4-BGFcK2URfd80MoVMRic3g,연립방정식,4547664340,jungle,1801,7,5,11,16681,5936,11298,40,18,19762,11229,17,122,10,159,5,7,8,0.6,0.4166666666666667
OcHE8KHeiaWVsFms5O7LO4SX6jXlOBOpsA7FfefKHFjaTEteNlnubHFR,하마 엉덩이,4515405111,jungle,2123,8,7,9,12762,15093,21679,23,27,37878,12710,37,118,8,248,2,10,1,0.4857142857142857,0.19444444444444445
K9Ke5fnDWOv7vt4CHcD8wguPyHVmgs6nvmtshym1thh7K8snUurYhxqm,MISTHY TV,4397558051,jungle,1769,5,6,9,15284,11894,22499,39,6,34977,11186,19,152,12,149,3,14,7,0.4666666666666667,0.25
mZijJ1bwSoNI1cuSuW7cTQsSxsfatt6chs6gGtsXR2ivKrA,im feel blue,4397558051,jungle,1769,6,7,9,20229,13949,18491,40,6,33382,10759,46,154,8,231,5,7,10,0.625,0.23333333333333334
1pEtVuBYmqlU2vmgQBYTJ5Qod4xMuKklZuoHkUkk5zN3fn0,절전모드,4220895228,jungle,1802,6,1,7,9321,9169,8636,32,13,17198,11516,23,137,4,183,6,8,7,0.5909090909090909,0.09090909090909091
3dGk0e0SmWp29r80ZRkILW8DE8Xf6d_geSkqxZVp92_B,욕설첼린저,4539191607,jungle,1354,6,5,7,14013,4816,11203,22,21,20588,7640,27,68,0,366,7,11,0,0.7222222222222222,0.1724137931034483
Lv9kte6VyHwitWlYzhkQjvpNZhzQFV-th1xib2zvY8zAQtQ,뽀로로 똥냄새,4539191607,jungle,1354,5,3,8,12964,12523,13983,15,23,23532,9091,36,104,17,313,0,5,3,0.4482758620689655,0.16666666666666666
jV56qakeFTl9_Heo7lkOZhHWQi1AMXwb7T7ClykHBqU4ICw,빛의베인충,4547988453,jungle,1920,12,6,7,17967,17309,29095,43,20,39589,14170,30,148,16,230,11,20,3,0.5588235294117647,0.2857142857142857
XQAO-_TT9Ao5JGCzJEfvYuQsqn8MXxB4RCgM-ck4QfRt,한창멋질나이,4547988453,jungle,1920,10,8,5,20345,10405,19244,27,183,32233,12853,16,134,7,538,5,12,4,0.7142857142857143,0.23529411764705882
Cn4rVMUuQxln41JvrWLwXGYZOOHsW1nZ1jHa25msR8svXUv9h6ZjQ9KM,주상월상인대손상,4541757802,jungle,2171,8,5,15,22449,19725,26831,36,291,37118,14342,60,132,1,774,4,8,10,0.5476190476190477,0.16129032258064516
Y_Wd1PeHGPQ0xDR9tqG3oc23qmAOgmr2OXg6YId0yidR,환 생,4541757802,jungle,2171,5,5,9,12403,9883,43735,32,27,36067,13328,55,169,10,365,2,4,7,0.45161290322580644,0.11627906976744186
Jqq4mj4QXwh-G1XZbR08xIwlKJ-K0hFfgfo7T4HLeoXKZEE,그대가원하는정글,4524379326,jungle,1888,16,2,8,17274,12013,57546,17,46,30566,16623,44,177,37,713,2,2,1,0.4444444444444444,0.058823529411764705
xNorHAK7hVO7m8ySewZMq3jXq1xg7BzJpz6ZSWw3nKuEiwE,소울모모,4524379326,jungle,1888,8,14,6,31460,12223,12601,16,15,39162,12578,53,108,9,153,3,9,0,0.4117647058823529,0.25925925925925924
AuCy44zXVArnxwA_gDO8guAtaajwIjyy3s2xtUQV2p4oV04eg6vLHKcQ,고추멸치김밥,4431918215,jungle,1768,4,7,4,15414,5870,10856,31,27,23587,9051,24,105,0,145,2,3,5,0.42105263157894735,0.16279069767441862
a26LvKRiIcNFGAYYQq4_bl7ISJwuuJd4v8loXy5N77siPF4,참된정글러,4510814200,jungle,1698,1,4,11,7364,35486,17463,18,22,23632,9942,57,126,19,416,4,5,5,0.4444444444444444,0.23529411764705882
jME3m7lYpratqVKeWHYfvYWmQ2-Ec0YSwTCHXLMS2Jo,PeleN,4510814200,jungle,1698,4,4,4,11216,19259,14911,34,3,26458,9827,21,143,19,99,3,5,7,0.47058823529411764,0.14814814814814814
8Deasc7vBeUqN-p5kcf5aHKigIndwxGrs-OQgW7zPEet,청계산출구,4523550976,jungle,2442,2,4,13,12390,15329,18080,37,20,32509,12208,27,134,21,499,11,15,6,0.625,0.19047619047619047
LfC53P255Bmfd7R9D6oP9FRKeGnEEELNrsyc1Kvj26vjSxI,덜익은 안성탕면,4523550976,jungle,2442,2,5,9,8721,16480,17077,56,12,29028,11611,36,143,7,240,13,21,6,0.5238095238095238,0.20833333333333334
NzL-4CAlLKSVSuKnFqg4EH3_2kaLSNLf9DNXpL3tZaZavbk,IlIlIIIIlIllII,4379201820,jungle,2156,4,12,12,11778,8271,15152,39,18,28764,11599,38,105,2,170,6,7,6,0.43243243243243246,0.3870967741935484
YZGC08n10M_SAIx-Uh749XUR-cYxaoPjtxvt181yP-b4hhs,Just Kick,4537554099,jungle,2074,12,5,21,41230,18197,17650,22,26,34806,16197,82,159,8,262,3,3,6,0.7674418604651163,0.1388888888888889
r4za_akTnyn29rErITIn-wMrC0O3FvmfTGMyeN0THPsarIk,정글고 무빙선생,4537554099,jungle,2074,6,10,3,14764,8244,13427,29,19,31112,13573,45,172,17,734,0,6,4,0.25,0.23255813953488372
Q-VAg86kXgtZY5xSQ6k4Jkd0y7Dsqonsrhhk0ERX427Y418,동하아빠 최락원,4547086213,jungle,1428,8,5,5,7233,7906,17854,12,11,22504,9919,11,89,7,397,5,10,0,0.6190476190476191,0.20833333333333334
X8kzQdN6uU5MhOaln9r7CHLfjpgjvZZ9b0eVn-GB0tXdq_4tAwEQH71a,정글욕하면탈모옴,4547086213,jungle,1428,8,7,5,15660,7125,9095,30,29,21884,9347,14,111,21,128,8,8,5,0.5416666666666666,0.3181818181818182
u7BcdI7Zovk8F-ZBq3HHfbP0Yj5zk5kDT8Ge__66VuI,Arcabanzel,4547148265,jungle,1900,5,6,15,20030,17730,45681,38,43,42271,10258,31,107,4,536,5,9,8,0.8,0.15384615384615385
PgbRb09nKZY0x-o3EquQC3gua7CTJOblF84RDAF7UOcK,남원781,4537778587,jungle,1770,6,6,6,14143,15789,27198,45,83,45155,10597,38,121,7,797,13,24,4,0.34285714285714286,0.20689655172413793
AqhnHAQKQ2TnDRzgkAUTKAIkj9kL0CeE5xlGxNcqQnfvsJE,비둘기발러,4537778587,jungle,1770,5,6,13,14984,26785,32033,24,36,36536,9381,34,76,1,327,4,11,5,0.6428571428571429,0.17142857142857143
eWoLIz0r42Bxo7p2dsQVqeTSNnWr9ojD9mnbhJLm7xS_,파스쿠지,4499716292,jungle,1802,10,4,11,19337,16512,11150,28,2,27617,13467,55,101,15,107,7,6,3,0.5526315789473685,0.13333333333333333
Vc2nMxA2XycMjlOghTT8_Z2vASbft4SxYs9baM2KdZJ6vT0,삼삼오오아이들은,4547135400,jungle,1797,9,3,12,12178,28021,31397,25,22,42405,12752,33,142,3,305,2,4,6,0.5675675675675675,0.21428571428571427
rola6-3eAegxRWnp11LqrD6VZZU5bJQ5MI4m-ShgRmZB,엘포코,4547135400,jungle,1797,5,8,6,9762,5969,24755,19,16,27927,10178,10,123,3,418,3,10,0,0.7857142857142857,0.21621621621621623
qb4UFatMspjZkoMnpvV-hMMVf5xTK2nZph7Htz1FxNoj,나믿고 들어와라,4548513775,jungle,1836,7,1,23,16261,8503,34818,46,25,31199,12805,26,161,23,690,1,3,6,0.7142857142857143,0.05263157894736842
0-TpfJEdsG3bctLup0l1U4gUIKWZg1z-kxofHCk7MLpY,윤곽이,4543229287,jungle,1539,7,3,10,11411,8648,15685,20,20,20224,10373,31,94,10,369,6,5,1,0.4722222222222222,0.21428571428571427
UffYyoGrAb1-cBUkyyx9uUZEZZJCFQ-sV22U5XY7WhrPiXG2RuPB1f8M,봉인의유물,4325749295,jungle,2026,4,6,9,10633,9999,28870,30,16,32364,11292,38,135,10,409,5,12,8,0.48148148148148145,0.3
2GEqLmf_NDd6_bisMH9l5HTGKwX2OI523pS-tnyMWyZo,수련중입니다,4325749295,jungle,2026,2,8,11,10945,11188,17515,40,22,29667,11322,51,98,0,262,7,8,12,0.65,0.2962962962962963
CRmiM1dstwM7WRld_YwwE2WgGLyAEKppcwPGsMGhotui,yurifocus,4399610489,jungle,2107,4,4,14,17306,6568,27125,33,22,24332,12833,51,128,8,402,6,14,6,0.6206896551724138,0.11428571428571428
xY0iHkLMd88P3qx-7fITEB7QluRgGzhUWCF0nmXy6T6j2BofIv_1XegQ,김종갓,4325336530,jungle,1974,5,9,10,17623,7680,45898,32,29,38514,11203,52,117,32,295,3,4,9,0.38461538461538464,0.21428571428571427
RR28pF6mnlhR2Th2MlQIHWDz7SJwz6qhPQovjr2mEU7Er_I,우호짜응,4548734679,jungle,1213,1,6,5,6210,6960,9224,22,5,20370,6271,40,62,0,200,3,9,2,0.4,0.24
5SMBAEO_kbuyoI_kjZVHheaEIiQ9kP0ffT7bakq75phk,MOTP,4548734679,jungle,1213,14,5,4,22391,8074,7231,10,15,17777,11612,57,106,20,197,0,2,1,0.72,0.3333333333333333
UYrTNl-H-i6yNEhOPRzC4YtZ5XcZR_17Fd7pcrxBSC9F,BonBon,4544259025,jungle,1793,4,7,8,13993,11382,13403,26,158,28612,10010,21,109,4,525,3,11,4,0.6666666666666666,0.21875
FR7fYBgOQeoumMRGQ-BQ6dafF6GWOZfa7_nOv9Sfxz5f_AxMX3B2QTLU,후이이잇,4426111605,jungle,1493,1,6,2,3367,6229,25207,9,7,25857,7648,35,120,0,441,6,8,1,0.3,0.25
lxTv3lEQbiuKVR4iYlHeYMYlbhwPY5tvM2aGJi-KY0Qv,hisue,4548710333,jungle,1660,5,1,16,14306,14206,25984,38,31,31717,11021,23,121,11,378,4,11,5,0.7,0.04
BA550-ijVb50F2yNg70VLstosBnpq29sUqPc-lmsCYNkkJs,SMart닝구,4546069819,jungle,2250,12,6,19,45689,12372,13458,39,25,31990,17250,48,210,2,228,5,16,6,0.6739130434782609,0.20689655172413793
DX6Q69vtYKu1-A-QOpzVAen4hu9MP9_Ww6tL_642XZAgBONCSLMos1zD,장미 꽃 유미,4548506227,jungle,1721,9,5,10,19719,16242,18454,14,170,34229,12061,14,148,4,543,1,9,0,0.3958333333333333,0.16129032258064516
5sYOjUwPsjjgYA1nfPzK10ytXtHstWYPDISRAuAO2xb7,관악산타란튤라,4500287303,jungle,1915,6,9,6,15847,7032,10307,18,26,27196,10970,25,99,2,129,1,3,3,0.631578947368421,0.2727272727272727
vHmWrexz84alZqSnDtidpCfM0jMQtX_e0GnYOEcSDqA10i4,귀욤제리,4500287303,jungle,1915,6,4,8,13404,16136,17264,37,164,27207,12468,58,160,26,490,6,11,7,0.42424242424242425,0.21052631578947367
SidFPaeYXWg2ULVuFKDCo90W0rPE6Ac61nktwxLoRcLy,메타메타메타모옹,4543325574,jungle,2335,12,8,12,44692,28722,53276,26,46,57554,17042,50,178,21,604,5,5,4,0.7272727272727273,0.17777777777777778
J44gnDBIePcpckK3gAe8iVghP6HeKdc5fm-xbsEC0fgEM84,xmlk,4547535484,jungle,1215,2,1,6,3618,4754,10301,20,8,14564,6535,12,88,0,351,6,9,3,0.27586206896551724,0.16666666666666666
4aKCkC8Nm9QS89duEN8PJ5FRkq5WVHmWAU9D7on6lYt7,멘탈붕괴이커,4547535484,jungle,1215,0,7,2,6681,3423,17031,13,21,16564,5015,13,72,0,262,1,3,2,0.3333333333333333,0.2413793103448276
hJWQMTPduCIzCgcTZbwtGuC5Nk1HeO2Zocbd0Bibcm-5YW4,학술정보,4547014974,jungle,1433,0,7,16,6321,12628,16865,20,24,28774,8232,22,96,6,327,2,3,3,0.5,0.35
0DX24LdUZ14NmODQokuzfUm3KV7irCHu5LswUjA2H3PBygM,곽승엽,4547014974,jungle,1433,8,7,8,14180,5369,16988,21,21,25175,12003,21,131,28,340,10,13,4,0.8421052631578947,0.21875
Kbq4x7yAFBy0jgsz54Aj7tI7qS4fGGsIefAFqUaY2z2Duk627LX9e0jz,fen디,4516705668,jungle,1235,2,6,4,7485,5835,9561,18,4,18173,6677,6,104,4,243,1,7,2,0.3333333333333333,0.21428571428571427
6lgW3gHLQNTdekCVLoX-p9TzRgV0XoffhrSKRWIusDdt,용은자연의것,4449344527,jungle,1757,2,5,4,6588,8656,15687,17,7,25995,8525,45,101,0,153,1,2,4,0.3157894736842105,0.18518518518518517
DS7BJ4w1Mz6ueMlJOjO8Qg77-Nrt_Oi88ir_Kz4vGL0L,국내산폭격기,4449344527,jungle,1757,4,2,12,8888,8298,28398,36,10,23121,11512,43,143,15,534,4,6,9,0.5925925925925926,0.10526315789473684
3Rsv-lDCF8LlSeaTJbyLPQHEuhSP4g4zMZKdh18NLbzL,깔깔태연,4502557885,jungle,1340,5,10,7,12880,3760,16028,7,25,19030,7988,23,70,0,260,1,2,0,0.8571428571428571,0.29411764705882354
2n5GforEkDBfV-KvbAQpz2yvV5j8ZQ3vzR9msQN2snrYoZE,영혼의 꽃 제드,4502557885,jungle,1340,13,4,4,14377,10032,12332,14,1,21688,11308,18,113,7,84,0,5,0,0.5,0.2857142857142857
jjiQFaMLyKY_rXNFFP7on3SivC1JjJ2xV9mMo2Qnv_0pgmlozfz2aoyY,BAEKSPOON,4544635623,jungle,1599,14,7,5,22172,16491,17892,27,21,33168,14397,44,118,4,390,2,3,5,0.8260869565217391,0.175
vGztUm2JYvB9TEYZK9rSw5ArIhW-Hhq7_vWWOjEK00mUeh8,월 떡,4544635623,jungle,1599,6,8,7,15752,12248,12779,18,179,28678,11356,40,112,0,464,1,7,3,0.325,0.34782608695652173
A74zyijv3qFOicWaF3B155qPgQuTQqibZ7q2jc4pOEJrsoU2EmrKeV6B,사랑도,4548609499,jungle,2248,9,12,16,29887,14286,79263,30,52,63585,13611,48,81,0,369,7,8,3,0.7142857142857143,0.19672131147540983
E6mduPEWNBoJsRC64Ub6gO_bFKUpz3YBrdCrR4MiIJ4ePOzYWp3HRXzV,백 정 만 세,4548609499,jungle,2248,10,5,25,41470,36737,49275,12,37,62854,16769,92,164,41,616,1,2,4,0.5737704918032787,0.14285714285714285
nEKn9adOjf0ymnkxmijIXtTkYYIJMVQF9mZSdPpuTAL2,최태윤,4527584058,jungle,2355,5,13,9,23075,23090,37982,32,24,58688,14294,62,152,9,510,2,3,8,0.358974358974359,0.3170731707317073
d2zMAqB7ZJpcAyWYAEEgo6Llvjnr5342aNa1XwGbQSx-,we xo dia,4525629794,jungle,1958,11,4,11,19937,9075,34417,34,18,29805,14729,42,163,0,315,9,17,3,0.6111111111111112,0.18181818181818182
DPwkvp7ISdWJYbVp3Rj4aTfWA4PPWOel0hWLcjfSL0G0NoAr3RzkvdTS,calmPlz,4525629794,jungle,1958,6,4,8,25628,8746,14609,15,34,26918,10976,29,117,0,857,1,2,6,0.6363636363636364,0.1111111111111111
OFtikK_r7taUcHj7J57K481BE8l-dKf0fXfcy1QqqaR2v5Y,작은케인이야기,4538576445,jungle,1689,8,5,7,19039,10002,28547,36,27,32362,12740,49,133,25,285,2,9,5,0.4411764705882353,0.29411764705882354
OoFNc-1iYq7SS0bcKYUDxBzP6tkXdNwHhgsFDGeseJ3G,llzx235,4527076529,jungle,2318,11,7,7,20622,8636,52956,35,41,29809,16465,57,185,17,296,3,2,9,0.75,0.1794871794871795
oXTA7ld8XPKV4pbRPX3mos5_iSQWR6lLOvSZuRlNmt-cdPs,다딱이 현솔,4527076529,jungle,2318,5,4,23,15665,11583,42961,22,24,35346,14272,44,161,8,500,4,11,0,0.717948717948718,0.16666666666666666
_Ut3TjuuEZzn-jS0HULkUf7mjN5-6Z3nbYHbiM1X38MZ_MU,일심백천만,4522492770,jungle,1885,3,11,13,13139,8191,31979,24,23,35907,9377,16,109,4,423,7,20,2,0.5517241379310345,0.275
ripDHdZQKDSbKYoKQVD9JWmUTf2i5vixczv9Kd14WMviGbvCdOAoETyZ,롤만할줄아는사람,4522492770,jungle,1885,13,3,8,26362,10163,14660,32,22,22683,14585,76,136,16,350,1,2,10,0.525,0.1
hEsFuUxwJsNms1qBl79As6t3cINL8_n8XoDR9MJXMBvw,다 부,4537912045,jungle,1666,5,6,17,11422,6268,26033,24,24,26289,10320,9,89,13,220,6,7,3,0.6666666666666666,0.21428571428571427
uP4V7qxVEdWnd0Qxt-MTyImLOLzNIX2zJhDaUGkuruDC1pQ,Talgu,4537912045,jungle,1666,2,7,11,9796,18524,19439,17,34,32068,8230,21,74,0,279,3,3,4,0.4642857142857143,0.21212121212121213
gs2jzTlA3KYRbVkt0GaZmQRJryjDrve8ke_4c5TBcJWJ,판소리,4546454266,jungle,2641,0,11,6,11908,18354,25475,41,4,45261,13695,106,183,27,183,5,8,11,0.17142857142857143,0.2391304347826087
fQr7yqTVxt5T7gZ0CR4HicHdRFwIKSQfGLanR7I7YyWgqD2frDOSuAx9,걸레 김상도,4546454266,jungle,2641,13,5,22,26785,14951,58240,50,23,50283,17557,40,156,10,474,12,24,6,0.7608695652173914,0.14285714285714285
2F2GZgJlioWGae4iD9KVm7avWtIk9TSH7vREYfWAzxXXukohMBwwPDA-,쌀쌀한,4545065128,jungle,1292,3,4,5,7034,17470,12409,19,24,18787,6570,22,73,0,304,4,5,1,0.6153846153846154,0.15384615384615385
KcqZvQ5DIcZxindB_J80pugL7_KAWbOU00csWXqBE26o,Kings Road,4545065128,jungle,1292,9,1,7,10022,6406,17051,18,20,16678,10044,29,98,2,167,2,4,3,0.6153846153846154,0.07692307692307693
hgzRxn-s_J_AUuuEKg6qw1Ub-TpvYIjLER74WQ87I8Ha,나좀키워줘봐,4466159552,jungle,2344,13,9,12,31937,12236,21309,19,12,36840,16134,35,194,17,402,4,4,1,0.5208333333333334,0.23684210526315788
5j8hS2rujCmslBzAB094v_ay8RW1Le1jYHHFvvNfKjXJ,초록응가,4518341113,jungle,1544,3,7,6,17213,12326,12737,24,44,24399,9067,53,106,25,626,2,2,2,0.45,0.1891891891891892
7dlRkHOXbVcrJTr2VtflvgN9MRFf8zzzRMr33nAXosXP62PFg8yXH33T,ch224567,4539024076,jungle,1561,12,6,13,27373,9955,19522,32,23,23623,13560,26,147,29,320,4,5,6,0.7575757575757576,0.3
wZDEb8XO-8nz6I--YEGysTd0j9wjAsTDtumfWCE4CtIBvaI,JGKyun,4508712727,jungle,1361,3,0,5,6335,6427,8584,24,4,14853,8029,10,115,1,421,6,7,2,0.26666666666666666,0
QIVRneSxfyBKVbd5wZsZlBLTuivp91Z9sh_RBH_CbGOzYAA,이주렐라,4508712727,jungle,1361,2,3,4,4554,8737,11716,17,17,18962,6080,22,76,0,241,2,4,2,0.75,0.0967741935483871
Ltv419MkDeIHm_OXHwvHLe6Nzn3b8D_CPXUMp5BXD79OK0Y,건방진사라다,4547846514,jungle,1887,5,7,25,11341,7339,40109,25,26,29976,12962,51,86,0,511,6,11,4,0.6666666666666666,0.25
eVBJ5qrzdD5ac4rLyrsN7eLdagm3yu4BlHexz7s_SKyoux8,조 완 행,4532581135,jungle,1507,5,6,2,10132,8349,11936,19,5,23895,8532,24,90,4,163,2,3,5,0.25,0.15384615384615385
y8zqV_0R2yqxiZCcd1CLQRP2fBy4FVEP3gdv_0j6v0pIOgg,원스비,4544579359,jungle,1976,1,2,12,9457,10878,30060,26,24,35443,10805,35,161,17,291,2,2,9,0.6842105263157895,0.10526315789473684
He9b0GtBZJvYWd3wf5Q9FuYvOX4jJp18Gkz6SLoGfIq_,황보승덕,4544579359,jungle,1976,5,3,6,19519,14710,21686,28,6,32454,12236,34,169,28,233,0,14,4,0.5789473684210527,0.15789473684210525
dY0p1jg6o4mvRtOTm-WW5aJtH27o2Wt5t-sWffg46MFq25w,달전동할배스,4548619137,jungle,2403,3,6,17,14534,10055,34624,36,31,34993,11624,17,141,4,426,11,15,6,0.8333333333333334,0.18181818181818182
hsI-sB-YlYLlbtbEckrDptFQLqB136zf26tza1AnU6uK7hs,쫑서이,4548619137,jungle,2403,7,3,11,12181,14210,46995,35,17,35825,13461,20,142,0,446,6,17,6,0.5454545454545454,0.125
1jUyi9gNMObax8v-tjTfgvUaceMmUfrZBsTJh5jSAHFuVEsmXx4TUhmr,맑은 풍경,4548233025,jungle,1446,7,2,6,10302,10260,10699,23,16,17403,10228,15,119,4,517,5,6,1,0.4482758620689655,0.11764705882352941
4eRTiQIwpCeAdBAFLvAAfTTh-NqSoc4TicSXJcUM9rWzDAcZ-K3f73j-,CcRrVv,4512710531,jungle,1865,16,2,13,42436,6183,16721,23,18,24667,15856,37,146,7,318,2,11,1,0.8285714285714286,0.09090909090909091
lSsPaNtsrl0KoFt0plMmDZzCsRkgeqSqbCw1pksWFGUN,인생은홀과짝,4413099096,jungle,1624,4,5,5,12373,10784,14588,32,17,26851,8950,25,108,8,237,7,7,10,0.391304347826087,0.14285714285714285
z4hmZ5boKJz6mJqAcwJKgtE5KYRStKaTX2896EgWNhn3N04,SYMPTOM,4533703791,jungle,2035,4,5,1,9572,12531,13318,79,21,25369,11635,42,151,23,828,4,13,7,0.29411764705882354,0.15625
xh20MgSEMYM25yUO066ubOLS7s5WX6a_PJtukQgUrlin,난 욕할수없다,4467589870,jungle,1836,10,6,8,33240,8342,13973,20,12,22338,12947,19,102,9,246,3,13,0,0.75,0.16666666666666666
ClySfJ9f7c-LQgEKAVKL7c9JBy-T_57-nF3w56WOQnB761xb2EXMZNk6,RememberMeOwO,4467589870,jungle,1836,3,4,17,12186,18875,29895,40,34,30686,10450,22,139,9,336,6,6,7,0.5555555555555556,0.16666666666666666
pgRffBKl1EGy7oH2cMlJKR2wkYmZS1i4u89yNMmxLW2Q,발바닥혀놀림,4546189084,jungle,1963,10,6,11,23007,13444,17397,26,5,29522,14242,26,156,9,203,5,5,5,0.7,0.24
iSqbVeU9STpN-bvSnXJM5FDTx3b-oGJjxnJ-114Q_YBSlF3kBM02SOMo,사쿠라지마 마이,4546189084,jungle,1963,6,6,11,15491,18731,25938,36,23,36792,11896,32,134,1,375,5,7,9,0.68,0.1935483870967742
FyTDX5NYCH5GXb08R-OEK31_I-Y1HDrvj5I0BTxIsoPJkpMLZf8bhmYB,과연은과연이군,4381101315,jungle,1924,6,6,11,20621,16567,28990,26,24,39085,11676,14,133,25,311,7,16,1,0.4594594594594595,0.21428571428571427
855esSNwpr77XfU404uUlxhJwaaYIfRTjFA5kgVJ0TUJX43n-FmwOraV,뱅뱀뱀,4381101315,jungle,1924,3,5,14,13368,28645,30659,23,38,41542,10075,34,106,12,424,4,6,3,0.6071428571428571,0.13513513513513514
mVwy476jmWqIh5-8Kb_XCcjymgXIdiCISjT3gTaLNb9yAV5nOKM0BbLJ,하루에2데씩,4542771516,jungle,1688,4,8,12,15381,12435,42427,30,30,33974,11738,37,136,0,296,5,7,5,0.7272727272727273,0.25
5aSl-pkI08UxWpGKbMw7x8iy_N4EDepDZgawMDTnZNLf2ug,봇들아 제발좀,4542771516,jungle,1688,8,5,10,21464,11204,15238,19,19,27131,11379,33,131,9,342,1,3,3,0.5625,0.22727272727272727
6ibr5_W7nl5b48a08QS8DAUll38UihJQzdZxv9cmfwzlZM4,국가대표 니달리,4446284084,jungle,1916,23,7,7,40298,17812,27690,12,28,39758,16653,59,107,21,537,0,1,3,0.6382978723404256,0.25925925925925924
TigVluaezeCBSXUZ6RHfN20mhluGm_QbDzk952JSYXhm,이겨버리는편이야,4446284084,jungle,1916,6,18,6,20442,6271,14966,12,7,39870,11336,62,93,2,85,2,4,0,0.46153846153846156,0.3829787234042553
hlTJDg1ykebGUBkgN4jDdiBLDvnJsidnTzjA7tvzJeskcIw,옴므파탈 범수,4522996803,jungle,2258,9,5,9,16565,9920,48948,42,26,32600,15326,57,175,11,400,8,8,11,0.4864864864864865,0.19230769230769232
hG6PERIjZFGhjYhstrTqfxjd3zODx6JOe5PEW4kkNsA8dkeaTmjcV2da,상대미드승률벌레,4547898406,jungle,1480,12,1,8,14920,6455,18548,22,20,21742,13360,54,139,21,325,8,14,2,0.6451612903225806,0.0625
qI91Kk00tmTtltIVBF7_Kjd5MQ-yIGpcv37Ykyg6yG2Rkjg,모든대화차단,4547898406,jungle,1480,3,6,6,11201,10223,12321,13,145,22650,8269,18,108,0,376,3,4,1,0.5625,0.1935483870967742
Tkijkj-Rwbwd6g1CMr6rLip_A6PMb_9Y4bqEcBaDJKxg1G8,그입술이리가져와,4544654071,jungle,1646,1,5,4,11859,8544,16598,21,3,26414,9098,43,136,0,145,1,4,5,0.45454545454545453,0.18518518518518517
XVImoVvPYADoDT0kEqKFxeWxC8lpMgAqcILLYrEb3l4xA8-tsrpiKdVV,IG The ShiNee,4544654071,jungle,1646,11,2,6,21258,14620,10657,16,20,23623,14288,95,166,26,212,1,3,2,0.6296296296296297,0.18181818181818182
IMLLN_oA1fjmw20IZICZfd1UEw-vJAHm5YuYnVOFqy12I5Vb44b_LCng,이블린미만잡,4541177272,jungle,1233,5,3,11,8163,5900,7173,21,8,14084,8983,4,120,12,202,4,9,1,0.64,0.25
qKJuh1yjA-0Idare3k5Xo9oW5jiqibdUkP1TTTKVyOSTiMs,빽핑을향해,4541177272,jungle,1233,5,6,1,7664,5529,8366,12,7,19434,7780,27,87,4,124,3,5,1,0.5,0.24
1t0XACkZQe0VyoM4qppM2GuJOwo44UPTcrNwC0P-X3_oTNI,피지커헐,4509240257,jungle,1296,1,2,13,5009,6519,15110,16,6,17353,7796,7,128,12,136,2,7,1,0.7368421052631579,0.13333333333333333
LzeKfAaMkf25LzW_xuruPQBy006d6VR21PYp7qBFqDo,핑챗 all 차단,4509240257,jungle,1296,5,2,2,4549,6196,17360,8,17,14745,8168,28,104,9,454,1,2,2,0.4666666666666667,0.10526315789473684
cvifGzrFJpcyWNgzNi8wJ7vEu9jxdiyJusZ_N8qY1AEsbtFLjLAbxRoI,4AMmaker,4546209037,jungle,2166,8,7,11,28571,10272,26103,35,32,33377,15227,67,201,17,589,0,1,13,0.4418604651162791,0.18421052631578946
Q4MjF02DAPDBEAD7KDbx7L8YlG5a_UhXcy22u8aSMR-7GLHNayK11pEr,뚜굥이구른다,4548602849,jungle,1865,6,5,11,12398,18661,19353,17,18,30709,11753,23,138,6,409,1,2,3,0.37777777777777777,0.18518518518518517
HHbHWLQFkWgOyj81uifTRHr-Xc5GCwgcgW6yAMAcrbt6vj4,도도캉,4548602849,jungle,1865,11,7,9,17158,7146,13411,27,28,27548,12651,34,110,4,153,2,5,5,0.7407407407407407,0.15555555555555556
M9gbeF-VSJl3jX-8w2h5aQgnbGGKynbrW4gSuOAly46H,봉잡았어,4525908879,jungle,1494,2,1,5,2427,13119,10050,35,12,17675,9311,42,110,7,189,6,12,2,0.2413793103448276,0.1
Mr9NL7KzowtCQ3XIPOLlWxTNyb6JUIWFg8Hb4iJC8t8C3uUyuuB1jGXz,호들갑떨지마라,4525908879,jungle,1494,2,6,5,11424,9036,9168,19,2,19965,7336,25,103,3,78,4,6,2,0.7,0.20689655172413793
UHSaqDwyXVzTbo7p4ThFbEscxGCTgcplFNzIgpzY2yhf,애플감,4546433903,jungle,1801,9,2,7,13435,16728,15946,24,9,25151,12964,60,136,16,312,2,5,3,0.45714285714285713,0.08
ry4f5ChAbgJ2HnoGg81zchra2dlMjwaoqB0k5pmJ4yLu,남자 장지원,4546433903,jungle,1801,3,6,7,11425,33682,37352,21,36,41800,9475,43,96,6,421,5,4,7,0.4,0.17142857142857143
hIw2P5OOCeNkxcvEmBLEDuK-RbmWq21-39kucgVR0hal,초보유저12345,4465713210,jungle,1481,0,3,1,1460,1242,4652,3,2,4748,4147,0,27,3,68,0,2,0,0.05,0.1
OoeAFIrOWz8dRkac4U9JgiOcgTJULh6GiQMezZGINCk9yJQ,쓰다남은계정,4408686956,jungle,2427,9,5,11,42089,16189,32422,20,10,42076,16998,95,185,2,193,2,5,0,0.5555555555555556,0.11363636363636363
ay6rDZbvUvxEvyhpfJroR8d4ffcS3H0J5dU1Jj8A8NMbqi3mz4fDJNsZ,수능치는 사나이,4540797080,jungle,2121,2,6,8,12667,15649,15977,13,17,36966,11614,37,159,8,865,0,1,1,0.25,0.1875
4RSRULmGPxNBEAA5kDrot8PN0rbU6HSpsn9Snp2ANbZx,나만살려도구답게,4540797080,jungle,2121,12,7,7,37656,13941,20100,35,18,34847,16646,64,165,12,257,4,15,4,0.59375,0.175
FhJtvrbwGA6SJd8t3FqSBsVSpZCoGE04P8kN5DkPM1qR,가구싶다,4545576267,jungle,1871,9,4,8,13972,17736,17718,28,5,27623,12147,32,133,8,216,1,4,6,0.4594594594594595,0.23529411764705882
nwfxwhBHNynFs8IqshnZRBLCdtKX3lQFDBbxEe-qfPmY,레몬묵나,4545576267,jungle,1871,1,8,2,3415,11930,16561,29,8,33497,7802,37,93,0,342,11,11,6,0.17647058823529413,0.21621621621621623
FeL7awrICuzU8PnZ0y22prxKq2sGoJUki9RF-NjYZHs,조울증,4548745152,jungle,1832,9,3,6,9489,7159,22164,27,7,24326,11903,32,106,5,356,6,14,4,0.45454545454545453,0.15
MNcCByInyK4CdwKE6KeXO4rd97snjZlsxSBm6_e4Ims7xDw,안돌쇠,4548745152,jungle,1832,7,4,1,10283,11553,15647,18,5,26131,10528,21,133,13,199,2,10,2,0.4,0.12121212121212122
x1-f5VcjF_aH03v6hbeW6p-EbJIKAuEE0A0bPzoj82oHI4E,맨유담시즌1위,4499421129,jungle,1679,2,7,1,6571,13537,15339,31,9,28039,7553,25,99,5,321,2,9,8,0.3,0.2413793103448276
H_0Q4C2JdSaAK0ZZYecqUIStZZ7vfvdFFveabJ5X6wWG,고건잘모르겟네요,4499421129,jungle,1679,11,3,11,20954,8241,9711,28,26,15118,12181,38,93,7,61,5,5,7,0.7586206896551724,0.3
dpBt6Eshw4bfgmxRPnJVnMqh53N4cbYC1IAvaz4SAWOW,부릉부릉조형기1,4494695279,jungle,1457,6,7,1,10187,8138,16841,29,9,26466,9122,15,120,0,417,2,3,6,0.5,0.2413793103448276
uYUS35lT6c0oUgjAPnlz8TaBZ9kVVwFeYAAwnKEYt6Df,운좋은닉네임,4479814230,jungle,1870,9,2,16,18974,10679,35287,38,31,27487,12261,17,89,8,260,4,11,4,0.6578947368421053,0.10526315789473684
SksFmcFtZpvJspODbDgq3JjDN5cKQ1WWlXJnFtf-UJe1, 리신 챔피언,4479814230,jungle,1870,6,9,8,12683,5672,27003,20,22,29554,11539,20,108,8,295,1,7,4,0.7368421052631579,0.23076923076923078
k-StE2rAw-5zCh02B02--nFfQGIJAD0QvF5hDaMRFsUiNxY,Yoboman,4547509978,jungle,1988,7,5,12,13028,12234,45555,26,24,37816,12047,21,151,4,371,1,2,10,0.6129032258064516,0.2777777777777778
sdvmfdC_MmufM2o0-4vUUUfJceEvlcQGKBaxYs9oolqj,나비네 집,4548720745,jungle,1269,5,1,3,6001,6597,6301,28,15,13095,7761,17,102,14,594,3,5,4,0.47058823529411764,0.1111111111111111
kJdQLgJ_yf-gLCR37oXLfqIolPCjRf_f0V-ec9FBd32Jpzg,풍 대 공,4539023632,jungle,1831,5,3,11,11809,12341,36054,17,24,34150,11677,24,120,4,345,3,3,3,0.64,0.13043478260869565
qnIzeB4Bc7b6d5E6tQVF3RdaEbtKvIEax7h10GRNrTTl7kNGQQE0MHwJ,전주 강철주먹,4539023632,jungle,1831,5,3,3,15524,9331,18555,18,14,22664,12136,101,150,8,371,1,2,4,0.34782608695652173,0.12
oelRkZsQ0SJ65tKYvLMsFltUXfVw0yDFQAB2m_r0dhVt,well it s JUST,4545529179,jungle,2003,15,4,8,28711,22514,27143,38,23,39759,16451,76,139,14,632,3,4,7,0.575,0.125
7WD-FA-vZD6tRmpuJ1aQILnWQ9EyJJ19pRjBp9KeL2YRhdBP57aPe_gI,nochatwejustwin ,4545529179,jungle,2003,12,9,9,19709,9505,35636,27,29,37260,14038,14,137,7,403,17,20,3,0.65625,0.225
nDUHNzivGQKLmuwnCUDehhzBxc9zlbcqhD7Rtqi4THJfMXo,불의축제마스터0I,4547777194,jungle,1878,6,8,6,20656,14252,22204,15,5,32425,10914,25,150,0,249,0,1,6,0.6666666666666666,0.2222222222222222
rmeY4IfDu4D2JTjsuu6Q6u8cgiVRefwxFt6_m9CivbEJ,KTS,4547777194,jungle,1878,10,4,17,19688,9358,17614,42,31,25280,14108,27,144,3,135,12,11,8,0.75,0.2222222222222222
35rt77hFwHHwumbPq6qMFcHVGX2kJcn2Oj062mg6CQ9-EKI,열심히해보자구,4535497075,jungle,1690,5,7,10,7917,17673,28065,12,19,30201,10963,23,167,28,361,3,3,1,0.46875,0.4375
iS2ZPPv1nYKmaxoD40O1h2Mraai3W32Csnjpok13eBQc,바텀은 유미랑,4546505890,jungle,1975,3,3,9,16530,11539,17881,31,30,27912,12376,82,156,0,1146,6,7,5,0.5,0.1111111111111111
8SogMaHsUrdqHdxSFrCR4UbiTm8vibPTQyKCpfaN_3il,Faust Arp,4490673680,jungle,1593,6,1,9,8581,17688,21753,32,21,28035,11644,29,162,14,426,6,7,5,0.5769230769230769,0.0625
coGNjZbJrVH3wCKkB6YO960PBmKe4WzDgQv9Wlo_RR7-sW8,장쥐환의 입술,4490673680,jungle,1593,3,7,8,11469,6060,10137,9,19,21873,8225,27,93,0,112,3,2,2,0.6875,0.2692307692307692
xmTxvijyTQd8GH8uabw6TlVj2cVg4-vNjUwM1pKhJbs,샤미의 운명,4544369809,jungle,1276,4,2,9,11046,3975,19355,21,34,15282,7177,17,84,4,579,5,10,2,0.5416666666666666,0.125
MLDRJslwjA90JGFRRW14LPtAshq4DuzqdD1MdadpuUM5i5Qe2NJ-ylk5,TES Rook,4544369809,jungle,1276,3,5,3,8090,10145,13428,18,27,24938,7352,15,108,9,442,2,2,7,0.375,0.20833333333333334
2c60BQFZaQnNhoNHWcn_syYExoSrppNfL_9DHvtqgiFXtY4,나무우유리신발톱,4545722466,jungle,1903,5,8,9,17788,17686,32330,15,20,36043,10617,55,86,0,327,3,4,2,0.56,0.21621621621621623
XiYRC612-YyryLBjl-OlSMoRBFT2PsK4FKDx7XOHwVEZJ6c,자담돈,4545722466,jungle,1903,10,4,11,22112,12196,42444,31,24,32586,14776,48,160,12,541,5,14,3,0.5675675675675675,0.16
CAIj6t6qYSLwo9PIWTzhqkgxEMvPiYECmNtiJNgeKYFpMd8,Nicha Yontararak,4546514072,jungle,1782,4,7,4,9177,11366,18170,15,14,30131,8976,29,86,0,329,3,3,4,0.3333333333333333,0.18421052631578946
JOjZt7WBRi3twVFbp94y9Q9oW86OmMFdORNq8wRqbXiqx2M,클템의 쓰레기,4546514072,jungle,1782,5,4,5,10393,9809,32485,23,17,27023,11139,31,139,4,360,5,8,2,0.2631578947368421,0.16666666666666666
6t-ECLt_t6X1pB2BeDJ2j1hktKQkZu0DVP2ShkyP9L4m,어 윅,4546845560,jungle,2124,5,7,4,9974,20841,38749,35,18,44558,12079,24,158,1,183,4,7,5,0.5294117647058824,0.23333333333333334
jUYpgbj1eVeAkAqqJuOkphR7Vl27sjXddYoqOIzpqiwS1qQntixeLO_-,귀여운포동,4547219003,jungle,1390,3,3,2,5986,5553,9716,29,7,15009,7126,29,92,4,119,2,7,1,0.5,0.17647058823529413
wR2r-gtgukKn5zr_vaE1E1nOI3yME0_rvtgR8E_U6T82,Albire0,4479098801,jungle,1928,12,4,15,30834,12307,39527,29,27,37931,14748,17,157,21,507,8,19,2,0.6428571428571429,0.14285714285714285
VCbnGlW_RLKvOygUmjayfvnk-1f5FF1a1vK6qgYVA3lXJRC4tg53H7Ef,비빔국수5000원,4479098801,jungle,1928,2,10,9,18778,14900,22264,16,29,39365,9488,30,111,9,230,3,6,2,0.39285714285714285,0.23809523809523808
bDSJ0iVpfMvzyKRu2-XHmHsGycR2q42tAYn7uuW7izdP,지독피서,4537775947,jungle,1437,1,7,5,7928,7570,13167,32,2,23587,7185,36,89,4,91,5,12,4,0.46153846153846156,0.22580645161290322
9g99nbbH6OYg_vgoRyFXILUlSjKwHf2C4omeZR0_UL8yq-iTB_1MuUZb,WuYaYiI,4534241794,jungle,1862,4,5,8,14324,6912,30391,16,14,37271,9980,23,134,4,438,0,4,4,0.5714285714285714,0.13513513513513514
l03BSJfFZhKp8RZVr3aDywNcVXAEIl48QZ7MNmKKwyM,vowkrebdh,4534241794,jungle,1862,5,5,13,16705,9744,16794,38,194,24387,11153,39,120,0,566,7,10,4,0.4864864864864865,0.23809523809523808
DMGCVEv5F0J1Bet440lhqHBADlU5K0olDgB7wcM1KBbS,은솔아뽀뽀한번만,4548535705,jungle,1471,4,1,5,5883,7852,11992,22,4,18343,8793,18,106,8,283,3,6,3,0.28125,0.05
lm8QzLbj-IS_vG_ZUTwMGhk702h7iC7xTghlexyPZtdj,badcatH,4548535705,jungle,1471,5,7,4,10366,5324,25926,27,17,29237,9173,42,84,6,209,7,8,1,0.45,0.21212121212121213
e1zLY8q8CIphPwotZll4haCuMhhTtY9wL8dTLgTLQxRn,폭풍간지 용성,4548735129,jungle,1841,2,7,13,9473,16008,18729,30,12,31547,10144,51,115,0,285,4,10,4,0.4411764705882353,0.3181818181818182
FMb6P5U_rQETtemGxe2Kd-1qNNWaCE3cPh4Ieb5gfPugNedQkdygAbh5,Yessica,4540085757,jungle,2237,8,4,7,30297,13756,27885,41,34,36685,16140,78,220,21,603,4,7,11,0.75,0.15384615384615385
L_uO0TuPaJhCM81L3LQrkh3xWl4krg6uUrUpD283aB9v,역 폭,4540085757,jungle,2237,5,5,12,22958,18872,30693,29,22,40713,13606,42,200,29,464,3,5,5,0.6538461538461539,0.25
ZEIUe5Y89TGVQG9JoyFFPZQtrsFyfOoRXoUKeowHCpwg,키시카,4548644080,jungle,1370,1,5,3,7198,6228,6632,14,24,16533,5940,17,81,3,501,3,3,3,0.4444444444444444,0.21739130434782608
PIT_1XN9zYQDUOG9B-SR0-x_BAJzG3WhfvcSwxvl5lye0UY,청송심,4527724849,jungle,1266,3,5,2,4727,5603,13134,23,8,17401,6884,9,96,0,407,7,14,3,0.4166666666666667,0.25
6d7jfNak-1VMrsK4-kbuUpjmzSxrMtKk4KKhxhgWdLD4GioYRcv2o1TK,징징 윤 ,4527724849,jungle,1266,10,2,1,9703,9459,9359,23,4,17196,10630,21,132,0,130,2,4,3,0.55,0.16666666666666666
rnTgMttyCkeusRp4MpZkkKQUdFzGU7qUr5OtDzRWrWBj,졸린두부 흐스흐,4310943979,jungle,1926,10,6,20,21652,15950,38146,32,32,35202,13267,29,111,4,223,10,20,2,0.6666666666666666,0.24
rAabSlcMBRQMdMox7ayhQTKFjgC7XCEs4XvgG0ze20tg-Dagdf26rU59,3개월기다리기,4301138268,jungle,1945,7,11,12,24483,13765,18996,18,66,34290,11468,24,128,12,381,1,7,3,0.5588235294117647,0.3055555555555556
oIQaRF2tgNbp05xjpVUbb9Fnw2on_Q9y8EcF4Kgmi47ZNGY,백영식,4301138268,jungle,1945,5,8,15,17030,9723,14531,35,20,30115,12043,18,148,12,774,4,11,2,0.5555555555555556,0.23529411764705882
fuTh2JtJ86Ec6G2JOsXqvhFyTKrGkT_vjICrBRXz9Usl4z0,노아센,4548288594,jungle,2286,17,8,6,24887,14912,46630,40,31,38377,18738,94,128,9,323,5,9,10,0.6052631578947368,0.1951219512195122
7E1M4S0vVVxAF16zr-Nr2s1K1EPMM8VS63Nl2-1Htz05JbbyHCVI7Hxj,타워VIP,4548288594,jungle,2286,5,7,20,20764,37571,63173,46,58,57164,13398,36,132,5,657,7,13,6,0.6097560975609756,0.18421052631578946
tMU_DxEBbKoUmQhcGd4J1uYx2y7-KuvWz6eyod6ZfGZN,임경모경모경모,4542184205,jungle,1658,10,3,15,16114,10751,23751,11,18,25311,12328,17,125,16,511,4,10,0,0.5434782608695652,0.15789473684210525
yjg8fTETLMhjQrOyW2Ti0QfenQmeyHzwaUACBRavvpRSo5m9LAa5FxaV,227 Kcal,4542184205,jungle,1658,3,9,6,11272,11246,18524,33,28,28648,8216,12,101,2,294,7,8,3,0.47368421052631576,0.1956521739130435
PCqdZ9elVVwUezkM47PXaZmptEZ9Jsx6D2nLiMIExQA5,노틸러스,4526640171,jungle,1883,6,9,18,23967,16539,16012,36,43,41198,14965,39,180,20,1160,3,4,7,0.6857142857142857,0.391304347826087
YzwzrM-zxaKGI2rWkSMs3qRXTr8XYtrtVhtV5dm3cg3_,선우찡,4490538558,jungle,1327,9,1,8,14428,7804,14338,28,16,16054,12629,29,186,46,603,2,2,4,0.37777777777777777,0.05555555555555555
RZ2XHj75MOOxxiXB5FCC_I8IdltBgyv52ogkEuNH4yOO,나죽어 갱와,4490538558,jungle,1327,2,11,10,6860,3787,14678,7,17,23137,6364,21,60,0,276,6,11,0,0.6666666666666666,0.24444444444444444
TbBPszSrLneAjYok36P0K4inBo-cPJroepHsTnUcNnqA,일 산 춘,4548599945,jungle,1420,4,6,17,11551,6116,20223,17,22,23930,9780,17,101,5,396,3,3,0,0.65625,0.375
LFYfg8PW-dCffV5FY9WA5P4onX2yRRzLnQ88rtXQPfXdvXo,데스케인,4548599945,jungle,1420,2,8,5,11605,11402,16722,7,13,25358,8793,42,112,8,171,0,0,2,0.4375,0.25
F2-18uGxVSwWSSltJZuO9yoM-5QqJkDRJbarlJrgjEdkbwQ,chppr,4469962301,jungle,1964,6,7,16,13671,9077,34656,32,29,33626,12177,25,92,7,422,14,20,5,0.6875,0.17073170731707318
G1ESyjy0-THxpYQ-dKvOGz73GC34WKv87mbct3Cso-MjCeY,옥타곤일라오이,4469962301,jungle,1964,18,8,10,31740,13157,19643,24,15,32298,17345,37,152,21,261,4,6,3,0.6829268292682927,0.25
9OCX0O7ck2o2WAGUbc2pALwH0A8b2OnTc9akBmIyncssLrM,가렌의 심판,4543538915,jungle,2067,7,11,16,35377,17414,32296,28,22,43359,13213,60,106,0,442,2,4,5,0.696969696969697,0.2
UO1CQqBmEuPqz2nktGMtLEmEIIN8D2GBqhHTNInNGZqkunE,암흑의Black,4543538915,jungle,2067,7,5,26,23396,48255,54703,41,70,44506,14258,62,120,15,500,8,10,5,0.6,0.15151515151515152
KZ3rfnDwBd9DCHuyZwthG5R9ZODGjUq4osYDqXLbZxpzAe8,민한짱6974ok,4547320081,jungle,1210,2,4,3,5607,4188,14047,14,9,18172,5908,20,71,3,295,1,2,4,0.625,0.2222222222222222
tevB2odWLLLXGGsWZKeUdgkQFRMGk5KBjRutU8ybbMU3xWlm5jeaEBeS,MASTER 1T,4547320081,jungle,1210,3,1,8,6605,6942,11411,6,3,17262,8372,12,128,13,199,1,1,0,0.6111111111111112,0.125
5EHylYu5PzZqjGr6Lj90WwO_RlEpIOaBbPDkKmIQAyD9UjU,환경미화공무원,4486502305,jungle,2096,4,4,11,7431,11660,20178,27,29,16482,11910,25,167,0,197,4,12,5,0.6521739130434783,0.16666666666666666
KKnfux4V25vsReN-ZBf4IdN-untIhSA40KcSl5CGnRrxygN3hpD8ptO-,WF BLACKNuguri52,4548040605,jungle,1978,11,0,17,24224,24924,27889,39,39,40300,16540,44,195,4,496,4,6,9,0.7,0
4p1HQPLjcZXOGeWOxaa45frLowX7cnfDVCu6ffa76WhlZ2A,콤 콩,4535948728,jungle,1975,5,9,12,20488,20110,27443,22,19,44469,13806,62,154,30,449,3,5,2,0.3953488372093023,0.2571428571428571
RH4qBGVgOwhRo4OYIACyt6jNGnGDw_fWB9r6WDPg7niD-Sk,Xiao Liu Hushen,4535948728,jungle,1975,11,9,4,20845,10450,38046,20,39,33693,12055,77,67,4,195,1,3,3,0.42857142857142855,0.20930232558139536
wraD3qgIoJUUrMMolzsxpBKTjsPpEYx-CsXc4lR-nWAvSzA,Faker누누,4419420247,jungle,1743,6,7,16,14595,23317,39173,29,39,52321,11520,40,128,0,446,2,10,1,0.6470588235294118,0.1891891891891892
0ZvniArOxD-RvH1LfSH1JhFcPgedvU0Ud-wCj3wwQP6xnui89wphCGFE,포 쉐,4547044758,jungle,2311,8,3,10,26886,15500,20533,47,10,30065,15149,52,154,22,230,6,7,15,0.5454545454545454,0.12
RoClhqVnvwtsok7t_7FD1Dk_ngRFFwodSRWi0t-0PsSzzNs,휴가는올까,4547364755,jungle,2403,2,7,9,20266,28801,29121,23,11,47028,13105,48,185,12,310,1,5,4,0.4230769230769231,0.175
mvo3TmCgra05dJAtvil_E2M_u8M5DNJty9IjmkvrK-JW,회호박,4547364755,jungle,2403,9,4,25,32826,14765,83859,39,51,61669,16212,55,139,4,620,11,12,11,0.85,0.15384615384615385
7Z38yc_LzS5PEThv-XlM3NfUBCQ1eufFForySn0jFLIAzvk,wuxinyang,4544653997,jungle,2465,13,9,15,40772,18486,26687,31,27,43656,18211,83,191,4,236,5,6,4,0.6666666666666666,0.21428571428571427
sQeabzvVhNy18DHE-i0qWMAmnD3Kt3Ejd5QzSsURXxgf,당근피시,4544281625,jungle,1347,5,5,2,5962,18789,12317,18,23,23507,7633,37,79,0,242,5,8,2,0.875,0.16129032258064516
fQbegIpOFCivqeHBgPQhfldsIZcwo8R1c4G9k0Kx-cJ8,wwwdawnwww,4548636154,jungle,1688,0,7,10,7589,5981,31410,20,31,27367,7518,11,88,0,495,8,7,6,0.5263157894736842,0.25925925925925924
