account_id,summoner_name,match_id,position,playtime,kills,deaths,assists,totalDamageDealtToChampions,totalHeal,damageSelfMitigated,visionScore,timeCCingOthers,totalDamageTaken,goldEarned,totalMinionsKilled,neutralMinionsKilled,neutralMinionsKilledEnemyJungle,totalTimeCrowdControlDealt,visionWardsBoughtInGame,wardsPlaced,wardsKilled,killsRatio,deathsRatio
cHZGuBIUVLU9uoJccZob4Rm12phNDg5MzqDGJ7guxVZZURI,광어밥주기장인,4548692380,carry,1930,6,2,2,24371,3231,9367,23,18,15357,14139,273,16,0,110,1,10,8,0.6666666666666666,0.08695652173913043
l0IAnGtcgXjWJ-l9Dl1T57Wb0XXlgz7jNBOQjzWEShBnmgziKSSL4COf,Perfetto,4548692380,carry,1930,3,2,9,11169,9601,7431,19,23,16367,11338,157,20,8,157,3,12,3,0.5217391304347826,0.16666666666666666
HiSa27XNz_--lCfTETuH44j3cIyiUTDiIBLk5JUp_SeI9ys,준호사마,4544493008,carry,2258,5,8,11,42812,4205,19488,28,19,29052,15154,213,12,4,356,2,13,4,0.5333333333333333,0.17777777777777778
9zjZEapVd06FtkUVfwRVDmeXRYcmAjhpHj5sC87g6MxUF3ICsYkypF7X,nice to meet uu,4544493008,carry,2258,10,8,8,26962,7121,20872,24,16,34690,16393,234,32,0,269,2,5,7,0.4090909090909091,0.26666666666666666
rkXJODM9P5Q5IFwfI77OE0TptHmxLDTCvdvzVDyFSl6q,진태민만세,4547828866,carry,1539,5,5,12,20436,1882,8792,23,7,14021,10855,160,6,0,287,1,8,5,0.6071428571428571,0.11627906976744186
90Z2cGexTwVpMDF7-V9kHTPEhhF5TKmPGj0YU86RqhUfZVM,인범아 나랑,4544185742,carry,1883,11,6,10,28978,13420,14640,31,43,28793,14328,198,23,11,528,3,12,2,0.5,0.3157894736842105
ifHug-nhdo9Bvc2t4BoCOBZpBjBYFWk3o7C6udWQe04VVmY,tjgusdn,4544185742,carry,1883,1,11,4,13034,705,6092,16,19,20971,8558,151,4,0,21,1,8,5,0.2631578947368421,0.2619047619047619
hkcjhjsarwyjPTD4UvHIp42sSyVMcATBa9b0QDz1xoSK,거느찡,4541495340,carry,2382,4,10,13,19588,5402,15125,56,57,28768,13222,170,4,0,757,1,14,8,0.3695652173913043,0.20408163265306123
a_dJvb6kqVD6He9Yg4XFCdW3o1pw_2bcqVvq28O7W85l5GE,CliffGodYJW,4546903145,carry,1455,9,5,4,11997,1732,4886,15,25,12724,12234,172,20,12,647,1,5,1,0.5652173913043478,0.22727272727272727
qxPUMY9iv-6d3GlJy9kTB59yntAwXzFaB2OFxpkRK8hi,팔로유,4540087419,carry,1347,3,5,3,9356,1871,4915,10,11,13127,9102,183,1,0,46,1,7,1,0.46153846153846156,0.1388888888888889
HXroYNHAIU0hEpsNB8eS_3GI6KYbPW4Hu4YfMJ81QB6Iryw,수수깡의 만찬,4540087419,carry,1347,6,2,9,14552,718,3205,15,10,6867,9354,153,4,0,376,1,7,1,0.4166666666666667,0.15384615384615385
6aSYlLUqDrCq_O7k0f_AXMwTBloYPRY_TZM_eBva0xYWCq0,tuandui chayi,4521070593,carry,1221,2,4,4,10744,1064,4455,14,0,10160,8057,157,6,2,38,0,5,5,0.2727272727272727,0.2857142857142857
KSJisotoxGxXFMo9luMicG6nDIloconZSujBiKl-e64RX8o,육각형 교사,4548648191,carry,1710,1,7,5,13681,2332,8631,22,3,19563,8134,161,4,0,136,2,11,3,0.375,0.1891891891891892
hH2ycQD5-GkKhD1WKlzFV4aHEgZRhvCkkuTbulHB6VKo,별 다섯 인생,4548648191,carry,1710,8,4,15,26346,3241,9762,28,25,14818,13960,179,32,0,161,2,10,2,0.6216216216216216,0.25
IO_htO8LE7P5-1QG2oCykvnPp5RbTcXTwD8tayPk0AG1,evada,4525917747,carry,1865,3,2,12,17017,2204,5501,36,42,11966,12968,226,28,4,771,5,12,8,0.5357142857142857,0.15384615384615385
TFGuzoBMKfUaJ5JrvKApWNKvLybRZ-UBv978u7fQKnHZ,이산민,4548268079,carry,2160,11,3,20,47276,6792,13022,16,47,29181,18965,267,15,0,154,0,9,3,0.9117647058823529,0.11538461538461539
k1mtRh_CajNRFkFhLpOnC7P5TXiYlC4B5UfwRROio6HoVXE,앙유연띠,4548268079,carry,2160,5,12,9,23622,3659,11919,37,52,24550,11500,136,26,0,760,3,10,7,0.5384615384615384,0.35294117647058826
-Ge6QVWyo0E9FzU7ftUQH0dq_YSWFamPOd4IFM0vuwnfCjI,상체는숨만셔제발,4547333410,carry,1694,6,3,13,20273,3207,6773,19,38,12990,13676,206,20,0,728,1,8,3,0.59375,0.15
ooIg41nndGO-x-gbFUpuxPTpY--r-ASBw1xLSqCAzLBjagc,종원이동헌이트롤,4547333410,carry,1694,1,4,7,10734,2452,3906,14,18,11889,9806,212,3,0,69,2,6,2,0.4,0.125
PL_AXwQN9dIRIimEcTFdJlE4vqGLcpli8bObFnDL4671OOg,영설이,4548609846,carry,1975,10,2,8,26224,1414,9171,28,19,17366,16106,278,15,0,115,1,11,9,0.5454545454545454,0.08
yJyaeVvynA9GkHx_LR9WLTmSP4-A_Bjmy4y_ljCB1xmEoFo7uW71teSg,한원덕제자,4547980383,carry,1903,3,4,5,11522,3690,6669,18,1,15061,11624,199,20,0,27,1,8,3,0.34782608695652173,0.15384615384615385
RB6_79GjMsisE5jzU9IutI8PSAcMRyjkXClhENvGo-lseHrjqsRT7Ujh,aZeft,4547980383,carry,1903,7,3,9,21102,2740,8191,30,24,15686,14403,201,12,0,106,4,15,4,0.6153846153846154,0.13043478260869565
RehN0jelO-qnyrZILz367LgzWyuyGcUBIws90VOVW7k8,뾰로로로로롱,4548740831,carry,1358,1,10,0,8707,665,4926,9,0,14599,5973,133,0,0,1,0,7,0,0.1,0.3225806451612903
gPnxNEqW0jzolVGmhHIS0MUMBTSvrx_h6OzMBRY8q4zCXXA,난바보에오,4547161881,carry,1780,18,0,12,42694,6074,12783,33,9,15996,18297,243,32,8,117,2,12,5,0.75,0
XaJ95zeYbB85N1o4SIQNcuisbCwzrt6NCvj3cB-LhJ2j,KogMow,4547161881,carry,1780,7,7,3,22284,2999,9491,7,7,19543,12205,179,0,0,149,1,5,2,0.45454545454545453,0.175
fdMTD3y9-KOc5DqePp0lNKY9QQr35DjL_AwGxiFFURIlxZY,쿠키앤초코,4541442017,carry,2123,18,7,14,39031,5130,31236,23,12,20313,16644,153,26,4,327,0,9,0,0.5714285714285714,0.175
Cv_qzHBE3k4BHXEF5eOAoaguleooM-dFncbT1jLSaqaaPyU,핵딴딴,4509581615,carry,1216,4,2,6,14173,1255,3732,13,2,7426,9340,140,12,0,98,1,7,0,0.35714285714285715,0.18181818181818182
3g7m7cghXXYm0inE_e07CKVCQJZ5TZNGTGOc5to4Hw0D,소문난칠공쥬,4546363771,carry,1288,5,2,4,9906,2013,4114,16,9,7562,8300,128,8,0,54,2,9,3,0.25,0.13333333333333333
tgvv5NSeAYloMWRX099KlW3xpv7cFe_u54Y1HdTJp6oh,백업중,4535331398,carry,2010,8,7,12,25261,3107,13379,23,2,23432,15094,209,48,8,58,0,5,4,0.5714285714285714,0.19444444444444445
Os-luBSmi91YYgKMh5CUKmqPYujvTt8T62p_1Vdlq50ohXY,심pig,4535331398,carry,2010,9,7,7,24732,1530,15082,22,10,25472,16271,259,22,0,143,1,11,4,0.4444444444444444,0.2
TSSlSZCiBFgWatmLutBvgaVYhto-uxpKS0IAXcSPp8zh8nANr_lwU-0e,채팅치면급발진함,4498595734,carry,1604,2,7,8,10633,2154,21283,10,31,20113,8152,120,3,0,496,1,7,1,0.35714285714285715,0.3333333333333333
KHY8evNmoPmn5L5Qk6HmlYOZ3CDcQ2YdASqIDbvII8NUKMbDtKVAwWG6,원딜장인박상욱,4498595734,carry,1604,2,3,11,25873,3430,8296,7,3,17258,10767,178,4,0,22,1,4,2,0.6190476190476191,0.10714285714285714
2gqH4jAxrqbSvpU7Fjzcz_ns09i0zdm3HjoDGIqannEhYYzlpQLCYz1f,JXG,4547231597,carry,1363,9,4,5,11240,1732,4372,18,15,10669,9936,128,4,0,47,1,7,2,0.4666666666666667,0.5
NZWTb0KdmxKOiSYvoPqmV_FWt6ddk94It0NpJbr7yKZmBlcBQk6zsr4n,디오닮은꼴,4547231597,carry,1363,5,4,2,6135,910,4418,15,0,10941,8893,181,4,0,0,2,7,0,0.875,0.13333333333333333
pZFZ12DNUtNo7fRbav2_36I31owjIgmF4HqRIyU7WJx_,정성을다하는것,4540861311,carry,1206,11,0,5,19749,3001,9133,11,3,15666,10670,169,4,4,37,0,5,3,0.6153846153846154,0
VXVi9xsn6coBehRUibg0_ipbarIXV_dGybX3ap9e2tHp,한남서태훈,4516680344,carry,1575,9,3,5,19379,2085,10939,16,9,14115,12468,160,29,17,77,1,9,1,0.3783783783783784,0.21428571428571427
gnTDijlX3koVRZbs4gYKhJjGVjjgKcIiacj7zFQ4NvWQ,까만검정,4536830885,carry,2305,5,3,9,29643,5787,15900,31,6,15837,15922,268,21,1,401,2,15,6,0.56,0.15789473684210525
gnF6_iPyyKKugnR9-vVshXofbbn0E1gFJZ7m0qv7KfkSMY42uN8j0ePi,9vs1맞냐,4442720309,carry,1742,2,6,2,13088,2463,16365,24,4,20062,10281,220,4,0,232,2,3,8,0.3333333333333333,0.25
zjl3Aq4Yk37xSoUfwCbQxV_E5plqkcSY1b_VVHyawwuM_6COMjLlTEbf,정진동입니다,4442720309,carry,1742,13,4,2,37032,1028,11307,21,11,23018,14964,237,24,8,190,1,8,6,0.625,0.3333333333333333
OyvNmCT9lWmPb7ilpO8ld0Ehpgqa9HSRmiC20MdT6km7,애쉬장애,4514604621,carry,1617,19,6,5,35852,2846,10585,13,48,19881,17430,171,26,6,877,0,7,2,0.8888888888888888,0.21428571428571427
VObjCTn_7Ei1BECcJdFxQK1TWa7AzSGM9sUdYq_aFlgl,동네아파,4514604621,carry,1617,5,6,4,18601,96,11985,27,6,17621,9744,164,14,8,196,1,10,4,0.32142857142857145,0.2222222222222222
4zneg41nVTwXJl96u0aCZENrc1uYbH-ypT-xpTwQjEdT,CHESARE,4524537903,carry,1255,2,4,6,6198,814,5177,14,30,8112,7120,106,12,4,491,2,7,3,0.3333333333333333,0.21052631578947367
sLp9CcBYKUn6k08KUbZK2dQu-AdznnBONm0Dpu-GvGiT,TnTsar Bomba,4524537903,carry,1255,7,4,5,11058,891,3098,18,1,9956,9185,139,0,0,12,6,9,2,0.631578947368421,0.16666666666666666
z3cjC3iXlyGRwoCsKFsHogTYH-bL-M32UabzTolBxxSrdxp-kACiTJ5s,wlznd,4547141332,carry,2236,15,4,14,42995,6485,16223,37,11,35045,18220,202,36,4,115,5,14,4,0.6904761904761905,0.19047619047619047
TRsah3sn4J0URJc64OLvcI5J19sLuGDH2oQQVtY-FZefGoftgtg0ukhT,king빛,4547141332,carry,2236,4,6,5,28112,3957,17439,35,11,24182,12676,218,29,0,444,2,11,14,0.42857142857142855,0.14285714285714285
NjJc7mdZAtm3ULELF8pI0U_Mkad5lF_zUPOL-eEsWD8HGvE,권소정잉,4510696382,carry,1613,8,4,11,22724,2697,12178,25,9,17251,11677,168,4,0,135,2,10,5,0.5277777777777778,0.2222222222222222
Y_0x2WWU1igbtY298SQJx79ktnUAUVzivbq8kxxGwsU,Richa,4510696382,carry,1613,2,7,6,15536,1608,8308,24,36,17215,8708,150,20,0,790,4,10,3,0.4444444444444444,0.19444444444444445
6jaciUr3-r1dQndKD2hS5sEp8ds1H1fokEpQmFvzOY7I,Nox 5,4508703189,carry,2267,11,6,11,37731,5550,23614,52,14,31883,18294,218,94,0,238,1,11,2,0.5238095238095238,0.17647058823529413
9e4ev71741rJ7sH9LQ8c91dxLzgnMT3ad6iW-mEW77tP,연승아이디,4508703189,carry,2267,7,12,5,36083,3793,17729,47,68,35104,16436,251,54,0,1013,2,13,8,0.35294117647058826,0.2857142857142857
CYyb65ILzFTLalOBcYHXeAJs5MZ9-w9YBTKZ-rEDmeeH,현쭈2,4527311285,carry,1465,4,4,6,15624,2017,5634,26,22,12640,10357,176,7,0,46,1,8,8,0.8333333333333334,0.16
zmNHgs0-1VkB4XwtSKTH18Le0zqyC8-bt6RtmK2422iXb-s,창 횬,4527311285,carry,1465,4,1,10,10222,2329,4042,13,0,9412,10064,177,12,8,20,1,2,5,0.56,0.08333333333333333
2db4Tqps0bpNi8ase1lDrMT4dLnU6aHIGNmBzaNQkQHrxsH0TRp2iaWD,쭈꾸미친구낙지,4545798613,carry,1869,10,2,7,25301,2919,11512,25,13,14452,14107,171,26,7,165,2,11,1,0.4857142857142857,0.08333333333333333
NGRWEthIWI6Lf4cw-2gptIUZ1jbwsd3fX_Dpm_hf5xTH,슈퍼갤럭시이정우,4545798613,carry,1869,11,2,5,28914,2492,4534,16,30,9823,14069,206,15,4,135,2,11,2,0.6666666666666666,0.05714285714285714
wTSZH-GFO3McXZ_hVtoYxlIrOVWqR5hplwixVS30JwoL,당신네 아버,4547664340,carry,1801,8,1,12,23495,3575,9569,21,45,16203,13281,195,20,0,821,1,10,1,0.6666666666666666,0.08333333333333333
yxwsYl4_h2Q-N_gNonZLVikzzp0menlazHURw8hQPvoc,로얄튼,4515405111,carry,2123,5,6,19,27439,4538,16443,27,70,22472,13719,188,4,0,1020,1,4,5,0.6857142857142857,0.16666666666666666
Suv5v1CY5w9uc_NwtH6-mOqUWZsiLQ8be4qV6gvKGayc,야프리카,4397558051,carry,1769,7,5,6,24976,3550,15287,15,12,18152,12602,215,13,0,385,1,8,2,0.43333333333333335,0.20833333333333334
yhcAWpK2jR5jp_IY4-00aOgEpLhwr6HTx8lk-yWXTAtN,보고있나손,4397558051,carry,1769,3,6,11,26682,2749,15620,16,25,18066,11258,198,8,0,207,1,11,3,0.5833333333333334,0.2
4X6Mgx38xkBocdts7vYjA6k7h3x6B9KRypUa5aNlUiepOyk,자혜지,4220895228,carry,1802,2,2,7,10910,2317,9006,13,16,10582,10599,196,8,0,167,1,6,2,0.4090909090909091,0.18181818181818182
cygVZODMxmuuENrNMipiiGAvUW378gmAU7UER8gNdmTJ,개기고자빠졌네,4539191607,carry,1354,5,7,1,12873,1798,4781,18,9,12995,7097,100,0,0,33,1,7,2,0.3333333333333333,0.2413793103448276
ZYNGy9BMMSPkhYoUy5LmNckc0XKxSnOYyRqL1p6u1zFm,니면상잣밥,4539191607,carry,1354,6,4,6,11181,1658,5198,6,10,11820,10029,145,4,4,72,0,5,0,0.41379310344827586,0.2222222222222222
9c0MdsV97RPJWoe0vjKvw4kFLXE5oT1NYknrzScfBo0k,교대중,4547988453,carry,1920,4,3,10,16588,3598,11500,37,13,16965,12061,195,20,4,204,6,14,7,0.4117647058823529,0.14285714285714285
Gejggto85mHr-n6_XIAZLBSkp0DKfXhUYlm-7JSWz9yf,엥간치하자,4547988453,carry,1920,3,9,3,14913,2189,10639,24,21,23526,10095,192,12,0,61,2,8,5,0.2857142857142857,0.2647058823529412
qrDWUWTZi5CuTvQh3yij9Wa5PYnQOllIppLYKY2FURNl,망 뚤,4541757802,carry,2171,11,7,15,30834,6145,15425,20,11,20501,14836,203,10,2,266,2,9,4,0.6190476190476191,0.22580645161290322
DUngYYCkuCu0RyDiNmhV6m5WFAQxA43l_k1Xv_RtGRJ_xsA,14분에 몰락뽑기,4541757802,carry,2171,16,8,3,54964,4266,19528,30,26,30035,19077,219,28,4,147,3,15,7,0.6129032258064516,0.18604651162790697
UIZ3tlxXQFrfNT9fSLnsFbM6DuIdc6xs6PJLM-QTZ8Iz,어제는잘했어,4524379326,carry,1888,24,7,8,44245,3755,25330,22,11,42834,21095,187,30,10,92,0,8,2,0.5925925925925926,0.20588235294117646
-nEbDNo3jxAiNwPB6RbyTfn5--kECriOupN6WwYb_Uce,트페하고싶어,4524379326,carry,1888,11,11,6,27430,3201,13567,10,7,24111,13899,181,4,0,217,0,7,1,0.5,0.2037037037037037
T5pg6SOCZMP4xbvrQyyNZqK79e693-JlxR1iAZLT7JcH,우언딜,4431918215,carry,1768,9,8,3,25547,2981,11404,8,8,23810,13507,219,12,0,54,0,4,3,0.631578947368421,0.18604651162790697
5Mv_noVsJaRwJk493qTYUdK2kNy53Rtp8DriY8X73Mnau-I2p6FSqu3r,경비창,4510814200,carry,1698,15,2,7,31610,2371,7203,22,12,14555,16149,222,18,0,122,1,7,6,0.8148148148148148,0.11764705882352941
94NNzUH_iPWIkUnGO9BKOhUz7PPKPdwQRfLs7mH8xybc,여러분침착하세요,4510814200,carry,1698,2,2,3,13356,1433,6516,12,0,12526,9968,201,13,0,1,1,8,4,0.29411764705882354,0.07407407407407407
Ydyp0DXxFyLA2vrpXQiBkw1pM9GAnfrjo0xOczYek4OLQjw,Dr Draven,4523550976,carry,2442,6,1,9,20625,3660,20385,38,11,17107,16479,280,33,0,172,1,14,4,0.625,0.047619047619047616
iekUJztawBPLolGGmHP69zsmYqUdYTafVZCTNyzybUzNu4U,I 김 주 환 I,4523550976,carry,2442,4,4,9,20175,5314,10972,57,5,23904,15369,302,25,5,141,3,18,13,0.6190476190476191,0.16666666666666666
WqHTr6RO0VqtAFA1R68_1X1wzsUER03gIA__x2dL8i2v,롤플레이스발,4379201820,carry,2156,14,5,14,36971,3827,12260,34,14,17772,20382,246,85,1,102,0,8,5,0.7567567567567568,0.16129032258064516
wUa5jf-aysuYVIYPc1QVAPm9RLTCFLAMHQWUN3VS23KF,양파철,4537554099,carry,2074,8,7,15,21772,2323,11772,31,8,20770,13280,169,4,0,218,3,8,6,0.5348837209302325,0.19444444444444445
DRIrIbaXfl8KdMiS0KI-VYnD3sNTRVs2PduZJXxpJx7Yf00,CODE 제로투,4537554099,carry,2074,8,11,11,21716,6162,28252,20,35,25772,14076,193,37,13,174,0,12,2,0.5277777777777778,0.2558139534883721
owbOOG2ZXCamWWFhDr4JrgBBBvdWzn3ykJb1xi9V2lgt1jg,응암동 펩시맨,4547086213,carry,1428,4,4,6,8960,1588,6005,10,9,11917,9707,153,7,0,71,2,6,1,0.47619047619047616,0.16666666666666666
_lfkBLnJ4hk6ox9FDpRGkJASH5CEgZRWsuW_paDnoYsPr94,곽필현,4547086213,carry,1428,8,5,8,13605,1401,5177,13,17,11584,10788,135,16,3,117,0,7,1,0.6666666666666666,0.22727272727272727
hudn1Jy0mjnOans2GPyve5fH3Qnfoy4od2pVBhJpW3Ddt-E,마강2,4547148265,carry,1900,4,10,5,21271,2063,8091,26,44,21929,11540,190,33,0,768,0,7,6,0.36,0.2564102564102564
rkfDAsaKyklLVujVSHwXsuttyDM868WxZhUzVSv7_NolH2c,ansrapda,4537778587,carry,1770,11,8,11,32066,4261,11465,27,44,24532,16115,213,55,8,843,4,10,5,0.6285714285714286,0.27586206896551724
wZ3Bem0foIE4gu8mFGca-b8AX_QiuCtK0U9Yi935LPiIUrs,Reader Xl,4537778587,carry,1770,9,5,7,22610,2668,9176,20,13,19396,12228,139,26,0,222,0,8,8,0.5714285714285714,0.14285714285714285
PW0HA2b2KGb_zMBSJYYXyIi-cnvDq_ue8PdwV8hOPZb3,돌부처멘탈,4499716292,carry,1802,10,6,7,28044,3437,8214,36,27,19062,14967,192,42,7,251,3,13,1,0.4473684210526316,0.2
3TtMCSTIjwjpRBjx11kWQkWM4y8Mazk-IGHKkStfJnIH,innor conflicts,4547135400,carry,1797,11,0,14,19103,2333,4580,18,28,8737,16777,244,24,8,737,1,10,3,0.6756756756756757,0
e6eXSZTPrk6COkUr5_VbOPz2EvaLk-vPM-2pg-kPimQ0,외쳐 서폿 차이,4547135400,carry,1797,2,8,6,22192,1044,10729,17,6,19397,11425,221,24,0,331,2,8,3,0.5714285714285714,0.21621621621621623
W8CQe1imRxLBxv_04SUeZi9tfjrNxfcOWgugOnI5zVQe,홍시도둑,4548513775,carry,1836,10,1,15,33319,5272,5931,17,26,11859,14190,206,8,0,98,0,8,3,0.5952380952380952,0.05263157894736842
5sWrihS7dfmVlHYz-iRLumCeoG75HxuT1ErW_6cRs2a3tVs,dlawnstjq0862,4543229287,carry,1539,8,5,5,9542,1044,4680,17,1,12344,9955,135,16,8,32,0,5,6,0.3611111111111111,0.35714285714285715
fln5PemDyMTuXHqiF61WsF1LYxk3fKB3nnKVd66bHeRp,낑깡새,4325749295,carry,2026,8,3,8,20599,4199,9464,37,14,21212,14542,234,28,4,137,2,12,10,0.5925925925925926,0.15
4Rnf_xHZi17HeMRDKjLeXEzZM2TFMScNuAAglkDLb2Y0IRc,추몽이,4325749295,carry,2026,4,6,4,16541,200,7858,24,7,15794,12397,215,31,0,228,2,11,3,0.4,0.2222222222222222
aMb0inKXjmkqXXQ8uEJQ1GwHM-Eg9CMmZs1wOjCULZcHjiM,Move quickly,4399610489,carry,2107,10,7,12,29752,5528,12007,34,40,21364,15351,180,23,0,147,3,14,6,0.7586206896551724,0.2
Ksv-RshxrxVxxxyMlL4XVkLoLfwczBLkCM4D1yT_19BC,DodoB,4325336530,carry,1974,8,8,7,24574,2453,11341,20,7,22743,13515,229,24,4,158,1,11,0,0.38461538461538464,0.19047619047619047
StnU2A_VEEBGJQ4Mn-6L3YI3hKPZcBtdeqmCqZuna5k4f-Y3Q8BpjXVQ,원딜개망,4548734679,carry,1213,2,3,0,5276,999,2945,14,0,9399,6755,124,4,0,23,3,7,1,0.13333333333333333,0.12
Ce8cq9RClkrw80yv_pofhBmJ961EMotgL9PpZtfhjIMloUs,친구야정신차려,4548734679,carry,1213,3,3,9,9021,721,2752,19,4,7736,7232,102,0,0,97,4,11,0,0.48,0.2
TNOuS0zTPJRYgRppGCrcAbPIvf3jY7k-gU2ODlq9-qn1sxg,겨자맛껌,4544259025,carry,1793,5,6,5,14530,1523,6769,26,36,19545,11844,212,7,0,656,2,12,0,0.5555555555555556,0.1875
xsDqafpNATi23ivOcJ1_AVezkPuZ8g6pJ_b8_9J6lVufmWw,려 홍,4426111605,carry,1493,3,7,0,10178,1260,6543,8,4,14503,7695,131,4,0,17,0,7,0,0.3,0.2916666666666667
KCjr9J5JWG5B6GjXb4IPIKXAcONK59wAiYKM8LDdAHkQX8U,쏘쏘쏘쏘쏘쏘,4548710333,carry,1660,5,4,14,12383,3636,6014,22,33,14342,11118,156,0,0,496,1,9,3,0.6333333333333333,0.16
4M7SjA6KJ-JFOQRmNVQduSawbXOoYxsAR-AgVpjf_0ZZ,나랑 듀오,4546069819,carry,2250,10,6,17,22514,6311,12866,31,48,23200,15190,186,20,0,792,4,15,3,0.5869565217391305,0.20689655172413793
73qK1BIJJU1mP2lrPWdqmPoMW3otbI2AHZPszQ-SfBnL3Uk,우춘필,4548506227,carry,1721,7,9,12,19835,6202,10313,9,0,24603,12977,188,28,5,47,3,6,2,0.3958333333333333,0.2903225806451613
9iI1IGt-QxF-Qvi0fnGpqe4HENvq1qnGrRhohjaWeRqbZWY,벌레 진,4500287303,carry,1915,5,1,7,13710,2957,4249,30,24,12246,11627,205,3,0,251,4,14,5,0.631578947368421,0.030303030303030304
MKvu5mVltNa82ce18jCKVFbckycoSyMziRdrXZ_5G5xqh1U,조 엘,4500287303,carry,1915,5,5,8,19133,2181,7385,29,13,18344,15194,253,36,22,87,1,9,6,0.3939393939393939,0.2631578947368421
l2lSlUATuExiCn8tl2lSym1anJPYVInZl55XwQ0YJdOsPVs,배곧 김창용,4543325574,carry,2335,8,7,10,24218,2860,13050,25,34,23528,14974,226,8,0,84,4,11,5,0.5454545454545454,0.15555555555555556
uYpMPMO2UJnp04uVhQ0BxjIOtLjDXqe_aS9leSzVy-Sx,rhlanfwnlvos,4547535484,carry,1215,7,3,8,9858,1165,4832,14,14,11552,9320,169,4,0,137,1,5,5,0.5172413793103449,0.5
z1PYsCbr1q4fJo_dBa_rINyiW6FIGBMnCdbsQHDTCEA6,93년생 괴물중고,4547535484,carry,1215,2,5,2,8997,1299,3276,9,9,9055,6497,126,0,0,22,2,8,2,0.6666666666666666,0.1724137931034483
rf_OcUzKWV4wuZJICwUMkN_LHDxh925MZiBFDvgnXx94,야발 시뮬레이터,4547014974,carry,1433,7,2,8,13348,6439,6231,8,20,15121,10845,155,11,7,347,1,5,1,0.46875,0.1
EIY-6px2VaL6g2yz3G8GWGPLZ1rfNC8rrL0v6Ja3AT59no4,대 쿤,4547014974,carry,1433,1,5,6,11722,1693,4213,7,0,11565,7164,140,0,0,0,1,8,1,0.3684210526315789,0.15625
qc2TM_oKz08eOyOgITsUoxPySSNXco7J4oQC-hwF-nJ0JfM,dkzmamx,4516705668,carry,1235,5,6,1,11831,3641,6859,7,6,15020,9120,142,8,4,13,0,5,0,0.3333333333333333,0.21428571428571427
6vWfoGFMSOY5CQLg81yZJfHBwtR-is5aQKmzlsVueF2z,WRRRR,4449344527,carry,1757,7,5,4,19314,974,10709,20,26,18975,11647,177,24,0,328,2,8,5,0.5789473684210527,0.18518518518518517
v-ZXn0wIhD-w0J2HakD23sMGWbBw0hSI3t9quMsC_Xdq,내세상이야,4449344527,carry,1757,6,4,7,14956,2103,10075,30,34,12302,11564,187,12,0,701,2,9,8,0.48148148148148145,0.21052631578947367
_boxbV9BgR6YWNYdkXh87kIcmyFvzk3JKDzYn_0U7s5ZPzI,잼현이,4502557885,carry,1340,4,7,2,7545,1424,5782,13,0,12492,7757,142,4,0,4,2,8,1,0.42857142857142855,0.20588235294117646
nB2YwbZI27EMsZZXtJiiZGrd9OudJrUJs2AW3xk9SkRL,어익후,4502557885,carry,1340,5,3,6,7055,1525,4056,17,17,10791,10087,143,22,6,420,1,8,1,0.3235294117647059,0.21428571428571427
GDFCkpTSeCcq5G0yXE61pMO5D23cvEcwgFeg4RmNVTtz,UDT Seal Agent H,4544635623,carry,1599,2,7,5,11927,2440,8561,15,21,16091,10134,183,15,0,88,0,8,2,0.30434782608695654,0.175
6GM3EqtqQEGt1Xm8EOnEgfhkwHJNFWYAgIhf5IP96es4,양온유,4544635623,carry,1599,12,3,12,18108,2462,5382,41,13,11985,15702,196,36,4,106,2,11,5,0.6,0.13043478260869565
767K91n7y_yxeb8xoHDka9MZigQGjUN2ybPqfPBFY39o,Ma Michinna,4548609499,carry,2248,6,14,16,26044,4431,8804,22,60,34778,13559,177,9,0,795,2,11,2,0.6285714285714286,0.22950819672131148
5_uVlpDFKxDKkHqOh0xgeagZycTJ3ChH-u_c54z4H2BEF6M,잠 어,4548609499,carry,2248,26,9,11,58766,4912,17847,17,14,31850,19915,170,41,17,115,1,4,5,0.6065573770491803,0.2571428571428571
IYuA82Alsa1MGmcH0amgvh3dMm-fniX7hA8bGVJP5eNG,나 눈 떴냐,4527584058,carry,2355,11,5,12,41687,11418,15540,36,41,31682,18380,229,44,16,277,2,16,4,0.5897435897435898,0.12195121951219512
FTqqXa7st13bJY89ySrFSh4rWA7HX2pxJGc714aQRQD1UXc,조 탱크,4525629794,carry,1958,7,4,11,30167,4038,7418,24,2,16856,14056,222,16,8,56,3,9,3,0.5,0.18181818181818182
tmlGXBVWtqrB5nhIjjWcomqmAW8gkVxP2duwYS2rJwEX,지방직,4525629794,carry,1958,4,8,7,14878,2754,14804,25,17,21871,11835,217,12,0,68,1,10,2,0.5,0.2222222222222222
sftpjnSdSvYnt763-dA_sRO5VJtPElSfLJQfCp7sl_LsgzE,카나가와,4538576445,carry,1689,10,5,5,20578,2743,17104,20,8,20317,13049,212,8,0,263,3,7,4,0.4411764705882353,0.29411764705882354
TUoW4T-HCPO5yDQ2e6HmftD6-Xu5FARFuwH-UQfuKZIW,2020년 8월 10일,4527076529,carry,2318,3,7,7,24697,2352,10476,16,7,21598,13481,246,24,0,102,1,11,2,0.4166666666666667,0.1794871794871795
73UcvzKw57hDcwz19b4s3eZ_j8pNESPtPrjwnVMkaroy,Tentacle Fetish,4527076529,carry,2318,16,5,10,32473,8743,20471,21,14,24398,19622,240,24,5,160,2,13,6,0.6666666666666666,0.20833333333333334
UIne5eKijLsJLzEA8JTmwzgdLAF1Pspnxz-WQbfMetdi,Heredity,4522492770,carry,1885,7,8,13,29476,2515,14174,18,8,23118,12479,155,26,0,173,0,8,5,0.6896551724137931,0.2
VeSteKAF5_rfJ3V0K0bGck9tQBw-MgH3Yiw26vigEuBKjApFcLr150yC,캬캬캬캬메롱,4522492770,carry,1885,6,9,14,21802,3505,17459,39,39,20290,13344,201,32,0,728,2,8,9,0.5,0.3
QjhTYs75le8-t129PKeVGkpIKiFqOORg2nARpGM-soY2Kkg,ParkChaeYoung,4537912045,carry,1666,10,4,7,14751,1351,6174,25,10,13675,12676,173,24,4,43,1,9,6,0.5151515151515151,0.14285714285714285
0Cu84GrYUzc7XGLyDPJS3hJqr_sDY1w7A4n4-wZ4XoMD,세젤예최가람,4537912045,carry,1666,11,6,5,28404,3433,12432,13,12,16891,12945,177,16,0,363,1,4,2,0.5714285714285714,0.18181818181818182
2Jv7FtoylAICGK0zueN8v72eqYYpHw9FltaG9B-eFyE9O4U,오종남개허접,4546454266,carry,2641,21,9,13,66940,5281,22673,73,12,42564,23597,292,54,20,125,1,12,7,0.9714285714285714,0.1956521739130435
EuOJrH6FJWVUkXYqXwNLNXcWl9frmhgSXrgTMPp7tFKR,녀 누 ,4546454266,carry,2641,12,6,13,42159,4092,11615,28,33,22732,18543,220,44,4,891,2,16,4,0.5434782608695652,0.17142857142857143
2acwayVmKbOZIAKna37X_L86O6CCa6jX_fXNWeZ5_DWdPgA,사랑가득 이명박,4545065128,carry,1292,3,4,5,6680,735,4269,13,0,9745,7964,137,4,0,0,1,8,3,0.6153846153846154,0.15384615384615385
2Pif12u6LMT1qELfWK9S4dRRDIJOp1yO5MtNVLrHA3k3,형 그걸 왜들어가,4545065128,carry,1292,5,4,8,11396,1445,4186,9,2,10255,9496,147,20,4,64,0,7,0,0.5,0.3076923076923077
jjSU3J9E2Whyo48Xx5XMsfAcyWwVt6LDHbYWm---LvvLSwo,여현준,4466159552,carry,2344,25,9,9,53469,6689,17502,34,10,33085,23881,241,31,0,124,3,11,10,0.7083333333333334,0.23684210526315788
bpa2ntFkD0wLHc_m5nqb4eTsmT4sAvQGZjD1VszFqtQZ,독 종,4518341113,carry,1544,7,5,3,17030,2880,8433,19,31,16628,10954,198,6,0,694,2,9,2,0.5,0.13513513513513514
a8j1fUVYli-Qqb0t63f2qDYeuf_6V5Z4VB_eTR4V_2Uj,모닝사과,4539024076,carry,1561,6,5,7,12768,796,6868,24,5,11280,11793,188,8,0,7,3,11,3,0.3939393939393939,0.25
fhLOMrfOJmCCmamEzjZ93v8DHRAgRPnmtFBIydyoqsEEhEApx4KM6u9c,원빤찌 3번테이블,4508712727,carry,1361,15,4,4,19492,3349,4490,6,17,16634,12727,154,4,4,51,1,3,2,0.6333333333333333,0.4444444444444444
nZKOhqbKnTvLHebmKKU6o2alK2ISb7iUjTAPqSKhkhlb,착한말안하면던짐,4508712727,carry,1361,0,6,5,7998,1551,5325,11,17,13555,5977,114,0,0,120,0,6,2,0.625,0.1935483870967742
dswx9k0IDzvUeQBVILOB90zFgmk0zgn-Rez_F2fEVFrmPtVCHodHNN-V,배운탕,4547846514,carry,1887,25,5,9,53580,3527,10212,25,22,20718,17756,160,29,4,494,1,10,6,0.7555555555555555,0.17857142857142858
S7w_trksgSWJjLaOdQqpvSMMCSllk5M3hAzqBpm2TAUE95U,통섭의 협곡,4532581135,carry,1507,9,10,7,22165,2744,8907,12,18,21925,9784,135,8,0,111,0,4,2,0.5714285714285714,0.2564102564102564
SIPdSIQpQhyLoowiEf3rnpRWO1l873yLBSZcHFqBL54y,짝대기 Mute all,4544579359,carry,1976,3,5,8,18311,2433,7827,49,14,19506,13154,204,40,18,118,2,12,11,0.5789473684210527,0.2631578947368421
Ods5KmQ4irxgCqSkpV1h-p3ph90ItylTbJMhMxM5AgzNKRAwr7LFgL3C,소장님,4544579359,carry,1976,5,3,4,16358,5363,5261,18,20,17594,12517,223,28,4,173,0,6,4,0.47368421052631576,0.15789473684210525
Y1VCmi82ipwU0FjU_BIFNM-gaNGIdUxSDL3DND2DagrY,cherish0214,4548619137,carry,2403,3,7,10,35633,5903,23805,27,16,24191,13073,225,16,0,401,1,13,7,0.5416666666666666,0.21212121212121213
egQmW0Xwrj4V3l2N9w4ySxjqB9v9rXRfy54Dwpegd_kU_BM,삼천포살아요,4548619137,carry,2403,4,6,19,28054,5766,16262,41,44,28554,17063,275,52,0,1032,2,15,6,0.696969696969697,0.25
MKWWFO54lLzmD2veVfZrZmK2N1t4ltvw09z7yp1INr3t,Hlde on bush fan,4548233025,carry,1446,12,1,5,33714,4626,7347,14,14,14644,13675,173,20,12,68,1,7,1,0.5862068965517241,0.058823529411764705
Zo771z-4kZcuQFBsmYRMVXPgExm4q3jcA1XdE1APSSXC,아니맞는데,4512710531,carry,1865,4,8,12,12707,5210,9535,15,1,19049,11221,179,4,0,7,2,8,3,0.45714285714285713,0.36363636363636365
odo9OOMvxjVYWtP46iUfBo4-NP1Ol97B1HhpCrqf2o5vM3dmyyiq_9S8,킬값할게,4413099096,carry,1624,4,8,7,18671,1354,7158,18,1,19877,9589,151,4,0,31,2,10,0,0.4782608695652174,0.22857142857142856
KFEP8xLyOPDHO_PkOpnqAnt4_PGqYTIYUUf7z_MzbW-DtZo,성원의 감사,4533703791,carry,2035,3,9,7,22533,2409,9035,28,21,19473,11319,192,12,0,673,2,13,3,0.5882352941176471,0.28125
AwjnAF333MQLSjlHQkCHNwlAREo-gwfgp91LM4K4BLbp,LuBinas,4467589870,carry,1836,1,8,4,8833,2193,7297,27,12,17238,9001,157,14,0,42,3,9,4,0.20833333333333334,0.2222222222222222
-XY4YvK4B5q9dTLWaFHhcCofn8RlxaobdTTKaBHBstq3PzuYO3rihYo6,Manlala,4467589870,carry,1836,16,5,11,32486,5295,10627,34,26,19606,16266,216,21,3,224,2,8,7,0.75,0.20833333333333334
Wpbhfdc6LBb6D_5f2XwYfm40I-6kblcekvR4cUcVvnutSPA,The Sketchbook,4546189084,carry,1963,7,5,14,29111,4627,21262,42,25,21358,13983,217,38,6,408,6,16,10,0.7,0.2
CFw_dX_53Trznl3NuzfCMZ78WhjNe2wdrD9F17lFTRSE,아니뭐라고,4546189084,carry,1963,5,7,14,35222,1513,11145,17,2,25041,13120,235,12,0,41,1,9,3,0.76,0.22580645161290322
a0TDqYljy6k7XJerHP_BX717WD9y2PVzRbnXXtlrkKCmeJ6_yqowyBke,대동쥐,4381101315,carry,1924,8,5,4,20114,3900,10563,12,3,17798,12953,213,8,0,218,0,6,1,0.32432432432432434,0.17857142857142858
FzGfTPn7f-jjyn04qVIEMhmnIIpNyDHFghMo-KpEjsCt,쑤호천사,4381101315,carry,1924,10,6,10,34030,1542,6509,35,36,18072,14041,211,6,0,277,0,8,12,0.7142857142857143,0.16216216216216217
1mAmEBEzACFNyXfCMjcFJF7esfYGPNSqEKzIpos6LyyC,no win no gain,4542771516,carry,1688,4,8,4,11801,2776,6936,12,31,16348,10283,127,0,0,56,1,6,1,0.36363636363636365,0.25
KVgboSw09z57R-suomAg2pMjwI5O_fQXoja4VMC3sq5asZg,ehwl,4542771516,carry,1688,9,5,11,20482,4872,22728,13,23,20735,13397,186,19,5,147,0,6,3,0.625,0.22727272727272727
EXuCyYigxK7pvzi5euj8xIWufinJB7p9Rn3HGn9CZ6G9,갑종풍압하중,4446284084,carry,1916,6,4,13,22781,3534,23216,41,45,21750,13356,172,36,12,771,1,8,1,0.40425531914893614,0.14814814814814814
3QYCiuQeHkFVzJbajQAOzEFP42ZZxD8IbOc7vGFPB7q9,주놔z,4446284084,carry,1916,4,10,6,18355,455,10772,11,33,25090,10614,170,0,0,302,2,6,2,0.38461538461538464,0.2127659574468085
0kax4xGk1H7CV9kUckrB5paEm1VOtLfwQd0nhW2kUgwU,선녀가 선넘어꾼,4522996803,carry,2258,12,3,12,41181,4400,13709,36,5,20386,18473,251,43,5,140,3,15,9,0.6486486486486487,0.11538461538461539
ReOfTS3IyJtPui0TGaxOsfG5n5-sWqq5l1aBagYqLomgoDgCjtN9uRvF,고양신일초등학교,4547898406,carry,1480,3,3,9,10970,1783,7603,6,13,7919,9695,177,20,8,198,0,2,2,0.3870967741935484,0.1875
QiFT9wExbAXDuzUEuZcPge5PPSL5pAD-FxkRI8rtc8hSBUI,김뮈민,4547898406,carry,1480,4,6,2,10767,1305,6551,12,25,12902,9982,187,0,0,607,1,3,3,0.375,0.1935483870967742
1mvQz5IgLtMYAXgJFKn1GbXOXLPXIOkS98WBIgslUFtqzP8S41b70SS5,Top of line,4544654071,carry,1646,0,5,3,7460,2041,3979,13,0,10974,8208,158,14,0,14,0,9,1,0.2727272727272727,0.18518518518518517
mC0i_DJuHPuBGK3E-SNZNwEJAe9qkm3eNIMEyyw0ljdfTyRTobVMsCiy,조금만못해주세요,4544654071,carry,1646,8,2,11,24061,3207,6286,10,26,15912,12997,196,34,6,173,2,6,0,0.7037037037037037,0.18181818181818182
OdP38ctqQsYqv10tPkRq6IHkep4F6ZNBG_4WuKvXzT73,데 생,4541177272,carry,1233,8,0,3,11679,170,2092,12,2,3973,10886,184,8,4,95,0,6,3,0.44,0
lzTHytN0x9IHtUO5yw3tCjqxU90xPzYZev2xFO3ehxa3,펩시인지용,4541177272,carry,1233,0,3,1,4812,889,2333,10,4,7205,5409,116,0,0,16,1,7,3,0.08333333333333333,0.12
cKbKWu7R8r2U2KzCvb1UIWt9nzRzj08B0_MUg5Dwpeg,실버골드구간,4509240257,carry,1296,5,1,5,10469,2577,4025,9,1,8241,9061,164,4,0,39,1,8,1,0.5263157894736842,0.06666666666666667
oHDLOMyKUcUBr57U_URJss1KusDpG1UxxXYL4_NwUXKN,osam,4509240257,carry,1296,2,5,3,6028,1624,3741,9,8,11286,6520,118,0,0,30,0,4,4,0.3333333333333333,0.2631578947368421
8nM1ssoOVwoUWidrO9Uua7JRPrjS4r74J_KYKNPWzudi-Mw,더 셀,4546209037,carry,2166,8,11,15,34689,5369,21839,49,28,32556,14228,162,36,0,243,4,13,6,0.5348837209302325,0.2894736842105263
6-C4NKGOF8-icpTrMXGUmsiuI6a-M_YkikHdqUCvklpl,GGINGs,4548602849,carry,1865,6,6,13,18567,1395,8699,33,41,17627,13255,197,24,0,836,6,11,6,0.4222222222222222,0.2222222222222222
gDISH6EbAy1g7ND0ZEPGWf146kyL6uRtVUVmQKUBAr92z14,바론or용,4548602849,carry,1865,7,9,11,23930,158,9255,19,22,23312,12270,199,20,0,87,0,6,5,0.6666666666666666,0.2
ppCLsiTtDLsBuacQxDAXlOXHRXJeffX_U3aBYDFjq0NqQuU,욕잘하는유저,4525908879,carry,1494,2,2,5,7237,955,6210,18,3,6782,9382,168,4,0,32,0,7,3,0.2413793103448276,0.2
KH4gpoOaGS95dhQFAhel-R-gTPQluz4O9KX0-29_L0_K,Floret,4525908879,carry,1494,1,6,3,12275,1655,10365,8,2,19712,8293,195,4,0,33,0,4,1,0.4,0.20689655172413793
P5DfEaawRt8lXM8j47-IMLRuirT58LJj__asC5sV7FH1,프레올라이,4546433903,carry,1801,8,4,9,24123,4663,8642,18,5,17730,14753,200,34,13,84,0,10,3,0.4857142857142857,0.16
dl7w7aUFn-N2VLTKLWIhBCtpBwE4PuqGZIKhXcr9Okk,리건주,4546433903,carry,1801,7,7,4,12574,2463,9281,28,27,19876,11154,167,20,0,341,1,9,5,0.44,0.2
8QiPvYL8nB6ah_-Mk_WL7CGCYUnpBT2mqtnxWYeJyVJN,쌍니옌,4465713210,carry,1481,3,5,3,7811,1339,4954,13,9,14404,9304,185,4,0,21,1,7,0,0.3,0.16666666666666666
wynaSYVZtNt5T3121aUB8lrMXXpBfHEZTqOWshIEPij8,문빠따다,4408686956,carry,2427,8,12,9,30448,3667,21792,28,12,31443,16201,221,36,5,160,0,14,5,0.4722222222222222,0.2727272727272727
zpgyBzlaSBAfrunjExdg-4ZwJSDW9U_D2xHIgFe4CrGQ0VQ,wejofiwjfoiwjfoi,4540797080,carry,2121,8,7,18,43906,3745,9657,27,59,24959,17897,265,16,0,926,2,12,1,0.65,0.21875
NYUM9mvPOps_DSX_55dOsFwKUIg5hfgELDMNqh5hOaQgHABx-cGinVoB,엣치선,4540797080,carry,2121,12,6,8,37145,2661,16610,20,9,30058,17004,269,24,4,84,1,11,7,0.625,0.15
a1C1Kido4hg3-oyYjPaLXm97hLbLMhvZN6Izwy6UfDZg,Korean Docta,4545576267,carry,1871,5,2,7,13217,1268,8000,41,2,12922,14751,257,50,14,32,2,12,1,0.32432432432432434,0.11764705882352941
d9tH0bCng-ALDqgHUtkGbk1JPzbU25ULGwMMLm4ChPvjnX_s-BKlzo-q,미 드 공 인 ,4545576267,carry,1871,1,9,2,7862,580,12249,13,0,23963,9489,196,16,0,40,0,8,2,0.17647058823529413,0.24324324324324326
1L0yjmeKIvTLM2LG4qzQFvQRTW2R3OtzQJhhtfPPEgEzJ_4,수능망겜,4548745152,carry,1832,13,6,13,34162,4472,9947,19,9,19712,14482,166,24,0,113,0,8,4,0.7878787878787878,0.3
1ZvvlM7K0mqmkTmE0ILqSmR1zQynx9BtD6WdSpCpaKzm,골드5가즈아,4548745152,carry,1832,5,9,6,18027,4363,10584,18,11,22764,10844,168,8,0,74,0,7,5,0.55,0.2727272727272727
nMGYvlHY-vIQDFOs1oVYQBckxnVnT-uiAHh1blRlSJw3tcY,돼지우리,4499421129,carry,1679,3,7,0,9903,1651,5728,22,36,15555,9255,183,8,0,674,0,6,2,0.3,0.2413793103448276
-dSYVHLVWu-eAzDmCV2mCnEgXDJe4YYc1OQ9rZ_17GyWVcg,EQ플,4499421129,carry,1679,8,1,6,18863,3773,17609,19,25,12608,14972,232,45,16,159,1,6,5,0.4827586206896552,0.1
KkBNmFV7VbBEpwQVHzlGzQ40z-zaKSClRqjj1u1sYi23,게임할시간에,4494695279,carry,1457,2,5,5,11717,2096,9041,13,8,11606,8255,150,4,0,190,2,7,2,0.5,0.1724137931034483
kKtRY8DTZ-0nUvivRrrs2IVmxW_4RhOyjQECxzPFdWhoILo,3급현역원딜러,4479814230,carry,1870,15,2,8,21240,4854,9516,12,1,16029,14888,173,12,0,23,2,10,2,0.6052631578947368,0.10526315789473684
UmFxN95gVh95aUhl4xeE9oDC4ZUw5Wi1T81ZGMyiImEcLyxBNgMuhlW_,강박결벽증걸린원딜왕자,4479814230,carry,1870,5,9,9,28129,1818,9751,19,1,20931,12722,211,17,0,9,3,6,6,0.7368421052631579,0.23076923076923078
oILlF9yc2z8LYE_DDLPwKZNvecRfce2CsHCHQSW6-___P84,Creep ScoreKR,4547509978,carry,1988,11,5,6,31998,3995,30855,25,13,19776,17156,273,54,10,267,3,10,4,0.5483870967741935,0.2777777777777778
yE2-yznJHpMKg24kvNgkbsTKXkEFBE5FAwkGkS5SRoAT6ps,사람이름이환시,4548720745,carry,1269,6,0,2,8937,911,3191,27,0,6401,10540,204,8,8,6,3,10,7,0.47058823529411764,0
VJ9q4Q0z2qXMhM6HRWOnPnN1n3l4aRVSZuDtUsouf5D9,I0I 유정,4539023632,carry,1831,8,2,6,24734,3101,8628,39,23,16285,15504,253,20,4,116,1,9,3,0.56,0.08695652173913043
f4chwyIwz3A4fK966tpl37bMHVZFZg5nJwoACqm5lVKf4zF5chH6WJDc,룰렛 59개,4539023632,carry,1831,8,5,8,25777,1963,16125,16,12,21858,13170,211,16,0,252,0,6,4,0.6956521739130435,0.2
ePbz6-IKvcs4iDDP0ecKKAYh8G7y6-J1IPB0ddZq3pom,스냐누,4545529179,carry,2003,9,8,14,25341,4599,16962,26,12,22780,15246,219,24,0,180,3,10,4,0.575,0.25
sQI0ix_odm0VtFsCWycL_D7-fRi4CrcRQaJ_pkTEOjk-Ukw,파리조약,4545529179,carry,2003,1,11,8,13255,3085,8139,25,0,20878,10578,180,10,0,0,0,8,8,0.28125,0.275
MgxTTibHYp-rbcxl9Bt7W1izi9eBLcLuOFJmG15hKZ24-9M,공이건,4547777194,carry,1878,0,5,4,9453,1491,7438,34,36,16289,8945,197,15,0,722,2,11,5,0.2222222222222222,0.1388888888888889
MV_hss5ogKfUyfoM0sr0z50Fkms7_aRwd2QJRVMivxXy,티 꾸,4547777194,carry,1878,13,1,12,35533,4348,11296,14,18,15949,16129,209,42,8,145,2,3,4,0.6944444444444444,0.05555555555555555
tZ62SaJxdjvAgHpt-6ihlDnb7j7aLk55XUW9TXCLrkYLxebt40vH2yrb,승 쿤,4535497075,carry,1690,7,1,10,20033,2817,8079,24,9,12586,11735,189,4,0,88,2,9,5,0.53125,0.0625
_aBJidk4etjIjEnM4J45mFaRyhuwPSxE3U-Y0i46EnhT,평양미남,4546505890,carry,1975,3,3,6,16326,4812,11206,24,0,17281,12612,240,8,4,50,2,12,3,0.375,0.1111111111111111
mG0tVoB5sTQxMkrBR_-2YGLissW0kBjTCMuITIkh-Fmrki8hVfPh9tli,전지적 규태 시점,4490673680,carry,1593,8,2,9,26952,1953,11117,11,9,11266,12349,163,28,8,140,1,5,3,0.6538461538461539,0.125
xLMvHFnsKTyJbJFK1mX7_31swJGRHJrlfczfVVcCgwMNVfc,하 화,4490673680,carry,1593,3,8,2,15291,2480,9641,10,12,16197,8355,155,2,0,19,0,8,0,0.3125,0.3076923076923077
498i-XO9CnG7_hxkhJ5M93p5pmosLH2jNF_b_D6NxFfG,우차니가이겨줄게,4544369809,carry,1276,9,2,7,17911,2849,4090,21,26,9856,10239,135,3,0,176,1,8,1,0.6666666666666666,0.125
18lrqrB669gBdw1RqYk1gKPYs1pQQWP8T5juvDVqRaOMyiYk6NNVl7HZ,viveb,4544369809,carry,1276,4,5,2,13703,1282,5741,16,10,13279,8525,139,0,0,10,1,8,1,0.375,0.20833333333333334
Pe9KG8VjXlqLK1pZMYnsb6sa23aDiCTOYody9ZHkbhXC,히히낙낙가자,4545722466,carry,1903,4,6,9,17503,2928,22083,45,9,20865,11469,154,33,0,308,5,14,3,0.52,0.16216216216216217
k7rFk7ezVSO8UZ4_VM4hCwK2aax6EpGPdGLx1OaoWM9A,징거형님,4545722466,carry,1903,4,7,11,22633,2145,17983,40,15,21112,12476,176,21,0,247,1,10,6,0.40540540540540543,0.28
Dh2earxcwCxWk4lj5AiHnZHqUe8MKbk6C6_X-A7UxPH8WnTo-92QLRtK,모든챔미드캐리,4546514072,carry,1782,6,9,9,20140,2757,9717,14,19,22790,11633,179,20,0,131,0,9,0,0.625,0.23684210526315788
ofAHVmBsTDOmiUzLffnC2jpLA7UswR4yx9lUSOKnDtiDz8Q,뭉시긔,4546514072,carry,1782,19,3,9,37744,4744,12318,24,32,17256,17263,201,8,0,146,4,9,4,0.7368421052631579,0.125
I8k8dH5gX-12JonGm8h85yGCRQUryeUbjqOID-I5uX8,찢는다,4546845560,carry,2124,2,7,3,8739,2371,15018,33,10,21217,12385,250,22,6,107,3,12,7,0.29411764705882354,0.23333333333333334
tOdYNO3d3op1r0Snbb-wCJWckycLYBSxIkgnbKUCJ9cb,도끼들고 산책,4547219003,carry,1390,0,3,1,2663,636,1819,4,0,4155,4532,67,0,0,6,0,2,1,0.1,0.17647058823529413
ACP6ByLAz_ZyDk4pMUJWIX_RXCqwQJHYO42mPv3aWkOS,히 쟁 쟁,4479098801,carry,1928,6,8,13,30548,3448,13827,31,9,21668,13581,198,30,0,269,1,12,3,0.4523809523809524,0.2857142857142857
RkayEFs4rqRZnYo1_j4sqadOqOBZsTV345g07lVK_Wdd,윳 항,4479098801,carry,1928,8,8,10,25520,6031,19282,31,23,24539,13872,231,12,0,285,2,8,6,0.6428571428571429,0.19047619047619047
BgeAEYVREpu-z_LSoeew0BYdWme8EOUnQ5vNvQN4HbcC,배가고프다,4537775947,carry,1437,4,7,3,13651,24,5785,13,0,16813,8236,124,0,0,5,3,8,1,0.5384615384615384,0.22580645161290322
vzQWi0t1GAi9S-_J6qRcaWTHtPIBicDZOh1QL-Q2R_uw,뿌리뿌리뿌링클,4534241794,carry,1862,4,12,7,17372,2523,14643,14,10,28848,10822,213,0,0,115,0,6,3,0.5238095238095238,0.32432432432432434
VFQr8JGZ1AWUxfJNWjSpf-g0ZqmBBklDCTb0YgXMRyp9CNt_N_XNFDtY,Gen G Ruler 팬,4534241794,carry,1862,10,6,15,22785,3145,15779,35,13,14197,15136,207,40,12,366,1,11,2,0.6756756756756757,0.2857142857142857
Cpout8yu2AS8Mme-PzBkQz6JHLxIF9wGbbKXYhMSCehJsOQ,나뚠뚠,4548535705,carry,1471,4,3,8,9034,1465,3639,30,28,9267,8675,118,9,1,528,3,11,6,0.375,0.15
Luof6_h_etQTB8M_uxhcJF8tD_nY6Oyk56hVhWHRWK7M_QU,뇨르릉,4548535705,carry,1471,6,4,4,18183,3309,5829,12,2,15447,10244,173,5,1,78,0,8,0,0.5,0.12121212121212122
2UbN8JfCoji4CpsJ1rfnFxq0SLdelzzJllJdweB9qtjj,양만E,4548735129,carry,1841,11,1,13,27167,2842,8954,33,7,14374,14095,206,10,0,276,3,10,4,0.7058823529411765,0.045454545454545456
G3eI9HDc77eGzkLWO1PJuBJNjMHFVyzlgnKGhvPKDfb8V_c,GLHFADC,4540085757,carry,2237,5,6,8,30925,6354,12237,29,43,28792,14439,276,8,0,169,6,18,5,0.65,0.23076923076923078
IpnnMOytJkpK1BWhGemj2Mm_09q5H0RoRonIJ-eWXRIU9b6tA3vwX1yA,순 딩,4540085757,carry,2237,7,4,14,39465,5134,14607,42,15,21359,15575,238,26,2,292,4,15,4,0.8076923076923077,0.2
jBWgjhmySpz5rFPQOx3j5DwjBKreHFhiazFRjrPUoZi7VjM,니네집 기울어짐,4548644080,carry,1370,1,2,1,8211,1305,4219,7,16,8703,6829,116,0,0,170,0,4,0,0.2222222222222222,0.08695652173913043
9wrlQizCBo6cvdvW_822hIfIz5ShDT9OzPGSuondq6ymrNk,경주최가 최영진,4527724849,carry,1266,5,6,4,12516,1564,5218,11,3,12377,9630,148,4,0,45,1,6,1,0.75,0.3
1CQUsryJvxDxhl677jrpb_wXMAZd3TePruTTdVXn3p1pxXU,청순찌,4527724849,carry,1266,6,5,4,14337,309,8039,17,10,13724,8510,149,0,0,42,1,5,4,0.5,0.4166666666666667
diRPnmUHI0XUYJSOohauE0Gndvu1XrlCEHYKjgJrNCC2iZg,옵빠라구불러줘영,4310943979,carry,1926,7,4,17,26218,3351,10439,32,52,17729,13338,186,12,0,657,0,9,7,0.5333333333333333,0.16
k7ZobLZbUm6RQ4U87WDHgxEXyC9RNDzh-g0Viq5DMRkuzgE,성정동동네북,4301138268,carry,1945,7,7,12,29637,5639,12420,23,2,21310,13556,227,12,0,59,2,11,6,0.5588235294117647,0.19444444444444445
49mpVrw5bj6HZvnULL44nR8HUoScJBM_YRByEqtO5w2p,계정공유 jona함,4301138268,carry,1945,14,4,9,33721,4190,10780,27,11,21277,17750,235,31,7,96,3,9,5,0.6388888888888888,0.11764705882352941
J5v8JdseZMcUz-ov6CYqXRa9Nxjwhqk7ejLdE8DUeI4G,Draqulla,4548288594,carry,2286,6,9,15,26969,4154,12599,40,46,25685,14399,205,32,8,935,4,15,4,0.5526315789473685,0.21951219512195122
Bfm8UdiW8slyRyA3YeN64S7SsJlDRz4xQE4-gUiDv6bw,바람의딸잡이,4548288594,carry,2286,17,6,8,32906,5173,18955,28,5,24111,19881,263,65,12,104,0,7,3,0.6097560975609756,0.15789473684210525
-vuMpywyc6kj6DFVnOZIHd4sX6qD5wXnaPZawOnBQOl7,진 짜 베 인,4542184205,carry,1658,12,4,16,26596,3274,8952,22,1,21143,14138,183,24,8,67,2,8,2,0.6086956521739131,0.21052631578947367
Zx6CvO-iDqwLa8fo7h86nAec0NNGVZ3Bei2ye_oPYc14xG0,트타점프장인,4542184205,carry,1658,0,11,2,10834,1813,7707,14,36,19612,7509,146,8,0,585,1,5,2,0.10526315789473684,0.2391304347826087
X5qHVrOX7J_XikaKrm76G_mKf1dLHrVO0EnzjRXnZGYSH9E,Mortyd C137,4526640171,carry,1883,9,1,10,24146,2643,6880,41,9,14012,15507,206,12,0,143,3,12,15,0.5428571428571428,0.043478260869565216
HkeGcrPfB3AHoCbK3m84jO-yEnNFbdi-sbYeyju3i-K5hss,성대 21학번,4490538558,carry,1327,24,3,6,33338,6478,21522,27,28,17286,16684,189,10,6,109,2,5,9,0.6666666666666666,0.16666666666666666
M1Jm0hJOuAlBtby-06__N9kRW-C0jYN7NaiMPIIKp8i1R2JMopnWZCL1,나는고구찌,4490538558,carry,1327,4,10,8,12311,2983,8865,9,0,19790,7064,97,0,0,0,0,6,2,0.6666666666666666,0.2222222222222222
uyaJWuF8eLbQyNBLIgw8l4Y0-3TmV2wNAfDF0PLwqURu0-8,내가 와드 할께,4548599945,carry,1420,5,2,8,12995,3519,5782,14,16,13626,10442,169,16,4,136,1,8,1,0.40625,0.125
yFjLdlqW0VHGuc1m3UK_mwQcRrb8-itxJcqo2iWUqJO0qUY,뚜잇2,4548599945,carry,1420,1,4,5,14030,1436,7507,16,6,13744,8170,179,4,0,112,2,9,3,0.375,0.125
560-NHo_byAHJ_Y5fNs0ByissPVsw_jE2UxDQFJBOI14,원딜은 양경엽,4469962301,carry,1964,8,7,9,19975,5267,12427,32,15,23807,13338,198,16,4,92,5,15,8,0.53125,0.17073170731707318
GKgrPthwbwof8UgD1WDRlAKVmy47h4Js4MEQ_ah4_FauttI,느그집어멍,4469962301,carry,1964,13,1,10,33022,6171,13356,21,13,12229,16535,209,21,0,276,0,10,2,0.5609756097560976,0.03125
b2iQtiqQqzDMCQv6QsoTWCUhr10Iwx30S0YnRodi_eYr,꽃가이,4543538915,carry,2067,9,11,5,27568,2819,12172,21,5,24526,15290,213,22,1,38,3,11,2,0.42424242424242425,0.2
N0-yaRyJfr3wH80st0xeuPVHmN7GNVuYGeZYgumsZQCRh-Q,Nightpion3,4543538915,carry,2067,12,8,12,32586,2828,25280,21,10,31231,14599,139,57,0,323,1,10,3,0.43636363636363634,0.24242424242424243
dil0IzqiuxaekP5KlYBxdOpwGGQk_uLiE_Nmmrpkafss,홍신비,4547320081,carry,1210,1,4,2,8835,1179,3461,8,20,9021,5558,103,0,0,399,0,5,0,0.375,0.2222222222222222
uMJPNsbj8Z98SpyFt7woeAfPlAPa7v60smcKlylW70Cu,BJ패러디광,4547320081,carry,1210,2,1,6,9460,2856,2950,18,16,7789,7604,125,12,0,67,4,7,1,0.4444444444444444,0.125
ehgDihPfJpOwnOXvTURbMz-Dqyvvi0GGz7CeIcXjp7R6,송크스,4486502305,carry,2096,4,4,5,27356,3885,11479,52,25,18978,11638,225,6,0,318,5,17,7,0.391304347826087,0.16666666666666666
8cLfQK0YyAyPik2N-4fulniZhI8uArZnMwFt7QmTgJGWyY8,KT짱짱맨,4548040605,carry,1978,9,6,6,20637,2145,5280,10,12,15802,13525,198,4,4,33,0,5,3,0.375,0.3333333333333333
jguHQCYpDRfKzGiD4gA94PTwiNk_xNr-sdjozApXtHvvSdoTbyBaSpd_,예머더뻐커,4535948728,carry,1975,16,6,7,36609,3205,18590,30,6,24184,17927,226,38,18,129,2,9,6,0.5348837209302325,0.17142857142857143
IC4adE9C3Ky52C5qoXC_QoxEtRTEE7JI6O-ktwdn2oly,가든안가든던짐,4535948728,carry,1975,6,9,9,21433,2897,12751,11,6,20005,13281,207,0,0,292,5,7,4,0.42857142857142855,0.20930232558139536
XcUOW7geMO6bLvPV4__XVAMJtyFNVUgYt2_fdKQASF-t,남양쥬시,4419420247,carry,1743,13,8,11,25251,2273,10546,10,8,18893,13448,151,16,8,182,0,7,0,0.7058823529411765,0.21621621621621623
uZc9StQ8k_3-fRpDeLNsSpRXckuLRuBmGF3NViOz_URzLBotDn3APU-S,초코에몽가,4547044758,carry,2311,8,6,9,28645,9052,21572,30,22,27841,16569,235,39,2,325,0,6,9,0.5151515151515151,0.24
ZdScQq3Tj-PIV29rdJXEPrPTAf5Qmlpwy5yy91qAMU3dmc4QBrkaL7WE,물보라를일으켰다,4547364755,carry,2403,4,5,6,46379,8143,17424,29,9,28524,16168,257,39,7,142,0,12,4,0.38461538461538464,0.125
za18WNUd6vxGDHiBoBtFRbE8kVRWK00Z5VYWVCKcfk6F,JackNine,4547364755,carry,2403,4,6,20,22873,6061,9882,37,23,26269,14604,237,20,1,170,2,15,1,0.6,0.23076923076923078
TyRjGkVBnFm7Sy6_GVIaRmaCv4DfQDzppcOq1O9HnsTr,유턴하다쿵했쪄,4544653997,carry,2465,1,10,19,19747,4626,19701,30,41,30093,14228,258,32,0,1055,5,8,11,0.47619047619047616,0.23809523809523808
NKADmQluWnMrsYwvcBgYclnSyB4q9NEVOubkB3YVxDw,비해피,4544281625,carry,1347,1,4,2,6708,1145,3769,8,0,7415,6668,128,0,0,22,0,4,2,0.375,0.12903225806451613
1CDTZLzK4BXY07KiCNnJm9Z0VFFZ1rE4qqkaq6fB5wZ-o3pX62tARqLl,마코토짱 나와줘,4548636154,carry,1688,6,7,3,20460,2401,8475,14,50,21422,10634,197,4,0,791,0,4,6,0.47368421052631576,0.25925925925925924
