account_id,summoner_name,match_id,position,playtime,kills,deaths,assists,totalDamageDealtToChampions,totalHeal,damageSelfMitigated,visionScore,timeCCingOthers,totalDamageTaken,goldEarned,totalMinionsKilled,neutralMinionsKilled,neutralMinionsKilledEnemyJungle,totalTimeCrowdControlDealt,visionWardsBoughtInGame,wardsPlaced,wardsKilled,killsRatio,deathsRatio
EKQRp1MsyH_vMlT2etuZWAXhkTwQT-SB7Bp6rpUiK7JFgDcPW51DclIU,정글씨bal놈아,4548692380,top,1930,1,5,3,11251,3074,14738,36,3,21973,10688,222,6,0,91,6,14,7,0.3333333333333333,0.21739130434782608
6mEItKqxDPhZHKJr38a-sKhZMnKM3S1mCW6XD5hE33GDi_kRICJHLmKa,마왕Ex 볼디고드,4548692380,top,1930,5,2,8,20148,6547,18221,24,30,21662,13031,209,1,1,352,1,10,3,0.5652173913043478,0.16666666666666666
YvZQK6R7nG9hERGCJTDYooCUeldMmfaMKpIEVFvdLJ3q3Vk,량 현,4544493008,top,2258,3,11,7,19200,4974,30039,33,27,29453,14773,228,30,14,214,2,13,5,0.3333333333333333,0.24444444444444444
wAWtsLNC9hRwr2rbLpZy0xYcnueBnSXS_gIMe0r3BYwY,KIm CU,4544493008,top,2258,5,3,21,22155,10521,94876,35,37,37998,15022,244,6,0,783,5,12,7,0.5909090909090909,0.1
vTQ744aq6DIvaEJmwHHuDsuRRQu53-dh_9dPiRNE5l3H,미드보단원딜,4547828866,top,1539,2,11,9,12311,5455,18660,9,16,28754,8187,138,0,0,297,0,5,0,0.39285714285714285,0.2558139534883721
3mWoCBqajjRSXqJ3MSCxCi5K6o7wAZeZP0GgZZugQTF5nAA,Mikasa,4544185742,top,1883,12,5,5,32022,16897,27079,22,30,34740,14160,193,12,1,490,2,9,0,0.40476190476190477,0.2631578947368421
1vHrnXI5HDdBhWvK2oTREuYWuXjWJs9mhppBbvsSRnRB46ZJ1aaLz0Hn,아놔다시하기,4544185742,top,1883,9,7,2,30120,8664,31518,12,1,35915,13952,241,0,0,15,0,9,0,0.5789473684210527,0.16666666666666666
UoDQAix8n82lt9WxsP_wzE6GpoCW2YjijGXvwEEFAX_-GY4,포로리yo,4541495340,top,2382,10,13,4,44476,15727,47308,29,31,63231,18487,277,2,1,150,2,9,0,0.30434782608695654,0.2653061224489796
UCmDeWENPs8ktoc00g69NxQuVo3cktxvs_IaGJAck-urTpM,파란외국인,4546903145,top,1455,4,1,5,10937,870,19202,25,25,14962,11033,170,8,4,101,4,11,2,0.391304347826087,0.045454545454545456
70cYAQLgMi1aUfASVOlaxsHadCHImC6dvk5MYQmgb5b8rYIeLFY922Xz,피지컬 괴물l,4540087419,top,1347,3,12,0,10431,2416,11440,8,16,20073,7822,126,0,0,59,0,5,0,0.23076923076923078,0.3333333333333333
M7exgsBpPysqRzemgmpZc680f-H-JnmQUze9KG86pXHhxhYffbo_8FUs,진 제,4540087419,top,1347,7,4,13,16982,2875,15108,11,9,16202,12072,170,8,4,54,1,7,1,0.5555555555555556,0.3076923076923077
GVbC8RMQPOjv8vn8ZwXA8M5IeKRgVrFKW-pCGvHpDqjZ4wE,냥 삐,4521070593,top,1221,7,3,2,13252,3308,7415,15,12,14332,10376,171,8,4,168,1,7,0,0.4090909090909091,0.21428571428571427
DFwP8DQs2R31hly-tb33oUSqoJ08PxwFcQCj92fGUlsb,임부들,4548648191,top,1710,2,6,7,12470,6711,19665,21,24,26553,8217,139,12,0,322,2,9,3,0.5625,0.16216216216216217
sGEHQfP0ar4ApJKJX7HFqAS4rP1JpjVU1ycaxEW7fyiD,기도메타탑솔러,4548648191,top,1710,5,2,5,11597,2511,18144,20,14,15593,11259,189,0,0,66,1,6,6,0.2702702702702703,0.125
WJzQW0t-_kMDDrcIIBrV4fwg_m5Wka_oFXAYRfsoB_4MvelZ0cigcWKy,창바나,4525917747,top,1865,4,2,8,21390,9450,32024,27,2,28121,13424,205,24,13,34,1,8,3,0.42857142857142855,0.15384615384615385
l2_qh8aR9_Ny73Tp4jfVjFSOW7xi9TZn0W4FMB7IUUF9vUw,빵빵한느낌표,4548268079,top,2160,1,6,8,14568,2476,37322,19,29,36965,9828,158,4,0,154,1,10,2,0.2647058823529412,0.23076923076923078
iWKUi2hIr5Z-YLd_gkhsyGD4CbV9gj9R52Xvx4L9FFIOEzk,김백규,4548268079,top,2160,5,5,9,27577,12588,41297,40,34,43098,13547,202,21,12,62,1,12,3,0.5384615384615384,0.14705882352941177
rJE0s1_abWcr56Lft2o0vCf_Kyz5u26zBnqdVPEl8SB_GWY,관심종자미,4547333410,top,1694,12,5,5,32764,23457,16912,12,5,28349,12929,190,4,0,91,0,8,0,0.53125,0.25
fTLRnSlK3mxY1r8cmmWQiGGGLvZpHGBGkVz11mqt9MqC,노오라,4547333410,top,1694,2,7,4,12059,2988,17566,26,7,25238,9184,176,4,0,82,2,8,4,0.3,0.21875
FpNmMgDQKcHfnmncH-YQELkCDuLKwmwgWv7Q0nJTZVqXjB8,푸근한 놈,4548609846,top,1975,8,5,4,19320,3562,12815,18,8,25490,15443,260,13,3,205,2,8,2,0.36363636363636365,0.2
C35-YesdjlbqmitgLk1o0LEzrFq6NhrSU8H8CFUf6G5lA7Q,20분너구리,4547980383,top,1903,6,5,4,20254,3985,31181,23,32,26622,12843,206,18,10,191,1,10,2,0.43478260869565216,0.19230769230769232
t13zMqYWvZgNefEgRSwa12vSuMtL7j9QOe2r0KJFrKJKXi0,종 쉔,4547980383,top,1903,2,5,10,11521,2014,28055,12,26,22902,9359,137,4,0,168,0,7,1,0.46153846153846156,0.21739130434782608
bP74eTrtm6NU3Ep3MvlQ6B3ONsk7Hvofv9UwUuZ0Py7K-exuD_IlhFhA,뭘봐혼날래,4548740831,top,1358,2,7,2,10267,10598,17048,5,33,21095,6527,98,0,0,196,0,5,0,0.4,0.22580645161290322
eQhgYbjZZBf-RSfBuhoh-n3_f12ARcdDiixIyYwUFtf5JVY,RGB KLEVV,4547161881,top,1780,3,5,5,9848,4912,11085,19,3,20784,8618,146,0,0,69,2,5,0,0.2,0.22727272727272727
0YescTrJNuxOeIKh4is1IW26zjQ3Ss41ZzhAYX5yPnPDZ_Y,윤삼식,4547161881,top,1780,6,8,12,21866,28,40814,7,46,26491,11571,168,9,0,151,0,2,2,0.8181818181818182,0.2
cH3OqdLJUbuiwMpkwuGzXScOwDVRJfdHJcVbtp6Hg-55noA,와 이걸 잡았네,4541442017,top,2123,8,11,6,33957,16363,47971,18,23,43330,14434,192,16,4,481,4,12,0,0.25,0.275
0Ql7hm7m3vidDprhLLFjA0LVCM7zY_XuXqGglgHkHqMDS90CiF8tSHYq,나이재경강한남자,4509581615,top,1216,2,6,2,6879,692,3958,4,18,10719,5913,89,4,0,237,0,1,1,0.14285714285714285,0.5454545454545454
MZf60SzPJFDtHR11uPDTUUoe4KHhaTKT1GG_epMPJk_fuDyM9QlgIEOi,LZ Khcn,4546363771,top,1288,12,2,3,18289,4842,12236,30,8,15313,13328,163,4,0,264,2,9,0,0.4166666666666667,0.13333333333333333
1sijOrIfjSg7VLKIqH_FMvU_fWOo0YdWQ-fA0OyfjENg,사람이름이여태찬,4535331398,top,2010,12,8,4,40327,7342,54767,27,28,30914,15544,196,28,9,234,1,10,6,0.45714285714285713,0.2222222222222222
YQadl7Mmx6SEAjW-vhyA4eebZKgniYXQuDaY6Xt11gL97LZ51fZdLOJ9,정글 뒤지게 못함,4535331398,top,2010,1,5,3,5708,3196,6326,13,1,14329,8239,127,0,0,37,2,6,1,0.1111111111111111,0.14285714285714285
rZGljQElMrUaHfdKBnnkZlhUbUYYEFdxAVH4P0qz-Zh0JUs,니뚝배기내꺼임,4498595734,top,1604,18,4,1,31967,9239,49156,30,27,35986,16870,203,33,4,116,1,7,5,0.6785714285714286,0.19047619047619047
X5cUu2I8ZyyN52k9mSw1Dh7ORSqbJa6fDIqd-UBVG_1h,Ashiary1,4498595734,top,1604,3,9,0,9396,2510,13377,13,13,22400,8568,155,4,0,62,1,7,2,0.14285714285714285,0.32142857142857145
IItYQ7wATOv8xKmNdDZMWrM8J92n54-hrnDe9GeYOAcn,5FT,4547231597,top,1363,8,0,5,11954,6632,10115,13,4,13468,12197,181,12,4,53,1,3,5,0.43333333333333335,0
iZ45mJGmVKgSnlwSDHH4oT1VmMb_0v-JwjH9aElLuNR5,현실아돌아와,4547231597,top,1363,0,6,0,4433,2357,7477,15,5,13219,6326,145,6,0,240,2,8,3,0,0.2
DpiMuZGxJquPL5i6La-fFDjLE0r4z6QEEv1x8KV1kpygu6r0kXHBJU9U,과녕콩콩,4540861311,top,1206,3,2,3,10083,4146,4954,8,3,11099,7559,136,0,0,50,1,5,0,0.23076923076923078,0.4
bsY7VyGzspWF5i-OqdBkUpPP7qtlHXNYIv78Yvpo8TGB0q0,깻잎한장차이,4516680344,top,1575,4,4,9,16594,2859,17230,13,13,21419,10130,135,16,0,47,3,8,0,0.35135135135135137,0.2857142857142857
l_8j-ECIkpX__DuzFvMgsnulSaBiCYrxv7wCD9kg2efn,탱구가캐리할게,4536830885,top,2305,6,6,7,13520,3027,55503,28,26,30525,14978,174,8,0,570,7,17,2,0.52,0.3157894736842105
-sj0BxAXsVVkzy79UVv_akUTuKKKvLHhQWUPZM2003bw,출격    미스터송,4442720309,top,1742,2,5,1,14766,2356,11845,26,2,18188,9820,180,20,0,22,3,9,3,0.25,0.20833333333333334
izZMap_cPi959ye_Rj4PFOylbjpUUuftrpLNQubpf0oS,싼건치우고가,4442720309,top,1742,3,3,10,15992,2864,34532,32,29,19961,10189,150,16,4,384,2,10,5,0.5416666666666666,0.25
Yf-58-469Aas30teDZyv3cbPNazEC1ElKIEbjLx_vuVxY90,Ranker G,4514604621,top,1617,3,7,6,16610,3699,9821,23,24,19388,9649,161,0,0,154,5,11,6,0.3333333333333333,0.25
HV5dYAkqd-b-Y7vMvsgYZ7rorxmr-VXa0uMLdw-0l9VZ,RavenLoL,4514604621,top,1617,2,7,3,6401,4626,24599,20,8,27342,10557,157,12,0,20,3,7,3,0.17857142857142858,0.25925925925925924
fHFdNcnHCLx0qXMUA5vDUIG93Ad3TeYPF6ltw3u0IpoQve9rk0NG3fvw,Fionaovo,4524537903,top,1255,12,2,4,22291,8459,18403,8,5,20335,11777,135,13,5,59,1,7,0,0.6666666666666666,0.10526315789473684
INHZ5Ts6bAMV8xdkJf45N2geXgSzoFCk85CAzCb-Ct0j,송도탄성주먹,4524537903,top,1255,2,7,1,10176,3717,8807,6,15,19746,6260,125,0,0,32,0,4,0,0.15789473684210525,0.2916666666666667
N380yZ3SAm6rkUpVqLWZLR7rHy2zNarT6dSqCu1KugZlI1G7avZT9u4t,4대 나서스,4547141332,top,2236,3,3,21,32631,21160,72044,38,118,45834,13781,165,20,4,1108,2,14,2,0.5714285714285714,0.14285714285714285
k8oC6u3s9g3h7YT7acF7JWhjXyvMsrcAvkrqVOtsCKMdlAqlm-Caerxb,BS여포,4547141332,top,2236,9,8,3,40147,8634,54850,28,42,40263,16784,210,22,0,276,1,13,3,0.5714285714285714,0.19047619047619047
SdzAoiTlsb8pLSFdugS3dv_49o5xyqRYF4asT6qzSJhk,아니 하 댔음,4510696382,top,1613,8,3,2,18503,4139,18988,17,6,25028,11555,200,0,0,49,3,9,3,0.2777777777777778,0.16666666666666666
IglwpPoDLi4wWKR3oMuasvem8Cpu3dr1oE5i__i2aOZhpTU,으이안,4510696382,top,1613,3,6,5,22356,333,14401,28,12,20419,9385,185,8,0,191,3,11,1,0.4444444444444444,0.16666666666666666
an5CcjoK3mFrbx2SAZhSU0RuPRO86mVpCzXiaeYcHy2j,Nidoking,4508703189,top,2267,7,7,9,25098,7363,62079,28,38,41381,14034,161,16,8,215,1,13,1,0.38095238095238093,0.20588235294117646
h9YnJDgS1GQpErGCRT4lkjZdbk9z_JXQw-Zj2A7v5SaG,민짱이,4508703189,top,2267,11,5,12,57232,17274,60958,30,35,50460,17226,239,19,1,191,5,11,3,0.6764705882352942,0.11904761904761904
eWYxPsvZ9zEVxsM3wqRFQDDS6-niqP5l_HPuFnycncW2,별빛참치,4527311285,top,1465,2,5,1,9403,2324,15603,9,4,14985,6492,108,0,0,17,0,6,2,0.25,0.2
qdxHrDEI9XFW2WmKn64wsXFddM91EvAgCXP7JZh3M3PQkqiXM27Ogqft,바텀은계집애라인,4527311285,top,1465,8,2,5,18983,6609,24253,15,29,22480,11393,143,12,4,234,1,6,2,0.52,0.16666666666666666
ljcU4sSCAmTwlEeTNBJQUxCh-CvHU_A0otL09nIbx5Aq,인생시영,4545798613,top,1869,11,5,0,19936,5157,28039,19,35,25406,13782,195,14,5,200,3,6,2,0.3142857142857143,0.20833333333333334
mWnVM70Ou_ME4hikeQ-J80j-91UyvvOEDrQURroptDIKE9fWCQGmsAQq,Kaladinl16,4545798613,top,1869,6,6,3,26278,10567,38370,17,5,31250,14695,238,36,21,69,0,9,2,0.375,0.17142857142857143
jgfmBxJ0hsS0Kb8MucjGjnViOQl05_uRkbpYohwNuJbUEl0,안산03,4547664340,top,1801,5,1,13,27052,13086,27815,25,5,27741,13051,217,4,0,27,3,7,3,0.6,0.08333333333333333
SwbYczBNS8Z1wOVLNJ0Xd-zmtN7bTdVmW1NRzLneFRfCX3JmuxLEc7gy,차가워 완전,4515405111,top,2123,2,12,8,19820,10148,18891,50,6,34208,13883,190,100,18,272,0,25,7,0.2857142857142857,0.3333333333333333
_Ojs2rApzBmNDjmvfxqoqvrSEzbAbks2GlfBDHKsy7tcklo,빡치면쎈언니,4397558051,top,1769,12,4,7,37228,13995,44478,23,23,44278,15985,233,12,5,169,1,10,4,0.6333333333333333,0.16666666666666666
uhr3LIe00YkwcBsrAfjC5HBcb7WkGI85hdjvTQLM88Z9,까드득까드득,4397558051,top,1769,5,7,1,14283,9834,40853,11,51,31271,9491,151,0,0,394,0,4,2,0.25,0.23333333333333334
-Di4j2HgfJAFEgCEApTXOJHsQ_F9V-7YVUiQBa-PxE-b,꽃미남혁이,4220895228,top,1802,9,4,5,19124,1448,9634,27,5,14079,14945,220,13,9,119,1,8,7,0.6363636363636364,0.36363636363636365
CZE1UpQ3sUz7zP1I6IYNxg-N2_wa8Dl3sib_kPPd4pHV,SONGBORI,4539191607,top,1354,5,4,8,18958,9342,28232,11,63,26602,9126,104,0,0,445,1,6,0,0.7222222222222222,0.13793103448275862
vM9cVhen9BPzgHPQzz3pSVVoCH1655gSMYfDBXvy0OpMWYqQW_kvN5sC,seusi,4539191607,top,1354,5,6,1,19513,7171,17685,7,4,22858,10666,171,28,20,27,0,5,0,0.20689655172413793,0.3333333333333333
_TRoOYQkscRNCW9L1cmp6yLjsY1682Ny6UuAtwY4Gu9Jdqk,삼성동즐겜유져,4547988453,top,1920,4,7,12,19179,4955,15253,23,16,23600,13542,192,9,1,318,4,11,1,0.47058823529411764,0.3333333333333333
TGtbLCjOOYrY84WxkZjOIVfjfEljdYLdoPo8fLs3Go4LV9I,마아이스무카,4547988453,top,1920,5,5,9,20013,3100,40498,27,38,26391,11854,187,0,0,929,1,10,3,0.6666666666666666,0.14705882352941177
JiyhisHoXxcV3YnePwkWbMx10TuezK5mSGblIBJECTqOhL4,찬스카드X,4541757802,top,2171,16,6,7,23533,10161,36886,26,20,31898,19041,201,29,19,258,2,14,5,0.5476190476190477,0.1935483870967742
X0Ny5MgCdtSyEnSEIXy_9oi9h5pai0R8m1OL3nS1Hjdk-pQ,BOKACHU,4541757802,top,2171,6,11,6,28234,7169,71063,46,45,37768,15667,257,9,1,173,6,13,6,0.3870967741935484,0.2558139534883721
txUkarOHoOAyv01UExxw-g-e1BiGx72vQFYGGrbLk10HUFnsksGleKER,KO N0 Dio Da,4524379326,top,1888,6,9,9,18839,11811,24680,15,13,33952,12394,142,0,0,280,0,10,1,0.2777777777777778,0.2647058823529412
hzpiJpL9joMH9LKSscMNyfYCcWnQsgtN-7XpP8_oHn7v,쑤쑤꼬꼬,4524379326,top,1888,5,9,13,15245,2598,45984,28,39,27801,9886,134,4,0,589,9,11,4,0.5294117647058824,0.16666666666666666
M12RvkboBGD0EXsi1M1IWgrJrdve9jor-zo-X50SwSag,데머시아,4431918215,top,1768,0,9,2,10307,554,33253,10,17,27017,8319,170,4,0,115,0,6,2,0.10526315789473684,0.20930232558139536
orXX4mK20-eBQlURzikSWNcKHFwf056fDJ__XrBsnRxNNHLbe1S-fk6T,zxcasdasqe,4510814200,top,1698,7,1,8,18812,6008,7042,17,21,15664,12267,173,16,8,84,0,6,3,0.5555555555555556,0.058823529411764705
hXVx08yeBA0Z-3eoooBk_2b0-K0pBf2qvah6fJccn-Xk7B0,덤비지마다쳐,4510814200,top,1698,3,8,5,12278,4368,11679,31,3,21727,8357,130,4,4,79,3,9,2,0.47058823529411764,0.2962962962962963
lZ6q4GdlaDRIX6MfBsK0EKXlerk22Pu5DJCBx_tKiBRn8-Y,남동쉔,4523550976,top,2442,7,5,10,16695,1472,52912,30,39,27950,15845,241,16,9,447,1,13,6,0.7083333333333334,0.23809523809523808
zAwdxTlB-JLI9WzLLZQcEyabo0X4UvmGhhhW4aASh1ks,귀신같은 솔로킬,4523550976,top,2442,2,8,8,13738,2894,31028,35,42,26343,12508,242,6,2,890,3,16,3,0.47619047619047616,0.3333333333333333
KINM2FdAOd74TljnLM0uFWCNg3soV5Buax4DwZ6bJ_lz,나르호가마니막사,4379201820,top,2156,12,3,14,28876,12703,27864,24,12,38173,18637,277,16,0,89,2,11,3,0.7027027027027027,0.0967741935483871
tQy62L8djX1bnZsEhO_BE-ALybTFwUjMBn6xoYEZ49Rr,문 짱,4537554099,top,2074,4,9,5,12940,3533,23732,24,15,28860,12204,165,8,0,199,1,10,3,0.20930232558139536,0.25
VAEFjIv6LU6kbKfXRvjcvuDtzfj2n7lH1iDsiW2Nzqy9PxU,정력킹다리우스,4537554099,top,2074,12,5,8,31850,8272,32441,27,30,40239,16216,205,16,0,159,6,7,4,0.5555555555555556,0.11627906976744186
itBaN4TZskhTrdYGyYlPdzahGcU16ujW_g9DsBZQJoiItKo,너 겸,4547086213,top,1428,5,2,5,16946,8047,18566,7,4,21685,13021,200,6,1,101,0,4,1,0.47619047619047616,0.08333333333333333
F9gjPofSS0eVXnYeOhxev5s5KUJNuf92kna67RBVEXkN,소시지두,4547086213,top,1428,1,3,2,5205,2424,9646,8,10,12243,7467,152,4,0,58,0,4,1,0.125,0.13636363636363635
JhNwaaibB5q-O4RQ_iHdQExvPpuHKoB1nUlUIotZGU5EAIA,pfbloodangel,4547148265,top,1900,7,9,9,26657,8604,20341,13,6,28806,11573,159,0,0,80,0,9,0,0.64,0.23076923076923078
3e3D2jldxY6rJ1Q4hKqJR0xVbNk9Q7x_IfmUsVuZrxe48QU,폐인끼,4537778587,top,1770,6,2,4,21089,6176,43212,26,24,25943,12608,175,14,8,81,1,10,4,0.2857142857142857,0.06896551724137931
sWhPO_KqPS_HgGF2kVnEoL2Lm0e7hGheE_-3jgDSqQFV550,나무랄데가없는애,4537778587,top,1770,2,6,8,13416,7829,22192,20,24,28712,8837,153,16,0,183,2,7,5,0.35714285714285715,0.17142857142857143
FndPmMW1K8lKGUFi1N5lr737YIHRp2mF3BCTa72msFkW,예민보스 빌런,4499716292,top,1802,5,7,9,17862,2253,9624,18,35,24517,10675,140,8,4,185,0,8,3,0.3684210526315789,0.23333333333333334
MImiP4EAC06KMiVgAm1stx10qFXW6RUZ49OZ3ae8UYUg2qtjsZqjwZMT,그게답이라면,4547135400,top,1797,6,3,7,19929,3202,21842,15,10,15733,11343,191,8,4,139,0,9,2,0.35135135135135137,0.21428571428571427
k2KnMXmKU-h5Z100bmjxa3tG-F_ccZSqpXx2M7hGPscjZJMxDwo0-V_p,쓱사냥꾼,4547135400,top,1797,1,8,1,11912,4372,16239,24,13,27328,9788,220,0,0,76,3,13,1,0.14285714285714285,0.21621621621621623
zeTWVB06fiGLYDJJDKPpM5HHKqWNymG4KUZjVmXsT1VmPqk,너보다서폿은잘해,4548513775,top,1836,8,3,5,12138,1884,17081,18,18,14179,12542,201,8,4,84,1,9,1,0.30952380952380953,0.15789473684210525
plnqnbQGE08v2u_riklGOpRXSniI2CqtpAXhsgdqDkkS,곽 렌,4543229287,top,1539,5,1,5,13896,2686,20844,22,17,19626,10634,175,8,8,80,2,6,4,0.2777777777777778,0.07142857142857142
hPIr5TUL9MHA48soprLUCKIp8gwFk7dALGVHLioqw1MT,얼붕이와 빈붕이,4325749295,top,2026,5,3,9,15248,15170,47087,27,54,31890,12017,216,4,0,501,3,13,4,0.5185185185185185,0.15
ZjmNAek0e9y7zSVPEurZgzf84fubAM3zGPErQl-J3Iu4,똑똑한 이디엇,4325749295,top,2026,6,5,3,17926,2599,13274,43,5,20339,14043,253,13,4,83,4,15,4,0.45,0.18518518518518517
pOpjzfxcWG9lZsSGdu77pYOv6YeYgva1-RoLpmRI5UlUfxs,BlueErin,4399610489,top,2107,4,5,8,25878,12971,48855,13,80,34380,11610,179,14,4,705,3,5,3,0.41379310344827586,0.14285714285714285
MZJ9eaNpf3IkBPehsHFhSWj1dlTbgECw5jefp1CdZOrvrug,SKT Clid토리스,4325336530,top,1974,10,7,9,30022,14097,52132,26,29,35088,14685,183,16,4,545,8,11,4,0.48717948717948717,0.16666666666666666
8YZp3aEqwz9_JRjVHrffu9Me3ECrfxdVa-TKuBndzm0P,원딜만무는개,4548734679,top,1213,3,4,6,9097,0,15153,13,23,11412,7170,104,0,0,449,1,6,0,0.6,0.16
IwY3EogcmDilrTUx8uLwCEjkKZHx-WhMz2We6FEpEQw3,까꿍 쥐인데요,4548734679,top,1213,2,4,2,7534,924,8774,10,3,12492,6913,117,20,0,36,1,7,0,0.16,0.26666666666666666
vcgxRyp4inZ8JXw1VNSzWuLgXPB1sGHTYk4zarOzaEIGiuY,No pains No life,4544259025,top,1793,3,6,2,12247,1278,15220,28,29,22224,9234,199,0,0,1352,1,11,1,0.2777777777777778,0.1875
53BndBEKQ7WcqGHP5vQlTd5ZVDmLLEwBfa2BD67nVmH5,숙명여대 윤성아,4426111605,top,1493,3,4,2,16245,148,6582,20,17,12989,8896,148,5,0,483,2,8,5,0.5,0.16666666666666666
7h1nbdA1Um6kF84z92Npvs72wO3N_9L-Dze6zRnfkzgcggs,똥싸고남탓하는놈,4548710333,top,1660,5,7,8,22378,2681,22304,13,26,22691,9857,143,0,0,165,0,4,4,0.43333333333333335,0.28
gjJfrGOE1-dG5_LH4cFsHv5TW7RwkkZzNp812YInNDN0RuQ,simario,4546069819,top,2250,2,2,17,14488,8483,31559,17,31,25606,11359,170,0,0,395,1,8,4,0.41304347826086957,0.06896551724137931
k1qqN73NRE5QUvJFAI9GDDOcimIjLNr3FRbO8KcgNUfK,앙종원띠,4548506227,top,1721,7,4,8,17787,9573,25477,21,26,30672,13659,189,8,8,61,1,9,4,0.3125,0.12903225806451613
1aa5M__ek7tZZ7a-3gNrWpJnqEvpBmMod2lJn4DumsB1JPJ2Dy0e9xXG,탑가면기도하는편,4500287303,top,1915,3,7,9,17617,2844,18740,32,17,26031,12014,201,3,0,99,3,12,4,0.631578947368421,0.21212121212121213
FNC_OlBW0yH8PxPhKtj9BXblmNrDzZ56uShs4WbU2KaeQIk,롤처음하시는분,4500287303,top,1915,7,5,5,20670,1530,52606,22,24,34442,12835,167,28,0,422,1,10,3,0.36363636363636365,0.2631578947368421
XEhSjqxL_rzpVOGmZefjTkWKsAbfBdGallse59LqgXSjDE0,규순씨,4543325574,top,2335,8,9,11,36433,17546,54853,29,10,43165,16671,226,8,0,168,4,14,4,0.5757575757575758,0.2
DNZfpntMqxYIP1Cpf-gg4APrHq7IQR5F-BeTLpJDn-8MZ4MhLofLOCEy,현 론,4547535484,top,1215,8,0,3,15722,6981,14021,16,12,18532,9359,149,4,0,211,1,7,0,0.3793103448275862,0
4mYLMyPVHURae7gJ8t0gJhVUEyWzzBen93hx7seRPxC-,도끼년,4547535484,top,1215,1,6,0,11822,2870,6472,3,9,13806,5948,122,0,0,193,1,3,0,0.16666666666666666,0.20689655172413793
QgqDMPTEaGBOHve4N6TxBtq8onemTDvVEbbfzWBxiGw-aH8,떠도는잉여,4547014974,top,1433,6,7,9,18094,6646,17573,13,18,25815,9075,106,8,4,286,3,9,1,0.46875,0.35
Uxj6iVw9L1unvdCM-B4aS_r6CwkPsgHXht8gmKhAUOG2NC0,태현이만세,4547014974,top,1433,4,6,8,14136,3895,16226,10,23,26227,8869,151,2,0,68,0,6,3,0.631578947368421,0.1875
5DaTbO9SSLu1_S3TrbeqZpBbxgyYHHUQwhKNcJHQilkZ,아차싶지,4516705668,top,1235,5,4,1,9875,1544,22293,7,15,16959,6719,89,0,0,158,3,7,0,0.3333333333333333,0.14285714285714285
GrdrAnUpnSqnqZDbOJMG6PsZBz5M6i0BmsyyXyu_NH4vEHB0CM2azYfr,말 걸면 오픈,4449344527,top,1757,3,4,3,19999,5310,17590,18,12,26325,11735,202,35,21,159,1,7,7,0.3157894736842105,0.14814814814814814
VEbUAiiOPuh6KnyYTn-zGRIIoySJA2VfIA3wb88LgOFP,우리동네폐인,4449344527,top,1757,4,4,7,11220,2308,17680,21,4,22500,11336,159,4,0,54,2,10,4,0.4074074074074074,0.21052631578947367
tdd0KuiPcQRg46TvFWCmTfHyBOiY_PrRqbi2I-gZysMsoro,또구라,4502557885,top,1340,1,6,3,8323,4414,10577,3,3,21704,6511,89,10,0,56,3,4,0,0.2857142857142857,0.17647058823529413
KiTBig6fWY57Z6La_XaeGWKgNliT-stuBbXZilPoP0M,항상침착해야해,4502557885,top,1340,13,1,5,28533,1901,15468,17,31,16203,12123,132,10,6,227,2,8,1,0.5294117647058824,0.07142857142857142
xz0PzAjmyWPzazNbYzqjYhzzXSmQ5U2ePmzF_q7IuYUWAj_-oIHuW_y5,지후성민재훈,4544635623,top,1599,4,9,3,18071,5092,21309,11,5,24824,10685,170,0,0,32,3,8,0,0.30434782608695654,0.225
dgUGbvC9S5vQ5sZzG41WvhqjDaUwijWLOxzB12L5CxznMz0,진광동,4544635623,top,1599,4,3,6,13111,5001,14590,20,7,15881,12701,194,10,0,279,7,9,2,0.25,0.13043478260869565
9NWQdT07cA31ZptzOtQfw8h9tQIqLD4XscGZbHuPpXPns3E-4EceALts,9xianzai,4548609499,top,2248,11,11,3,54283,14183,60224,29,37,57245,15893,209,12,0,245,2,5,6,0.4,0.18032786885245902
KezTQyI-JTsNxp2zO0bil9ZD_s5Jysb1qFsaIjKzTxKdJ6s,화니0,4548609499,top,2248,6,3,21,23495,47374,60924,18,54,49056,14645,160,10,2,401,2,11,1,0.4426229508196721,0.08571428571428572
8dQziD6k4u-BJZDMx2ocA9AnoLySAKGUlINw9glsWZeqOA8,부캐임대리아님,4527584058,top,2355,9,5,10,28310,11540,30230,26,17,35938,18708,315,19,11,116,10,13,4,0.48717948717948717,0.12195121951219512
RNiYTHaFrbYldK9QDQICXBBd5KmBeNoUgpomQzN5As7Z8HhTgFHP0IVL,초렉일,4525629794,top,1958,7,8,12,25129,6426,49077,22,39,26255,12721,179,9,5,858,4,9,4,0.5277777777777778,0.36363636363636365
3JxP1cqlTomNLMhjvhukcWAmwvxHl--yMhBJ65Ip74Ixx34,jotgogi,4525629794,top,1958,6,11,4,18419,4836,31031,15,38,37466,11927,196,4,0,113,2,3,2,0.45454545454545453,0.3055555555555556
hc0uoSyekO8rOOWxNlngm7KD1-Mw6rRYyhzX3Md7iKRX_Kg,난강아지,4538576445,top,1689,8,4,5,23010,6498,20631,26,39,26756,11583,144,16,12,382,5,11,1,0.38235294117647056,0.23529411764705882
pz73WHaz3K46Eb6IVkmt2JFANt6wr84NP7-4wLvnpU5DOS4,굼진하,4527076529,top,2318,4,8,10,30955,2699,18838,45,12,25027,14390,265,25,0,160,0,14,11,0.5833333333333334,0.20512820512820512
KEq1Iai0I3sMRcvhVhPVStKgebQ1-mifQKd0ttxaOGTRpps,짱구의액션가면,4527076529,top,2318,5,3,15,16961,2826,45912,36,32,23941,16332,260,8,0,793,2,15,4,0.5128205128205128,0.125
TRAMvgMpx9p5I1Xr1hlLP-LNxSNVntKUAra6ZnyvwqUKS2KAZ28Uw2AK,사람없는팀,4522492770,top,1885,4,10,3,22058,20394,18440,11,6,30761,9823,175,4,0,129,0,9,0,0.2413793103448276,0.25
84zt_CVByqpq6bCT0QyxRMUYODoESy8mRUrzN1vsOIZ7,알라딘의요술쥬지,4522492770,top,1885,6,2,10,22184,16359,36390,11,69,33125,10782,141,0,0,429,0,4,2,0.4,0.06666666666666667
TbQys4YLeakh_LDNThJ92nO_HF7zXGopyGDyAOYhotfY,매너일,4537912045,top,1666,2,7,13,18699,6526,17429,22,5,24482,11844,185,8,0,110,3,11,2,0.45454545454545453,0.25
a_i3TN6YVzatJN94dnE6d5yaHot86qn4YWlFooarh1LS,SianLouis,4537912045,top,1666,7,4,6,16244,4043,17497,12,21,25206,10559,168,8,0,140,3,6,1,0.4642857142857143,0.12121212121212122
rc2v7pfZHT-N1tn_FHIu8P5LOMLhdPcc4bfod5TGZpkp,경영배우는애,4546454266,top,2641,5,9,7,27966,1349,21323,45,6,25967,14935,256,14,0,76,5,12,9,0.34285714285714286,0.1956521739130435
77vGsDZArcWfFgdVMQY8cikZtld4u3eQM0sOunTqtS3hfX4,장구임다,4546454266,top,2641,7,7,13,27917,11645,34284,39,24,38167,18672,327,10,0,92,2,17,3,0.43478260869565216,0.2
7w_yv8kPNiirFlL6prnK5kSbl1jtWK7q2eWHPGQBEmbd1gsjqZIfs4HN,오 강 협,4545065128,top,1292,0,7,2,9598,0,7012,22,7,12507,6408,139,0,0,66,2,5,3,0.15384615384615385,0.2692307692307692
ZTCDuPWekYS2_PIUIEroKriWT6LDvQbHiXB4e81M7uaHbSE,꿀 탱,4545065128,top,1292,6,3,7,17435,6897,13718,10,11,20603,11698,183,12,12,77,2,6,1,0.5,0.23076923076923078
5nzonr5sp2eVB8yOl-DkHOeFZUrHit0ojkRSDdAAdFn5,inginghengheng,4466159552,top,2344,3,5,21,17544,13681,47442,22,64,36914,11721,164,0,0,754,6,16,1,0.5,0.13157894736842105
_67ktm39wIC7UBWHVsYx9Cdxm01ip7T-ryeFPrmCGGtw,팬티두장준비해라,4518341113,top,1544,2,13,2,11765,3869,20056,12,4,23605,6940,97,2,0,28,1,8,1,0.2,0.35135135135135137
0TrWLLVfczO1AsflqAHKp1y28gtLIZ-et7P-pSglU3OyYN_LiQXE2Er8,천오rb개못함,4539024076,top,1561,4,4,3,17499,4433,13555,9,20,17499,10686,182,4,1,146,0,5,0,0.21212121212121213,0.2
8Lt1DsTw9ZOr2Q6VRZEfzztUso4JMYv326DQVvuXtEwQktU,원챔갱플,4508712727,top,1361,7,0,8,17280,2164,8491,22,14,9310,10664,151,22,13,301,1,8,0,0.5,0
ZUYyjIWqS0NkLixceYmcmMbg1Ve-qMYDwwAP7fvFfIG5b0Rv9aG54kFO,목 멸,4508712727,top,1361,0,9,0,7649,0,8690,11,6,15227,5602,126,1,0,98,0,7,2,0,0.2903225806451613
xhyzi5fbzDBWXrnBpS6ukC0fRz13q5cLwX15HW7TNeMXauH-g0YTw1nz,lnterIude,4547846514,top,1887,6,6,12,22146,8176,28029,13,23,35780,13039,184,0,0,56,0,4,2,0.4,0.21428571428571427
1mpcmtogPW7GOCNw7pi2k-U2zNgUdWGyu4aEBvCJ3-Tq84EVdPBZtU9F,김유빈vs유연종,4532581135,top,1507,6,8,3,14989,4314,11118,12,2,24134,10092,147,0,0,54,0,7,2,0.32142857142857145,0.20512820512820512
w3L2VHqbegsizQciG3QuVTZ9iGSnK4dDNSwoIjqcPwT7,Duebey,4544579359,top,1976,7,4,6,18990,13569,11377,27,10,23195,14671,236,19,5,265,3,14,2,0.6842105263157895,0.21052631578947367
FzaVsUlDmyBEpHgLF9p4SpHfYXct7pSCiwUVnJ75qR6a,은기두,4544579359,top,1976,5,5,3,18792,12289,22417,20,18,35771,12031,211,0,0,262,0,11,2,0.42105263157894735,0.2631578947368421
wduPkdx_JR2G37lYhFu6D1x821bKzzNDP4fwLPzWTaoO8k8clEVDeUu0,이다루루,4548619137,top,2403,4,5,12,29848,14614,26990,46,39,35049,14887,237,0,0,209,10,19,3,0.6666666666666666,0.15151515151515152
4pYIEDrdG4Zt3psfIrHB3c82BDcu_H3NVZczX-rWCqxRqrQ,lol속에 자연인,4548619137,top,2403,6,3,9,22653,8335,71899,40,31,40075,14373,229,4,0,319,3,16,8,0.45454545454545453,0.125
3Qx_HcBx3jzYgIcWXhTyiK0KndsmJ7NmluAGpNvtuxsc,우하하하히,4548233025,top,1446,3,2,2,16319,1920,8198,9,24,12556,8815,153,0,0,395,0,5,1,0.1724137931034483,0.11764705882352941
agryyqWR88GhsB9-Ji4zo80lyBlt0PoHCNAzgu-Xrzko3naJaIxq69aZ,못하면패드립,4512710531,top,1865,8,1,17,20980,5792,51122,32,44,25965,11989,183,11,0,678,1,11,2,0.7142857142857143,0.045454545454545456
HfVX3Tg3nNHk02ZY63JTTqQplOLwWItNCL5IllxNmLaz,김팀장님이다,4413099096,top,1624,3,12,0,10800,1708,24363,17,10,23226,10562,226,8,0,96,2,5,1,0.13043478260869565,0.34285714285714286
fpBbOE5D3zTkZlZGe2N5Joj1zI1sb1YHfIhFlyufHU1QFMk,VIORA,4533703791,top,2035,3,5,3,26844,9150,31366,29,5,25836,13609,273,12,6,44,2,9,1,0.35294117647058826,0.15625
wV8THkfNpViVrFC6O0yFIaudTeZQCStW556F3Im89XU1GeU,누나 이쁘다,4467589870,top,1836,6,5,4,16275,7475,33211,18,23,28259,12225,208,4,4,216,2,10,4,0.4166666666666667,0.1388888888888889
v1T7unQCHNCixI2ODVSnDn0ifpte4G36NBQzwg7-qRpu7LaCjx7m_n8X,HJ Occupation,4467589870,top,1836,3,7,5,11462,5188,9105,28,15,17619,9958,169,12,0,65,4,13,4,0.2222222222222222,0.2916666666666667
80FmeAwFKdnQRxqzhvCeedRf-T5d5Tv4ehiYmtQHdJQheaQ,AAA3AAA,4546189084,top,1963,3,4,12,23887,3480,50030,34,12,41107,13688,221,2,0,203,2,8,0,0.5,0.16
EJXJHvlm6e-1_35mI9wQ8YJfcuvBRvJrXrdypjnbIcND,하지원엉덩이,4546189084,top,1963,3,5,9,26427,18794,51362,26,77,38644,11951,234,0,0,789,5,8,5,0.48,0.16129032258064516
CEiyUVSpfNScatOCtdbESVtn7dCv5CKvesCc8tyNDRm6FnWG9aDjfo3T,46473,4381101315,top,1924,3,4,6,21947,7398,12123,33,29,19987,12228,226,12,4,579,2,10,5,0.24324324324324326,0.14285714285714285
-gfuLlN3FIOJZy_8tcz28kS7rH10Y0ADfT7YqvKQLig,유모차,4381101315,top,1924,3,7,7,15865,2937,12567,23,10,22055,11580,204,0,0,270,4,9,1,0.35714285714285715,0.1891891891891892
Nje11DoVvh_e5m5I5SDKF0Qc4e3XDuJsmxhJmbRxlH7PCAE,전라인할줄알아요,4542771516,top,1688,5,5,1,18575,9264,22495,19,5,27071,11583,194,4,0,121,1,10,0,0.2727272727272727,0.15625
R7F-gpYp2RQKrXad3MmFCi8vqCqv8EF3l03pAO9JBWFV,유리컨드,4542771516,top,1688,5,1,4,15798,1591,20691,11,23,15130,11733,204,4,0,107,0,7,0,0.28125,0.045454545454545456
hmJuLRYw06xNkQblFAyscckQTJ7w8SBC_mRHVSfFVvX_,넌내가지킨다,4446284084,top,1916,13,9,8,36034,14632,43344,31,31,48123,15471,189,28,8,154,3,9,3,0.44680851063829785,0.3333333333333333
t1VlpI38HHeYJjYSoeHrgjEZEogQWMxr_-jEwPizmj27ABo,미드또터짐극혐,4446284084,top,1916,7,4,7,20942,2541,81672,34,54,46896,11668,170,0,0,808,3,12,1,0.5384615384615384,0.0851063829787234
nwriVlq_mlVvSx3SrZ9FlQvSRXDbK8_OqdHCJhDq9Qa4,반숙 완숙 진숙,4522996803,top,2258,6,3,9,21310,6295,14441,31,20,18438,13969,226,1,1,62,3,12,4,0.40540540540540543,0.11538461538461539
NC8MSOQnQwDi43PiDzrIsQzYvKnARfx9i2-5_3igTmbH,일숭이,4547898406,top,1480,9,6,7,22003,8024,19305,9,13,30639,13657,210,7,2,110,0,6,0,0.5161290322580645,0.375
ubftGx83qT8bsiWdL5QeF3OvrDxcagCOXQL79uxJ4Qy2rp8,아기벌레 야스오,4547898406,top,1480,1,6,3,13556,2862,13117,12,3,18309,7630,154,4,0,59,0,7,1,0.25,0.1935483870967742
VkJa7u0gBiViNy5wDuYEYNQRYkNFEsyTshOsVNNNcwxLCtfoFzEcpxUO,absorbing,4544654071,top,1646,7,5,1,18911,4034,10457,11,27,22005,11730,178,6,0,501,1,9,1,0.7272727272727273,0.18518518518518517
sg4cCq0meu-88S8oPNjxqDqW-2K5zPctlK_PhpPIMOmfEH8g5l-CAE2O,Berluti Paris,4544654071,top,1646,2,2,11,10996,1341,13329,11,18,16435,8682,122,0,0,148,0,6,1,0.48148148148148145,0.18181818181818182
nInlTI5PR3n-g50IxxdcM6Ny4654wxa6Mh2SQgbePX8upGA,Top push Bye,4541177272,top,1233,2,5,3,7076,556,19289,6,12,14691,7763,137,8,4,59,0,3,0,0.2,0.4166666666666667
NdeKfvqZBIofAPYO_ABStDCPbzo0w0N48vsHSbDGqCSP,onse6530,4541177272,top,1233,3,5,0,10951,118,5379,11,23,14014,6355,130,0,0,88,0,6,1,0.25,0.2
2GMcAGlfy8MgzbpUyoZs-dVKDGLCyNI7PyDXh6cysyuw65A,Givir,4509240257,top,1296,1,6,3,9255,425,4756,13,16,10058,6070,86,0,0,200,0,6,4,0.21052631578947367,0.4
AAqWpTCJq1v7h18sFy8IQUbssxMSRzHcDKekMfU7woB0fGc,우르프 Dragon,4509240257,top,1296,5,3,6,11436,4493,20297,11,10,21953,9054,123,16,0,88,3,6,5,0.7333333333333333,0.15789473684210525
zBt1RkvvAvGVuSpeLSGMEDNPa-MKSvh5wdS_YoGacT84,비그곰탱,4546209037,top,2166,9,9,5,28787,9992,44145,17,22,45931,12975,180,0,0,475,0,10,0,0.32558139534883723,0.23684210526315788
LKL-1LT5dxZf28iGIYpsprNNB4te__RSP6ms8AFU1L5G2Sc,얼 곰,4548602849,top,1865,17,7,8,35302,6454,47668,22,28,37968,15944,177,5,0,168,1,11,3,0.5555555555555556,0.25925925925925924
rimJzwcP3y5rkThr_9pdg0_hTh99TKmfFlrU5gDS4Hs9ISU4p7jmThqb,니찌찌에한발,4548602849,top,1865,3,8,4,13692,6256,15544,10,7,24393,11464,190,20,0,285,1,7,2,0.25925925925925924,0.17777777777777778
NS775d710WUaQnyQChb_XY6tZ1dm_C-TfBwDgzOHstqy,SKT T1 전땅크,4525908879,top,1494,15,3,5,38016,10352,42861,17,34,34921,16532,235,4,1,266,1,6,1,0.6896551724137931,0.3
KxYsF_pWRXOiSOTQnhgxzX6ZJqY8kvGRHe8Zq3ejGa7gsRs,포돌라프,4525908879,top,1494,2,8,1,6605,2519,15783,1,9,19583,8541,163,4,0,82,1,1,0,0.3,0.27586206896551724
bidUwSpCcXUD9Id26Vu22r6NKbfDEBw6P9_t5DWHNdaq1FI,보디밥,4546433903,top,1801,6,6,8,19094,5519,27383,9,20,26039,12124,166,10,4,176,1,5,1,0.4,0.24
XTA20wsZSvkTjYMdPpyBx6dsi8MHSvHswixsblWiD6QI,포켓보이 시환,4546433903,top,1801,5,8,1,19901,7971,32326,19,5,27250,10343,174,5,1,31,0,5,6,0.24,0.22857142857142856
WHn7oyWDALwheh2eHgWxnDqGcLMFaoKG0F_NhLg3qc0vkBiHegfjOrSC,친추아무나안받음,4465713210,top,1481,5,4,5,17120,1883,26092,5,29,20161,10127,166,12,0,345,1,3,1,0.5,0.13333333333333333
psrfj4qhummiDyeW-wWzpAaidefLeXX0ZmlHoQITx3h_86sc_3VtlO6K,동현짱짱man,4408686956,top,2427,7,6,4,19486,3207,60303,23,21,39807,16448,268,16,8,136,1,14,0,0.3055555555555556,0.13636363636363635
lqanEf4waaS5yl3JDajTIzjwQcYIObIMaDv6wZv9Vo2t-qI,성균관대공대남,4540797080,top,2121,13,5,2,27966,9183,35265,40,22,33117,17681,234,24,12,162,2,10,6,0.375,0.15625
M4Sijvzmsbnc3pZg6aTz6Awx2eHoioSY_RZKQsKegXdP_uqE9Z8f6fwc,너랑하는5EX,4540797080,top,2121,3,8,4,12947,3683,19101,22,15,27234,12940,245,16,4,89,1,13,1,0.21875,0.2
jjgAE50EEzVGifZBTeeaHY6uRRwjLWdeky_ymanLR2bp,KwonSungJoon,4545576267,top,1871,2,6,9,21323,9044,31148,26,9,28765,12181,196,25,9,114,2,10,5,0.2972972972972973,0.35294117647058826
gJQsQZ5ND6QU_Wt9ti81T90RU4B_OKCGB8vjpMkgeqMj,합둘곱,4545576267,top,1871,4,4,10,25610,570,52576,16,45,22231,12804,208,5,0,1130,1,8,1,0.8235294117647058,0.10810810810810811
ADsEny7IRnxO2vsCyUhYhl_cELWKZhkZd4DYr_aCUinT,만져도됩니다,4548745152,top,1832,4,3,4,13359,4333,14983,44,18,18755,11143,173,0,0,84,3,12,3,0.24242424242424243,0.15
y0gVOctNeCbGxfj35O9S4V7sRWElpAUgzdsBaR0xKiAq6g3NLxQRxRu9,뒤집게사장,4548745152,top,1832,3,5,3,15945,11274,33500,17,7,29258,9617,153,18,0,104,1,9,0,0.3,0.15151515151515152
L2RpavAkbzTUioWDaeNN6TNtO5ExuNUrwcdbWJFIWNJJ0xw,기찬이즘,4499421129,top,1679,2,7,2,11109,3006,25529,8,27,24069,9153,193,8,0,156,0,6,0,0.4,0.2413793103448276
Nx_Fcq_X97YxPKNxbB0X9cQX_MTYuY3i-xXm4EeSz_KVlXg,김민민재,4499421129,top,1679,5,1,5,14165,6318,23165,11,54,15493,10534,176,0,0,631,1,7,1,0.3448275862068966,0.1
7BiAfTBniDVzOvxBmwyXqSS76GMZ7jhZif7Px8KgSGmw_nE,지니어스 웅 ,4494695279,top,1457,4,6,0,13001,2248,27102,9,3,19615,8613,158,0,0,26,2,8,0,0.2857142857142857,0.20689655172413793
UJHTCJuTvccY4PyRYrqSUcTh0vEqucH2H5QuXT9xJVccZYo,다빡이,4479814230,top,1870,6,6,10,16751,6679,60251,27,36,28892,12035,161,0,0,452,2,9,1,0.42105263157894735,0.3157894736842105
ZeTZuEJRQKqgjIf0rSGGLy-i3_s6maSspk1P3TVPbVX_,별난e,4479814230,top,1870,4,9,4,14693,2621,26813,15,26,27946,11448,179,10,4,73,1,9,0,0.42105263157894735,0.23076923076923078
_de84M2f_dKacB7XcZx77kx1BESKjxXL1OHBJLbARmtAnbI,조이충입니다,4547509978,top,1988,6,3,7,22507,11692,34603,26,8,31701,15126,265,23,4,192,2,8,6,0.41935483870967744,0.16666666666666666
3eXvkXQ4skRx-jjtavMt0PjRi4FSmY21beFWHMLyXOzG,레벌왕,4548720745,top,1269,1,4,5,5526,1231,15961,15,13,13878,7638,165,0,0,163,2,7,1,0.35294117647058826,0.4444444444444444
ymAdZKHnoQJKn4_PtDuPoLuZY7811omimDE0chlSFJJK,후인피치,4539023632,top,1831,7,3,8,25034,3261,14657,18,11,19872,14244,223,24,1,150,3,9,0,0.6,0.13043478260869565
4Bx9smhjq7IScPFIwIuSrVEyPNy2-PurNwOJr3NTTcpG,같은 날에 떠나,4539023632,top,1831,3,7,7,21515,5263,27547,20,3,22784,11341,178,8,0,99,5,9,1,0.43478260869565216,0.28
1h4Al2fcUVjGS9lOVYQpToJHcVE5oN39Ebo0LeVjvJqp,나라는 괴애물,4545529179,top,2003,6,7,7,17856,3617,23804,32,18,27463,13252,226,2,0,114,5,11,10,0.325,0.21875
V6XFJWvnIHR36DrFFX_UHMb0F3StNGLr9UL2yKYKRv0ywu8,이하회,4545529179,top,2003,4,7,2,15101,2727,20517,31,12,24076,11636,210,0,0,82,8,13,5,0.1875,0.175
KwW9lmIm5Bflyy-T1SLarLZ5dfabr7wscp6hbDRffjQIcWY,콩신탕,4547777194,top,1878,6,7,6,21462,3795,32395,12,29,26104,11534,171,6,2,287,1,6,2,0.6666666666666666,0.19444444444444445
AFbd7XI229rmYvzqYD9RXRcnW_OKQJkIJpL7bCZo78-ZowM,탑솔러 유이,4547777194,top,1878,3,9,4,15529,5339,19677,30,1,27328,10075,157,0,0,10,4,13,1,0.19444444444444445,0.5
aVxauRBly9iwtgFw694CFA7sYqQoikOfCTv7RSsn0VYb0GZvlFtI_jnv,A Fairy Of Tears,4535497075,top,1690,4,2,12,17560,8828,16022,24,23,19066,10037,146,0,0,232,2,9,1,0.5,0.125
39jVjHUq7NwHusroLClhHvUSgpXyavNKCb3YeRVG-5m4q7g,밍 묭,4546505890,top,1975,4,9,8,17649,4239,30433,14,20,26721,11640,192,8,1,67,1,1,5,0.5,0.3333333333333333
6eEs3CTRRb3PLXllqGDVt8WxhYSgKnH_U32-eJfo9Wt7BSM,SGC T 겨울상어,4490673680,top,1593,6,2,6,13655,4447,13644,15,11,18934,11773,196,2,1,58,0,4,3,0.46153846153846156,0.125
zWckDofD9gyscZmc9plGlEs8Kn-dbxjHvhHArXylqAkqlAzo4xxWgXTz,종목이형아들진성,4490673680,top,1593,5,6,1,13700,2754,7824,18,3,14852,8205,122,0,0,57,3,10,0,0.375,0.23076923076923078
Lv3tpz8pr9M_zt4sT62aIMWZf7cA-L3sDRk-q6fqg0KMN8o,이른아침의양근승,4544369809,top,1276,4,5,2,7627,3794,14024,8,2,16186,8398,129,0,0,25,1,4,2,0.25,0.3125
bAXBgexwyqQJZ0GgFUA07dIaHrw87dW2xMQu2G95oY1cJADYWbdSK76r,YouTube도딴,4544369809,top,1276,7,6,2,16939,2821,9711,15,11,19244,8988,128,22,5,179,1,7,1,0.5625,0.25
I6gVoYt5DMCO3QKH1pWgfcAdtmsBAIaCw8f0xXdMztEwS0VftHvVRalZ,show me the hall,4545722466,top,1903,4,10,3,15669,8899,32267,15,12,34569,12079,212,15,5,119,1,10,1,0.28,0.2702702702702703
K3tEndsHLyYwg7v1wyisW-wENmSgE0HcLEp1qHBCtZeB,wer33,4545722466,top,1903,7,8,13,19052,3912,25578,16,24,24719,12472,155,8,0,139,0,10,0,0.5405405405405406,0.32
0q7bXC3dJTURG2MnlozFxhQt9i69LOWfvYJv6JeJ4eOxwWI,달콤쌉싸름한준영,4546514072,top,1782,8,7,4,28577,8374,18894,14,5,25917,11284,165,0,0,75,1,7,2,0.5,0.18421052631578946
53_2nduQqdJzFO0JSdLsGS_B2iL9jtQz8u7G2i5kv4sM,Zintar,4546514072,top,1782,1,5,6,9672,9602,20646,18,8,33172,11587,189,39,15,58,1,9,2,0.18421052631578946,0.20833333333333334
R5ac8bbxvTNIAry6_qGqzr1cNcjRNQmvxJD2tEEVwNu_2tuzakp18RWL,수성구 정원장,4546845560,top,2124,7,3,4,26735,3124,32894,50,43,28428,15004,207,8,2,465,8,15,12,0.6470588235294118,0.1
dWYNbiDogAgVPe065Y8Jz2FWiYUdlTDmjSCWUjbCa2N3,병현입니다만,4547219003,top,1390,2,4,4,8962,1587,18319,6,23,23009,7957,155,4,0,464,4,5,0,0.6,0.23529411764705882
snbmOc96LMO_b-OYsAm1FlJn13JSc7OU8jSdH179pWIr3NY,노량진컵밥도둑,4479098801,top,1928,9,4,8,23604,6622,30109,11,12,26235,15564,237,4,4,131,2,4,2,0.40476190476190477,0.14285714285714285
4ddWfWOwGd9MjgnsvG_bhaxBkLuNfNRpDZna4ktxgE2Yy5-JCyzazQuD,좋구렁이,4479098801,top,1928,7,8,4,21112,11945,42625,18,14,32956,13492,201,18,4,309,3,10,1,0.39285714285714285,0.19047619047619047
ZqG3VQ7lsGyTrZCY8U6Cz4vnORlYV-XeyQ6L5TeEuSMt,Stove league,4537775947,top,1437,1,4,0,6937,2315,7721,10,23,13307,6104,125,0,0,420,1,6,1,0.07692307692307693,0.12903225806451613
aI4ZR-zJFjEQr8woIU66FtsUUeXSSzBzWPWlluOVQen0KENj9OOX-vch,구 룡 연 도,4534241794,top,1862,8,5,2,22992,6101,13005,20,27,18662,12954,212,27,0,182,0,9,3,0.47619047619047616,0.13513513513513514
zKqVmat6rK3SrAQqUD5zsGgdWW8u5K8QMwh53F-cgCFu2ew,응수피오라,4534241794,top,1862,12,1,5,20104,10504,20811,18,6,21735,15820,230,20,0,114,1,4,1,0.4594594594594595,0.047619047619047616
pka4WUfjbiE1AoTiuwQ_TFioZGgUY3UE0xXGsVh6x_0dGcOnWNpY-F9h,마딱이의 하루,4548535705,top,1471,14,6,2,30597,8914,22093,10,18,29574,13904,197,4,1,89,0,5,1,0.5,0.3
eCnmuMFuwoLEtYo9vqwGLgsVBjr0z6ARmEBtdTcyvqLB,아트페퍼,4548535705,top,1471,4,7,2,9308,577,15553,7,23,20322,7958,128,8,0,131,0,7,0,0.3,0.21212121212121213
6wxywfb4arFRRbFul8-66_H4iM58LdYMNy0zFV6vlvNwqFQ,머리조심하십쇼,4548735129,top,1841,11,6,6,14425,5212,13757,34,21,21985,13395,171,0,0,230,5,6,10,0.5,0.2727272727272727
YxB5AN79Nr21xnDsN6jtcbMSUfeJjmNS1XDcu7quskv7RHOhj7pRuP9h,bapsody,4540085757,top,2237,4,6,9,26925,20035,63778,25,43,45725,13305,202,21,0,241,3,7,3,0.65,0.23076923076923078
NbajFAdyaOKOrwCrZJUqU80Qdd5u91v_3oZxwyY99fHy,너는 나의 꽃,4540085757,top,2237,5,5,15,22690,14117,72677,16,75,35192,13726,188,10,1,685,4,9,2,0.7692307692307693,0.25
kBUV67i5npb0vk5g7NQnm1ubSkK87YEMvPdW4IXzCMueHFg,과자셔틀장인,4548644080,top,1370,0,6,2,6945,2517,18072,13,18,15626,6249,121,8,0,104,1,7,1,0.2222222222222222,0.2608695652173913
gQV1ASNwZsp1AOL0-P7U2CtaejHqLXu4WcBN4KJYLGqu,은행왕뱅king,4527724849,top,1266,2,5,4,14731,2140,16382,7,17,23229,8048,126,0,0,106,0,5,0,0.5,0.25
0Pt31c04ERaN98R2kCEvE92AQ1zmFHmZLYbgIRUF-4Ye2IhHs6jzwJ1I,띠르빙,4527724849,top,1266,0,2,9,10944,4490,21006,10,36,14818,8101,159,0,0,800,3,5,1,0.45,0.16666666666666666
sHVrqirgi08qAJzf4753t340b3by2slN5F_caugLD6XyssV52VaQVQrF,소주곱창전골,4310943979,top,1926,3,6,10,11125,5959,17379,21,19,23064,11927,186,14,5,81,3,11,2,0.28888888888888886,0.24
QSQ4aFX4hAyIYwGe-eB9mDWG3Rznj666SI8XZddTXUnb,꿈은있다,4301138268,top,1945,5,7,7,20090,7108,30812,32,20,35622,12929,223,12,0,116,4,14,1,0.35294117647058826,0.19444444444444445
WY2G9X7UYph56O-af2C_Mtda74T5CVM5OjFPC4nncxfU,너랑은 대화안해,4301138268,top,1945,8,5,13,26178,17915,31301,21,24,32959,14550,187,28,9,219,0,9,4,0.5833333333333334,0.14705882352941177
J6o51ZowxlyV7SlZzKYkvw7K3z51PLNhoVzrFhquAbsHCng,Ko Ju Seung,4548288594,top,2286,6,6,21,30638,6237,71053,15,44,27617,16022,236,8,8,1197,0,4,0,0.7105263157894737,0.14634146341463414
KfwF-rxnOE5M1IjoMhpxqkHYTrsxyxIRszMZbxjVzmYm,오십원짜리동전,4548288594,top,2286,6,9,10,24832,1588,10894,53,5,25707,14591,213,8,8,37,2,13,10,0.3902439024390244,0.23684210526315788
PGi1U-T6GOodqFldwlT6oJ5E1pf9GO_1jptC910xwtAm,To fly,4542184205,top,1658,3,5,10,12802,3147,22617,15,17,27490,9099,117,4,0,149,2,10,1,0.2826086956521739,0.2631578947368421
Gb_8VnMcZ8uCHWyhY1l0i22KOGgG0-olBBDmBsGoQ1Ep,흐헉소환사라능,4542184205,top,1658,3,6,3,25813,4843,16077,12,14,26385,10399,198,0,0,329,1,7,0,0.3157894736842105,0.13043478260869565
PC6wQ3toDcK6-5Ub_bdtlvDam266qvDHco6LAuC0dCKMhxC9Ujow9W98,플레티넘4번째,4526640171,top,1883,8,6,8,27297,1794,9432,22,16,18269,13417,181,12,4,79,2,12,1,0.45714285714285713,0.2608695652173913
dNiKHKo692e9FTAnlslWseGCDOkdWiwugsisuuUGT8DydBg,앞은우,4490538558,top,1327,3,4,10,10435,832,12252,21,18,16502,10075,147,0,0,142,2,7,2,0.28888888888888886,0.2222222222222222
ESppM4KHJyNng2EZ2MF0zEu_PdYj4tjGDyq8LGVoehsx,귀요미애니,4490538558,top,1327,2,9,3,9383,1981,13009,7,11,19846,6711,123,2,0,23,1,6,0,0.2777777777777778,0.2
qDIvQeVqsyyzlWkK1Iz4CENYbezV9MO9l4dnvg-pyuWFe38,흔든다,4548599945,top,1420,13,5,8,19831,263,9735,9,33,13499,11281,102,4,0,141,2,4,1,0.65625,0.3125
bZYwAq1xfVSN_naqs3rDpp7yqIQr0ZQ3zzVk8X-WHbqxoQw,피오라의 응수,4548599945,top,1420,3,11,1,11093,5421,12868,7,16,25748,7491,112,4,0,129,0,4,1,0.25,0.34375
DYBt8XltaSx5zQMvEU9jBVMOMTdPjPIZDDpnd3bQiRx9EIfrRd-ga3oE,익 호,4469962301,top,1964,5,9,6,18795,11914,29962,15,7,34786,13168,212,21,0,63,2,4,4,0.34375,0.21951219512195122
XmJQ-tGlns7raV47_gMXW-tx1CVpzt6zn07iXq1a3dA0RvA,B베키,4469962301,top,1964,2,7,13,18784,1592,34446,21,33,22173,11078,174,8,0,687,2,11,4,0.36585365853658536,0.21875
J84NgpwYIWYjW_cGfcYFewCfMwy0xqHQSRqMXWKmB9xve-L4fRSOIEe-,서포떠,4543538915,top,2067,9,13,12,28565,11987,36626,16,20,45833,13237,167,4,0,204,0,10,3,0.6363636363636364,0.23636363636363636
2jaHI7i9YbFrp8qZ2doO1S6jOKFajWs2Ap3oJU_EnvM9MN5gS_7Ht1Pd,Retro Matic,4543538915,top,2067,15,7,11,37253,8342,59203,18,48,36879,16862,188,8,4,214,1,7,4,0.4727272727272727,0.21212121212121213
9a00sfhviCufAQmi3yusfrSfERw3GSxBhkoE1wwpiKF9WnY,VNEI,4547320081,top,1210,3,3,0,10833,4660,16926,9,40,17688,6555,126,0,0,317,1,6,0,0.375,0.16666666666666666
H2SHISoM81nYKbLw27uJeGxiOHg-4ouR9OVFTtcYu8Y6FSP6OVDsxMy1,야 씨2발,4547320081,top,1210,1,2,0,11093,1197,5023,11,9,9820,6668,127,0,0,86,1,6,1,0.05555555555555555,0.25
SjvVNPUQ8iN84IjItWs3E9-U8Ag3k8zCBT2MpovkJNVh,이폼폼,4486502305,top,2096,7,7,5,42709,8003,26798,60,43,36423,14818,238,9,1,679,9,18,4,0.5217391304347826,0.2916666666666667
1uKI8nuYRgC_JZyMt94oYtLzhFEK3Vz-PHRsyt7Zyn1OZGY,용지인구혹우,4548040605,top,1978,13,2,9,28384,13119,34936,29,27,34087,15740,193,4,0,186,1,12,6,0.55,0.1111111111111111
BiwnLG6KIBg5c5sMcC1esd1TF8WrADhbHId9b8gOVbVCq6VeEyY5Ab1o,마음의평화좀제발,4535948728,top,1975,7,7,3,21536,5982,29711,20,9,30336,14812,205,25,14,91,0,10,3,0.23255813953488372,0.2
t9-HAeSvTwZXiRYP21nxyiyJBAfRnXkdmSkWpX0b6Mz7,민콩준콩,4535948728,top,1975,12,9,2,35713,4538,60874,15,42,48040,16485,224,9,0,256,1,8,1,0.4,0.20930232558139536
oQrDKFTWqva20i9Kjwx-evx0rsma8m9dMSSweAPt2LgK_CM,치킨만먹는사람,4419420247,top,1743,5,6,10,13921,2272,36166,16,25,21890,9233,127,0,0,436,2,8,2,0.4411764705882353,0.16216216216216217
U4ZCV3JXATJsszOgAcVWJG2hx_L_w12XJzgOgJkV8F6EDvI,Mancity 챔스우승,4547044758,top,2311,10,5,10,46579,9928,26040,33,78,34842,16847,261,24,0,1152,2,14,4,0.6060606060606061,0.2
Fym-1IsSLmPUtG7z8BLdtv5LOELDFbk5vvRuJbKLV-hyLmuIzcWfHZLO,기오쨩,4547364755,top,2403,7,15,6,28412,9038,48764,32,31,50913,13628,175,2,0,210,9,13,9,0.5,0.375
GW5pXshCqAkxPavFKnDzqF9hUm1m-etm8uA5HrDWBWU,용자임요,4547364755,top,2403,14,7,16,38590,12913,62937,21,47,44257,19608,230,31,0,526,0,11,4,0.75,0.2692307692307692
DUKBr7wSAeOfLx6J5Da7Z4OADmHUIEhWTR5-nlF4UKDWCORjHfdwl9q0,황병식,4544653997,top,2465,13,8,4,42473,14780,75355,32,26,49871,16914,241,28,12,469,4,15,2,0.40476190476190477,0.19047619047619047
CpSU8VHNmSkgqi2r4Rm0ApV3xquRJMbMZS9YwvKzyNr4,흑형핥핥,4544281625,top,1347,0,6,2,9266,3656,18495,9,2,17478,5957,124,0,0,26,1,7,1,0.25,0.1935483870967742
UGg76KGrEWwwLxReE04SmyFnO7NZnIKJA3QGvfGGdu2A6s4,동동동동똥,4548636154,top,1688,6,2,5,13616,976,35939,26,31,20523,10332,179,8,0,344,2,10,1,0.5789473684210527,0.07407407407407407
