account_id,summoner_name,match_id,position,playtime,kills,deaths,assists,totalDamageDealtToChampions,totalHeal,damageSelfMitigated,visionScore,timeCCingOthers,totalDamageTaken,goldEarned,totalMinionsKilled,neutralMinionsKilled,neutralMinionsKilledEnemyJungle,totalTimeCrowdControlDealt,visionWardsBoughtInGame,wardsPlaced,wardsKilled,killsRatio,deathsRatio
CUuPqxBvgvYlc11-CJvPorEH8PefV89Wp84BPW3VpkzWgDS083ZbOO3-,해봉노랑하양트니,4519662268,jungle,2350,2,16,12,19312,19260,32982,36,27,60220,9849,30,87,3,443,7,7,11,0.4827586206896552,0.36363636363636365
SIv3x55XrfmEZ1W1bqPDHsoLg4VyK_qjyJG09fp6B9xm,Twitch 또시,4519662268,jungle,2350,7,5,13,23315,12092,15766,72,21,30648,14887,38,192,30,220,7,25,15,0.45454545454545453,0.1724137931034483
S1WAvQvCWKJdkoR80OQ6Ic0EOPiOAvpX6SpLZ7WaK49V,LMGY,4540811586,jungle,1305,1,1,7,6980,4509,4488,25,14,10196,7664,27,97,14,180,4,3,7,0.34782608695652173,0.1111111111111111
5ENiHtFJkC6M9s85a_ZtLJ3ECxV66uQyGNTefISywn-A,폴리스찡,4540811586,jungle,1305,2,6,1,5245,8810,7683,22,0,18262,6517,14,91,11,8,4,11,4,0.3333333333333333,0.2608695652173913
nrDOREEbnEvYcB6R1d2w6GmhhtqiMpn_srQ5225M50QzshIduMJUmmFl,젠지들어가고싶다,4540667326,jungle,1619,6,7,7,15376,13917,19807,35,16,31499,11125,46,131,11,441,5,8,10,0.38235294117647056,0.1794871794871795
bHDQhxKYvxdciRAGimFlxZvzcfS4ImjYR187Cs0eLgZW3aI,EZOK,4540667326,jungle,1619,17,5,11,28542,16627,18837,24,13,29948,14170,40,109,5,274,4,5,6,0.717948717948718,0.14705882352941177
223xg2q4JO4-Q4OgGsUmHbcGc5jE5sGW-bgwIu-o0pSvYWxvG8CG9oS8,내가황철희,4493694633,jungle,1252,6,3,3,6855,3386,13978,18,8,14667,9492,35,107,0,326,9,15,1,0.6923076923076923,0.1875
bGzedcxPBEg4D8aREM8CMyAeawy95f2Y4GglJzSnjfPouIk,고양이목욕,4493694633,jungle,1252,2,4,7,6588,13742,11284,17,2,20707,8418,12,140,16,118,1,2,1,0.5625,0.3076923076923077
As6fs3KoeKik6LorePkhbCUg2e_L3iX8UpyuBA4uADVks5Y,타이쇼 군,4540749330,jungle,1490,16,3,5,24465,18195,18577,23,15,30674,13895,30,157,16,555,2,2,4,0.7,0.13636363636363635
44oZ1sVKCxfmnUAkCHIuWaEwbGAtC2Ovvryzowc1cPgKc2b-54gcNVNQ,Lil been Journey,4540108295,jungle,1219,4,3,10,10260,5260,7497,33,15,12304,8777,23,133,23,314,6,6,11,0.6086956521739131,0.23076923076923078
xC21XzDqtgKaP65i25TT5EB_81sNd_qVQg3mdHlhCGF-P8WFGplKvakV,1250436204,4522948085,jungle,1911,4,8,4,19485,12900,13566,17,19,34484,11319,68,165,0,221,0,1,6,0.38095238095238093,0.25
IXr6r_7lvmAnnpcJ0tQhsqs0BxiKFBiH9e36xy1netrw,선 인,4537133725,jungle,1620,9,5,6,15257,17078,25945,23,15,31734,11974,16,156,40,187,4,5,4,0.5,0.3333333333333333
dtagEH3EQxL8B2eMIDzfOD5B_MxSVBAAuLjsuiy0mMTEESQ,Keshii,4537133725,jungle,1620,5,4,4,15676,15417,15725,22,2,29571,10321,23,154,18,177,4,6,4,0.6,0.13333333333333333
CD9UxzIxPi-uHWBsV-uBs3e9mvNX9ELVYYyDxD3zmuqK-cyTE1HUn3t-,삐 트,4540406605,jungle,1256,8,5,2,11767,7272,18554,22,21,25334,9837,24,108,4,276,5,5,3,0.9090909090909091,0.21739130434782608
YwpkkuyfpB3EnKltRQgwuOvf5BibaGRvDJYnNUrC_G6VCriAzbp0fhZS,Wei   ovo   Lai ,4540406605,jungle,1256,3,3,13,18002,5395,10478,18,17,16221,10065,43,133,25,418,2,3,2,0.6956521739130435,0.2727272727272727
WHWkmdjeiMpOQFLEwtTkrBn-q1FUAwyhqJ-QSzYe_eCFtqzUsZfFwOSA,bu xiang nu li,4540363253,jungle,1617,8,3,4,19469,13838,16348,60,4,29733,11997,38,163,25,156,7,20,11,0.3870967741935484,0.1875
SqaWqKKViN3L3cbBItaz4ExjayrK8zrHJwxn9v2pJRfqG5SRCWtK6f_V,Shadow Dark,4540707651,jungle,1801,14,6,7,26113,10954,31550,49,28,29408,15385,58,139,35,426,10,12,10,0.5675675675675675,0.2857142857142857
-uzChlt9Kyiiiasw8L-2AZb-u2GPlsyfTYzg7kHBa-15MkmwN6PX4Nvi,젱 글,4540707651,jungle,1801,4,12,5,12221,11626,22322,32,15,35301,9450,27,107,11,227,4,4,8,0.42857142857142855,0.32432432432432434
jVwNyy7mJINPRn9kqWiMZ0jDc0l21UcmJY-DpG834DWJ,lIIIIIlllll,4540544406,jungle,1953,7,5,17,19981,10415,43730,38,43,28030,12843,38,117,24,542,7,8,9,0.631578947368421,0.16129032258064516
S97NyrupIoKwKYw3SodjjotZO755x_d7xJCh5C4zouVnw-BFhxCLHWUL,xing yue lun,4539866612,jungle,2297,4,5,20,18167,41035,69343,31,50,80335,13872,40,175,32,537,8,11,4,0.6153846153846154,0.14285714285714285
MP3NT67XgNN61NAaA1om2GMzw_7C7dI6ou9hzqE1dwTWh2s,그래 뭐 어쩌라고,4538604746,jungle,1732,4,3,10,11630,7967,8895,55,21,19735,9641,35,85,4,78,14,15,13,0.4666666666666667,0.08823529411764706
-BkLMnIucf2RH6_y3SnW8oImHRqMpqcjNNEk7VO_xYHFiJ3iIbK2lSYw,Shadow DuDan,4538604746,jungle,1732,5,7,13,14795,9485,15508,33,23,23741,11238,27,108,0,394,5,8,8,0.5294117647058824,0.22580645161290322
494TberRhms71Nx54E2P_JZc6Ow4DYxHllvp3YHnlnkUfI9ppCxByS20,맑은 밤공기,4540692842,jungle,1512,4,5,9,9261,10836,13290,23,14,22042,9557,15,125,5,250,2,2,4,0.7222222222222222,0.16129032258064516
1GZU_iadn5tDpfZbOdvkCf1EdaamzkEzeHYSJfSX36uf7uN2IVUQxgHs,튼튼든든국밥,4534624832,jungle,1210,1,1,10,4275,22050,13624,23,19,20940,6608,19,88,3,359,7,6,4,0.5238095238095238,0.25
u3AZmTHsKGz-FLOVOd79ngX0pM9MaxlWVBaj5JTuy8kfX6Q,서폿천사채은,4534624832,jungle,1210,0,6,4,11388,9731,12656,11,10,23497,6321,10,113,0,360,2,3,2,1.0,0.2857142857142857
DKdPCg10lHUNFTrd-qriqDNhyQDuPPwO2tuuW0jtje8H7rA,홍시가 조아요,4507145974,jungle,1452,4,5,5,10786,11696,13396,17,6,23045,8883,44,105,4,52,5,5,2,0.5,0.25
HKBa28PAyrk7jHeTAosLzq07v1cD_R-67bD_rAGNtHCZqPqnXsahaohE,상 베 ,4507145974,jungle,1452,3,3,12,12212,14638,14409,13,3,20368,9242,19,131,18,205,1,2,2,0.75,0.16666666666666666
RjG2Z7J2GhDWOPYRZejBza9OaaJwdM-DL1UiNsY67USRxhwkPLLFzuvg,행운의 게임1v9,4523227532,jungle,1841,6,9,13,14744,7656,20782,27,27,28686,11367,46,119,20,535,4,10,2,0.5,0.23076923076923078
3o4qb07QoZek7L0ByXR0msXwlmGAWQflLCTG65UlNvjlaRjCGz1M9QSG,02 01 2001,4523227532,jungle,1841,4,7,15,15106,13092,20011,29,28,29882,10253,21,131,10,396,4,5,7,0.5,0.18421052631578946
2c8hcHtaLawpRpnt8Z1dS7HvkfrCmO5LftzA_xTRehxfaZ0,씨 피,4526409708,jungle,1840,7,11,11,18819,6873,11854,31,27,29215,11097,25,96,5,647,5,4,5,0.46153846153846156,0.24444444444444444
SNYSODZ16oomRALWt8u-vIPbS640L5z2LEpLRHHHDrO_,한국 카타 1위,4526409708,jungle,1840,6,6,13,15732,22886,26901,31,24,37226,12375,34,161,6,275,6,4,9,0.4222222222222222,0.15384615384615385
4V07iE_tdilJ4cr5UxbKG-Ei3IFIFd6uBzdmFAwFgjG5h2a8EXU57ii0,doc1red2mie3,4498607210,jungle,1299,9,5,9,17302,6208,15704,28,22,19339,12069,36,137,25,431,7,8,5,0.72,0.14705882352941177
As6fs3KoeKik6LorePkhbCUg2e_L3iX8UpyuBA4uADVks5Y,타이쇼 군,4540749330,jungle,1490,16,3,5,24465,18195,18577,23,15,30674,13895,30,157,16,555,2,2,4,0.7,0.13636363636363635
l9yfF_IwLrEKygXil3G0n_7H16l2-4AY6AP1OvmPO9vK0BBz9N4jkRoF,Zhang Zi Xuan ,4528982875,jungle,1518,2,8,2,10400,6222,13756,29,16,21422,8731,78,112,3,374,2,4,10,0.23529411764705882,0.18181818181818182
9jebwKukpZOy3fJZqVQhPuShJ6PXkr94gXZGspCyiRdKXHXIAqcKFXf1,크캣99,4528982875,jungle,1518,13,2,14,16874,9185,25120,31,16,23576,13471,25,125,17,340,7,13,3,0.6136363636363636,0.11764705882352941
jfA1aR1lsRFir4PlZWmhIHwn5Bo7mbDH48tSFnkM5JVl,샤코그자체,4540303287,jungle,1244,13,2,6,16194,5430,7459,32,11,15209,10607,37,97,2,469,4,14,8,0.6551724137931034,0.125
TSL1uf4D9xtDIkBVUl5bB3cD37eG2cFdRjS-xSrjbiah13M,간절하지않은사람,4540303287,jungle,1244,6,5,3,10580,8369,8806,10,17,18168,7965,11,96,20,336,1,5,0,0.5625,0.1724137931034483
9zJ9I9lylo60T_zX6kEoKQSGkMe7NZIbGAeB4_YhEYpw5TXQ7-zoOtna,Wecanwinthis1,4540064434,jungle,1311,9,3,11,15495,12984,16173,11,23,24477,11546,30,111,4,285,2,2,1,0.8695652173913043,0.12
d9JhvofhJ4ApeymF3MpNMVEwzkJ5MAhDiMvRA1A8GJxVUZSCINnXib-y,xiba game,4540064434,jungle,1311,8,4,4,9949,11268,13831,16,16,23703,9682,20,132,29,372,5,6,0,0.5,0.17391304347826086
XSqjB2ePKpKVP7vSganTCQDH14RxKnbDLBI0T9-FYXVy,DreamybellF,4540821234,jungle,1446,3,7,4,10620,5662,13613,23,13,21155,9050,14,160,36,509,5,4,7,0.4666666666666667,0.2692307692307692
YNqfqVoNuxJ6fC-shkeqMtBK7hg-HPriAI18ZzjgGNGZjtBpLRFhggMv,No die game,4511957640,jungle,1227,7,2,7,15145,10225,11085,17,14,19691,8618,38,87,8,340,2,3,4,0.6086956521739131,0.14285714285714285
PizqxSalufWz0cHp23wzOHau96hK5dIgeJUpBrTimCPBSAAJOswdVIgU,민글러,4511957640,jungle,1227,3,5,3,7295,4770,12417,22,16,17826,6494,33,70,0,147,2,3,8,0.42857142857142855,0.21739130434782608
v87u9UTzWtiDvozruLmoUfyPWZISd6ag_UqQmT38ekHA,carry잭스,4540018884,jungle,1732,5,6,5,9243,8167,25602,29,21,30274,10188,55,119,0,385,6,14,5,0.35714285714285715,0.17647058823529413
qR36V534qBRkvqU70n6xCT1vAFTRVKL5fMMCLLrL4QKlvW4,P지컬 All in,4540018884,jungle,1732,13,3,11,25829,10407,11137,26,39,23728,14118,38,153,10,196,5,6,3,0.7058823529411765,0.10714285714285714
E1OHfGOw88oGFYVC5o350DaFUZ5h-99qe1BBiGembwpt,쿠샬디오라,4528783607,jungle,1522,3,4,13,11595,13747,18115,19,29,27803,9838,13,117,8,383,1,4,0,0.6666666666666666,0.18181818181818182
5KyYj4xaGt9uoRa3lTlnqRa0L0fxL7kKsIL4KUBMx6-m_j4,후회할일하지않기,4528783607,jungle,1522,12,4,6,24951,9145,17264,31,15,24127,12722,43,147,28,354,4,4,8,0.8181818181818182,0.16666666666666666
R2yZcNy51Owv6EAFVL-cnrLxIaCiWOt0f_0QYdvjAEgkd1-5l5qg77lp,dkrkflgo1,4540312201,jungle,1260,15,6,8,18984,2703,5733,9,29,13244,10305,33,67,23,174,0,0,1,0.71875,0.375
oRo9Zh3Df0JAI40uQXqBCYVzgg-wbZtzDLJsgrIAEX8SLuciG_MZ97RP,YooSion,4540312201,jungle,1260,0,9,4,1902,4964,8311,5,10,17294,4481,5,42,3,125,1,4,0,0.26666666666666666,0.28125
v_pPk_8eb7IZYkq5eYJAQ-aq3IWcWnmh5oSr7zkvHjsUezc,yaojiayou,4540406150,jungle,1936,7,6,26,15871,10845,35559,27,15,37847,11989,7,117,14,280,6,13,3,0.7333333333333333,0.24
-Y9jo7hCuuWtxalKBdo1_JDnN_JdT4hiwJTwIOmJ-UgbhT6MW7cav0Sx,Xo  B  G,4540406150,jungle,1936,4,9,8,21958,17803,24531,32,23,40037,12105,45,172,7,439,4,5,4,0.48,0.2
wMsC6uTlFA_Kfp7MeHv9ErfyAkByM6Oj9iTXkhooFGU,원써니,4540470891,jungle,1349,3,4,5,8265,10910,13596,21,20,21809,7622,24,93,0,260,3,3,8,0.6666666666666666,0.14814814814814814
4F2vF1E-UFXNiyPhjoGyk08aehqAMJUNW0WCGa5q8mJgUmPxDhPdSc2j,세상모두가변해도,4540470891,jungle,1349,0,2,8,8402,8425,10873,10,33,17588,7694,14,98,13,504,4,4,1,0.2962962962962963,0.16666666666666666
cvGl-iyZY6xJB5oAXn9KoskvXDsYlx6A9wOeDwwZLIl8aFIjRGb8sE9E,Yoakedesu,4540204416,jungle,1690,0,5,6,12496,6775,18278,28,20,24355,9548,60,129,15,494,3,4,6,0.3333333333333333,0.1282051282051282
_AVO_y9TUXo3J94eBjBB7E9gIRwkZMGP17sRFnXscPQBJRFc6Purx4V3,흐아아아앗,4528948724,jungle,1328,4,1,13,9131,16709,13855,15,23,23173,9632,12,142,8,303,2,2,3,0.8095238095238095,0.1
tLRJcCwFzWqs7INMS7vL86vYmPfxHUeNKSn23DLjonIc_oQQfPqzxNpY,시련끝에네가있길,4528948724,jungle,1328,1,1,2,6460,11594,7344,28,1,16895,7226,15,121,8,106,2,10,6,0.3,0.047619047619047616
H1jyVhXBrIW7PDh8jxhtfECApmQbvMKjB4G4pXma7FzbwWoneBR3YrYN,대도시 일산,4540452389,jungle,1741,4,11,9,9208,5113,8630,44,16,24248,8912,10,85,4,120,7,20,10,0.5,0.25
JgROmXz6urpcuxzdN_3D0ioXR0y2Ty0Ab2G6T_AeAmPL1p0I0LJpAzKY,라이너겜,4530986808,jungle,1525,5,4,4,12818,7674,12206,37,26,19538,10117,68,129,1,424,4,5,9,0.5294117647058824,0.13333333333333333
nPTyOpEaURPMT7oC7xYry1eIyAfSUk2xrueCTHsH0EJAXoU, Ta2rzan,4526989153,jungle,1668,6,5,7,15035,7710,10792,32,8,20990,9943,16,131,17,204,2,11,1,0.8666666666666667,0.20833333333333334
VeZKQA5mGud6qljEGorRWRGTpOckax8Nf6gv8fcAMrY,다1은정신병동,4540574836,jungle,1247,3,4,6,6760,7382,9254,17,15,16402,7028,15,87,5,328,5,7,3,0.45,0.14814814814814814
5YLMo23q4NVCNvT0MAsHcnUlSIx5cDLT4U5Sic_ASRuDhYzkq8LgJyG4,Jok3rHan,4540574836,jungle,1247,4,4,5,8098,10875,10690,28,17,18741,7565,8,107,19,292,6,11,2,0.3333333333333333,0.2
TpiOQ8PcoV8KwHHc_gIaaaClkv390bjpou_BebfQ5Vny9UAMz-N-T9AX,pickstars,4531102262,jungle,1618,13,2,7,25511,14384,13495,25,8,23287,13676,28,148,17,242,1,1,5,0.6896551724137931,0.13333333333333333
5_hujNrvHX0iFiDqjg3dK8Zrlmi2Vj2UasZg4aPiOx4CFQY,현디언식기우제,4531102262,jungle,1618,3,7,2,12275,10424,11970,23,10,27563,8458,52,80,0,512,5,6,2,0.35714285714285715,0.2413793103448276
C72fM-MKag2gnEuwDzeL7mmnBFKLL-pJ7JEwMckRsI7aN4s9C1Br2gAX,목줄채워주는사람,4537560254,jungle,1805,17,5,16,26122,13237,46823,20,28,33267,17422,67,103,0,445,6,15,4,0.825,0.11904761904761904
wOxpkbuyjCSZ8ySwljU8ArxSu0bi93ppLVMC5Zsgush1G-UK430t9ZwV,hanselking,4520320050,jungle,1447,3,6,4,14729,9528,13434,18,15,26824,7728,18,93,11,490,6,6,2,0.6363636363636364,0.2
MXv095uijwCYOYa8CrR5bDla5bEPkBW3zwg7izlQVRPL-_OPN4kiFv-W,노쟈기I,4503229404,jungle,1720,3,5,5,11778,42195,29431,38,27,37649,10753,27,151,4,628,6,7,5,0.6153846153846154,0.16666666666666666
aNt4hw0ap7CeAYYjPkQZYyjwY2ALkti6wgHu5AxYAh8s,all mute 수고,4503229404,jungle,1720,13,4,8,23217,9214,32271,30,31,24491,14144,49,158,6,290,5,6,3,0.7,0.3076923076923077
byW_0VCffJmVPzXKIw1ykLMf4BRxSNwiMoehxOwz7AhTceCNLCO0NKVx,Naonao,4512269034,jungle,1725,10,10,3,21061,11585,16127,19,18,33015,11662,52,57,4,332,1,2,6,0.48148148148148145,0.2777777777777778
CXIAXRzAUwu9FEFZLWifCo0A85TDJfoChpCbkQ9b_P6D13SHsADhRfXX,일본인1,4512269034,jungle,1725,11,7,7,20612,24549,30670,31,27,44078,12522,19,137,43,446,6,6,3,0.5,0.25925925925925924
Ycqzlq5Ku2UHZ1ks4jo6THeS73P9k2njveKFHbP7qfBVM0w,손이꽁꽁추어요,4540689370,jungle,1248,8,3,16,12730,14334,24001,25,26,25637,10054,34,88,7,420,4,2,5,0.631578947368421,0.15
xJEmukuo_RpuneNrQaHnOvVMcEjWKz5ELVuUw7qsGvZx4Eo,아타타타타타타타,4540698857,jungle,2257,8,6,7,28769,16209,34304,41,29,36653,15153,83,147,17,549,6,19,2,0.4411764705882353,0.13043478260869565
2HZ__ebTVA7iiE6nzGPKdDOv-QQj6rhQhkuZTr3LqaY3_yfx3rA1yOfK,purelikevoid,4540698857,jungle,2257,15,5,6,22874,10156,16423,52,28,29165,15837,65,147,16,181,11,11,17,0.45652173913043476,0.14705882352941177
XX_cgcAn7CI7MhzADGJw8KYHvfCw37Mg1AXej82bPWISMSc,sesxxsexsexxsexx,4536228081,jungle,1504,14,10,15,29606,12659,11991,30,7,25501,12907,10,123,23,156,2,4,6,0.6304347826086957,0.3448275862068966
6gHUNrNKD2ZvkRhJoYtyriq5OLkGxGiNtegZGQ21y5pVhy9olyNF1S9X,나랑해보자는건가,4536228081,jungle,1504,6,10,7,11426,4332,20002,25,9,25672,9833,41,67,8,291,11,8,0,0.4482758620689655,0.2127659574468085
C72fM-MKag2gnEuwDzeL7mmnBFKLL-pJ7JEwMckRsI7aN4s9C1Br2gAX,목줄채워주는사람,4537560254,jungle,1805,17,5,16,26122,13237,46823,20,28,33267,17422,67,103,0,445,6,15,4,0.825,0.11904761904761904
u5cZKbeaHp-kT4u7ouCdG4c9QSd_UGAhTRpqNBk3qtfhVfhuvKeeH0jN,썰 렘,4534654775,jungle,1979,16,8,12,30137,8460,20184,25,35,32369,16308,73,134,6,676,2,2,8,0.7,0.17777777777777778
Uc4kx8oJismNM_9uK2aH5sN15rkW-RNXU-cILQe-ZvE39CLzVO8il7hL,li wo yuan dian,4534957460,jungle,1236,1,2,9,6313,5398,15104,18,14,18301,7837,23,109,23,277,3,9,2,0.625,0.2222222222222222
9j6M4qLT5hHiqKmBpYzbkrd4fEnFRTVxbtqGKPD2L-96E7K6RW2yZl6V,내꿈서울대챌린저,4534957460,jungle,1236,5,1,1,7859,11589,9816,15,5,18528,7843,16,102,31,218,3,4,3,0.6666666666666666,0.0625
z-nZcuMXgQd2egd5nWYII8bXVGtAYstW5ibU-7vV70RBJeI,Try xD,4534342799,jungle,1543,14,3,4,14025,11497,12897,29,19,22078,12224,38,117,14,270,8,9,5,0.45,0.15
AUYYizERL9-OfEjqTk8HoPhiYHcwEyaYCc3kQjLqyJK4py3pi4F9Ofz4,끼없는연습벌레,4534342799,jungle,1543,6,7,8,10748,11092,10697,33,1,25825,10017,23,121,4,55,5,11,7,0.7,0.175
rD79wfvC2WdBkNyroJaVWkQZkXI_amRx6Hnup72tGvezIiBLPsBXXQGM,xiaoyaziQAQ,4540052302,jungle,1734,4,10,13,20598,11651,16424,19,7,34584,10563,32,121,11,128,2,2,4,0.7391304347826086,0.24390243902439024
WaVT3XThQNysb2_WjOyv6emLMra-9QRvCg020VsA_ljvD2GMs-XYFQEN,Estar001,4540073228,jungle,1237,10,2,4,11831,8809,10506,15,17,16744,9589,11,104,16,332,1,1,4,0.5,0.2857142857142857
t5NtexhAk1WR8dHYP8QpbApFIKbCPRuVGkGEY_VJZoNapBE4sIXole3e,wo dian le,4533860189,jungle,1292,4,2,11,9382,14748,12566,13,1,20243,10223,20,152,12,147,1,2,3,0.6818181818181818,0.16666666666666666
6zE3W53S6LWENQKarBLLfI0H7ABBgLvvoGt_dG2EonfIqoc,오늘만을기다렸다,4533860189,jungle,1292,2,5,3,6127,4556,5543,19,12,14565,6590,19,91,0,67,3,7,5,0.4166666666666667,0.22727272727272727
DvmUVSfVikiQPs0UuOf7EUzFh0DA1LjDMVcF-UK3tXiJ1zjfbnWXwdwG,저르가즘,4539301077,jungle,1874,18,4,14,33556,8001,26359,27,19,30756,16164,23,158,25,361,7,15,4,0.64,0.12903225806451613
pKtzZLkIKSAf8dREnwk-geRaseEXWTN28xoNM-pvJBnHDQJosrb9bvlN,Chen Yifa,4539301077,jungle,1874,8,11,12,26639,19238,23276,35,13,42660,12936,35,137,6,499,1,2,5,0.6451612903225806,0.21568627450980393
TUE5rVMOCkeyjPHPhKFZxJ2-smQqVqDrqtGJQDzxLq5FrCa1u5T1Ea0S,Jugdo4,4540695184,jungle,1769,5,4,7,13305,12041,11994,44,21,25043,11304,22,137,13,122,4,6,7,0.5,0.36363636363636365
DjFWtKQEf_AUDPuKuXSpKhC6xs-Imwf_BfSiqo5mRKZQ0S5sw1rZdfcd,너하궁,4540695184,jungle,1769,2,4,7,16849,8564,23068,32,30,26323,9678,55,135,25,606,4,5,11,0.8181818181818182,0.16666666666666666
Jj50AxauHRqoRTctpH2M8IRbFNpBByJi_KkUGZUKnVq5_tElcpmkXZnP,1대9하는사람,4539387092,jungle,1694,3,5,6,13881,9663,11903,29,7,23605,9467,36,116,13,246,2,10,3,0.42857142857142855,0.14705882352941177
qR36V534qBRkvqU70n6xCT1vAFTRVKL5fMMCLLrL4QKlvW4,P지컬 All in,4539387092,jungle,1694,7,5,17,15755,13224,27125,29,18,32049,11863,31,143,13,366,3,13,5,0.7058823529411765,0.22727272727272727
Dz6PQ_L6hskQK9pssjQetOcvEnqj4geDN_GLgWUTdXmwlwRKTwa-kpvZ,밍 9,4502551781,jungle,2527,17,8,23,36494,32198,131166,41,52,96395,19841,35,161,27,558,5,6,8,0.8163265306122449,0.17391304347826086
7cQMsDiXEN4t2xYI8qq4C1tV3tSyACvdkWPPirfn0ifmk3uGDZCHN44l,jg 1v5,4502551781,jungle,2527,20,12,23,79084,21404,19735,47,42,51661,21482,88,170,5,396,7,19,11,0.9347826086956522,0.24489795918367346
9UtK99OlXDinHacQInw1nmCXuVEbiWnOx6mN_Ok6NORQRKQ,KAYLA LIU,4540383377,jungle,1646,5,3,8,15246,13437,12474,42,8,23873,11271,38,159,24,265,6,6,13,0.41935483870967744,0.1875
mbs84-9QP8yQfLuWie6IUZ7gN9DsS8Ce_ST-UYBYPAgu4VM2REF0PqtX,Bzhan maogege,4503339678,jungle,1438,9,3,7,15178,5931,9464,47,16,16258,12021,56,131,15,410,7,6,16,0.5517241379310345,0.1875
EX7ardFgLi8q3hdbvxMN96VKoIj8jJMG2cg18lWrdctetKqElL3U3rOG,설화고존잘남,4503339678,jungle,1438,8,6,1,11179,7153,11291,28,19,20433,8445,23,68,4,167,8,9,5,0.5625,0.20689655172413793
HGU5fbu27EUvBzT2f5XjXmLL4HMcy7495uQkIdIw2ink-_6sTxQZXZS6,a 150lp top,4539143197,jungle,1605,7,4,12,16891,20289,17680,11,3,29149,10898,18,129,7,84,2,1,2,0.6129032258064516,0.17391304347826086
dKya5QTXTsV8VqpkjYdpFYbasHk8Dflt-acE1UFBBpSR,안숭이,4540292862,jungle,1626,3,4,4,6866,5089,22987,24,14,21420,8694,53,84,0,249,7,8,5,0.5,0.15384615384615385
i53VSWWcb6otJTrfl6658hOmD_zEek57gVeMkyjI2DN747JTf_sKFmAW,혜윤아귀여워,4540292862,jungle,1626,3,3,9,10436,19658,13286,37,1,26178,10139,24,175,33,168,4,5,14,0.46153846153846156,0.21428571428571427
kWwD6VxdjIn7Z9pUx3kniZawo1HNdZomwYyQfIXiNHYISr0,카서스킹,4535224192,jungle,1255,5,3,11,10780,3826,14719,24,11,18537,8983,38,104,8,273,7,12,4,0.5925925925925926,0.10344827586206896
0Lh3p7i0KtH8vEIdksGfqpJL32_g1bo_VsqIediWXnpJlsI,민경 fan,4540087589,jungle,2289,11,6,9,24769,7320,60574,41,70,38036,14546,21,157,32,837,10,12,13,0.6666666666666666,0.20689655172413793
vxi8nt_yX5dLQjlkHkdHeRGaqxB150p3_sGfj2Q7ioFH,Sagarmatha,4540087589,jungle,2289,10,5,10,37392,19889,21786,44,6,34509,15623,63,181,20,79,9,10,11,0.6896551724137931,0.16666666666666666
pKtzZLkIKSAf8dREnwk-geRaseEXWTN28xoNM-pvJBnHDQJosrb9bvlN,Chen Yifa,4537296847,jungle,1207,8,1,4,10118,12406,12289,18,16,21051,9814,19,133,31,312,3,4,0,0.6,0.25
z5Jtjf8OFqBHvOW1QOduBLW2BD9qmtFt38cM4NGUIrr2CdliqnQ0-qh7,slowslowslowslow,4537296847,jungle,1207,2,4,1,6727,3609,4370,18,12,11093,6153,5,80,1,79,6,8,2,0.75,0.2
KHDW-IXy6RV0kOyUQzi1xzh5FK0vupJiWQYzK1gbw-Xm,SGC T SG4N,4540840318,jungle,1376,3,4,5,8311,7231,8971,19,12,15821,8213,17,111,4,419,5,6,3,0.4444444444444444,0.16666666666666666
nDR0kzEVOarExuRCBweZ8owtHzWVkUr9EaSpCHVef4CvsYHhf0pBXYCz,iiiililililiilll,4516971816,jungle,1441,2,8,1,6079,10482,10566,23,5,25333,6991,7,105,4,163,6,5,6,0.375,0.4
TprXQUVLVLf6m3Z3n58i5_RPmAgnJz1tl3QzEuN_zL2x,울보뮤뮤,4540752895,jungle,1697,5,3,15,13069,14997,34204,27,35,28150,11516,32,155,22,369,3,4,6,0.5555555555555556,0.16666666666666666
GzhOY6HNk7WMqnXXpo4lcaD7h-_qgdp0vat-1skung1E,용식이형님,4540752895,jungle,1697,3,9,6,11503,12353,12854,16,6,26852,8512,19,119,7,91,0,4,3,0.5,0.25
ieP4zoCCdr7lhBQSnLVh0xr77weytOBdcahhI4mXEi8e003Qh9ORRKHO,denglingfeng,4536712396,jungle,2310,17,11,8,32246,14359,24041,13,14,41484,15705,46,115,0,268,1,2,3,0.49019607843137253,0.275
oXqAHmK1MEWBvHMeoT0qjV94kvlds3w1Odmgy4wo7LpCo3c,C0mment Err0r,4534543006,jungle,1538,2,3,11,7529,7602,17641,22,12,20300,8323,7,92,2,247,6,11,4,0.52,0.42857142857142855
e2Y60vJJwAwSbCThzshx1qGOTnYtJTXZKHzxvo_ZvlCRymSHPsZ4bOLV,EKKOKKEKING,4534543006,jungle,1538,4,5,1,5891,10014,9775,28,2,21760,7591,12,101,20,181,4,5,6,0.7142857142857143,0.2
HaylFizMbq1OeY-LPHMaEkmjHtGI6BmUPfqRwf2zfGaPWwnX2Qe9jsE1,flawless love,4539689415,jungle,1513,1,7,5,7018,7747,10262,21,98,19701,7396,32,97,4,255,1,5,3,0.21428571428571427,0.2413793103448276
1CJ6PZi5gkjPHA26XJHxJ98AE-5R1AYYVhFKhQc43dwUWcJ8w4hAT8Z4,zhongzuiliang,4539689415,jungle,1513,11,3,9,17457,5857,16924,25,26,18747,13412,52,134,18,429,3,1,5,0.6896551724137931,0.10714285714285714
iHYfcAqNBMDhxKRBKawrnMBuG52VIOtZyqZnLRw2njmW92Y,그립던 우리의 밤,4539958737,jungle,1609,13,3,8,29463,14154,28707,23,3,27992,16088,108,135,15,275,0,8,6,0.8076923076923077,0.15
48fBY41_6_wzYrOjDGdyqSMHImZAT1k3FeRQ6VTs7rt3gjM,Kanavi shadOw,4539958737,jungle,1609,4,5,6,14728,11332,12386,33,10,27198,10802,19,182,23,177,5,11,5,0.5,0.19230769230769232
QXSTKALpAy5A4VAdmQYg_kCDOL4JnDq5bVaBrkm4Iz6BPIw,풍치파치,4540382496,jungle,1677,5,5,18,15472,4786,29391,26,26,26935,10362,27,87,1,262,2,2,7,0.7931034482758621,0.23809523809523808
L4cZ1SEIG2ulIh0n2Spqkc6RHp-OU-n26xa0j50asEhK05o,정연이는 못말려,4538902695,jungle,1432,8,8,6,12662,7662,11450,41,22,21771,9943,27,96,4,265,3,14,12,0.7777777777777778,0.25806451612903225
KoLxXgg0gVKyA4-BwxYqCf6Sm90CDlA2PMpOxYnNrPYg4pE,똥싸는똥병,4540689013,jungle,1914,21,9,9,31920,13144,18020,30,12,34619,17663,45,164,28,258,1,5,5,0.7142857142857143,0.225
tHMD5qmMorg3vOQ87Og9IyUF34L6Hfme6u6y2Y-EUrpCKObdgdpoUpwy,냥냥펀치멍멍펀치,4536854906,jungle,1677,6,0,8,12741,9083,12069,43,13,14738,13203,74,159,26,356,5,4,9,0.5185185185185185,0
9vFHMokyaexZisW2XFKLk33IYAcDSpjAHr8nm8gYfFNZFd2tdDXMnPb9,몰아치다 폭풍,4514957738,jungle,1891,10,9,15,23618,14300,25289,34,38,36532,13759,28,122,11,368,7,5,5,0.78125,0.28125
F8lNjNRzPZaMV-_Dm4qbVcB5KCvpGBRdQ_bK2gUf4EDJ6sRDK6QwKyP0,later Oh 998,4514957738,jungle,1891,8,7,15,13220,15173,38338,21,14,39220,13295,24,136,11,392,3,12,1,0.71875,0.21875
AteGl0KCjNRZTDhSz1KAPsDrkFiUQaayIhi-dpBXpdNUgeSM7uG9WKTX,8PerArduaAdAstra,4534523802,jungle,1516,2,4,4,6178,4871,5921,22,10,13541,7720,36,89,1,156,7,7,4,0.42857142857142855,0.13333333333333333
UsiNDqLZ5fr3WtHitgZXnYvXb_XnUWWgZliKv8DkP7elM6Q,사랑우,4540562100,jungle,2021,18,7,6,42971,27130,24801,34,6,39852,17955,37,163,27,161,1,2,5,0.9230769230769231,0.18421052631578946
e3_k2sVZZXHgZ8ugv1GWD0ZGMOFwb9lVLsP9Vq8XLeIjAumuQMQp8_1o,HotPotDog,4540562100,jungle,2021,7,6,14,16457,9859,35791,19,18,32712,13104,24,111,9,316,8,13,2,0.5526315789473685,0.23076923076923078
QXpJQdajjMP2IhQ5BsediwKQj7FCjZ2Y67wXE7bvwYIMxKU,조도하나주세요,4536801254,jungle,1973,11,3,11,25031,21114,24946,52,22,36928,15515,58,164,7,487,7,9,11,0.6285714285714286,0.10344827586206896
RjG2Z7J2GhDWOPYRZejBza9OaaJwdM-DL1UiNsY67USRxhwkPLLFzuvg,행운의 게임1v9,4536801254,jungle,1973,3,11,9,15049,20673,16362,38,2,35083,10579,36,142,11,82,1,12,12,0.41379310344827586,0.3142857142857143
Rfpx_Xz7RhBcakZ-Hri1SsW6keudaMubyIcnt6eZXrvYshRgP9reDBPB,기발한 그브,4529761171,jungle,1886,13,7,8,39098,16288,18564,17,20,37981,17522,78,214,11,341,3,2,4,0.65625,0.25
p-IMVI5clnHA_uyVchKA7zLm71C3NQw7QDcMYckKxZNbCvwuzkovHLLR,nunu01,4529761171,jungle,1886,2,8,15,14035,17636,32076,36,38,44142,10852,37,152,0,393,8,9,5,0.6071428571428571,0.25
-yLR82CbyxDTPFh3XZOb7uWQFbcDZ8QlpK-95luhtEKn_vccjp5PoJGe,수동적인자,4536863096,jungle,1523,2,6,4,6969,8836,12446,14,10,24566,7656,26,89,0,339,2,6,0,0.21428571428571427,0.25
4QWRcJAiZYRr4MFd10WRpTuaOXw8KZAJ7tqOIb524Du30aM,podnsfdlg,4536863096,jungle,1523,0,2,7,7029,17560,16229,30,17,27032,8412,31,119,13,323,4,5,3,0.2916666666666667,0.07142857142857142
Ip2NJiH5P2TLak2rI6frK11nAwMBb8zHQ1zToeUA28e8D-y31_7vkWlP,앳원 온 타이탄,4540328251,jungle,2015,12,4,5,28341,20166,23065,31,30,35193,14854,56,154,12,665,2,2,7,0.8095238095238095,0.1111111111111111
P8cbCO8oCKLlfXsZSQYtymMqA_dj9GsJd5aReUYZKbat,Shrood,4539348620,jungle,2046,3,6,14,7611,9703,49244,36,42,32858,10595,22,123,15,616,7,15,5,0.6071428571428571,0.23076923076923078
DIXXIcCEEUTc-VjrAZgtvwBaACbHjOe4xb58Pg770VqaX-yGaHRmhaLd,유민수짱짱맨,4518491170,jungle,1816,4,3,3,13263,22495,12529,42,9,27579,11699,43,197,25,175,1,14,11,0.7,0.15789473684210525
HvtpA4KMpozIreU3-XSi7YmZmM_odDPAfGEYFQaN6fgUhuU519Xb7Y3l,아이번맨2,4518491170,jungle,1816,1,2,15,4960,5402,5821,50,27,7272,9602,22,118,4,149,5,18,12,0.8421052631578947,0.2
TsL1doO-ES-hGZQlWI506u5EQiT-gGyxCfCK1LjhA924M5Snzz89T7BZ,정글프로지망인,4540302235,jungle,1336,6,3,3,9023,6175,6179,14,8,15536,8623,16,130,2,395,0,1,5,0.5294117647058824,0.2
wMsC6uTlFA_Kfp7MeHv9ErfyAkByM6Oj9iTXkhooFGU,원써니,4540302235,jungle,1336,2,1,3,8990,11230,15341,23,1,21220,8534,28,153,8,106,3,4,4,0.3333333333333333,0.058823529411764705
DvbSbiP2RMrGQz07Qj7y4SlWGLP5jxgOQ18YeIdVXeLYnyNqW50bJF8Q,de er bu xi,4534955123,jungle,1443,15,4,7,16790,13002,16176,24,14,25632,12853,35,121,16,454,5,6,3,0.6666666666666666,0.19047619047619047
38esctUUqdpme2rUzj1VneQuoVijHW3MvtbX-pJSSl4KdqR1vZxUIP3l,Xxing9,4534955123,jungle,1443,6,7,5,12375,7617,18490,23,15,24683,9976,44,108,8,231,10,15,3,0.5238095238095238,0.20588235294117646
2I3hdQedxA22Umlwi3Kbtn2ToPomGljRyY0XJQm655POPv6kXW29887a,TOP은 병SIN또LA2,4533028882,jungle,1682,7,3,2,11863,16578,17234,50,5,28123,12125,52,146,5,220,3,15,12,0.4090909090909091,0.2727272727272727
b7Dkg_2zBThduJcqjPYx-yqVfzkKCqVIeqxKnjUlMWqx1U8KikdOChtL,lIllIllIIlIII,4533028882,jungle,1682,0,6,4,8769,10344,19821,27,3,26960,8176,27,146,12,152,4,11,6,0.36363636363636365,0.2727272727272727
pVbVyaosi2fLnwSDp_fshRUQbHnewTtOGcJbJSOk7olQ,123QQ,4539117652,jungle,1559,7,3,9,19855,11341,15520,29,17,22158,12592,25,181,41,466,9,8,5,0.5925925925925926,0.21428571428571427
vduHhemWW8e_0-Z8PPq4cGqddabVIotCf6Ky9M8_Byou-W8,드레링,4539117652,jungle,1559,2,4,7,7273,5787,24660,31,22,23706,7718,48,59,0,324,5,12,7,0.6428571428571429,0.14814814814814814
zIJdVz3lJrxF1xHi2z6PUHcsoZOoKt8UQAhhfMvpawry8jD5eXjuawgT,Taiy1,4540672404,jungle,1232,4,2,3,6531,5255,7176,15,10,12775,8243,21,130,36,377,2,2,4,0.3888888888888889,0.16666666666666666
RU9rVIq2Z2ID5nAJEQuZ9AC67zG_6HEqpn9KoAHe2ROM,날씨 의 아들,4540672404,jungle,1232,4,4,2,7560,8865,11583,16,7,20204,8715,35,93,16,474,3,4,4,0.5,0.21052631578947367
1bhbtMAg8un_cUD9fCixO7MhdZ56ssJiQ19NQGO9mm7ZBnnrWGak_9YW,구르던기던난간다,4538957914,jungle,1734,5,4,12,12243,10160,33517,48,21,27504,11131,38,121,11,355,10,12,15,0.5862068965517241,0.16666666666666666
ohwM20cym9O9iyGtFOpfY3pl7yy4SR-UbmsMxDnuhfWNYj8BWqD80bSh,T1 Ca1n,4540699893,jungle,1503,4,7,7,14363,12525,10510,28,8,22219,9033,16,121,0,189,6,6,6,0.6111111111111112,0.21875
vpEk5jjeAvI_TyplK5pXF11Iig6DxSzFgBcL_0Ov7pk9lbM,01 캐리머신,4518554254,jungle,1798,11,5,3,29289,18530,20107,15,1,36481,13493,45,143,4,152,7,5,3,0.5833333333333334,0.16129032258064516
obInStfhrjovQa2UN_kM_JKEko5m6FlHWaX7Iv1pKbLEE5skXTj7AhLC,나는실패자이다,4518554254,jungle,1798,3,3,17,11394,18263,21732,33,16,32685,11794,37,158,13,379,6,6,2,0.6451612903225806,0.125
GgNwSdCzLVpQB4H5Kjqbh9c_dSsqk5lv5mXdgL0C1HhBnpSKosh-BKzS,xiao pig,4537471702,jungle,1899,3,7,16,17204,6292,38324,20,33,33679,10858,43,121,12,340,2,2,2,0.3958333333333333,0.15555555555555556
Mhm82Hbuz7i9v07zZl1fd6dprUh-mppHt3m2a6gwfvc,자크 못하는 사람,4537471702,jungle,1899,5,7,15,19505,39882,39149,19,57,54835,11045,41,98,0,453,6,5,4,0.4444444444444444,0.14583333333333334
cUHr_C1DQ9MESyvVXRRM7ebfXtJSipDHFdUkt788iyyhwkB4YcBhIOSk,셈뎅뎅,4539923374,jungle,1331,12,0,0,9919,14332,10502,24,2,17914,11660,26,151,37,150,3,6,4,0.3870967741935484,0
EBMha4ekVkDJ0WlPy7RA2Jjg-5t4tHKlassfNO60uwhbWyNFRoVHl_u0,Zx Zc,4540372167,jungle,1677,2,2,16,7119,9136,9326,32,50,14253,9572,9,118,4,187,10,18,3,0.6428571428571429,0.1111111111111111
QXY_t9yFR9-7wd6PlbINIMzW34piO7NEcGQr42cZ16qx1UngZaGJa6Nr,zhao020708,4540372167,jungle,1677,7,6,6,30408,14518,14232,16,20,28636,12620,57,186,7,269,0,2,6,0.7222222222222222,0.21428571428571427
BRo7-kB8WS38TMd1CsGBR-D1yEoJwU_So7c8zzfmAlra3xNjaGfzmzah,AKA Jugkiller,4540698802,jungle,1865,12,5,3,26337,8826,11089,20,7,24636,13291,42,127,5,207,1,8,4,0.5769230769230769,0.13157894736842105
oSMzq-JiUbCOV51THhkwuDkQeiqhbWV4lXYnw3GRunRot78cbHqeefq5,직스맨은정신병자,4540698802,jungle,1865,16,4,12,27200,8620,21687,46,38,25344,16158,49,155,34,692,8,9,8,0.7368421052631579,0.15384615384615385
7bjgyE8TDJ0DUpeXz5QcbnZ1yvJbe6583xZ3-nLvargMqqyyLApN6Fph,xoxoxixi,4540314173,jungle,1553,4,6,7,11492,6498,25309,35,24,27773,8819,15,109,14,309,5,7,9,0.7857142857142857,0.25
q765jVuwxxDc2cG2bj0JowBzmAiTDO9IOhyr5gtbbFtgqJVCFgrfkjVP,Yusin Fan,4540314173,jungle,1553,6,3,12,11893,17125,18153,23,33,28145,10838,27,135,25,346,7,6,2,0.75,0.21428571428571427
0Ok3hmSlIFZKySA0YRIZjL8TTb3R4K0-GjEtvi3B07_woAttPR3m6ZaG,채사랑o,4539237861,jungle,1577,14,7,12,24931,9265,14295,20,8,28364,13761,41,120,11,264,3,4,4,0.7222222222222222,0.3333333333333333
9U3ZbJ75ZHJtoLa2Gy-AwbpsRWmQPqTViowXMPnPag55loJlVFvTgpQH,marchmarchmarch,4526255516,jungle,2137,5,10,16,20316,8239,18191,37,31,30854,11676,59,104,0,708,4,8,10,0.5675675675675675,0.25
MvZFZi9P6cD1rDpuMLGIcMqpTYFH9be88GEWTk5awtsimTe9COI85l9b,Ayumi,4515145950,jungle,1230,2,4,1,2500,3374,9345,20,4,12969,5527,5,78,1,203,2,7,0,0.3,0.2222222222222222
vytAguohXh0NPK7aTKgBvl8n2GqUvTMzF_CotxdyK--7HgpbfEXRMzNc,tengyuanqianhua,4538949256,jungle,2068,12,7,17,31820,29141,31641,15,21,50649,14778,35,149,12,502,2,2,5,0.725,0.21875
0Ok3hmSlIFZKySA0YRIZjL8TTb3R4K0-GjEtvi3B07_woAttPR3m6ZaG,채사랑o,4539237861,jungle,1577,14,7,12,24931,9265,14295,20,8,28364,13761,41,120,11,264,3,4,4,0.7222222222222222,0.3333333333333333
MP3NT67XgNN61NAaA1om2GMzw_7C7dI6ou9hzqE1dwTWh2s,그래 뭐 어쩌라고,4531424027,jungle,1591,5,5,11,16439,5502,6622,36,30,20161,10368,22,107,11,128,12,11,6,0.42105263157894735,0.25
9-NmxrGuiIxwcDOekNwdPrzQEvN5Uy4Uq1cZXgNERNQyVWtXBBEuFnJ-,헌내기,4531424027,jungle,1591,8,7,4,22308,12499,20257,18,3,34632,11460,67,128,12,92,3,5,1,0.631578947368421,0.18421052631578946
BRo7-kB8WS38TMd1CsGBR-D1yEoJwU_So7c8zzfmAlra3xNjaGfzmzah,AKA Jugkiller,4540698802,jungle,1865,12,5,3,26337,8826,11089,20,7,24636,13291,42,127,5,207,1,8,4,0.5769230769230769,0.13157894736842105
oSMzq-JiUbCOV51THhkwuDkQeiqhbWV4lXYnw3GRunRot78cbHqeefq5,직스맨은정신병자,4540698802,jungle,1865,16,4,12,27200,8620,21687,46,38,25344,16158,49,155,34,692,8,9,8,0.7368421052631579,0.15384615384615385
F8lNjNRzPZaMV-_Dm4qbVcB5KCvpGBRdQ_bK2gUf4EDJ6sRDK6QwKyP0,JUGking99,4540457649,jungle,2027,18,7,14,33363,22252,23138,29,14,41327,16823,24,153,13,396,1,2,5,0.5925925925925926,0.21212121212121213
RSW7icBVf4Ix_rcGpbSjUGZ3BuU3iP7NsBlpn5tWfdBW1Ow,똥싸지좀마라,4540457649,jungle,2027,6,13,10,13286,5114,31195,32,21,32666,12170,40,123,17,418,10,19,4,0.5,0.24074074074074073
3o4qb07QoZek7L0ByXR0msXwlmGAWQflLCTG65UlNvjlaRjCGz1M9QSG,02 01 2001,4531893815,jungle,2194,13,6,12,37554,14620,24673,111,26,35962,19581,86,245,19,465,5,41,33,0.6578947368421053,0.17647058823529413
KVBKd5q9B8oo2992Cev_YhxZtT1KX3julDrhFcFPUky2UaJT-AuX3QGu,Sush1Zz,4540001821,jungle,1916,3,5,10,10020,19871,38137,29,33,43603,11807,68,118,4,373,3,4,7,0.65,0.15625
ZTIRos2mQIh1KD0uUJ5qvP3ifxA-8VT_hW2XwBViZPO4KOs,항상느낌있는사람,4540001821,jungle,1916,6,4,14,27628,22275,17850,58,4,30811,12919,46,161,18,101,7,21,11,0.625,0.2
i8f6XvCIPB1K6FtZHhfggbkzdfijOxsm5GZHjhVcNXjQye8,듀오로마티까지,4540089994,jungle,1359,3,4,2,9045,3914,7654,13,12,12555,8307,28,106,3,263,1,2,3,0.4166666666666667,0.17391304347826086
oY0EGOqMOOumkO7Bz9NYInZG-hujNdXUzloUYn8jXUTG,The BE4st,4540669338,jungle,1885,8,4,11,20618,10688,21177,26,16,23702,13843,50,141,18,372,5,6,5,0.5588235294117647,0.16
7PFZpRf6lumILWAKyR3RZnEnW8RqMIslqx044R_EFaG619s,저능아블루안줌,4540669338,jungle,1885,6,7,8,18253,18638,17902,27,1,31125,13460,64,156,27,21,2,3,3,0.5833333333333334,0.20588235294117646
S4JJpFGgsh4uchqPH7p70WVgBRk83WlaaLb1oUgmSMl22y7L_KE97cmC,xumingshou,4540830689,jungle,1733,5,11,10,42669,10877,14522,17,28,32238,11760,48,125,7,264,0,8,4,0.7894736842105263,0.275
suqQqSBTYMezFo6k8Sd7Lxb6yrnZsDsAzFO1dp4yXoAolJ4ZHBMmNFGM,천 번 찔린 정훈,4540830689,jungle,1733,10,4,21,20668,24077,13453,65,5,28116,13620,39,136,20,139,6,26,15,0.775,0.21052631578947367
9ajC095PbGTVARCSBcF7J0RmfBzpa9MKrJmnZPGbEEYNZmqi2h-UGZBD,gulpeck,4539688186,jungle,1731,2,8,5,18256,9630,17508,33,4,30502,9261,31,140,0,125,2,5,15,0.4375,0.25
EBMha4ekVkDJ0WlPy7RA2Jjg-5t4tHKlassfNO60uwhbWyNFRoVHl_u0,Zx Zc,4540372167,jungle,1677,2,2,16,7119,9136,9326,32,50,14253,9572,9,118,4,187,10,18,3,0.6428571428571429,0.1111111111111111
QXY_t9yFR9-7wd6PlbINIMzW34piO7NEcGQr42cZ16qx1UngZaGJa6Nr,zhao020708,4540372167,jungle,1677,7,6,6,30408,14518,14232,16,20,28636,12620,57,186,7,269,0,2,6,0.7222222222222222,0.21428571428571427
_ZBMIJjrf54nf2eQoDBIYYN3qvk7gGosAk1WYGvQD2yC0AI,피스MON,4539250528,jungle,1456,5,3,5,8154,8028,20459,30,15,21315,9298,21,100,4,272,4,5,9,0.35714285714285715,0.25
rwmOunx0JFwNWpyo9KlUoJe_CBxt9qR4rEkckwWvHOF1mv_kSbDbnIgS,Mochipeach Fan,4539250528,jungle,1456,3,7,2,7748,5955,7270,22,13,17974,8594,38,123,15,167,5,7,3,0.4166666666666667,0.25
6gHUNrNKD2ZvkRhJoYtyriq5OLkGxGiNtegZGQ21y5pVhy9olyNF1S9X,나랑해보자는건가,4530354745,jungle,1596,7,5,5,20251,4835,13470,35,22,20484,13727,90,177,17,531,7,7,8,0.8,0.16666666666666666
XLvXK3DYxQKKSe8JLcvmiO1wJULqKN659oVBbXvMF1PfHuhddVqAgLP1,로이조 수제자,4540143466,jungle,1380,12,2,8,16658,10906,11549,28,6,21849,11326,22,111,24,199,5,7,3,0.5128205128205128,0.15384615384615385
Es15xG6wJmBZ82Tpq3o9LeEkr_dZv7t_W3lfvtRaKe70ATw,With 0ne,4540143466,jungle,1380,8,7,1,12413,7453,11726,12,4,24788,10460,23,94,12,89,2,3,1,0.6923076923076923,0.1794871794871795
UsiNDqLZ5fr3WtHitgZXnYvXb_XnUWWgZliKv8DkP7elM6Q,사랑우,4540687799,jungle,1525,11,9,7,18617,11527,17510,22,28,29462,11688,40,107,0,483,2,10,1,0.6206896551724138,0.23076923076923078
0hCnKqyBjnygXVRcYaclQ96mtc3pIDk_hFRq_1LqOkqxD_PeEmh8sEJh,Maokee o,4536886612,jungle,1349,4,4,4,11027,14752,11333,26,1,23282,9475,24,146,5,62,3,4,8,0.38095238095238093,0.13793103448275862
S6CR76pem2zGhggyADK0ux9sTHsnxC2_I_KQM_Hoc0jf_W4coXT-g2XP,팀 굿,4536886612,jungle,1349,7,4,9,13224,15672,15891,12,21,27705,9532,14,125,9,481,7,5,0,0.5517241379310345,0.18181818181818182
Lg_o8fxDA6l6TExQJEBbOno0d-rFyhiyCXylmTejEt9rkRfDZyd-PFf1,SAO 유우키,4521281498,jungle,1271,10,5,4,18695,9139,11322,21,24,21061,10552,23,109,11,579,3,5,3,0.6363636363636364,0.3125
SXWyPftNlfSCfOVzUGmLD2X6M6aUIZrcCzC4ixoeeWf5fzc,이기적인싸이,4521281498,jungle,1271,1,4,9,5817,5288,12450,26,9,18209,6894,11,84,12,255,9,16,3,0.625,0.18181818181818182
gE3YQ6T0lL9QO2RlZTiHoR9so_C05gGP92GzP-fjeD-2ncR7FMY86n1C,DecadeDream,4540780721,jungle,1405,4,7,3,10035,4758,19401,14,17,23062,8843,61,83,0,384,1,7,4,0.5833333333333334,0.19444444444444445
1Le7zytSnheEhjk2fH2_bYQt-bKpdFnkBNZ43NwAsXp9HyEFc65NHWWV,yqytianxiadiyi,4540780721,jungle,1405,15,2,11,23027,14864,24862,18,31,25650,15236,40,151,24,255,2,6,1,0.7222222222222222,0.16666666666666666
AToWJDX0nSwhcg5kQY0sT7OJvtNfp39vSNWOVPmJcfYAlXEXC9zhTZeF,lvory,4540319009,jungle,1823,7,8,5,19445,13131,28821,33,14,36420,11447,31,156,22,653,3,3,11,0.36363636363636365,0.1951219512195122
xXLosqJOGDgZRnW4oR3s2huQ0qQIlj9BFxCbRCDNS0JSlcdKAitIS6SH,2004 03 23,4540343044,jungle,1535,4,3,8,10408,5570,20181,17,16,25324,9847,31,109,15,422,4,9,4,0.41379310344827586,0.1
WHWkmdjeiMpOQFLEwtTkrBn-q1FUAwyhqJ-QSzYe_eCFtqzUsZfFwOSA,bu xiang nu li,4540343044,jungle,1535,16,5,9,39126,13754,17679,26,26,27469,15391,53,130,15,222,5,7,2,0.8333333333333334,0.16666666666666666
xJEmukuo_RpuneNrQaHnOvVMcEjWKz5ELVuUw7qsGvZx4Eo,아타타타타타타타,4540698857,jungle,2257,8,6,7,28769,16209,34304,41,29,36653,15153,83,147,17,549,6,19,2,0.4411764705882353,0.13043478260869565
2HZ__ebTVA7iiE6nzGPKdDOv-QQj6rhQhkuZTr3LqaY3_yfx3rA1yOfK,purelikevoid,4540698857,jungle,2257,15,5,6,22874,10156,16423,52,28,29165,15837,65,147,16,181,11,11,17,0.45652173913043476,0.14705882352941177
nOqJZNKQ8Td9mjbcOtMsQP6DtpZLPb6k0CkhcYarPpUeC9eJ01m4t6r1,daye 6,4535880919,jungle,1340,16,1,5,16659,12645,15899,18,18,19441,13215,62,114,7,518,2,2,2,0.6176470588235294,0.08333333333333333
ABdNERWj9BPnY23oRXaLG7aCaHpU-kCdIYQmKvR0-5-0v4s,이희태,4535880919,jungle,1340,3,5,4,8313,17513,21424,9,23,30574,9469,28,118,14,356,2,1,0,0.5833333333333334,0.14705882352941177
BRo7-kB8WS38TMd1CsGBR-D1yEoJwU_So7c8zzfmAlra3xNjaGfzmzah,AKA Jugkiller,4540259751,jungle,1900,11,8,13,23563,7887,15238,12,14,31188,13057,27,111,21,233,3,5,1,0.631578947368421,0.2857142857142857
-BkLMnIucf2RH6_y3SnW8oImHRqMpqcjNNEk7VO_xYHFiJ3iIbK2lSYw,Shadow DuDan,4537258976,jungle,1221,4,4,5,7624,11172,12169,11,14,20719,8412,8,131,13,317,2,1,3,0.75,0.19047619047619047
