account_id,summoner_name,match_id,position,playtime,kills,deaths,assists,totalDamageDealtToChampions,totalHeal,damageSelfMitigated,visionScore,timeCCingOthers,totalDamageTaken,goldEarned,totalMinionsKilled,neutralMinionsKilled,neutralMinionsKilledEnemyJungle,totalTimeCrowdControlDealt,visionWardsBoughtInGame,wardsPlaced,wardsKilled,killsRatio,deathsRatio
Caq6uXuZg-tyi72Y4vjvcFOdfLbX74ejXhWAlC4VwvINCHO9aM-FV1Rt,HUYA1SEHUN,4519662268,carry,2350,13,7,5,46899,4615,13822,18,4,30425,18690,262,34,0,68,1,11,2,0.6206896551724138,0.1590909090909091
0qrO3JVerOCzhrHipqpl_WR6dmx2wwdy3qXQgO87wE7Nq3F2LfAYbseC,빙결 천국,4519662268,carry,2350,10,8,14,30435,6297,10367,49,55,30113,17059,227,29,8,753,1,12,10,0.5454545454545454,0.27586206896551724
E9h4jiUyAT61Q14aMFBgxgdQqESc5ZZVGMu2tIKxeeB0WBQ,Bullet specter,4540811586,carry,1305,3,5,5,7096,971,3411,18,21,8134,8026,134,4,0,422,2,9,3,0.34782608695652173,0.5555555555555556
b12RqIeYXKCrN0Ir8Ch6aD4bYsusdU4dO_dvUacrBR6hlLn4Z412E-Ib,adc02,4540811586,carry,1305,5,6,3,12629,2661,6717,9,12,13725,8172,139,9,0,169,1,6,1,0.8888888888888888,0.2608695652173913
-6YRCAzerN9kACqb6xnNdgCvLDnTbFYaphqgSaA4OdPt3bvKUiWl5pxN,아프리카TV MinE,4540667326,carry,1619,10,7,10,19122,4258,14282,38,15,23310,13286,179,14,2,312,3,12,5,0.5882352941176471,0.1794871794871795
aUPOSOBAszdVm-Qqeo_4nXzw52qoLZX8F4_Kc536a8QE,말랑뜌쀼,4540667326,carry,1619,6,8,14,22028,2192,7504,20,34,16648,12002,161,16,0,216,0,9,5,0.5128205128205128,0.23529411764705882
pubFVCEgL22OYizMoVU47a8MNlu5n6SMgu6jbcHj69oVRc0OzBtYbj04,누누슴,4493694633,carry,1252,1,1,1,2771,658,4508,12,0,3586,7645,180,0,0,17,2,7,0,0.15384615384615385,0.0625
lUsWOe7PKH0Wk0iTaXW4XLelBWXgcM_VjiCj2y_Tc7I,obsequious,4493694633,carry,1252,1,3,3,4204,882,2861,21,24,6564,7492,177,0,0,389,2,7,4,0.25,0.23076923076923078
pTEjynzfi_EUd5acl3azSy_W823sAXIkJhexbBXK51iZobY,권진호꼬봉,4540749330,carry,1490,4,4,12,8576,2479,6138,26,24,13122,10950,157,26,0,490,2,9,3,0.5333333333333333,0.18181818181818182
qWs_fH-Glpz2s52PWxMe-Imoh-JcLbLxIbrwkc7DbbssmAY,쁘띠재,4540108295,carry,1219,11,0,5,10273,1737,2813,17,0,5404,10292,154,5,1,0,3,10,2,0.6956521739130435,0
D0SfxlLARgcm94TrTlp6eWBq7X4L1btC5Jw8NGGRa37KJtwRMv9kx_Si,증오함,4522948085,carry,1911,4,7,10,16133,3271,10350,22,39,24967,12205,226,11,0,961,7,15,5,0.6666666666666666,0.21875
pyrgjaOJs6DfrAp6LxVE227UtpnUDhNCyHBezyfc_TVVn6s,꼬치는강반닭,4537133725,carry,1620,6,3,8,15315,1997,7634,13,11,11593,12776,208,4,0,129,0,4,5,0.4666666666666667,0.2
_fRkhowZs0oMFzlic4PUI-aVjyLR8O6y5Ck_I5xjR18pfAA,표정표정,4537133725,carry,1620,3,8,6,18838,975,9510,9,7,15435,8977,164,5,4,125,1,10,0,0.6,0.26666666666666666
5kEi-uICWJW2CUDSLirkc9f_4OGFwZ3TbVgMszIWT2RxD2oIqIJrE_1C,A1uo,4540406605,carry,1256,1,4,0,6966,1048,4593,26,5,9034,7864,191,4,0,208,3,9,5,0.09090909090909091,0.17391304347826086
-e1UHaHaQaoBKYR4a565yQvXdBXl2G3KHGMbfl_6Yqpb,마스터까지진으로,4540406605,carry,1256,7,3,5,9062,1783,3087,14,7,8767,8398,132,0,0,112,0,6,4,0.5217391304347826,0.2727272727272727
7huLJtWHGmxmeZpmZ_T_J6ZBCsy24B52rvSsXXKLqhPpmT0,Shine악마,4540363253,carry,1617,4,4,3,12215,2905,9572,10,1,15881,10641,216,20,4,49,0,7,0,0.22580645161290322,0.25
zqGfsQHN47z50kV-HfPWNcZOXpfMClT-ggJ_MK-FgCc,페르세포네,4540707651,carry,1801,5,3,7,16551,4479,6070,10,11,15908,11516,172,20,0,76,0,8,2,0.32432432432432434,0.14285714285714285
hzrfI4No_JuKIVGjSOVK-IjPq8Z1LVtlbcg2jO4dCcBb7vDG646DyFqL,인정정인,4540707651,carry,1801,4,8,4,22255,1975,20161,21,8,24434,11080,215,24,0,275,3,8,7,0.38095238095238093,0.21621621621621623
eNfuwsgDdqT_8XS0c0E7t_Zs7GU5HgVLFIFFEg_G-mp319M,1236549863465456,4540544406,carry,1953,16,2,12,34515,6549,19201,40,53,22873,20687,283,40,4,1076,3,8,10,0.7368421052631579,0.06451612903225806
qCnZOcHRRUxmwBJ4H7iOaiCctKrTQm6oCrb28riSYR-7q4pK7QrN409b,학교닷지장인,4539866612,carry,2297,7,7,16,35598,5028,14628,22,13,24476,14092,211,7,0,298,3,14,4,0.5897435897435898,0.2
M72kN7awNyt-7iOlmOqNIXiczjfJofSjq7rPwToFgiW-,코뱅이,4538604746,carry,1732,7,5,6,23094,2341,8710,23,40,17045,12841,217,35,0,909,3,11,3,0.43333333333333335,0.14705882352941177
ApHTgDtaqE5TDZuFllvzUzS1uZPbWsRrB_j-p13dkQrbB78,영 Poison,4538604746,carry,1732,3,6,14,13518,2166,7909,12,4,17277,11355,161,20,0,155,2,10,2,0.5,0.1935483870967742
bsbN87IuO03pFs2LMTvSt7m1jMRm8D9Vj8zMYvMsCO1Z4tQ,레D레D,4540692842,carry,1512,4,3,4,12320,2771,4571,23,5,8880,11356,229,0,0,28,5,10,7,0.4444444444444444,0.0967741935483871
pLh9Lh2uQZkqiPqJzlULhVR0vlfQZY7ncVYhUk2oB1sD_9A,홍영이가 간다,4534624832,carry,1210,14,1,5,21522,1664,3955,16,0,8195,11970,146,6,2,3,1,6,2,0.9047619047619048,0.25
oL5rdJN009QaKosQcNniucAerJCt8VGaTPuCpkCRsZLUi9A,누누송이,4534624832,carry,1210,0,5,0,4578,2430,8759,3,20,14623,5336,113,0,0,227,1,4,0,0,0.23809523809523808
4yDaaC3NMjcg8PgHj4QOptJ9ahgCuqG6BaqxqUjiH8mTwAg,무호홉 딜링,4507145974,carry,1452,6,1,4,20892,1239,9710,30,9,12725,11298,201,20,4,239,2,9,3,0.5555555555555556,0.05
PVJC80QtLMrXe5k7CS-YKEbzhVLrdagasTNZO_otDq1gpKwcj3QSXcru,keng  adc,4507145974,carry,1452,6,7,6,15572,2417,10790,17,10,17518,9610,176,8,0,209,1,6,11,0.6,0.3888888888888889
1obEnxGkHKDXdP-pdgG5QgX4WI7Whgm2SH6GB4xPBmEM8xzc58TB0u6b,정국 오빠 fan,4523227532,carry,1841,7,9,11,18697,1817,10773,28,6,19763,12024,167,26,0,69,3,11,7,0.47368421052631576,0.23076923076923078
fJoloeSMJhhoXog5EoMFsPi7s_ae3eNRWNSZFGNkc8eViUBU6WXyi-B2,AD Awis,4523227532,carry,1841,17,7,13,41037,3612,11448,27,4,19088,16783,185,18,5,67,2,11,6,0.7894736842105263,0.18421052631578946
oKu2hErUZ1hsYqevaoOANEzlvQ46sxIypc4U99z4kHGROu4,Ssuckspearman,4526409708,carry,1840,3,12,11,27083,752,10955,12,4,25909,10457,152,17,0,131,0,9,2,0.358974358974359,0.26666666666666666
cdsep3LOLWacxOU-n0X7c-M-PuRYNBZTtZ9JSu3b8uXG,Ooh우 저치기,4526409708,carry,1840,11,10,9,28898,5103,14128,22,23,26132,15194,218,25,6,71,2,8,6,0.4444444444444444,0.2564102564102564
F6-jKIBRWNZRY5F57U8cHK2w3amBrFJzg-r9CPJfjf2u,Iost my pieces,4498607210,carry,1299,8,8,7,15804,1887,9204,10,3,16471,9882,139,10,2,31,1,5,3,0.6,0.23529411764705882
pTEjynzfi_EUd5acl3azSy_W823sAXIkJhexbBXK51iZobY,권진호꼬봉,4540749330,carry,1490,4,4,12,8576,2479,6138,26,24,13122,10950,157,26,0,490,2,9,3,0.5333333333333333,0.18181818181818182
kT9DnkYnpsfT0WTLOVwmg3fTQoP6hLnuIdy8cwp6aUyJ,988989989898,4528982875,carry,1518,1,8,4,8349,1097,7534,8,0,15792,7552,140,4,0,6,0,4,2,0.29411764705882354,0.18181818181818182
6y8SuhpOstFkeZHq4sx4alMtF8LfeJpjytfKM-QMUNLUo64,llIIIIlllIIIl,4528982875,carry,1518,2,4,15,10933,2337,9785,21,0,16038,10373,181,28,4,1,4,10,3,0.38636363636363635,0.23529411764705882
p7P24UBr3OVv4M7RjCSy-tFYjqkn3pNLS3iqsWZH6sHuVNyyjq2snPyE,woshirimanchi,4540303287,carry,1244,3,4,9,7514,1668,3633,29,19,10634,8020,143,0,0,397,3,9,4,0.41379310344827586,0.25
vs2PmvjyNIQ5Ft59u9BAG5Ytp21sdf1dxXabyeKE9SvG,고맙고미안하다,4540303287,carry,1244,4,6,1,9743,594,4498,8,4,12130,7869,158,8,0,272,1,6,0,0.3125,0.20689655172413793
weMnVu3ze4GQWqH51dT3KAfQWunWN1h5IN_crDzLQ8MU,김플레,4540064434,carry,1311,3,5,10,10603,1646,5289,14,6,10887,7734,128,0,0,113,1,8,3,0.5652173913043478,0.2
b2iu__2PbEsntO611b1DyuJDrmtZtpc5bmZbyUm24sqO_Q2CKMqGts6V,카이팅잘하는석이,4540064434,carry,1311,6,4,3,16857,912,6756,19,8,13710,9474,147,12,0,27,1,7,3,0.375,0.17391304347826086
e91QVksiXIa3eQuGTDOo02UyfLAq_v-vv2IuuZHC4bBmeRhCSgfg-n_w,MyFlowSoFresh,4540821234,carry,1446,6,3,5,16321,10214,5958,12,36,12686,9946,181,4,0,159,2,9,3,0.7333333333333333,0.11538461538461539
vYDzU0qFFMErpX9U0BYKExcE5PSPG80WBy3QdjlD-vUipjg,Poursu,4511957640,carry,1227,5,2,3,12324,208,4277,9,3,7447,8624,168,0,0,106,1,8,2,0.34782608695652173,0.14285714285714285
cHXo7Mlrmi4UJVTDE8ImO7rcrLffzByJSukhO7BWzyyD,원딜이동훈,4511957640,carry,1227,6,4,1,12742,1720,5278,11,14,11274,8721,165,4,0,119,0,5,3,0.5,0.17391304347826086
2NuOyxz6NmYZNyjyzWW6AjjtvxsrDhmh7wjlJ0lPMmup,Overlive,4540018884,carry,1732,10,8,8,30839,2296,8952,34,6,19146,13554,212,8,0,76,3,12,5,0.6428571428571429,0.23529411764705882
E3m_sm4-z2MzEkYRsraYPZ8Qy4LUwX43hvBFBkw91zwb,성북구 Deft,4540018884,carry,1732,10,6,10,32815,5046,10174,15,12,19861,14206,193,25,2,128,1,9,4,0.5882352941176471,0.21428571428571427
8t3coRSioAuTxskSGZOJ50WpPGuZBd6wnGO-pMi9E9eoxqU,1239875428749777,4528783607,carry,1522,4,5,4,19162,1921,6854,15,1,16155,10548,205,8,0,16,3,7,3,0.3333333333333333,0.22727272727272727
SAWVVmhXmafAeU23aliQmBCW5hbaCzQhA8mV94eEdB9G90Jv5kiL1o8u,재미없는원딜,4528783607,carry,1522,3,3,4,9093,3111,5172,18,9,12491,9213,164,4,0,41,3,10,2,0.3181818181818182,0.125
wPnL6F9CrlcMzPTqqxMf4Y3p4Bfz6E1qt_pG53axhXEP,TTV 먹물1,4540312201,carry,1260,3,2,13,9255,161,4701,23,26,11848,8713,137,8,0,506,1,7,3,0.5,0.125
kxfUxFbW58i50RaX6r9A9Vxh9IceXhL_2jeKCMGl4A9EJ1IxNj-jwJou,송곡고 미드,4540312201,carry,1260,7,8,2,16003,1623,5980,6,10,15013,7978,101,0,0,25,1,6,0,0.6,0.25
LvVAjsgPOe8Y-8294yMzDP5pR97_tSOWf915P_EKR_sOM_g,Humility Profit,4540406150,carry,1936,5,5,22,24214,6745,12871,29,12,23539,14023,214,21,1,191,3,11,2,0.6,0.2
TX3h5hgLeW--cjdeGOGHIef8FNfUybLD3iCtCSqzmOtqyL_Pnm_vjYnS,숨의인생,4540406150,carry,1936,3,13,8,18787,2275,11968,31,47,28724,10846,200,8,0,759,0,9,6,0.44,0.28888888888888886
Wm06zn7KH3XblfGETY-XsLE2aLLdyWqWw6kDBJ-7kmGz,fr0mm,4540470891,carry,1349,2,4,5,12642,1107,5291,16,0,12812,7201,145,3,0,10,2,8,4,0.5833333333333334,0.14814814814814814
ntTmk0WYzDNlp09mAcTaVyY6nwx_0Nu5-2rok0J-mrXiNR0,항상 자신있게,4540470891,carry,1349,7,3,8,16691,1620,5225,23,12,11382,11975,192,28,8,76,6,13,2,0.5555555555555556,0.25
DNuq_n0sVtpVfsQAfH9Jd4AkwKzJfkG-uxyqvyWO5j1Lg3zvJLAQIpHy,g00d mental,4540204416,carry,1690,5,12,6,11639,1299,22350,18,11,32613,10572,152,0,0,31,6,10,3,0.6111111111111112,0.3076923076923077
Cr_dYEhg-KWFTfbN9BtE9xqndSiTeHWxjyYufWi2ntsN,망구나무,4528948724,carry,1328,5,3,8,8748,747,2964,21,23,6902,8707,137,4,0,415,1,7,1,0.6190476190476191,0.3
wPnL6F9CrlcMzPTqqxMf4Y3p4Bfz6E1qt_pG53axhXEP,TTV 먹물1,4528948724,carry,1328,1,4,3,6064,1099,4803,11,6,7730,7996,178,8,0,29,0,5,3,0.4,0.19047619047619047
2B2O-Pi5As9mYwLzjijGZqFfVP5Hn6f_rutsKOmGZqAHioxDlOMgz1ul,Eerry,4540452389,carry,1741,8,7,8,24855,3611,9170,34,21,18090,12355,177,22,0,121,6,13,8,0.6153846153846154,0.1590909090909091
d18Ky-EHxyjVUdgJQhVfA5CH3YQ11VzOBiGJbdrVutp7MKQ4Um_SEP_b,lovely dog0,4530986808,carry,1525,2,7,7,14409,1137,9449,22,46,13722,8511,161,3,0,627,2,8,2,0.5294117647058824,0.23333333333333334
9GZxZ8Gw5kYUwXNTGNkYo5UEuhJdrKZen0f8mLtvb_y383t4Xt7wmnJX,너에게벌을줄거야,4526989153,carry,1668,5,4,6,23190,2492,5871,40,21,11819,12055,210,19,4,161,1,9,11,0.7333333333333333,0.16666666666666666
XVgqlmRIS3qtfFK9ZsDxE0NwihCEdQvtT_a_YpXE5N7Ev84,Dia  AD  User,4540574836,carry,1247,6,4,6,10245,1192,4610,21,24,10165,9263,151,10,4,442,1,6,4,0.6,0.14814814814814814
78udD4vK2D6shFnVVtJSacG1j-vtjICbI7wPUw9KxwOIq13Kb6krabkG,If U Luv Me,4540574836,carry,1247,7,4,2,8469,1297,8424,9,16,8270,9701,156,4,4,90,2,5,2,0.3333333333333333,0.2
J9A7BHuxdRUNI7moZI3eAOU4eZ8QDNl-9EbloK2bdUelun0,그발언금지,4531102262,carry,1618,4,3,5,14224,6035,9265,28,9,20194,10511,172,8,0,198,2,14,3,0.3103448275862069,0.2
MEGjgzDq93LxqrZz5I3owrjvoX0O5_kJaAJrrHxT0_Ljxg5PAyM4wE5Q,이 영 꿔,4531102262,carry,1618,3,6,7,18970,1351,6761,21,22,18813,10316,184,8,0,89,6,11,6,0.7142857142857143,0.20689655172413793
PsMZHzMR6cl-Hv-0Cti-avQ-nG2uSyWFCk5BOnYRtcvv_UZZQ0KONcqT,shiyoubajiu,4537560254,carry,1805,3,11,15,15350,3523,11676,18,34,25014,10855,165,20,0,749,2,9,2,0.45,0.2619047619047619
mWnAwl7GYQW7A7cDni1D3SG4nGuq56syw-ZspHvbu9EB,개화기,4520320050,carry,1447,4,7,3,13659,1677,5232,18,35,14027,8424,133,4,0,532,0,7,4,0.6363636363636364,0.23333333333333334
J4kwp9y4M7R-Cy8654wF6XvU11DM6Lv5dJHbZWSHwhWpjUQp95pE0_Xi,08년생 Bj유망주,4503229404,carry,1720,1,4,4,11525,2805,8417,28,2,13682,9711,217,8,0,28,1,10,2,0.38461538461538464,0.13333333333333333
9jebwKukpZOy3fJZqVQhPuShJ6PXkr94gXZGspCyiRdKXHXIAqcKFXf1,크캣99,4503229404,carry,1720,7,2,11,18821,2538,4054,19,22,8762,13369,206,24,4,162,3,7,2,0.6,0.15384615384615385
iEU0MzLnhAnBCzK5e6lbzIXVbo-BUKVd9ba0qa2HnicH,The Marchen,4512269034,carry,1725,4,9,4,25476,1866,10095,20,13,19587,9177,177,0,0,431,0,8,6,0.2962962962962963,0.25
CojCsycDCGmEx00Re8g59kzkIwiCzp2T71A7gDOhA-hexow,바텀지면계속죽다,4512269034,carry,1725,5,5,13,13049,5437,6949,34,14,20451,14219,209,44,9,309,6,12,4,0.5,0.18518518518518517
3jNG_hBjooRknZaMceNewWbMakKBORjbitvJGJ-TkG2Jt88,날다날다날다날다,4540689370,carry,1248,9,6,9,18095,407,8450,9,7,13755,11999,145,28,8,193,0,4,2,0.47368421052631576,0.3
90pnkVwrExi_GLpT-K_6gGdxC-CzImBj8MXIM1iNq-mr,cxvz,4540698857,carry,2257,10,9,10,30340,4426,16463,29,29,33066,14894,227,20,0,97,9,18,5,0.5882352941176471,0.1956521739130435
UJbwvHPbcvd7y7msVWDbCmW0SmZEPWz0yHWNcsIRxSPueeSP89HwUuyE,최강 정현우,4540698857,carry,2257,5,6,16,22241,4807,11588,26,20,23034,16102,261,50,4,218,3,14,7,0.45652173913043476,0.17647058823529413
4Zbor0pUgAXM1hXvwDPbV6qEw_t1diIYWjt-qLbCei63QW4VGV9SWX7H,STSTSTSTSTST,4536228081,carry,1504,9,9,19,21145,1331,6126,18,45,16234,11369,130,12,0,651,1,7,1,0.6086956521739131,0.3103448275862069
YnHPNHgbt5kb7omhaks7xaNSGUfd9dwTZv9Oq7YS6biBoNNFQ_mim6l2,DRX Eign,4536228081,carry,1504,5,10,10,14099,2099,12518,13,2,20368,9471,134,4,0,49,2,7,0,0.5172413793103449,0.2127659574468085
PsMZHzMR6cl-Hv-0Cti-avQ-nG2uSyWFCk5BOnYRtcvv_UZZQ0KONcqT,shiyoubajiu,4537560254,carry,1805,3,11,15,15350,3523,11676,18,34,25014,10855,165,20,0,749,2,9,2,0.45,0.2619047619047619
KJPnhxMKTJlgm6UUga0NcD9ZevoQjrYHlCDWhxjNTePd8-RG8YTwCp8c,덕구아빠 최욱수,4534654775,carry,1979,6,6,14,20282,3979,10617,12,5,21144,12929,176,7,0,24,0,10,1,0.5,0.13333333333333333
B9qElgFGQzBElCem8JiHAQT8LhD8j0vcXYHcwgI8ZkeLspdfxrIsAuFh,마모쿤,4534957460,carry,1236,2,0,4,7793,1774,3595,18,6,7769,9344,182,11,3,16,1,7,1,0.375,0
O-ZrW5z8XdbjZfUreC9EsxjCypmrfPRvXjLp1QA5DQqSa6xVuP-hn4B4,bye sakura,4534957460,carry,1236,2,3,1,8574,747,4695,17,3,10627,7175,150,12,0,46,0,7,5,0.3333333333333333,0.1875
gKP1VeuechnVOcFXm-LYmSB9_ofH4ia_SXabXe-mqdSpgUg,10s10,4534342799,carry,1543,3,4,14,14208,1731,8318,15,2,13011,11123,177,15,4,136,2,8,1,0.425,0.2
oZXm9xT50JF3rZaKqDNOlB4iLOzD9D8ZgtY51XKzB0KT1OA,Bluefrog1,4534342799,carry,1543,3,7,9,16075,475,5759,18,36,14865,8716,159,4,0,531,5,10,3,0.6,0.175
xB_5w0TixQ7W_MM9fE0rwjKbasXr2iGZcpzdUGPIaoOWlzE,수제연어덮밥,4540052302,carry,1734,10,6,8,33014,1383,9963,24,24,20232,14309,235,20,0,134,3,9,7,0.782608695652174,0.14634146341463414
XgEBNVtsCwPLtuX75P4kbr8BUvtutrxQFu_zRyxE8sEp,유녕아 사랑해,4540073228,carry,1237,9,1,5,19613,796,9654,10,10,17426,12019,194,4,0,91,0,2,5,0.5,0.14285714285714285
v1oY26FqaWSfqdGI8NB0NDNCGnHlBFYATi3Yf5JlkEv7txXvm9EHXTaB,good goo go g,4533860189,carry,1292,8,2,2,16114,1976,6964,18,11,10163,10778,186,16,4,47,2,9,4,0.45454545454545453,0.16666666666666666
0kozIrTdeHYIL-5UKTMEzcDcsjT9EW08rpht8cVpOHWcLXpmqPcVlcRy,LCS Doublelift,4533860189,carry,1292,1,5,2,4245,1683,5454,12,0,13787,6287,119,4,0,1,2,6,4,0.25,0.22727272727272727
sdcdtwytDk5OIvuuijS1XauuuKLf30gq3fKEktOJxO0_Z7ZPVlTUbB0y,gunaiadking,4539301077,carry,1874,14,7,10,33781,3624,12590,20,8,27545,17363,211,47,3,90,3,5,5,0.48,0.22580645161290322
3xeVNtbosqMlL5mkHA-U3USWwO3FZHU-cPqPC09bwyU8sJ16KBBWrBlx,vdglb dkl,4539301077,carry,1874,7,12,10,35627,2152,18345,12,12,25861,12903,187,20,0,274,0,9,1,0.5483870967741935,0.23529411764705882
aDcMDi5wJ6RcWfYfQgwV5HOpkd2AHHJLF4mbckkVVYKM3DU,초심을잡아,4540695184,carry,1769,3,2,7,27926,1334,10712,33,5,20118,11370,193,16,4,107,2,11,7,0.4166666666666667,0.18181818181818182
b8IxM_GpX73zHX--Ga9qbCouWdgZGYbcJk5K3vtc6xlhurMnnrAjDBKU,sorsorry,4540695184,carry,1769,5,4,3,15723,5013,6926,14,0,19494,11873,219,4,0,0,1,6,8,0.7272727272727273,0.16666666666666666
QF_Vlweq_nYRsFgQTFfELzh685ooz3UvLVdGOlTL8HZD_dU,Twitch 정대길,4539387092,carry,1694,4,5,4,9659,1010,6752,26,6,10565,10249,199,12,0,62,4,11,7,0.38095238095238093,0.14705882352941177
S0HEm42oWPTXBR6RE88SLjNQofggO7TuuzOvhzODjibrI8w,답답 짜증 힘빠져,4539387092,carry,1694,6,5,6,18631,2721,10153,29,4,12707,10992,182,12,0,223,1,10,5,0.35294117647058826,0.22727272727272727
LwSvQkYZiitMBVOM6oCy4b3n38zWHtXpofjIOEPHDlETlbo,조조키키,4502551781,carry,2527,5,8,18,36512,7275,28361,26,25,32930,17255,279,45,4,390,0,8,11,0.46938775510204084,0.17391304347826086
MO8Kk8pXtt3WSjLOz9K_qz4YEJCUAT7LD_bpj2sSo4z4t6nSfnnJoD5o,lonely computer,4502551781,carry,2527,13,8,8,51149,5613,17591,46,8,31375,19586,282,32,4,90,3,17,8,0.45652173913043476,0.16326530612244897
YwpkkuyfpB3EnKltRQgwuOvf5BibaGRvDJYnNUrC_G6VCriAzbp0fhZS,Wei   ovo   Lai ,4540383377,carry,1646,3,7,8,20971,2948,10147,9,15,21753,11327,175,36,12,95,2,8,1,0.3548387096774194,0.4375
E5QTm0JlbnanT7Nq7d9IF4MjhIia_u2HRKPrEPGalnWw,설웅달,4503339678,carry,1438,9,1,13,16805,1916,4853,20,36,10156,12063,153,22,8,576,2,9,2,0.7586206896551724,0.0625
7hatBGscxN9hbdixJhFwnWgxKO3eNAxTViP2CIAtrVJOR-A,롤이 몰까lol,4503339678,carry,1438,0,5,4,4934,1206,5698,16,0,11834,6454,124,5,0,1,0,5,9,0.25,0.1724137931034483
c5p8yQJcg80xYmsIk1fkJ9tGdxUldjEUgb8G9mDSm28oAHc9jECMkthD,myxwdshtkyjw,4539143197,carry,1605,13,4,14,28084,3883,8982,29,5,15456,15394,208,18,5,70,1,9,8,0.8709677419354839,0.17391304347826086
ZfzF1OS4d6g_8pkzbgMC0HV7MTvEYjWHXeKAJfqcEEJP,cha ha,4540292862,carry,1626,3,2,5,21665,2465,12785,12,10,16158,11279,242,16,0,310,1,9,1,0.5714285714285714,0.07692307692307693
6g1l9BSHOsSgKbBacmW6OR3Ggu5WRkjRKLDDXlW4VJeuj2Eg5VxrsZ6z,지면잠못자는남자,4540292862,carry,1626,4,3,10,16054,4755,5242,28,10,12145,13373,224,16,4,86,5,11,4,0.5384615384615384,0.21428571428571427
gVOxbFGdelonxgmhvhDq1pDPEf3qv0ZDfEb30YECAACY,닥 크,4535224192,carry,1255,8,4,10,11787,1432,4278,13,11,11994,9700,151,8,0,88,1,6,0,0.6666666666666666,0.13793103448275862
xxXI_fCjIN2PGEuhehD3pYluRAICQlrkqTp4Np6Elk5iREGkgnu6z05B,소년가장 성빈,4540087589,carry,2289,6,3,10,20832,5517,11456,31,28,25113,14675,231,8,0,152,3,14,7,0.5333333333333333,0.10344827586206896
HWHghDfgQ9GH0nHO8TB2MOzg6BxnRkxrAT6KBZ39vGLZ,zhuxiyuan,4540087589,carry,2289,6,7,7,31102,4298,29996,23,11,29426,15189,271,16,0,405,3,14,4,0.4482758620689655,0.23333333333333334
piOAxS1y9pP4KBlu5y8dhbVen_yHxOozsNUFXiSesJeZGQAIo96GRdza,IlIllIIllIIllIIl,4537296847,carry,1207,3,1,1,6767,1451,4514,18,4,10165,8357,149,12,4,166,3,6,3,0.2,0.25
fBFdXWrxmPmW8m6p66iQE5C-sXZEnZqZ8neiB0QFoZe-PYmyK2oQhovh,AuSong,4537296847,carry,1207,1,2,1,11411,458,3628,14,2,7859,7903,179,0,0,94,1,7,2,0.5,0.1
CgFviDJl6krUU-e9X7ppiPepQJD-34eVLlKAdoTMd0N9aBYcmfR_jKdc,come on itt,4540840318,carry,1376,5,6,0,14326,1564,7752,13,13,15210,8792,171,0,0,37,3,7,3,0.2777777777777778,0.25
nitporjAId29JvkgT_7yynboJ_Uw3SPJOJgnhA82Bc6N4EubREmiGEvx,112595,4516971816,carry,1441,2,2,3,8458,840,3644,28,5,8163,9306,204,12,0,157,3,11,9,0.625,0.1
j6MWY_fFSu_FLeBxwWWGB9ELkORxf7_B1t0qr0vh_kxa,덫밟기,4540752895,carry,1697,12,6,7,25962,2168,10691,21,2,19270,12575,184,14,6,35,2,9,4,0.5277777777777778,0.3333333333333333
5-lyEAJvEh6_Y56ILjYfiZC3ZhxHWGHakGXpwg3M-Ro6yUc,언론탄압,4540752895,carry,1697,7,6,4,20910,3016,9646,17,26,19311,12795,215,16,0,109,4,9,4,0.6111111111111112,0.16666666666666666
_HYkhkKhExT6eN6YVb2RDXDsp7fExz4j3-HOLw6Ccca2,득이님,4536712396,carry,2310,12,5,27,49612,6872,23374,54,66,35311,19821,281,43,0,973,1,12,17,0.7647058823529411,0.125
17YlHxaUyiEu9uFwtZDk-uWB7RxRcJKztf9H9L7877d3,나만믿어 미포1위,4534543006,carry,1538,13,0,7,21602,1567,2299,13,6,4880,13403,178,12,0,53,0,6,4,0.8,0
LD33-wrSW7szSPQhRvFpYgE8nSa4Hh-l4i7xpkKEQHp9ago51SnQ3WLC,gtqeti796,4534543006,carry,1538,0,3,1,13589,159,8135,11,11,8710,9901,244,35,6,251,4,8,2,0.14285714285714285,0.12
S6CR76pem2zGhggyADK0ux9sTHsnxC2_I_KQM_Hoc0jf_W4coXT-g2XP,팀 굿,4539689415,carry,1513,8,6,9,14644,562,8534,23,9,11211,12112,192,16,3,53,3,10,6,0.6071428571428571,0.20689655172413793
4FNKYFW7mgZ0vHllw5MvZvIkwUwkHML8lkVQBECHWOazyh2sZ5URKOR8,망나니이준호,4539689415,carry,1513,8,7,13,18267,1836,8837,33,40,19478,11567,151,8,0,542,3,10,6,0.7241379310344828,0.25
YoZXXHeiUAC2FaQ3Kz_TdeO7oFvkpLYxPjazTr_wgQ8M,zxcv8124,4539958737,carry,1609,5,3,6,12687,1118,6642,29,11,12425,13919,226,29,9,152,2,11,7,0.4230769230769231,0.15
qWs_fH-Glpz2s52PWxMe-Imoh-JcLbLxIbrwkc7DbbssmAY,쁘띠재,4539958737,carry,1609,4,3,8,10148,1720,5013,27,0,11756,10596,192,8,0,0,1,8,4,0.6,0.11538461538461539
7U9f2zYO8QArZ3BISRq_7xqRD06LFHZCeK-rkR4vlzkrjj8xiJj81kUr,notimetodie201,4540382496,carry,1677,8,4,16,33056,4533,15454,20,14,19584,13831,184,28,0,358,2,12,3,0.8275862068965517,0.19047619047619047
lmsUytlEGhh31JPKQQv3QMKgxKW7gYwRxz3d7bvg6RgpjyC4jgJ-4Q2W,qingjing de ren,4538902695,carry,1432,3,5,8,10448,403,5077,26,29,11253,8784,190,1,0,670,5,12,8,0.6111111111111112,0.16129032258064516
lsfVwqq5odkt_1LGVpORgDvFciMM9zCzwgvYvZ-BgNxvGBZsWWyX9yYA,qiaoyue,4540689013,carry,1914,11,13,8,21368,8335,14184,31,20,29171,16798,216,42,21,477,0,8,9,0.4523809523809524,0.325
sfjxPUYJOfxMEy1r90oHyc49tJf1Bg3ne0gdHstBvyosL0bqdc0925Wd,혜민님의 발닦개,4536854906,carry,1677,5,6,3,12625,1952,7227,19,2,14004,10940,162,16,0,85,0,8,3,0.2962962962962963,0.46153846153846156
QuITQDbFyALtPhrOs_KKCfPJL2Re5i0eHDYadh8rW0UNgqI,TwitchTV레인보우,4514957738,carry,1891,5,4,13,22086,2938,7020,24,35,15028,12841,189,32,2,140,2,8,7,0.5625,0.125
0I7PdzCFVfe4T2Ggq4S8cpsbf_yjJRJVuE9U0MC-ndEv2ECMjv0_-POw,ZZZZZero,4514957738,carry,1891,17,5,7,39416,5974,13846,25,10,23575,20024,206,22,4,122,0,6,11,0.75,0.15625
c81t7oMs0Gihy5--EHmyLF1dL2siprRTFIm0iM4_0QU7GodjYXZsa5Jx,AD bus1,4534523802,carry,1516,6,5,1,19927,2371,7336,12,17,13225,10966,203,4,0,31,3,10,2,0.5,0.16666666666666666
AkeFjplWzMChUWtFWj6cpW5JnLtI5cD9zlbQbRNcstU7,햄식이,4540562100,carry,2021,1,13,2,10318,7072,17431,11,33,27634,9089,138,14,0,182,0,6,2,0.11538461538461539,0.34210526315789475
4w1yUSxcbp-EoGAhwPk4pgLmOOvOltY_GiUw3CAvaIEgtlMw5KGWFrZB,Der9,4540562100,carry,2021,14,6,12,39526,3219,21449,22,66,27085,17717,226,25,8,956,1,6,3,0.6842105263157895,0.23076923076923078
kMeACrYK1GYjfuP76Gy4R2-Labe-qLtMjI2yy31tJ92VZgYzgSJJIPHa,amendoukusaina,4536801254,carry,1973,3,11,7,21380,2247,11431,18,19,24335,12603,212,28,0,186,1,10,3,0.2857142857142857,0.3793103448275862
GpoPFH6c1YmnWVmKwZ3ThWF3uFHdctnT79Fp2BFQTY60CfgiKfwEujfk,충북청주시모충동,4536801254,carry,1973,6,8,6,16006,6807,12593,16,15,24967,13871,232,36,0,407,2,10,3,0.41379310344827586,0.22857142857142856
8sSMXjCO5tzMuBdd-EKQkrLYqpZ6IjYNEx76I-Zely89,우우리99,4529761171,carry,1886,8,6,12,22952,2436,9490,29,41,19134,14533,180,5,0,586,1,8,10,0.625,0.21428571428571427
yL-OcsDqsB0zBsai__GU7d0adgunHalRHdxXTKf9Q_9yZQY,입털면걍대충함,4529761171,carry,1886,3,8,7,14569,3356,11796,38,22,18983,11082,184,14,0,196,3,13,6,0.35714285714285715,0.25
fBhCaNBGEplG9Mgtv82uNxhC9meXNZyQmgOJUVkMbyGRVwc,준걸준 빛날희,4536863096,carry,1523,9,5,7,17896,1959,7280,17,8,14972,13335,181,8,0,43,1,8,4,0.5714285714285714,0.20833333333333334
9GZxZ8Gw5kYUwXNTGNkYo5UEuhJdrKZen0f8mLtvb_y383t4Xt7wmnJX,너에게벌을줄거야,4536863096,carry,1523,6,4,7,18484,3593,7577,26,20,13447,11408,161,17,5,62,1,8,3,0.5416666666666666,0.14285714285714285
5v-RnZUjkLfs3-tgmtoueyc72tXcwwnoqhAuC_yce7-sXGqfjLBEp7PE,ni zhen daomei,4540328251,carry,2015,5,6,4,23494,3500,7753,33,34,21365,13802,253,22,0,70,0,10,10,0.42857142857142855,0.16666666666666666
wlwHAj4cDYrH3dDHG-_ueQRiotR87kP_4yf1FmznWlo8dnk,Mr Humble,4539348620,carry,2046,11,4,7,43534,5585,13500,37,25,19888,17303,264,24,0,98,1,10,6,0.6428571428571429,0.15384615384615385
l3D5qR8ZcsVcFqZxmF1iijM9F3SC4QnegRYyJ6q2POJR,연욱이개패는사람,4518491170,carry,1816,1,4,3,11314,1832,5890,24,2,12996,12186,283,12,0,31,1,7,6,0.4,0.21052631578947367
Ga8TiQnWGxB1AvCYON1-1jkRaFEz4jR-NhqSxFrHSCmeCNkEp7lxnAdK,xiamulan,4518491170,carry,1816,3,2,7,10423,3215,8513,30,30,13371,12717,269,4,0,873,5,10,10,0.5263157894736842,0.2
MMgJQNhVMm7N6Wv_EyfKmttfeCPEBPHTAjhRBw8JgNA,VioIetEverGarden,4540302235,carry,1336,2,4,2,5597,0,2743,15,7,7030,7570,171,4,0,316,1,8,2,0.23529411764705882,0.26666666666666666
YgpWr4ItUkwAlilNApTt-6DH2dXjllTcl7J5nj2hBcEv,너의 자야,4540302235,carry,1336,2,4,4,7131,1115,4828,12,8,9264,8623,201,0,0,183,0,7,3,0.4,0.23529411764705882
MaRBnpuk1ki0Bi5xuNd_BRvlDFI1YeADzuKCM0xRpj-cEZ4,저랑 춤춰요,4534955123,carry,1443,7,5,13,18352,1983,8632,17,7,12588,11503,156,23,2,117,1,7,5,0.6060606060606061,0.23809523809523808
EyzWKcTOXKHL4eHnCN6p9jhsQ5GfkeHtK2M8NLq9gR3724A,또르륵또르르륵,4534955123,carry,1443,1,7,6,7205,382,8073,19,1,16561,7215,144,0,0,12,1,8,4,0.3333333333333333,0.20588235294117646
O6RZ0-2GWoAzrzY_T7XfBDcWudM8k3RKEdzVZ3PfJxhm,Teddy heir,4533028882,carry,1682,1,1,6,18456,1454,9757,21,6,15346,10726,221,14,0,167,4,10,5,0.3181818181818182,0.09090909090909091
fJoloeSMJhhoXog5EoMFsPi7s_ae3eNRWNSZFGNkc8eViUBU6WXyi-B2,AD Awis,4533028882,carry,1682,2,2,4,13339,2959,7414,24,10,14678,10865,212,13,0,127,4,12,2,0.5454545454545454,0.09090909090909091
Gyog0jjqs9h8ReQhauHpcdp4ato8Q-nVd9XC_4WTZsHdLdg,음여사,4539117652,carry,1559,6,4,5,23890,1497,9521,10,6,13894,11306,192,12,4,111,1,7,1,0.4074074074074074,0.2857142857142857
1Jv0jIx4PnZn9K-UZIeQFjMi6sxsdx-omVtIVs1Lr7urx1I,Capoo,4539117652,carry,1559,9,2,2,18154,3191,8133,21,15,16698,13538,216,13,0,118,2,9,3,0.7857142857142857,0.07407407407407407
MeNzDCggBcVUTzQb_oKDBIWVRld1NpvywnWF5zji7MctdtjZFMZlB_5k,FA Rose,4540672404,carry,1232,3,1,5,7216,915,3706,22,3,8561,10296,162,12,4,15,3,10,4,0.4444444444444444,0.08333333333333333
16yG1DYUhkZYSWvC11OnniLR5W4nF2spWfNu_ME2XOIC2hPLcVgXbPH9,Mentira,4540672404,carry,1232,2,4,0,5039,0,3714,8,0,6560,7248,170,0,0,137,0,6,2,0.16666666666666666,0.21052631578947367
cJWiCv8kPIn9KhwLHEygz1FpOpMNg-zU84rxjiYeX29UhwJRJFktL59x,arbas,4538957914,carry,1734,9,6,11,27544,3288,15082,12,8,17602,13663,204,11,7,282,2,9,3,0.6896551724137931,0.25
ya2rnyMUBEekndBvgGdgnx_oJjCo9d2eSTvLo4kC_EVJ,재즈 커피 소설책,4540699893,carry,1503,5,10,4,17537,706,6400,9,0,16132,8873,144,0,0,0,0,7,1,0.5,0.3125
S_UpqmOHTcsLKyvyLTeZFdGamd9tZkVl_Rx6vvduSfIasKM,검정딜러,4518554254,carry,1798,3,5,3,11466,923,10604,21,2,20061,10186,199,12,0,67,2,9,3,0.25,0.16129032258064516
kMeACrYK1GYjfuP76Gy4R2-Labe-qLtMjI2yy31tJ92VZgYzgSJJIPHa,amendoukusaina,4518554254,carry,1798,9,3,6,26890,1048,8127,14,24,17029,15586,231,21,1,97,1,6,2,0.4838709677419355,0.125
ry_aP5-bWsCAosuxKJsw3kQRIiuMhmYNUrxUrHj6PslKeZI,girrow,4537471702,carry,1899,18,8,8,40483,1336,8448,17,26,20896,17886,189,35,15,130,1,10,1,0.5416666666666666,0.17777777777777778
2NuOyxz6NmYZNyjyzWW6AjjtvxsrDhmh7wjlJ0lPMmup,Overlive,4537471702,carry,1899,2,13,14,18362,3490,9617,32,56,25860,9834,153,4,0,665,4,14,6,0.35555555555555557,0.2708333333333333
SLSVBXYABHBBeL7W6NtrKLI-DAfYm-9i23dBiTjOalTi59tyB4j4z-Fk,팀한테 기대는편,4539923374,carry,1331,9,2,8,16596,3727,8340,8,8,16000,12946,173,36,12,191,1,3,1,0.5483870967741935,0.2
WnbVKIo4y6lINJfKkHdfbzmKXbmD6HnqCUz8jfTcDiB169o,애리무 발닦개,4540372167,carry,1677,8,4,7,29316,3066,9756,22,2,19983,14115,246,9,0,34,1,9,3,0.5357142857142857,0.2222222222222222
v2BEECJYhDkYSu5PQ3FZ5s3iK1AdKIhAYyU2PNjWXgNq,두부멘탈이요,4540372167,carry,1677,3,2,5,17124,1391,5724,23,10,12444,10241,179,2,0,30,2,10,5,0.4444444444444444,0.07142857142857142
vUGje_cciwKjBGSFozfZutZ1SVrB3vr-IC4cOjqsv09Gq9mSYoDyVJC_,20020423,4540698802,carry,1865,4,6,3,22533,923,8731,10,1,20408,11819,223,12,0,86,0,6,1,0.2692307692307692,0.15789473684210525
nDrv9BB0tDMLXbksj1lhWi8D69127nME0CL6jWV4-M4HQz6f_2tEnxcO,센과 치히로에 행방불명,4540698802,carry,1865,4,3,15,19788,7354,5797,30,13,18101,13235,220,21,5,216,5,14,2,0.5,0.11538461538461539
vkOpW9_jl4s0Lyab0PCntX5X5lgbmq85bk4uzE1u6ZedtbFeypmfouCT,민 호,4540314173,carry,1553,1,6,3,15703,1849,8357,16,1,15625,8248,201,8,0,78,3,8,2,0.2857142857142857,0.25
yaEF0drpfK2Glf-KhsWDjXzliWVgCUUsOfLLpJliGBO73SA,open the hell,4540314173,carry,1553,6,4,7,19038,829,9369,18,10,18051,13037,183,32,10,90,0,6,4,0.5416666666666666,0.2857142857142857
nC-Q3HQccM3hpbgB9rsZzn7dJyVEzEWarzQbQ7H8KdobBjQ,가해자 해버렸다,4539237861,carry,1577,4,2,13,19917,3496,4493,24,23,10769,12754,204,12,4,95,4,11,5,0.4722222222222222,0.09523809523809523
tCOP7Ywg0yXZx987A8URu-jtP8XK3L-Wk2qkn3uHooZ5NzELzG34xKKX,신이선택한븝미짱,4526255516,carry,2137,13,7,4,27759,5106,21564,39,8,25896,16114,201,22,0,281,2,14,7,0.4594594594594595,0.175
JAqj902sVsY6mSZKQBAevwLHa8QjsVGvltsZNLBsCodkEuzuscl_02_Q,Kimory,4515145950,carry,1230,1,3,5,7258,1702,5576,13,31,10057,6586,146,0,0,497,1,5,1,0.6,0.16666666666666666
3jNG_hBjooRknZaMceNewWbMakKBORjbitvJGJ-TkG2Jt88,날다날다날다날다,4538949256,carry,2068,5,9,17,33848,2595,13056,16,15,34283,15508,257,35,2,137,0,8,5,0.55,0.28125
nC-Q3HQccM3hpbgB9rsZzn7dJyVEzEWarzQbQ7H8KdobBjQ,가해자 해버렸다,4539237861,carry,1577,4,2,13,19917,3496,4493,24,23,10769,12754,204,12,4,95,4,11,5,0.4722222222222222,0.09523809523809523
0ZVS7bvLXiO2eUNdwDh3BrKhz9IwyrzjuSRx0sGohfy4,RunawayHaksal,4531424027,carry,1591,11,2,4,24059,5781,10600,12,4,18105,13392,206,36,28,106,0,8,2,0.39473684210526316,0.1
Gp_yshLgxZ4A7Ri832D0g3-ru1nqV9meiPHPqU15gs5zans,Jhin Air,4531424027,carry,1591,3,14,3,9641,1468,7332,12,8,19475,8531,127,4,0,80,1,8,2,0.3157894736842105,0.3684210526315789
vUGje_cciwKjBGSFozfZutZ1SVrB3vr-IC4cOjqsv09Gq9mSYoDyVJC_,20020423,4540698802,carry,1865,4,6,3,22533,923,8731,10,1,20408,11819,223,12,0,86,0,6,1,0.2692307692307692,0.15789473684210525
nDrv9BB0tDMLXbksj1lhWi8D69127nME0CL6jWV4-M4HQz6f_2tEnxcO,센과 치히로에 행방불명,4540698802,carry,1865,4,3,15,19788,7354,5797,30,13,18101,13235,220,21,5,216,5,14,2,0.5,0.11538461538461539
orl9MyjbVyen2mzl390hprmjqsCw3ysHmBYt6M5kd4-0,코얌미,4540457649,carry,2027,16,4,13,30979,4522,18632,34,17,17782,18901,229,30,8,105,2,13,8,0.5370370370370371,0.12121212121212122
646QZew_8Yn5qzbksHN3hPrYeJk0ktke0KgRtsGkRhIBIBBJRsutx2kW,ktkt01,4540457649,carry,2027,14,7,8,45996,9235,25703,33,12,29899,17950,248,16,0,370,2,13,10,0.6875,0.12962962962962962
uLYgk1pJl8U6iMdyisMuZW_kAYzVBMmD6qDSBlTjGcSXtPQ,Carry Is What,4531893815,carry,2194,9,6,12,19645,5409,30207,30,30,22874,17541,232,26,6,163,7,15,4,0.5526315789473685,0.17647058823529413
J8qIGBPSMfC0uDol6BajkcM4yVPr1We1hmnddUUpmmm_SYQ,자위스토리,4540001821,carry,1916,6,6,4,23271,3068,11837,29,25,20309,13689,254,0,0,79,2,11,5,0.5,0.1875
uuXS6TS-epIOC5QeaQ7G4G8ygl4J62ZsR5JSfFgZjf3nc_k,Yumourenzayiqi,4540001821,carry,1916,13,1,8,36136,4183,13935,28,28,19876,16820,237,34,10,207,4,13,5,0.65625,0.05
5j5DwH9vQ0prPF5FhAIjMF8dnhhMz_9RlD4WYjk1pKvuB51Dm3VdR6UR,There Is,4540089994,carry,1359,4,4,0,5833,1225,4767,9,0,10128,8693,150,0,0,2,60,67,0,0.3333333333333333,0.17391304347826086
PFvYybGDU7m5CF1GZOYgRlA4wNyjBrNIO-uNyIRpsct9b9W3qyqCm4Hq,욜 율,4540669338,carry,1885,12,8,8,44444,1651,20075,17,15,21911,14934,179,24,0,230,0,5,6,0.5882352941176471,0.32
JhararncM8spbJ4Khok6cReRl1Jxq_nxti4xHJVVqowVaWlvJ1M7jhn4,leshenwfwt,4540669338,carry,1885,6,9,9,25466,3701,10162,24,24,22990,13629,199,28,4,143,0,10,7,0.625,0.2647058823529412
Y14N0Rn_5-dYzJDGPrtZKFL4lBehMAR5srFMdx_icQfHRzU,Popular0,4540830689,carry,1733,5,5,5,31752,4848,16889,30,13,21244,11783,209,17,0,288,7,15,11,0.5263157894736842,0.125
JyMlGbRc9nineKWrC5K2aCSYfZXK8ny0Ern8vh5oChfxXvk,구너상,4540830689,carry,1733,9,3,15,27341,2618,7847,28,3,19205,15476,238,24,4,42,5,13,3,0.6,0.15789473684210525
MEGjgzDq93LxqrZz5I3owrjvoX0O5_kJaAJrrHxT0_Ljxg5PAyM4wE5Q,이 영 꿔,4539688186,carry,1731,0,5,6,15105,2110,6267,28,2,18752,9496,201,20,0,28,3,9,8,0.375,0.15625
WnbVKIo4y6lINJfKkHdfbzmKXbmD6HnqCUz8jfTcDiB169o,애리무 발닦개,4540372167,carry,1677,8,4,7,29316,3066,9756,22,2,19983,14115,246,9,0,34,1,9,3,0.5357142857142857,0.2222222222222222
v2BEECJYhDkYSu5PQ3FZ5s3iK1AdKIhAYyU2PNjWXgNq,두부멘탈이요,4540372167,carry,1677,3,2,5,17124,1391,5724,23,10,12444,10241,179,2,0,30,2,10,5,0.4444444444444444,0.07142857142857142
SYM9DhVwMbKvtSTdUW876mg0FSGOOFZif8KjbNdx7wdmqIc,정지영,4539250528,carry,1456,5,1,6,17276,1047,2334,10,7,5684,10050,195,4,0,286,2,8,2,0.39285714285714285,0.08333333333333333
acKnzCy4Tlgh_KfZwKjZIEIbhcoSaYaSY2zO9ARoU0Oy6l3UKT138JZb,Akagi kaga,4539250528,carry,1456,3,5,1,6599,1643,4449,23,16,14531,8039,152,0,0,467,1,8,4,0.3333333333333333,0.17857142857142858
ka4wGb9qxC0uWsOt6rsOnaoL2Y__iX8UcqletISE3n2Hv50DPi8C2ASS,아직도 쓰라려,4530354745,carry,1596,1,6,3,11718,2107,6787,13,0,15082,7622,170,0,0,39,3,9,0,0.26666666666666666,0.2
GYihduRt_kZZAc_meNI9WjLBCydDnijOQhtKuOvIQ5kL976DNlGk8MdW,Ol승엽,4540143466,carry,1380,12,4,9,25373,2003,9822,21,6,15976,12138,171,16,0,202,1,5,1,0.5384615384615384,0.3076923076923077
5YIIeVLV1BtOGPu_zofdr2FEFId88xi-1z-4FvHPlOTPYgo,점멸 딜,4540143466,carry,1380,2,10,5,11655,1029,6498,9,11,16526,7497,127,4,0,301,0,6,1,0.5384615384615384,0.2564102564102564
uvspL3Mc4F_MRzwJPIoNo0JefccCiLsN51NWzW65RENCyOs,롤드컵우승데프트,4540687799,carry,1525,5,7,7,11270,2071,5608,15,19,14227,10009,167,8,0,37,0,8,1,0.41379310344827586,0.1794871794871795
ZruCPM1QA4PUfkMN_Z2vQjhus6pqsm_hsPoojQp99KoYlGohOXMwkgJG,long1029,4536886612,carry,1349,2,9,5,6394,1046,7198,12,16,14231,8151,161,8,0,170,2,8,1,0.3333333333333333,0.3103448275862069
E9h4jiUyAT61Q14aMFBgxgdQqESc5ZZVGMu2tIKxeeB0WBQ,Bullet specter,4536886612,carry,1349,11,3,10,18333,1211,6583,19,38,9809,12460,162,16,0,571,2,7,3,0.7241379310344828,0.13636363636363635
BtxISLfX0k44eHssn0zhNbhp5apNbuIfx6E774uYuRhGc7wZmD0pUD9r,nan shen,4521281498,carry,1271,8,3,5,14990,1351,3315,9,8,6892,9602,154,4,0,318,1,5,1,0.5909090909090909,0.1875
9lAD_3A4C9DnOUG4_MA18vgvdHm8if82YYgAo103RExJAA8,두나남자친구,4521281498,carry,1271,3,4,2,6646,2164,4926,11,0,12099,8268,143,6,0,0,2,6,3,0.3125,0.18181818181818182
GFuAE2gjfB2TO8Y3ZbkoYT7RmOAZeoDFOXEs9FA5fw4wMApMydEoXefQ,Tsuki snow,4540780721,carry,1405,2,4,3,12452,968,4179,16,15,11363,8652,164,4,0,17,1,8,3,0.4166666666666667,0.1111111111111111
5VKevoFgdcwOV_P_c4qwyB3ACuHACMxmmUf9qv8yX4IJI3AjmpWpiGMh,bella ange,4540780721,carry,1405,5,2,11,10824,2757,4418,34,10,9697,11015,151,12,0,45,5,11,9,0.4444444444444444,0.16666666666666666
5kEi-uICWJW2CUDSLirkc9f_4OGFwZ3TbVgMszIWT2RxD2oIqIJrE_1C,A1uo,4540319009,carry,1823,6,8,8,23909,6128,13421,20,2,22735,14865,243,16,0,20,1,9,8,0.42424242424242425,0.1951219512195122
lSa2je28cO8rnz-qAXuacWp1aKXvEgxhCAOdMRcV_A66uVY,은택입니당,4540343044,carry,1535,1,6,3,6388,2071,3882,17,24,14290,6496,106,4,0,432,0,6,6,0.13793103448275862,0.2
gvDdpDFTFA4S5iRUDB7Cd3yzrRsHGADL2UfQHSPx_vbFEGd8jxUQP5Eh,PigGiNi,4540343044,carry,1535,7,6,3,17316,1515,9978,21,15,18700,11482,160,19,1,85,1,8,4,0.3333333333333333,0.2
90pnkVwrExi_GLpT-K_6gGdxC-CzImBj8MXIM1iNq-mr,cxvz,4540698857,carry,2257,10,9,10,30340,4426,16463,29,29,33066,14894,227,20,0,97,9,18,5,0.5882352941176471,0.1956521739130435
UJbwvHPbcvd7y7msVWDbCmW0SmZEPWz0yHWNcsIRxSPueeSP89HwUuyE,최강 정현우,4540698857,carry,2257,5,6,16,22241,4807,11588,26,20,23034,16102,261,50,4,218,3,14,7,0.45652173913043476,0.17647058823529413
Ai811OdXtlbBuYBduF88BbFmhZCFxBw0FyN4NVTNy3NSRz_-nrg9X07h,Best Of Me,4535880919,carry,1340,7,2,11,25535,2924,6808,20,16,13943,12676,202,24,16,123,1,7,3,0.5294117647058824,0.16666666666666666
-I5iEQS7aDEb2-dLd70t5CEWmzt7ljFrlca8trRjWlqiJjU,lIIIIIllllllIIII,4535880919,carry,1340,2,6,3,8778,1129,5654,22,24,13036,8216,188,2,0,634,2,9,2,0.4166666666666667,0.17647058823529413
YwnK-G4kFzcCmcw9vn299IIZrMWpLhzJpTii9aCeSXPjo0w,지댕Ol,4540259751,carry,1900,8,4,13,29146,2980,8530,27,32,18292,15052,217,29,0,88,3,12,9,0.5526315789473685,0.14285714285714285
sI9wX7lOuS5_CRgRRwVB2_4s_FT3SNYSUgQ83b4CAnjZUZdA50N7Os0M,Shadow Gamin,4537258976,carry,1221,0,6,5,11750,997,3413,15,37,9360,5675,99,0,0,473,2,7,2,0.4166666666666667,0.2857142857142857
