account_id,summoner_name,match_id,position,playtime,kills,deaths,assists,totalDamageDealtToChampions,totalHeal,damageSelfMitigated,visionScore,timeCCingOthers,totalDamageTaken,goldEarned,totalMinionsKilled,neutralMinionsKilled,neutralMinionsKilledEnemyJungle,totalTimeCrowdControlDealt,visionWardsBoughtInGame,wardsPlaced,wardsKilled,killsRatio,deathsRatio
-do_qQvuP23akhZb2vmjGu23-9odvgQeUwfij314gq7G,구이신,4519662268,mid,2350,12,4,8,42968,2470,12448,52,12,27352,16791,261,19,0,169,5,23,16,0.6896551724137931,0.09090909090909091
MXM1QN5omqizq3Q_SBqE0bhg1M5k1HfMBlF5tVziAYkplPI,Kurama,4519662268,mid,2350,12,3,13,45196,6032,13946,26,46,24773,16543,208,36,8,201,5,16,4,0.5681818181818182,0.10344827586206896
c0FvMu68qN7pfP3Ty1uMwAxPNfynWHtk0cOqtgE7QLUR,서밍쾅,4540811586,mid,1305,14,0,0,17744,1110,8228,13,26,8184,12162,179,11,3,282,1,7,1,0.6086956521739131,0
37-Tt9XzlvIC8acY3AxiqCHPe3MR7jVh0NL3cQokNnwnryhUUqnXBEws,Yonekura Ryoko,4540811586,mid,1305,2,1,0,7168,2113,4428,4,2,9840,9137,223,32,0,144,0,4,0,0.2222222222222222,0.043478260869565216
E2wwnVAIwf-v7HOjgQxEgTOBRjmlkivdFfNj48Q6D9uIY2k,파이크노벤이여,4540667326,mid,1619,8,8,10,13725,4466,14125,16,21,24435,12041,114,0,0,116,1,3,7,0.5294117647058824,0.20512820512820512
ria8XSSQP07fK6GQpkWCaELPZi3wQ55s4-rMKhW7oT4Z,하늘별자리,4540667326,mid,1619,11,4,10,20997,2836,8924,18,36,12981,12420,150,8,0,217,6,7,1,0.5384615384615384,0.11764705882352941
5bhMXQ7rH-Ck_BW3hQdgnPgmBC3RAVdb88bMXVtavdLI,현상공,4493694633,mid,1252,5,2,5,11200,1460,5357,11,2,10135,8173,151,4,0,81,3,6,1,0.7692307692307693,0.125
U1zwObO1nal0u71ZSr1HsgpA-vX0v7kTqu55YDFmh2mvvzzedePQvOMZ,오픈의 성지,4493694633,mid,1252,3,3,4,8480,1530,7971,8,11,8236,9119,178,3,0,86,0,6,0,0.4375,0.23076923076923078
xO2DYw7I-9BnkVreHXHHsyh6_nQjjZO7mUoYYyH_tCwO_xebAOU58Q8O,mid111111,4540749330,mid,1490,5,3,10,16306,3541,7966,19,2,16925,10446,156,12,4,95,1,6,1,0.5,0.13636363636363635
ItY9r9lQJWAHoZi-CsqknnRPdCicVkEtOr2gijRWjDMtm3hxPpOvaV3G,NIA 수,4540108295,mid,1219,4,2,3,10497,288,15099,13,3,10154,7818,149,4,0,46,1,4,1,0.30434782608695654,0.15384615384615385
1poXdAlHWLGJswhJoh82ErlyR_HBdrdxwQIZbPk-wFcdMaU,최동구리,4522948085,mid,1911,5,6,3,18254,9416,52951,16,10,36056,13571,242,8,1,756,1,12,1,0.38095238095238093,0.1875
7Tin6p-vxqE87XABS3NDuMk4PPH7Q641ZK1iq-qAWVuq,duo99,4537133725,mid,1620,6,1,6,19705,3967,10421,17,17,14087,10996,169,0,0,36,1,6,2,0.4,0.06666666666666667
3kvK7tNFf2bwvwCsS3-R_zcUT9a6VYqYR7MAZYvB_Nyv,케키케키케키,4537133725,mid,1620,4,6,4,12903,1061,16230,20,14,17027,9497,181,4,0,70,2,10,5,0.5333333333333333,0.2
wNG50xCAhVgLifIO8NBug_9xKasuNRVlD2QtogD6FCIWJLD6Us4ebt4W,될 사람은 pig,4540406605,mid,1256,0,3,5,7781,817,10127,18,15,13909,6021,110,8,4,52,3,3,3,0.45454545454545453,0.13043478260869565
Nsg-IoBrlfH03Y9jdEQ4N3am-PhTs6HeI6KIX7Lp2MXm,FTL,4540406605,mid,1256,5,2,10,13805,2525,4358,16,19,10632,8079,122,4,0,50,5,7,4,0.6521739130434783,0.18181818181818182
akEuqxq_9kY1pLdhza4EuXftbbPcRnJkGjVMuRGbPok3Pow,김 승머,4540363253,mid,1617,12,1,5,20952,2383,18868,29,22,19120,13711,189,20,4,245,4,7,9,0.5483870967741935,0.0625
pEiFI8xIUo8S54IMZPo7I6KzfvNQ2uMEQMPybGVDXXl3aWk,정글님파이팅,4540707651,mid,1801,11,5,9,29566,7273,28354,24,28,24604,13808,185,17,9,201,4,8,5,0.5405405405405406,0.23809523809523808
CK5zFU_8nTBN9swtXD4VfJDJ6Irgj8zk4D8noMLgoPrSzKtEYew3dKX8,Hosuke,4540707651,mid,1801,8,2,5,27601,2225,15542,24,12,23009,12535,184,4,0,169,4,12,4,0.6190476190476191,0.05405405405405406
iS57g7KIT5DwXLmXLG9mjZvfCRV08PHVN9AKgVW6D38qVcI,아이쨩,4540544406,mid,1953,9,6,10,16212,9071,23567,28,22,30179,14218,208,36,7,153,3,12,3,0.5,0.1935483870967742
Li-YtxwkE1mq1VwN45-WxSvIdJZBjcxE0DLdP0HZqNeZwT7FvyXGOnMs,Vanali,4539866612,mid,2297,15,10,6,31311,7618,21571,24,22,40018,16831,203,19,0,252,1,1,12,0.5384615384615384,0.2857142857142857
7GSxBQ83JxCXRNF1RelLC2Ps36xoAQTnpn8etuqM2vQTbW8qYNtGZFoa,부천PC방콜라장인,4538604746,mid,1732,6,6,6,17174,4188,14419,40,17,20787,12049,167,24,8,221,6,10,7,0.4,0.17647058823529413
t1qlWtDoEjDKp3IfmDyNzdROjZg9EA0ks9D65leS6938,신곡주계,4538604746,mid,1732,13,2,12,32499,14506,12822,29,32,24428,16052,213,30,0,389,4,13,4,0.7352941176470589,0.06451612903225806
Gg2NtSHiPme3f6i4Ba5J7n9eayjRpfaI_gknTOLcSbWZ,강찬밥,4540692842,mid,1512,3,8,0,17530,5975,13036,18,18,23526,8407,174,4,0,418,2,10,3,0.16666666666666666,0.25806451612903225
N1r9IWDFFFInF6Pv0bsUYY3C4auYh6F7WgzLdDVWqNAdi1E,질 게,4534624832,mid,1210,6,1,5,14436,4327,3242,18,18,9273,8176,129,8,0,85,4,8,1,0.5238095238095238,0.25
mqNBFewrV5T2ocLMknL8iOt7yW9zRy9iTNpFhNT6eRKkF2vYdUL3P2bF,Clan opcr,4534624832,mid,1210,2,4,0,6922,733,6033,11,2,12316,6293,143,0,0,114,1,7,3,0.5,0.19047619047619047
3-AOXg-34P0YPVfmBQgb13KOPi5zP8c37Nm6AvL0VheKrHxL59zEjY4S,zhuzhulongQAQ,4507145974,mid,1452,3,7,4,10955,2556,5669,28,14,14778,8634,146,3,0,77,4,10,9,0.3888888888888889,0.35
01qE_w3gcvXrFQ2saacQGlI8iE7nnqo29Ubkq-uun24SdPgqrq_f60vQ,삼겹살김치볶음밥,4507145974,mid,1452,10,3,4,11315,3819,10743,18,99,14388,13726,209,16,0,201,3,7,7,0.7,0.16666666666666666
YTTSui1x-Q1P1QnWsLx-2ifc8ZiJzC1rZV5V_WextONwhZ_a1Wqc8lUO,후발 주자 유키오,4523227532,mid,1841,9,7,19,20401,2872,35033,29,47,22087,12688,168,8,0,115,4,11,4,0.7368421052631579,0.1794871794871795
CtqqB5bKbI7jXM4QPhh04IadxEEWVtHr1bJpahkAHqAh,huan ran yi xin,4523227532,mid,1841,3,9,15,13561,4632,22266,25,23,21721,11544,188,25,2,122,4,7,6,0.47368421052631576,0.23684210526315788
AG1cqf3byT3sT3xZroCMXDKYkTFwAFSrm7AnSMJ5vs4DjD-6rNswADWm,prophetovo,4526409708,mid,1840,9,8,8,25836,3460,28623,21,27,26066,12096,156,4,0,188,2,11,0,0.4358974358974359,0.17777777777777778
2kuPhwzJ8bfU4jTnFo7NjbZZIC1cmVnHwbiJT_crLhl7,wwvwvwwwwvvv,4526409708,mid,1840,22,8,9,39506,14813,25456,11,3,34468,18428,190,12,4,36,2,2,4,0.6888888888888889,0.20512820512820512
qITuqbPPC4vgDj3-W8XbPT7QBUXQ3X3GAtaq7fPqF9-gn4MIVvI0s6TN,S4SIN,4498607210,mid,1299,2,8,2,4423,1585,5139,23,1,14448,5507,95,4,4,73,5,8,4,0.16,0.23529411764705882
xO2DYw7I-9BnkVreHXHHsyh6_nQjjZO7mUoYYyH_tCwO_xebAOU58Q8O,mid111111,4540749330,mid,1490,5,3,10,16306,3541,7966,19,2,16925,10446,156,12,4,95,1,6,1,0.5,0.13636363636363635
DAvBXXjbEhRPZoyakLVKtGw2jdYCnSUYHCgC6Neb36I8HeThde71cYgN,Xo Bz,4528982875,mid,1518,10,9,0,18153,1453,10755,29,5,22754,11228,142,4,0,70,5,16,5,0.5882352941176471,0.20454545454545456
p5WGrwa5ZZj7SBt3vwU1tBwEE8IYsDVEPCmXqwsVJDTdGX4,paes,4528982875,mid,1518,16,2,10,20743,2486,8986,22,2,14233,14784,193,38,8,127,3,6,3,0.5909090909090909,0.11764705882352941
pKtzZLkIKSAf8dREnwk-geRaseEXWTN28xoNM-pvJBnHDQJosrb9bvlN,Chen Yifa,4540303287,mid,1244,4,5,7,9907,5354,8626,13,17,15249,7798,121,4,0,228,1,2,1,0.3793103448275862,0.3125
o5BWa1Jdclg-30TOAhOocORLEpeO6kFnfydyJS3rsT3Y5JY,대가리총맞은놈,4540303287,mid,1244,3,8,2,10628,1642,4856,18,12,13928,6602,111,12,0,49,1,7,1,0.3125,0.27586206896551724
-vs-_t9mFjU_MWRG65JEGR5UTkdm4vH6KJ_ipRCVCv0u,Bamhaneul,4540064434,mid,1311,9,4,7,17942,6216,13018,23,21,18917,11430,168,4,0,376,4,10,3,0.6956521739130435,0.16
07kzkxljMlIjEnaKHekKHoa6gGZ6vxpfam_7z4VwJZeUNYdMo8QS4QfY,제드 권위자,4540064434,mid,1311,4,6,6,13285,3316,8202,16,7,17748,8759,134,2,0,127,1,6,6,0.4166666666666667,0.2608695652173913
zjniyoIAG6YCStK59sNOWJ7-qAaHytFsJQ2munVJ6IB57gA,남양면,4540821234,mid,1446,3,3,5,10623,307,18770,10,18,12519,8309,174,0,0,59,2,9,5,0.5333333333333333,0.11538461538461539
Ev-op4hpBtat6pccg4a96bQuvM37KQji1LoFxtKw6gkf,buyao tiao lou,4511957640,mid,1227,8,1,4,15868,2974,5185,22,5,11688,12230,187,31,9,90,4,9,4,0.5217391304347826,0.07142857142857142
dHuDNO7Yjf9J1fdoqWJ0Hb1U0NN7XZ4_cyLs0P8TBBxPf2LqhTYs6Bpf,alonee,4511957640,mid,1227,2,7,1,7710,168,5199,5,14,11996,6411,129,4,0,262,1,5,0,0.21428571428571427,0.30434782608695654
dMI3ZsGSP3n5nfl-Jygkvq8GW5EliHlOnZe1sKbR_4f-JErlM6KzQLWe,페이커 앵경도둑,4540018884,mid,1732,5,7,6,22927,1957,21297,21,8,19677,10650,191,1,0,55,2,10,0,0.39285714285714285,0.20588235294117646
ItlVpR7mBUTJuhT2S_qMjAFkXUIwiIAGOoD0hWJKyhY-huw,너구리 나간다,4540018884,mid,1732,3,6,15,14461,2418,48764,33,30,42978,11111,129,9,1,234,3,13,4,0.5294117647058824,0.21428571428571427
AjzNeAIYTlBJghTngx2FuH5Kh-N4vuQAsv6cZkg4zmpvvuCXltBKU3zb,AfreecaTV 윤준호,4528783607,mid,1522,3,6,1,10415,3085,7504,16,3,17835,9017,157,0,0,86,3,10,1,0.16666666666666666,0.2727272727272727
zwyM1wYCDrdVlR5Df28f22-bhu2LfYvBejAk_WbtxS-XfqNWGB2f3UjS,금요일시간많아요,4528783607,mid,1522,4,7,2,12372,2264,10651,15,1,20773,8444,143,4,0,26,2,7,0,0.2727272727272727,0.2916666666666667
krtFYwzDuTrq6G9rQVREo_U2ZvCzhxXlK6mO1UZQfYW4AlsjSLwhWwIs,누웨누웨,4540312201,mid,1260,3,1,6,7797,250,12245,10,24,16463,8253,140,0,0,215,2,7,1,0.28125,0.0625
R708u_hB4vn2rXOBJdrjFMeB4_Uo6o_ttXgw93W-cxPwm-E,늪을지배하는자,4540312201,mid,1260,4,6,5,10564,3238,7590,14,12,16013,7231,117,0,0,258,2,5,1,0.6,0.1875
61tRunotj9UwG2iagThs_HRI-VzJVhTmzG4PGVT7DX2jrHKIEUPUN2sD,비그디크,4540406150,mid,1936,20,4,15,46813,6136,11883,22,39,22360,17657,212,40,4,128,3,14,3,0.7777777777777778,0.16
DAvBXXjbEhRPZoyakLVKtGw2jdYCnSUYHCgC6Neb36I8HeThde71cYgN,Xo Bz,4540406150,mid,1936,13,8,6,30247,4188,15662,30,206,29429,15101,196,5,1,438,2,13,7,0.76,0.17777777777777778
SszOmKf_0oqRN453boazHAheJ8EdgS27nUJrtMTdQGnH,왜 why,4540470891,mid,1349,3,5,2,7396,0,14894,7,19,15943,8768,163,0,0,40,0,2,3,0.4166666666666667,0.18518518518518517
aqNnqf_2cqIr3NMRZfZ3Q7XMYdGs6uoMpx4X1vAgws2w_w7BxmUybtaI,kai jia yong shi,4540470891,mid,1349,9,0,6,17752,1937,5383,19,10,9090,11478,154,51,12,145,3,10,0,0.5555555555555556,0
2ANt-V8WqLgZ35ISgajc8vvrwDgeIj8LjG4sNHMjwlY0nO4DOKBPCpX-,maikelekele,4540204416,mid,1690,6,5,5,23344,886,6876,27,33,15336,12501,216,14,0,357,4,13,2,0.6111111111111112,0.1282051282051282
bNoo0L5Bco9HdCHvzUXeV8THCfuTmtJqpGDjKlT1jE8wHh4,토카사랑개석준우,4528948724,mid,1328,7,0,7,10935,187,2054,18,45,3045,11403,213,16,0,728,3,10,5,0.6666666666666666,0
3nxaYyELapmpbWoCxZECNTsk3T_uUwr7LFHFO6daY_4k-DKU7Sr7o8dW,팍시티즌,4528948724,mid,1328,3,6,1,6290,915,7607,8,11,12887,7524,154,0,0,21,3,4,1,0.4,0.2857142857142857
_FFhT5EN_eAzwxiQMZbZDP07BaokUIALx0-A48cQZk5uiy4,2003 07 05,4540452389,mid,1741,5,9,4,17287,2012,12116,21,5,23189,9936,180,0,0,77,1,10,4,0.34615384615384615,0.20454545454545456
8o-7t5n0_d3BBEt6twtjeekVb7gc3uilZqmHcG6nWkDlkZFJ3F8TJFjK,9uoke,4530986808,mid,1525,4,3,6,15104,2892,4790,28,29,13076,8520,130,4,0,97,4,7,7,0.5882352941176471,0.1
gu6pyGT6DezrhlMJKnBaq4VdZkVOGciEPkL6dKJYuaBGeSI,은 연,4526989153,mid,1668,2,4,4,11353,1786,6468,13,0,14878,8117,145,0,0,18,0,3,4,0.4,0.16666666666666666
auM9N0qck6mi-eVbxpYXee0VcOYZM8Y8gd9Xh834QcUKpbWpSTx2jA_0,왜 짤려,4540574836,mid,1247,7,10,2,12391,2977,7838,7,22,20275,7760,88,0,0,104,0,6,1,0.45,0.37037037037037035
R0iYCfeI9DBuH0HVLWi7NSLZwCkt1BiAv3sr4xpuPrzbQog,이두나1,4540574836,mid,1247,10,6,6,15396,2666,8336,16,4,17798,10411,147,8,0,141,3,6,3,0.5925925925925926,0.3
Mf4oQUWldaLqim1iveaSrtn8tIi6etwvOoy-wH-BK2YF1A0,야무지게머거야디,4531102262,mid,1618,3,3,9,17241,3404,23165,21,5,14442,11845,181,32,17,65,2,5,9,0.41379310344827586,0.2
7uLpP4iwgwzXr2EzeHfjBFItWq7zNNnGtWg3imAwDZWramE41P3Hy8OT,SKT T1  ZHANHU,4531102262,mid,1618,4,6,3,8830,581,13687,9,3,23531,8858,163,1,0,47,0,2,2,0.5,0.20689655172413793
W0iEDWVZ5HvGr6kuSGAQZ8BRs1Mr915yCx8UIxSyhNxg,우리가버린것들,4537560254,mid,1805,11,7,15,29087,5007,8246,25,36,19108,13863,159,0,0,150,3,7,5,0.65,0.16666666666666666
ZCEwsvI2KZsikREs3XwG06XLtuOxvBPKLsMBDA51FUxTWeQ,꿀펀치 익인,4520320050,mid,1447,2,5,1,7104,2183,12377,12,7,14625,9349,213,4,1,95,1,8,1,0.2727272727272727,0.16666666666666666
IhcV8g7DmjIvumlOXuxAA0JtCpls2fD07Rkmmk1BFpKTRjCquGaRHFPc,칼을 씻으리라,4503229404,mid,1720,5,9,2,17543,5744,18487,18,17,25021,12253,206,0,0,65,0,9,3,0.5384615384615384,0.3
6El_MtzSJayfnASRnQ12cLyejK1E0mazirs9gINwFz8O3SgHu3JikTFJ,판갈조,4503229404,mid,1720,4,4,11,20143,3838,10144,26,7,18155,10527,180,3,0,92,2,5,3,0.5,0.3076923076923077
WHWkmdjeiMpOQFLEwtTkrBn-q1FUAwyhqJ-QSzYe_eCFtqzUsZfFwOSA,bu xiang nu li,4512269034,mid,1725,8,5,9,20288,988,7312,29,22,19464,13589,196,8,0,327,3,6,5,0.6296296296296297,0.1388888888888889
CymskSHCgS4BWPIY2zaCmOnbBhQYFTBDGwzRv5WELi1zDtATexw6Y3HD,To 비 continued,4512269034,mid,1725,10,2,8,37070,3933,7921,23,27,12640,15739,213,37,15,224,4,13,1,0.5,0.07407407407407407
h8Z1jwomhbMHmD4XcqJQwq1sIoHmuvIhkpqwGsrpU4yyI08,누군거같아,4540689370,mid,1248,4,4,3,8271,3291,7298,16,2,13616,7905,137,0,0,37,3,6,2,0.18421052631578946,0.2
FkGLeFUABqOCJon8rCUaKVHuOcHIws6_NHqzj4ibBvRe,ExiIe,4540698857,mid,2257,5,10,11,25776,785,7577,41,38,26296,14101,203,8,0,248,11,15,9,0.47058823529411764,0.21739130434782608
FB9l47JVHzjqNQ7fwfCxUK4vtltmnA5Kck4CXGq9dgZ0Aok,정헌희,4540698857,mid,2257,11,9,15,29765,10382,30897,44,4,35857,16742,179,19,7,55,4,6,8,0.5652173913043478,0.2647058823529412
lZAP8VH_3on6X8PXme7aIwXimVToHkhO1wy4ilrWv8VyYPg,쏘What,4536228081,mid,1504,8,6,13,15928,6468,7846,13,30,22397,11404,152,8,0,171,3,11,0,0.45652173913043476,0.20689655172413793
QFcaRJ_bt_q53U3rfRfPJ6622DEq6xQ75VMBMTGB0P-VhRlB09ilVxxX,백색말처럼,4536228081,mid,1504,16,9,6,32052,8434,20371,16,29,31897,13403,124,11,0,268,1,9,2,0.7586206896551724,0.19148936170212766
W0iEDWVZ5HvGr6kuSGAQZ8BRs1Mr915yCx8UIxSyhNxg,우리가버린것들,4537560254,mid,1805,11,7,15,29087,5007,8246,25,36,19108,13863,159,0,0,150,3,7,5,0.65,0.16666666666666666
tdamvWLXE8SqtN9srXF-dGMw6g3hmwzIxfX-FgqEuLQ,skt okko,4534654775,mid,1979,7,13,11,24224,7789,19739,24,4,35740,13040,169,23,0,200,5,7,6,0.45,0.28888888888888886
F9tOeQYVxXfX3W0LNbtv626r4Oa-eoeNbSXOcwaeL7pozrA,바보인건 확실해,4534957460,mid,1236,4,5,3,11348,1629,5715,13,22,11406,7906,138,4,0,95,1,7,3,0.4375,0.5555555555555556
JpI2JvW2t0XQN01Zur82kG3MmFSb6vCYEe1eRBQ-mOx9Yzs,70103002,4534957460,mid,1236,2,4,1,6936,2997,5278,21,1,11395,6612,131,0,0,41,4,8,5,0.3333333333333333,0.25
ffXxJbvQeXuhTWZne6gJGaZaAL4fJzsx_rAq3PwmaUbfFWtX3ggakNFh,슬라가,4534342799,mid,1543,5,5,13,15618,3896,5863,19,22,14700,10140,157,6,2,91,3,7,3,0.45,0.25
D0PrVYs9gFuGsE7YC5GRdAbCXMBErAD9BiML0S-QACiszU8LgBPQhGhe,T1 Fisher,4534342799,mid,1543,5,6,5,19275,1415,6085,16,29,16619,9170,163,4,0,179,4,10,1,0.5,0.15
kzVKDANGyDy9jsEnoEMOnn8RT3_aIEpNyFab3fSDMlpS,랩하는형님,4540052302,mid,1734,6,8,8,19334,21,9608,22,72,18392,11678,164,0,0,650,4,14,1,0.6086956521739131,0.1951219512195122
wwX36kzvjLBZ5BQHnPxgSzPPM4FHsOE_aH6ylAqYD7I,잿빛 군주,4540073228,mid,1237,3,1,4,5778,3687,4669,15,8,12104,7010,125,0,0,74,3,6,1,0.25,0.14285714285714285
2Vmdelsl2-PtOjCTzqw6rmuVzMsUxAoCgcKMx9NQd6RTxGudK_MipC8D,an xi ba ,4533860189,mid,1292,6,3,3,12533,804,5156,20,4,8789,9583,161,20,5,85,1,9,4,0.4090909090909091,0.25
1ie0Jg9cdAYxHZe3bWqo-Q1TVnpnOgHoeDqqhwZfurc00Ek,나는종수애오,4533860189,mid,1292,5,2,0,5079,1834,3723,15,7,7887,8088,135,0,0,15,4,7,3,0.4166666666666667,0.09090909090909091
-e4lbuNLgHwvJOHIFpDHYRQBIPXeVVFOWxA1DBnfHwtoTUKGPU1dwif8,누군지궁금할거야,4539301077,mid,1874,9,7,14,22916,6329,17712,33,55,35713,12340,125,14,4,821,6,15,1,0.46,0.22580645161290322
krtFYwzDuTrq6G9rQVREo_U2ZvCzhxXlK6mO1UZQfYW4AlsjSLwhWwIs,누웨누웨,4539301077,mid,1874,5,7,10,12827,1394,44160,36,26,36702,11543,174,8,0,296,3,13,5,0.4838709677419355,0.13725490196078433
glDYOajfcgVulUJAWQe6S363Hv2fW5wKXO1C2M91Gxzu0iaOu969kDH3,tcover,4540695184,mid,1769,5,1,5,17557,6734,8947,17,35,18851,11031,187,12,0,200,3,6,2,0.4166666666666667,0.09090909090909091
jnq79f_LJ369jirdpp8G_UKjPDX2ADN7JQR7hxTuFBnR-hSYs253-FU-,J1m7eN,4540695184,mid,1769,3,3,7,17562,3646,13744,25,30,19861,10976,186,12,0,346,6,9,8,0.9090909090909091,0.125
ldsFQwdeNsyB1uzO-FWs4Hje40RglOJVVqbtCyW5wDGxvrYPO4fdhnly,Lefiya,4539387092,mid,1694,8,8,5,23830,8153,17095,28,4,29373,12185,181,4,4,183,2,6,4,0.6190476190476191,0.23529411764705882
kCphj2OeNqofjxL0kNd39Q_iMlO7NUiFH-EosJYj-y1S_cte4wNaT6QM,xflxl,4539387092,mid,1694,16,2,9,25161,15241,18963,20,24,29927,14457,166,20,7,426,2,10,1,0.7352941176470589,0.09090909090909091
O2uvojJw5uirrcPhhh_g0PAIPOVf4NDFMFU76GTZZBkGJxc,By 불비,4502551781,mid,2527,17,11,19,59144,4281,14228,65,75,31035,21589,227,66,5,387,4,18,12,0.7346938775510204,0.2391304347826087
KZuoOIuhcf9j6D6d4EeDrPMq0tpfr2RrfRtwbJZishiZ1z5QP41wHo-A,zhongdan qiguai,4502551781,mid,2527,3,11,18,25622,12270,91053,17,47,55601,14276,216,4,0,459,2,4,4,0.45652173913043476,0.22448979591836735
KgT7sxux4n69O99DHGFyB1fM7Rmastg6F8K9oTHQLO6t,네 키,4540383377,mid,1646,8,2,3,15011,6046,12724,19,3,19880,11226,173,2,0,151,5,10,5,0.3548387096774194,0.125
82p93zsOzxClalRZOvB3BjeFN8uw9JF3U8WhALahfcryxsXd9n42bdyr,TES KillingLove,4503339678,mid,1438,1,6,12,8687,4394,8536,23,28,18368,8826,128,0,0,122,3,9,2,0.4482758620689655,0.375
8-587BkwaMOt6y_6JgGaPiwsAqB1EdfLcrRdQ7aDKBwic1riu4oAD0y7,giveking,4503339678,mid,1438,2,5,8,11190,2821,14704,10,29,17584,8435,164,0,0,89,2,8,1,0.625,0.1724137931034483
liXxWB_XTZdiS1_L9EV-_KnFJ6Z7zS8K28KodmhFLMbCueAE8eDMHApN,어리버리 팽수,4539143197,mid,1605,0,6,6,9992,4272,9816,21,3,19403,7818,139,4,0,120,7,9,3,0.1935483870967742,0.2608695652173913
zGboYDGHB7dHZ3hm_ktuuG3RnwyqBilA_v3vWu5YivoTPhY,마스터가자주혁아,4540292862,mid,1626,4,8,3,11446,757,8907,23,10,20650,9490,153,4,0,201,1,13,2,0.5,0.3076923076923077
X3YLnwf4IgpdhKKjQsZio4MSemZRqZuCfaPYZHULZJmf,Lv 2 mid,4540292862,mid,1626,7,5,2,18228,5679,17023,33,18,23055,12880,214,16,9,39,2,9,4,0.34615384615384615,0.35714285714285715
7j83ftRN-eahG-_AVJPR5Md_FGmWbB1jpbvR1ToIfxmg,파댕이 귀여워,4535224192,mid,1255,8,6,4,13090,251,16280,11,32,18226,9142,137,9,0,82,1,6,2,0.4444444444444444,0.20689655172413793
JQJvSvd0qyMDoXSnY1NrYaHbOKBo76jHIfw48pNzlcdnQI0VqNcfUin2,l검은 눈l,4540087589,mid,2289,3,5,14,24240,5845,18594,28,20,28061,13115,220,20,0,265,2,6,12,0.5666666666666667,0.1724137931034483
623S5iIHPkukW0gsrzs-chZp-D4T7gRJXt8dIwWuodhhJyU,1osta,4540087589,mid,2289,2,7,19,25679,5404,58646,23,51,36730,15354,294,6,0,165,9,11,2,0.7241379310344828,0.23333333333333334
4lWymEEuGksihOkCnnXG0KslSNRsTSWavpZdsvxQ74qD,원딜or미드,4537296847,mid,1207,2,1,6,10309,5612,7847,13,17,14602,8339,135,0,0,287,2,8,1,0.4,0.25
liXxWB_XTZdiS1_L9EV-_KnFJ6Z7zS8K28KodmhFLMbCueAE8eDMHApN,어리버리 팽수,4537296847,mid,1207,1,5,0,7766,0,12714,10,20,13130,5027,101,0,0,49,4,6,1,0.25,0.25
ouQSPjgSwRoYMI60HDR-5gufaSVX1mwybe3VcShTS0YIyoI,Splendeur,4540840318,mid,1376,5,0,4,17471,5008,4603,19,16,11305,9484,164,8,0,89,1,6,4,0.5,0
LIVQ7q2LlGxKQFhm9Da1DvgKA6r1yO4tAKq3nZa85XjtleU,황 족 지 니,4516971816,mid,1441,0,2,0,7956,5084,8564,19,12,17176,7839,190,14,0,130,5,10,3,0,0.1
CL04mEHIbobVZyU8BxC01JdTqAQ2AmYLjngebq9R4QoH4ECH9jz5pvPJ,MidGOR,4540752895,mid,1697,5,2,14,16082,1393,9844,23,11,11601,12168,203,24,0,242,4,12,2,0.5277777777777778,0.1111111111111111
mckfDdHKPqa_gtvQnrg4A2vGyRG1VjyFZI4WbTXt7bpq,스쿨존전용,4540752895,mid,1697,5,4,7,15809,4055,13332,19,9,21094,10329,189,0,0,274,1,4,4,0.6666666666666666,0.1111111111111111
xLU2PZvk6VfwxN_aZz9VOMK3oxBggwjuI55Ag-bUSvKZ,EMoK,4536712396,mid,2310,9,8,16,31745,8589,14953,54,21,27843,15844,194,34,4,544,10,19,10,0.49019607843137253,0.2
ajyCx7X9pe2tKVLXCpEGXupwLNmjHCmMfzZPnSH8QyXy,신한카드뽑기장인,4534543006,mid,1538,2,1,11,8693,4400,5365,28,20,11636,11795,206,16,0,144,5,14,6,0.52,0.14285714285714285
_RtHkAHwQtXDMjSRJKg32W5vH8woCg4YiNLuWRXEwzb6z5Y,기요미냥냥이,4534543006,mid,1538,3,4,2,10411,3228,4956,21,18,14365,8802,172,12,0,210,4,12,5,0.7142857142857143,0.16
v3wADBTjbfXdtPcMF6-QNbqBTMD7GM0kP6hgv_TpietnXNnDCrHZV4RS,C1zh,4539689415,mid,1513,8,4,9,18227,4323,7776,12,16,14090,11584,174,28,12,422,3,9,1,0.6071428571428571,0.13793103448275862
vSzGyS1HYpeEwnJh0MI_U6P92NqgPvvMrxk0Y9jr1zXY,twenty2,4539689415,mid,1513,4,3,11,6911,1901,4632,22,8,8386,9620,153,0,0,323,5,12,4,0.5172413793103449,0.10714285714285714
e94ogBk2WtioV1edx1WMGTCtOG_vlt3r920hley832HcgfJ6Vzjc5g56,별이 가득한 여름밤에 우린,4539958737,mid,1609,1,5,18,4783,6072,11801,32,27,14704,7531,52,0,0,121,1,20,5,0.7307692307692307,0.25
JJenIqcNvsHBTCuc_YBC3GcBk69LvW161W6VXR3NOshMkuS9TEcf2LnI,qwekmlfnsdn,4539958737,mid,1609,10,5,1,21796,998,9929,23,3,13438,14643,220,20,12,62,1,9,0,0.55,0.19230769230769232
5MAlyODmNzAevtqxxviIpGV9yUwQSCJnh9Ly2ihMjb6nztA,겨울이 좋은 사람,4540382496,mid,1677,6,2,9,12007,4579,15452,19,18,15462,11268,190,16,0,150,0,9,3,0.5172413793103449,0.09523809523809523
oi0cmN2DNr6G2EH4ltEXzO-CqNrtHaJRVDRqpXdpcJAxXR4,Cute MAU O v O b,4538902695,mid,1432,2,5,5,11415,240,6962,12,21,11563,8279,169,0,0,200,3,5,2,0.3888888888888889,0.16129032258064516
ZY2Efj5C1hBg2fWxmSbmaz4AAwwyVVRSeyWy-ugeUQ52OY4,순실세,4540689013,mid,1914,7,6,12,23658,4611,25733,41,9,25085,12910,163,22,6,34,5,9,6,0.4523809523809524,0.15
rqvuaBBGWIpUnm2hXlZX9gsn2s7cxCWmOQaKN-02SEhn1ws,엔과조이,4536854906,mid,1677,11,3,9,30531,5787,12035,29,36,18569,14035,169,27,5,159,2,7,4,0.7407407407407407,0.23076923076923078
m3tUFRxAP720GNOUmJlpYiq2pDOJgrno03Bph_L4mQvZY7U5D06kBX_-,밥잘먹더라,4514957738,mid,1891,8,5,13,29247,3080,8493,25,27,19249,13523,201,14,0,157,2,12,4,0.65625,0.15625
nMaqiqSD0696rcqdPdsi-Rr2o8XOuVryGRpIzYP35pOi,고난아 덤벼라,4514957738,mid,1891,3,6,12,12466,5953,10754,16,30,23719,11718,172,16,0,130,5,11,2,0.46875,0.1875
R6Wr9dRn6eFqxsVBL9EWmE1Nl8UGqG0Z_3651s5bTFkYXho,midkk,4534523802,mid,1516,4,6,6,15483,4459,7717,36,23,18047,9018,135,23,0,98,4,7,10,0.7142857142857143,0.2
yzrdjaY5nukH-7M-xyNU8B0vQsa4JiNKGFjh0Ru2QxLIiAODXedpkZpR,아리스트,4540562100,mid,2021,3,5,11,14173,3054,12136,41,36,21246,10484,188,2,2,292,2,8,9,0.5384615384615384,0.13157894736842105
qQwPm8DwgmHb1z05Sr_ZvGnuPNtQlTCvFS5TUT_XmODYVBVec7uarwNX,rnfkdjerjdn,4540562100,mid,2021,7,4,11,23594,4694,7509,37,50,19367,11761,165,13,1,260,5,15,2,0.47368421052631576,0.15384615384615385
zkKFej4S1M69rLGSFXSLbSw76UYmTKa8-gnD38z8_qNJ,송춘자,4536801254,mid,1973,18,3,8,36378,4801,11370,64,35,21873,16190,178,6,0,175,3,26,18,0.7428571428571429,0.10344827586206896
ULXqBwNiHLcQfdzW1Bqq4UlT2FTGkQCEFCsUJOADVS5-wvBoBE8z1tzv,째 냥 펀 치 ,4536801254,mid,1973,11,10,3,24159,6978,11964,16,3,32491,11718,151,0,0,46,0,5,9,0.4827586206896552,0.2857142857142857
CAEwk2ai9FR0cY82-BWUjqeTJoCMf6RD2NX94kETEZxmpMk_oDwxrUWY,Au5ong,4529761171,mid,1886,5,7,8,20849,3549,13834,30,7,25158,12204,194,16,4,146,5,8,4,0.40625,0.25
9--8znYr8Pdt27ekVSdlQ3Ra6Jb7ljJzy4XH1vFDoT8sA2MZST35Ut6d,UltramanT1ga,4529761171,mid,1886,13,4,3,21410,10437,21956,27,6,25627,14241,203,12,0,300,1,8,9,0.5714285714285714,0.125
pD3ayp1AwPGZsBS08_pQXliAWIFrekPyRlBFvYSiVza3LzmN_k7u6cHr,자존심세우지마요,4536863096,mid,1523,6,5,9,14812,5643,9912,20,2,20042,8996,111,0,0,29,5,10,1,0.5357142857142857,0.20833333333333334
KsZQaPQ2Fho_69hJvOMNoCCNla3uCNnQW1aDbRp1KKBjOrg,박종우도파페이커,4536863096,mid,1523,10,6,2,23623,5738,15487,10,17,22295,11555,174,13,8,127,0,2,3,0.5,0.21428571428571427
kzVKDANGyDy9jsEnoEMOnn8RT3_aIEpNyFab3fSDMlpS,랩하는형님,4540328251,mid,2015,3,8,3,14719,2579,43712,26,22,31818,10618,182,2,0,82,7,18,3,0.2857142857142857,0.2222222222222222
ECJJrccIhePYUolBaAUA-dN_GS-SNpGuvA81GdsIFV9c,뽀팡팡,4539348620,mid,2046,8,5,7,33678,2682,5878,19,18,12792,13673,179,33,4,169,2,12,1,0.5357142857142857,0.19230769230769232
X3YLnwf4IgpdhKKjQsZio4MSemZRqZuCfaPYZHULZJmf,Lv 2 mid,4518491170,mid,1816,3,2,4,9748,2584,27846,15,21,23690,9541,175,4,0,245,5,11,4,0.7,0.10526315789473684
iPywNN13MtunDT-b1eiRDqExuqIm929hMZjX9lalyFRzoxQ,피즈 똥챔,4518491170,mid,1816,4,3,8,17007,3399,10680,18,9,14335,11384,207,4,0,147,2,6,5,0.631578947368421,0.3
MwoF121JAAsM-vzrqZ8sai1xh7ZQWqmiPKHPew41T4MIDaFrlciqejpV,올AD의주범,4540302235,mid,1336,1,3,1,4505,117,6154,22,13,9765,6782,142,3,0,147,4,7,5,0.11764705882352941,0.2
JHq8I4f2fClsVJTotk1TjifpDeE4LmBksFwjnIRdMD7r,지 현,4540302235,mid,1336,9,0,1,13703,887,4604,22,2,8664,12726,169,14,2,100,3,8,6,0.6666666666666666,0
6yr1xOhQATJy-0Qm58zYiPAGRLuW0FuGmje9xXmm8ZsK-6c,AIpha,4534955123,mid,1443,5,5,15,14275,2827,6389,18,27,14333,11250,167,1,1,124,1,3,3,0.6060606060606061,0.23809523809523808
A3YCy9AfhzSoth5chCdUPYdlsToHAss7b_TZZO1mOt3n2EuSWQCGvOMG,ji du zi xin,4534955123,mid,1443,7,7,2,14413,4571,17885,20,2,21707,10026,166,4,0,30,5,10,1,0.42857142857142855,0.20588235294117646
QsdOBsGIuC90L51wbKSE-8rwXCHi17MacD2cASz_S2GIuohWGJdLGqoQ,gjf,4533028882,mid,1682,3,2,7,15964,1758,7612,48,5,11658,11670,233,11,1,99,7,12,15,0.45454545454545453,0.18181818181818182
AX72pDdblyO96bYbq85ozvZCaZWt1JPEi58PDhkuslnVQIs,Pauv,4533028882,mid,1682,8,5,1,15659,4474,19708,24,139,24648,12451,214,16,0,306,2,8,6,0.8181818181818182,0.22727272727272727
TcFjLrA12I_ehqGaRuoAKuTdSl0ndk_XITDpHibbq5cT2O7ABqzNU0Hn,빙결아리,4539117652,mid,1559,7,1,9,18995,3255,5928,23,39,12008,11879,191,16,6,258,3,6,5,0.5925925925925926,0.07142857142857142
Y7ACz4wOS-fzj50dOwBKw99YWWgEHsfDI4S42N51n1d6,말파장애인,4539117652,mid,1559,1,9,4,11046,4328,9958,22,27,23671,8774,160,0,0,157,5,13,5,0.35714285714285715,0.3333333333333333
PfKOzy6I4ZlIqU8QSNh_0sx-HySdkc6-wyNv5evoYmMtiKs,다시 열심히,4540672404,mid,1232,2,2,2,13428,1359,4709,19,1,11332,8762,178,18,4,12,3,9,3,0.2222222222222222,0.16666666666666666
mzqFJ2Imz60aJ8Iy2-55QZ0rLHXSNxUTPO_X-mMqp9lsAVs,shy sensei,4540672404,mid,1232,2,4,1,9673,4568,7441,19,12,16475,6970,136,0,0,295,5,11,3,0.25,0.21052631578947367
R6Wr9dRn6eFqxsVBL9EWmE1Nl8UGqG0Z_3651s5bTFkYXho,midkk,4538957914,mid,1734,9,6,8,23208,1799,10791,23,1,21872,14961,202,39,1,503,3,13,4,0.5862068965517241,0.25
vP_RTOT79jvfx_esoiVRrCv2MQq5UVhIbUhH3LkFIilZOc_wFbdPBVbS,멋있다b,4540699893,mid,1503,6,2,3,9103,4009,6848,13,2,13958,9777,161,2,0,50,2,7,2,0.5,0.0625
VXCWBQFtFfVO758O-UgEjSZbTPjznKLRsADBu3gktVlJ,Parries,4518554254,mid,1798,5,7,7,16094,1638,16843,32,15,22953,10544,166,8,0,177,3,8,5,0.5,0.22580645161290322
sghiySLt23kcPoZDs5kK7IZg5vSfcnViCnIqf2aCkpco95A9YZ3i3Cyl,Judyyhopps,4518554254,mid,1798,8,6,11,22963,5504,15741,20,12,27159,13119,167,24,4,174,3,5,3,0.6129032258064516,0.25
Yv8aum7EJ5NxuM7VV9b-fGSWFCRmrNJwsJVH0p1r64SWEbqW6tAtMPuw,크림퐁당다람쥐,4537471702,mid,1899,7,13,18,38920,5507,11921,23,41,34399,11596,131,20,4,170,4,5,0,0.5208333333333334,0.28888888888888886
REJwcw9mGpMUgdAizV6SroTxI6nuOJN4cVlgEs_uD1rLfGqsiQmYI72J,qrxb,4537471702,mid,1899,26,13,7,43910,9194,24194,14,36,40813,18198,139,6,0,113,3,4,4,0.7333333333333333,0.2708333333333333
ZQUm2wBma_0MznIZ7tB5XyJu974HavMA38-RqQKVrCNbn7w,핵제라스,4539923374,mid,1331,7,1,8,19509,152,2016,18,22,5198,10142,159,12,4,145,4,10,1,0.4838709677419355,0.1
glDYOajfcgVulUJAWQe6S363Hv2fW5wKXO1C2M91Gxzu0iaOu969kDH3,tcover,4540372167,mid,1677,9,5,8,26839,16040,22940,12,22,36523,13381,204,4,0,450,6,8,0,0.6071428571428571,0.2777777777777778
pNOrfGY8SV9KO87hhwCkqEZ4vPjLykcFqS6ewrxoUFa3OWEa-qC8oD1a,Yodle,4540372167,mid,1677,4,7,6,17622,9064,15263,16,15,25763,10367,191,8,0,327,1,2,5,0.5555555555555556,0.25
v7my19MPPNEuHUyzeKkJhZmGkiDhwqMSoiRSxE_ncqz75D76NnqamSh9,No Die Thank You,4540698802,mid,1865,5,11,4,24145,6297,27734,26,26,34563,10962,192,8,0,148,6,10,4,0.34615384615384615,0.2894736842105263
puVWJyGH2DJys_L2HfRavgMr1uYO1VcvnBWFbRnZMBRu2FI2UKrerEUH,현챵테레비,4540698802,mid,1865,8,8,12,23008,5003,13564,40,24,22790,12445,168,12,0,114,8,10,9,0.5263157894736842,0.3076923076923077
63mPXXFCBrEiBpnqE1uDeXbFwdnHePbqfLhjSLmGMLvGG3I,AEUP,4540314173,mid,1553,6,1,7,14095,3606,22662,14,26,19385,10416,150,0,0,205,3,10,0,0.9285714285714286,0.041666666666666664
QXSTKALpAy5A4VAdmQYg_kCDOL4JnDq5bVaBrkm4Iz6BPIw,풍치파치,4540314173,mid,1553,5,5,3,17135,7546,11655,17,5,20207,10256,199,2,1,118,0,8,3,0.3333333333333333,0.35714285714285715
bfq3xepgJWF5d19Azh443nuCDEj_Z1fyTt9l56wxTsv1-Es,해방된분노현서현,4539237861,mid,1577,14,4,8,23158,10435,10534,15,2,22886,14645,207,4,0,31,6,7,2,0.6111111111111112,0.19047619047619047
Xxl7qJVXTWkzsfnc1XOXTrVJByEXAZ86ToRgVQ4I52kxU68,SeTab,4526255516,mid,2137,15,7,10,46877,2463,16467,28,10,28098,16276,219,8,0,134,5,9,7,0.6756756756756757,0.175
_OaqZrJCvV8FZjFVRuMWyo-Dkcs6OwFUW194_O6-EqWfK0xNbdswZlCo,nunu2000,4515145950,mid,1230,2,3,5,20999,425,4931,10,18,9577,8825,196,8,0,268,1,8,1,0.7,0.16666666666666666
h9Ap8UhwVoQ6AvqD2B5-CL4JNyE1KhQNSll3ItIcvbxntKE,만수 민수,4538949256,mid,2068,10,6,11,22037,3921,14818,32,7,20678,14410,206,26,4,117,5,8,5,0.525,0.1875
bfq3xepgJWF5d19Azh443nuCDEj_Z1fyTt9l56wxTsv1-Es,해방된분노현서현,4539237861,mid,1577,14,4,8,23158,10435,10534,15,2,22886,14645,207,4,0,31,6,7,2,0.6111111111111112,0.19047619047619047
Tb0gI-1AbwR4qq6_bK8KYOk6_i2LEA2qw7RE3liWdtJLB4Wc0xKLwcqW,꼭핑사 Fan,4531424027,mid,1591,11,5,7,21103,2151,7912,31,25,16275,12602,163,4,0,132,2,10,9,0.47368421052631576,0.25
sbc-iAxv8jWjpw9fkw5qE7VslLFzGKGpve1nTKlTlOSa9KGAKLbW_dtY,holic3,4531424027,mid,1591,3,6,7,14319,1585,6520,25,5,15471,8905,163,1,0,75,5,14,7,0.5263157894736842,0.15789473684210525
v7my19MPPNEuHUyzeKkJhZmGkiDhwqMSoiRSxE_ncqz75D76NnqamSh9,No Die Thank You,4540698802,mid,1865,5,11,4,24145,6297,27734,26,26,34563,10962,192,8,0,148,6,10,4,0.34615384615384615,0.2894736842105263
puVWJyGH2DJys_L2HfRavgMr1uYO1VcvnBWFbRnZMBRu2FI2UKrerEUH,현챵테레비,4540698802,mid,1865,8,8,12,23008,5003,13564,40,24,22790,12445,168,12,0,114,8,10,9,0.5263157894736842,0.3076923076923077
DAvBXXjbEhRPZoyakLVKtGw2jdYCnSUYHCgC6Neb36I8HeThde71cYgN,Xo Bz,4540457649,mid,2027,12,5,11,28916,5520,13572,83,10,26952,16114,189,43,20,128,5,29,18,0.42592592592592593,0.15151515151515152
OYcT1QIN9FVzY2jz6ud44paWS-56Cp0JoJEu5e5jscc4,제천대성이,4540457649,mid,2027,8,11,4,22915,1588,17233,22,23,28691,12449,174,9,1,84,2,8,6,0.375,0.2037037037037037
ChjlgudaWOOUMDHlx4PQYjMviSSjJjSpQLDtaQ0V0GGQe019U_P68gpi,반 보,4531893815,mid,2194,9,4,14,33687,5862,9347,35,51,20540,15836,214,24,4,306,14,17,3,0.6052631578947368,0.11764705882352941
agTXHDpXawiTd6hvk1bmj9sGDkvbwm4FNc1h5P0fDNkRVaaKBaR1ut91,Lost B0Y,4540001821,mid,1916,3,9,4,16905,9240,27295,13,13,37040,11773,222,4,1,368,1,9,2,0.35,0.28125
YcxsaSb4wdP8guZc8Q54UGINcQ80oHnHrCiIgFmNJjEuOXoHHhWjABTT,Dondo 01,4540001821,mid,1916,8,2,12,25068,7049,31590,23,27,21285,15421,215,27,6,146,3,12,1,0.625,0.1
Ubbm3ca6KrdIl6s65DqcA45W-dR8BhNJuGZ5yzkrorZV3xk,자야는자야된데요,4540089994,mid,1359,1,2,1,7286,3501,8202,8,1,11232,6787,151,0,0,28,2,8,3,0.16666666666666666,0.08695652173913043
yzrdjaY5nukH-7M-xyNU8B0vQsa4JiNKGFjh0Ru2QxLIiAODXedpkZpR,아리스트,4540669338,mid,1885,7,5,4,15197,3363,8082,31,37,17094,12015,158,15,3,228,1,4,10,0.3235294117647059,0.2
peNVo7RZKhvJPwCIOgqsIA99Cl2TEOm19kxG_DjwX-wX,떡국님,4540669338,mid,1885,6,5,7,18911,6492,15169,26,32,23791,11629,188,12,0,299,4,7,5,0.5416666666666666,0.14705882352941177
AjzNeAIYTlBJghTngx2FuH5Kh-N4vuQAsv6cZkg4zmpvvuCXltBKU3zb,AfreecaTV 윤준호,4540830689,mid,1733,2,9,4,11129,3791,16819,11,2,23390,7027,109,0,0,41,3,12,2,0.3157894736842105,0.225
XqNw0EH4C4K_euh015EAw0ddh_IRgeVJCBi_u6OT4Z1Lw0frG-QsViH2,Fanta pineapp1e,4540830689,mid,1733,16,1,13,34007,29597,50511,27,30,49468,16497,179,37,10,290,3,7,3,0.725,0.05263157894736842
4lWymEEuGksihOkCnnXG0KslSNRsTSWavpZdsvxQ74qD,원딜or미드,4539688186,mid,1731,10,9,2,18504,3537,13973,14,23,25075,11975,140,4,0,149,3,11,4,0.75,0.28125
glDYOajfcgVulUJAWQe6S363Hv2fW5wKXO1C2M91Gxzu0iaOu969kDH3,tcover,4540372167,mid,1677,9,5,8,26839,16040,22940,12,22,36523,13381,204,4,0,450,6,8,0,0.6071428571428571,0.2777777777777778
pNOrfGY8SV9KO87hhwCkqEZ4vPjLykcFqS6ewrxoUFa3OWEa-qC8oD1a,Yodle,4540372167,mid,1677,4,7,6,17622,9064,15263,16,15,25763,10367,191,8,0,327,1,2,5,0.5555555555555556,0.25
poS3XTgzUayoT2WQarUW54UXdZoEzEDT_ajusLO_L8j99VA,사람이름이방현식,4539250528,mid,1456,5,2,6,12772,2510,14051,18,7,20930,10621,165,4,4,83,2,9,3,0.39285714285714285,0.16666666666666666
elfpW0F1intnx1z7biIFDp7-3f8Zp8ph7SIPfJRPeKAX,난 악마 일까,4539250528,mid,1456,3,3,3,13156,5596,12917,17,16,17063,8183,144,17,1,199,5,8,3,0.5,0.10714285714285714
wbmdTQLbop43dWenMLzmwwez5bOvM_Pp0uFvVKFhzGZ4CBZLly03fpGo,반포구대표미드,4530354745,mid,1596,1,9,3,14185,2392,9282,9,12,21449,7328,133,0,0,17,1,3,1,0.26666666666666666,0.3
J-NsTote3GGzP3QV-ugQR9c414TR6o92ylKNg3Nio7B8AfD2r6IVo9gQ,봄꽃나무,4540143466,mid,1380,4,2,8,14196,3800,7843,27,10,17674,9473,149,4,0,162,2,9,1,0.3076923076923077,0.15384615384615385
l-r-dUdf9FBFSOFvHNIiFugMMJSUskhu_NGvfWTA6rqFZ9I,더 멀리,4540143466,mid,1380,1,6,3,14769,4108,9547,18,3,18968,7843,158,2,0,64,2,8,2,0.3076923076923077,0.15384615384615385
JaADlBvYA_yrsmxjUNPzAiPr-zLeuCTZg-cxCNFavr7Qbn8,Silencieux,4540687799,mid,1525,4,5,15,17257,2764,34024,19,27,25107,9570,138,0,0,206,4,10,4,0.6551724137931034,0.1282051282051282
o63GpzRNLEw_1mMnGqmCYKiUgQocxcvDPNojkc0-cm6KCRCX-hE09tf8,버림받은사람,4536886612,mid,1349,11,7,2,16504,2915,6851,14,16,15692,9932,108,0,0,67,1,5,2,0.6190476190476191,0.2413793103448276
pNOrfGY8SV9KO87hhwCkqEZ4vPjLykcFqS6ewrxoUFa3OWEa-qC8oD1a,Yodle,4536886612,mid,1349,4,1,10,10235,2259,8058,19,18,10101,8776,147,4,4,266,1,8,3,0.4827586206896552,0.045454545454545456
D9gVMYDejyNy3DSEEcmlHrdcYZ35eeem8UnshqYZBV_o0NJze7xfWIhF,77GameSuperAD,4521281498,mid,1271,4,4,4,13641,1992,14406,16,17,16503,7946,136,0,0,196,4,9,2,0.36363636363636365,0.25
Lsf4hPr9XdBomQJTKJGz6b7WNT0NyCwqh59XzKlZSqnE-srJom1uZU18,문창섭,4521281498,mid,1271,8,4,3,14953,3713,7125,11,4,16587,9940,133,4,4,145,0,4,2,0.6875,0.18181818181818182
AQC0mo5NA6psA8jpfg8FRelv8Hb30RQto0iNmku_W8k5ohk,APK HaeSeong,4540780721,mid,1405,3,10,2,12236,2210,8791,17,3,19120,6346,108,0,0,109,2,4,2,0.4166666666666667,0.2777777777777778
5l5CVeJViTI3mWDryC2cPcmt0eUusnWl1XV1MIXstUR4vDh1pc4cNr10,누나집에가지마,4540780721,mid,1405,10,2,10,17248,3938,12064,19,8,13298,11897,139,12,7,111,1,8,1,0.5555555555555556,0.16666666666666666
zWW0FoFqPG6xk3E2fzK4UGJ0nrCsZotz98jxb74DuBFYPHU,서현명,4540319009,mid,1823,6,6,7,20700,3302,10750,19,20,19066,10666,168,26,10,172,6,9,4,0.3939393939393939,0.14634146341463414
ifXRoq1w7Tv1qxhDH0b9Ce-djSEw7ddzfNc_Kle9euTinNIKhQcOFARA,쪼매난 강아지,4540343044,mid,1535,14,9,4,25921,9149,19538,13,17,32327,14766,178,12,0,108,0,5,2,0.6206896551724138,0.3
FkGLeFUABqOCJon8rCUaKVHuOcHIws6_NHqzj4ibBvRe,ExiIe,4540698857,mid,2257,5,10,11,25776,785,7577,41,38,26296,14101,203,8,0,248,11,15,9,0.47058823529411764,0.21739130434782608
FB9l47JVHzjqNQ7fwfCxUK4vtltmnA5Kck4CXGq9dgZ0Aok,정헌희,4540698857,mid,2257,11,9,15,29765,10382,30897,44,4,35857,16742,179,19,7,55,4,6,8,0.5652173913043478,0.2647058823529412
4sOvK04aCSXFXGTbLxIviKGP6yZRITjV6-iYnFjca8pE,사탕먹을나이,4535880919,mid,1340,10,1,6,17399,3809,4626,16,19,9858,10302,137,4,4,98,4,5,4,0.47058823529411764,0.08333333333333333
4qTA0lSinThWBM9ZKBknaicL76TjDDZYXoicUlPOd4HevCE9-b9yeTmS,샤코잘하는사람,4535880919,mid,1340,3,8,2,7024,2138,8598,16,16,15545,7033,88,0,0,76,4,8,4,0.4166666666666667,0.23529411764705882
qtlZwi8I_oKviK3zd-oj0Pvtdni5k5lnEUQjSDDvph9ry9puKFnREPuY,열심히해볼가,4540259751,mid,1900,7,8,12,17382,7034,20152,28,18,29163,11800,172,6,1,101,2,13,4,0.5,0.2857142857142857
t02Y_9vIQASmVZzws01lucKv3-ivGXNXLtY8KD5GQ5LIGCMRKoCmvtgr,T1 Baby Faker,4537258976,mid,1221,4,3,4,9609,5948,8995,13,16,17889,6775,123,0,0,190,4,9,0,0.6666666666666666,0.14285714285714285
