account_id,summoner_name,match_id,position,playtime,kills,deaths,assists,totalDamageDealtToChampions,totalHeal,damageSelfMitigated,visionScore,timeCCingOthers,totalDamageTaken,goldEarned,totalMinionsKilled,neutralMinionsKilled,neutralMinionsKilledEnemyJungle,totalTimeCrowdControlDealt,visionWardsBoughtInGame,wardsPlaced,wardsKilled,killsRatio,deathsRatio
BW_x_mzN-C8QkY-f1Dz69WZft-6KA1TmHp265N8CQwEyvVA,Sorry About That,4541946851,carry,2013,6,5,12,18117,4479,9859,16,43,17527,13186,197,12,0,670,1,10,0,0.5142857142857142,0.2
TbG2iMSEs_lPvIHxmDa7OQ24SpeqHdIAyPh87V7CcepJuuA,똥똥이형,4529288161,carry,1235,3,6,5,10881,1558,5425,4,10,14191,7430,128,8,0,55,0,3,1,0.6666666666666666,0.16216216216216217
c8cMs_S6y8RoGwKVg2NTogik2yz-EH3R1NlFJ9rNlQejiwI,유니콘꼬리,4529288161,carry,1235,12,2,8,17090,1404,3722,7,18,8822,10573,135,6,4,36,1,7,1,0.5405405405405406,0.16666666666666666
_pwMy8Jd2VriKBEyFm5Z-Qhy2KQe7Yzv8BeEzIw31Xn1-S4,스페인여자랑,4540572322,carry,1753,20,7,8,36255,5397,11889,22,3,22579,18113,178,16,0,32,1,7,2,0.7,0.18421052631578946
GXo7TS44Wzxq8UGfcRBX_cCt7BtiwUtBIwHMpJ4lDs7wwqg,아찔한모르가즘,4540572322,carry,1753,8,5,9,34162,3332,7916,14,44,17075,11164,146,8,0,157,0,9,1,0.4473684210526316,0.125
f1A56WoSvb4Thq4v7VVWUELw78jVaCNWzvGoR_B86ab5nr0,애이s,4541540848,carry,1633,0,4,5,7369,3266,7098,18,4,14445,8803,164,14,0,36,3,10,1,0.25,0.13793103448275862
vkMaB0TVsN7u8OiQ8JyIdyT40CsK7JOPv-rROMQOqTyy,그냥 남자,4541540848,carry,1633,4,4,7,12890,1767,4738,13,10,12652,10140,172,8,4,499,2,6,5,0.3793103448275862,0.2
SV9mQELcRaecIU_q6Ggg50DlKwaswxXB_kgDjQTqeqkchS4,GUCCj,4515766018,carry,2277,7,14,15,34971,3958,16222,16,13,33969,15877,201,27,0,151,0,11,1,0.5789473684210527,0.23333333333333334
90kVdlHk-pEF4-ZKDjb8sCTh4IwDaQmk4J9gI0Ls9oT5,Leon0,4541771457,carry,1905,7,6,7,22385,3385,7986,18,5,19890,11866,184,12,0,48,1,8,4,0.5,0.2
kZK6lcZsSgwe77tESxc10gYEgxLdND1x7YxZIyQnjiNldL0,qkraldus,4541771457,carry,1905,1,8,7,18345,1967,9402,21,8,19261,9081,149,20,0,126,1,11,2,0.26666666666666666,0.2857142857142857
xbkiWpG67g8uilMYwR7J2loGswkT2SojBbYyd_-UfhtKhxM,Luckyyme,4467763245,carry,1639,11,4,10,20645,11125,11408,27,6,21998,14830,184,44,9,85,2,10,7,0.6,0.19047619047619047
jGZS7wgd7IUhIx6-_qcxrSGLd3SeHkvncyUonwssdMrE,qkekqkek,4467763245,carry,1639,3,8,6,16010,2156,10265,18,16,20816,10485,175,19,0,272,1,8,5,0.42857142857142855,0.22857142857142856
pNZxiJL71y1iSDha_6pygSNLpIHp-NJc5ml_K5j4mfO5LO8,동글해요,4522944975,carry,1435,10,6,8,23639,1349,5908,19,8,12686,12894,159,13,3,283,1,7,3,0.4864864864864865,0.2608695652173913
81eJOjx3G8yDTWijufMZl0HQcvXznDFCL56_Qjs5BfF7XjU,ISENSE PC,4522944975,carry,1435,8,9,5,12101,1760,4663,16,4,16186,9767,136,4,0,15,4,11,0,0.5652173913043478,0.24324324324324326
48Ddr9Eg2X8pIJ_Ey4XXvgcZIkdTzwruGbLZVYDz7VrxX4BiLk3Ds8hE,아델 이렐리아,4515480857,carry,1525,3,6,4,16281,1237,8859,16,2,15113,9529,168,4,0,60,1,8,2,0.5,0.16666666666666666
sxAmRPT3UM20GV3WZdWhVy9JOuQEhHVIFP79m72IxjMI,KOR Ruler,4541877633,carry,1682,10,5,10,30235,3488,8448,23,35,18936,12487,164,20,0,99,0,7,2,0.4878048780487805,0.19230769230769232
vXXHas_pKpXgm-PVnWgxkCqN14Um78yWE77ZwqyUdGUAgIj8QzUFJ2Rt,Corals,4541877633,carry,1682,10,5,3,29417,3686,26012,7,10,24805,12046,188,4,0,241,0,5,1,0.5,0.12195121951219512
b65Eu_M8aydp73JJpe-Fo0sT6ASDtVTakTBOsxvUVS4n-hY,골딱까지묵언수행,4537377007,carry,1640,6,5,5,16530,1545,5206,13,38,14826,9369,135,10,0,541,1,5,2,0.6111111111111112,0.1724137931034483
KvuvQjQNHBYFhkapzYnRFUfSKROhT9hoR3msht7qscl6smU_ZAnZkwRu,난 진짜 씹덕이다,4541545037,carry,1300,2,6,3,6134,1433,6215,12,0,13236,5798,105,0,0,0,1,4,3,0.625,0.2222222222222222
xwvmo6n5zZTE-vpEtVNI8N4iy-x90bYB9bznLIyO2Qt-,누텔라맛잇다,4523076307,carry,1348,2,1,8,13989,1589,4482,20,37,9577,7318,123,12,8,579,3,9,0,0.37037037037037035,0.14285714285714285
-TVNNSMWQPU-sN0nEGOCaUQVIEIimzXkjmtpcq_CB-wG_8k,패션쇼,4523076307,carry,1348,0,8,1,9203,361,6868,12,1,13551,5437,114,0,0,19,0,6,3,0.14285714285714285,0.2962962962962963
F7Dml9XxiDIcOtFsspUabNJr0hHj-g6SnfRgcxYAFDkZ2-4,내일도치즈,4503543622,carry,2091,11,5,8,20847,3279,8246,28,4,19036,16448,218,50,11,68,5,14,1,0.8260869565217391,0.19230769230769232
o8s7i-zpSIu69eufJhym8ubUMcpc6PfqUyzMrmruZ3QYVWLPh5LmwpX4,챌린저칼리유저,4503543622,carry,2091,5,7,3,12494,2135,7756,9,5,17517,10134,153,8,0,105,0,7,1,0.32,0.30434782608695654
GL8hWa68dg6WBtBG03TO0gPkeOSosbHc_nDtIZUalJEJ,금수대왕,4541235640,carry,2005,6,7,9,13182,3498,8484,26,8,20916,11706,174,0,0,177,2,11,4,0.36585365853658536,0.25925925925925924
vODjFiINh4Ed1EG-UAr0Y1lsDiaTeHsh3FDDqcyy-s6-iaU,맹구s,4541235640,carry,2005,2,6,6,13596,3418,7015,4,40,18878,9117,167,0,0,171,1,1,1,0.2962962962962963,0.14634146341463414
LupImphsBxW2JeALAuGQcCwTrzltxkQBIyIf3_IGPdp5,20171018전역,4541373723,carry,1406,4,6,2,11879,616,4091,6,16,14317,7895,138,0,0,51,2,5,0,0.3,0.18181818181818182
IP_57qHKgKQY7pwh5oDg4hRwjrZFoKzkQJ9DXZxH-qKr,솜이는멍멍,4513506498,carry,1956,10,5,7,20809,2462,9285,24,3,17915,15679,257,20,0,59,1,11,7,0.6296296296296297,0.1388888888888889
eZ7y1ccD5bF6ppSZf6iRUKP88GA-3JaMfDRVTwmiwMmH,아하어헝,4513506498,carry,1956,5,6,12,21190,4512,11800,15,8,16826,13483,190,1,0,222,0,10,3,0.4722222222222222,0.2222222222222222
Rf-c6zy5yC-BZ9AE_Zcqfhr_hwMKCkaBSKH9gkXilpCB57c,그노그로,4528585360,carry,2615,10,9,14,30995,6356,18697,73,62,34126,17173,173,76,9,924,7,21,5,0.5217391304347826,0.16666666666666666
xVKDgiPRdQw9LaOnBKQsUpvNMpdEXVjZbd4AWOiYG23whhLFVdWh_K5m,논개후손느갬,4540282052,carry,1299,6,2,7,12538,1197,3286,15,29,7980,8736,139,0,0,482,0,5,4,0.6842105263157895,0.14285714285714285
gof2bNiPY4jEx0onz2eoyD3_tFb00kv603r6huLdBmQgtPU,인간성기사 곳폽,4540282052,carry,1299,0,6,10,8772,1765,4577,8,17,10755,8195,125,13,8,74,1,6,1,0.7142857142857143,0.3157894736842105
6j0p14mAlD4TQULFcpC7cXm1FKIndjcvEC8I-q7EQ-8t38VYo3VN-aV4,오직시비르만,4540863027,carry,1398,4,12,4,9876,2518,7692,7,16,16821,6521,90,0,0,60,1,5,1,0.36363636363636365,0.3
SqXmWBgmDid6aNdIvYn1ugTcHUGCeO9Pc83kPa5uvJtFGtQ,카운터나오면던짐,4540863027,carry,1398,25,6,7,54098,3387,12014,14,64,23306,16440,174,9,1,878,1,2,2,0.8,0.2727272727272727
k3KjjxKY3wvHuenXoqSfneYCRe48U_1AHfom3Tv34-OCVxA,네가 있던 그곳에,4540018409,carry,1253,2,3,1,6075,1284,2127,11,11,5214,6098,121,0,0,25,1,7,2,0.25,0.17647058823529413
HNV3KTzRSCVD0w0uy1BGPboCTHCdWATC5kD0ATNpQ9LG,발작z,4540018409,carry,1253,4,2,4,6187,682,2866,15,23,7428,8090,153,0,0,499,2,7,3,0.47058823529411764,0.16666666666666666
rNrnQqf7cYfgJvVrb0w55zQpXTiSps8s39o-qHHvHA_VBA8,너무 달달해,4376679232,carry,2079,14,3,10,20729,2132,4637,25,11,13786,15937,222,18,6,202,3,9,2,0.7741935483870968,0.12
WuODW4x84RgWDbHFUI3RwtV8c_BxCTKglD4kvWxbuNijcLc,하니가좋아요,4376679232,carry,2079,0,3,9,8402,2797,4859,35,4,10027,11153,179,34,2,62,2,13,9,0.36,0.0967741935483871
o1RvABWH6mv5sqYzwgTAKwur1t5d7URb5MKD9V3B-QcEgaZB7IyZTrd9,Double Corrupted,4537396892,carry,1408,0,9,7,4142,664,4695,8,22,11937,5488,78,0,0,358,1,3,1,0.35,0.2647058823529412
Xec5kAQDHmG-P60-T62KKl7prr6FjTgJsgejRuLnfgGUUgQ,이게먼데a,4537396892,carry,1408,8,4,8,13377,2584,9495,13,5,14115,10364,140,9,3,94,0,7,1,0.47058823529411764,0.2
kFxtpAdaDBYgxqVpAC9oMJdksHWcISuP3aKHsYaMlX-0,Twixs,4540503659,carry,1399,5,6,3,10614,0,6655,9,9,12835,8608,147,0,0,50,0,6,1,0.3076923076923077,0.20689655172413793
rjlsq8XlgEcS6fIVWcvxfvVeMm6Aa-IzBGFujviNAPxQhwqfqW6quRpF,badboy1oo,4536857205,carry,1915,5,6,1,10352,4117,9427,7,6,24489,11339,208,12,0,70,0,1,1,0.2608695652173913,0.21428571428571427
Z9Zwe_ZFnz26nWTduquUIbTPTqSOJyIJgY9KMrJVIqZiAgcfFZzFfryE,널먹고말꺼야,4536857205,carry,1915,4,5,9,20654,3331,11406,12,41,23406,13450,191,24,7,806,0,7,0,0.4642857142857143,0.21739130434782608
420pGG_6rsKKywlHJFUQlaRIc3lGp1AbX_--FA2dNEWZ,지행꿀주먹,4461984202,carry,1346,1,8,4,9801,1711,5290,10,27,14862,6675,97,0,0,474,0,6,1,0.625,0.25806451612903225
tawPUZYOoN89Vl97gXd5XBR-6X7vw_cxkpLO2QXd3CFw,그냥하는대로만,4461984202,carry,1346,8,2,10,20959,4108,5921,23,23,11985,10701,143,0,0,59,2,9,4,0.5806451612903226,0.25
IuKIyWRjY_oVfWECRRaD-0E1Kj7T1K4x8f1uAKOeocNAzSs,물빛마음,4540597983,carry,1653,5,6,12,15690,2337,9251,25,0,17045,10463,174,0,0,0,1,10,3,0.5862068965517241,0.2727272727272727
HDCUGjghnZLki1Ljd9BZby3yb2Xrv8syFGbx6RrbECcvokw,더 골,4540597983,carry,1653,6,6,7,18441,2042,7759,21,9,16748,12109,211,16,0,57,2,8,4,0.5909090909090909,0.20689655172413793
rW7r-mAn6sAUsCTmSMig2beUfEBOJJELYmrNK59q_FJCQvCuW9_rM6bO,moon213b,4513515316,carry,1567,0,5,4,6573,1073,5164,13,6,13098,7527,135,8,4,11,0,8,1,0.2857142857142857,0.2777777777777778
UuX8x2MVid3nSzwM0qtp4B3V5O5m8t7zikNENcln-JTMuFs,베이커스트리트,4513515316,carry,1567,3,3,4,7547,89,4628,9,12,10516,8496,113,0,0,41,0,7,0,0.3888888888888889,0.21428571428571427
T14m2mZTPeIyEkRh5oaON17HqdTU9v_qi47HywF1myB8lNnIONX2n219,벌레 경민,4487509783,carry,1707,15,2,7,23770,3614,6655,14,3,16316,15489,176,50,14,39,1,8,0,0.5238095238095238,0.10526315789473684
Ac2AXBvyeJvWULbOuIWHuBLzj23ANY6axiKVxTOJzS_aE37l34bST0mS,AD Tay lor,4541298712,carry,1229,3,2,5,9423,873,3749,10,1,8736,7634,126,12,0,163,1,7,1,0.2962962962962963,0.2222222222222222
YiXrFAcjc8fUAxomRtc3l7F6tzp-S9tJ39vKQZvGeGy0umHk1wlsXODq,최후의사냥꾼,4541298712,carry,1229,2,4,4,6810,701,5883,6,7,12375,5676,77,0,0,13,3,7,0,0.6666666666666666,0.14814814814814814
4WytuM_WZ_HuEEYHt4icEK1FcuGtL0twXfXdQGDQ9TkxOpc,서비오빠,4540904419,carry,1534,5,5,4,11859,1526,5585,17,29,12411,10705,148,20,5,565,2,8,2,0.32142857142857145,0.29411764705882354
eQLIRYejEk4xm0QHsHNwoQvju2gGFZ0Frzpqrj85f_U7MDMIFP_BoeLb,대전프라,4540904419,carry,1534,6,6,6,13868,2391,9761,9,3,16118,9240,119,13,0,76,0,5,1,0.7058823529411765,0.21428571428571427
_IhGX8sCoCYYg3cjOkgulpZ9myoJ2GbQjQseccbCq5z4e-k1WteBiTzk,i day just,4539948671,carry,1744,5,2,10,21642,1777,5435,18,3,12725,10626,165,2,2,87,1,8,1,0.5,0.2222222222222222
HuNjsShgbOAUue7GCEABFwLOcgCsr5IO_UiNd2QwGVzcc6tNztFyQ2Zy,시노쟈키 아이유,4532527873,carry,1983,11,4,7,33435,2765,9017,20,11,18503,14072,220,8,0,262,0,11,5,0.4864864864864865,0.17391304347826086
iaJk5jjXigcz8SrOynks4BBfQqMNJHvLnGq2P-T35GdB,Score12,4532912832,carry,2320,10,12,16,29408,7434,19493,27,72,33731,16643,246,16,0,1204,0,12,2,0.49056603773584906,0.21428571428571427
UsZSjTrll5J1xSZUj-mXvp6BdP1Ze16TRDEZ5pyduOlr,대구렝가39대손,4532912832,carry,2320,19,11,15,51948,9484,28726,22,3,39208,22498,226,52,4,58,2,8,3,0.6071428571428571,0.20754716981132076
WHJLKO_OZ5qMgrDQ9QBTmCSjOoY8kNBLujh6gQJbKj8i,그런일,4537051002,carry,1485,8,3,11,14370,1800,5058,13,30,13970,10568,166,0,0,608,0,7,1,0.4634146341463415,0.1875
304L4oep41uwlQfVPY2ST6cMHCGVrM4NSwM5ZcojWvQgvR0,나is여시바꺼,4426234353,carry,1720,0,6,7,8989,1733,6077,13,26,13447,9103,146,20,4,635,0,2,3,0.35,0.24
RebG19q77_WmTfItAPD38T0AV1WlHq11xzBsKb-TQ3j5NCM,구리후다,4540326961,carry,1910,5,7,6,18595,1994,11927,21,10,20719,12964,179,43,9,110,4,5,3,0.275,0.3333333333333333
GImBQkCFWRH__iZK2wwZh8OW6PmpeNbH32id79rFL7ts,sparkling1204,4540326961,carry,1910,11,7,2,28778,4131,13243,22,13,28316,11175,118,4,0,217,0,9,5,0.6190476190476191,0.175
urefz3BGg9xTVQurDECpYiQ6zmO5ZKtVfic5u9YslWgufXo,노슥자 돈뺏기,4528012565,carry,1878,18,4,11,41973,7277,21242,28,2,31796,16768,179,32,0,42,2,12,3,0.8055555555555556,0.125
5mc1YidW6fMV9NArRAyfTmVjIl2yHchYqimNT70Mk8BDUsw,MoveandHigh,4532527107,carry,1704,0,3,2,12293,1837,9397,7,14,14903,8670,191,17,0,138,0,7,0,0.18181818181818182,0.15
yHp1yhjlCD8dZ2H67X2G6V6YtoGpJr0NMA6hz1eWayvlaZkAeNW3JlhD,김하승,4532527107,carry,1704,8,1,6,26575,2905,11258,13,31,12928,12555,232,4,0,151,0,7,1,0.7,0.09090909090909091
HP3PyD-osOSTd9WWe0cByJwt4HdO7Jq1uU_b120bSBCh,봐놔놔우융,4424675158,carry,1681,7,6,9,15264,1111,6298,5,2,13244,11377,170,8,0,135,0,5,2,0.4,0.25
QD_6nhYZxJov1UloW-17EqcG6tA3Ln5hVJqdTpEFb91xrwo,WF Red Ice,4502026154,carry,1276,2,8,3,11034,1964,5048,10,22,12938,6615,106,0,0,49,3,6,1,0.7142857142857143,0.18604651162790697
99V11g2LnV-qGi6UyAuSBebj-p_lYxuy7pGW0arT6CJZz1I,탑은 집게차이,4440382665,carry,2275,4,8,8,15495,2001,13341,27,0,24413,13603,249,4,0,0,2,13,3,0.5,0.26666666666666666
SuHJyguYsu3-dethl1GkwX-d9SDY9MwfsNwpgSICLdMwoeKwFtxAZTwz,누나현태왔어용,4440382665,carry,2275,6,8,6,19368,2964,13581,41,32,26378,14494,213,27,3,99,2,14,6,0.4,0.3333333333333333
8NMtQyv3bpu1I9ZpAr1hAPkvmZ06BvYhh7hAF6LQgHiP,Uzi forever 9od,4530271089,carry,1908,3,10,7,10663,1472,10833,4,1,18256,9301,98,1,0,132,0,4,0,0.2857142857142857,0.2564102564102564
RovIaLcI27O8-v0STVV2tTpMcveSibiQAkYTjB5WNP_OCplQB82ItrlE,7사단수색미만잡,4530271089,carry,1908,8,5,8,25189,3453,13750,43,13,22728,15910,180,36,8,98,3,13,2,0.41025641025641024,0.1388888888888889
RMYNczyR6ek7mlsvw9Lq6BgfrI42akXhzUOi0GcMaWZjky5IVKEYpTKe,굿찡굿찡,4509738322,carry,2038,4,10,9,19758,2096,13859,12,16,23796,10704,173,14,0,213,0,8,2,0.4482758620689655,0.2127659574468085
LpkDSKAK9hLBSwmu7quZMCmLVEQlJlbIkP0A2QnDBjx7,당 삼,4509738322,carry,2038,8,7,16,29134,3109,12579,17,57,21116,13801,163,19,4,906,2,4,5,0.5106382978723404,0.2413793103448276
RDOs5YTW8HZNDnfjtCMCB_QCJkyV1kb25uZCbl_YgHlr,금곡리 양날도끼,4522117725,carry,2207,1,8,12,12645,2098,8425,15,37,18073,12117,152,15,1,646,3,3,1,0.4642857142857143,0.24242424242424243
HhIRMZHXGpBcwWTUwmMXcFTzxMkal9htRoZ4dgghsz6u,똥도그,4522117725,carry,2207,5,5,8,17701,8354,11692,47,3,26500,12930,142,79,8,158,1,12,6,0.3939393939393939,0.17857142857142858
u5GlasUJmwkuXVW5FYT3sSo-0yqMFkvV16aHFfdMOqZJ,연예의신,4097861757,carry,2260,10,6,8,24068,2954,9831,31,2,18085,15298,220,28,0,97,1,11,6,0.6206896551724138,0.1935483870967742
hE7wlwHu2e4dmSdU7CIAdrLHcA07Ngl931HRS1OdG30Kd5bQSHClgO1x,01039549406,4097861757,carry,2260,2,7,15,25759,3392,10590,27,4,23476,13669,235,32,0,52,1,12,5,0.5666666666666667,0.2413793103448276
6uGuvwKAyBh2-tXK8ikrxjDDWBdwCbFkHKVWuXmIWXrk,냐옹하는멍멍이,4533600307,carry,1889,2,4,8,15455,2384,10485,21,9,17455,12715,262,22,2,27,0,9,5,0.3448275862068966,0.15384615384615385
mGpA1LpT4KBZO6fleKKH44ydPLXEZo-Io3wobN4iCOKE,톰과란제RI,4337679912,carry,2837,9,11,9,29342,4319,18946,38,36,33286,19277,235,44,0,354,2,15,5,0.33962264150943394,0.2619047619047619
sTolZE7vcZqcyxQA2wPCALzbS5BfLH0p6DEjlmCsTsJ3HV4,dnwlals3,4337679912,carry,2837,2,8,21,25116,6867,12136,45,59,25928,16044,246,12,0,905,5,17,3,0.5476190476190477,0.1509433962264151
nUm3adwngfYd12nOi5IQaknbOcxs27hG0akVK8y9lXmc,개간지끝판왕,4532480349,carry,2084,9,6,5,21180,3302,10696,14,23,19016,14493,207,38,5,114,2,7,2,0.42424242424242425,0.15789473684210525
0gkSSlEROBnB76oFAaOHqTIZLpryyvrZ3IiqJRn2hSg3,민순기,4532480349,carry,2084,9,4,6,29924,8171,13197,34,2,21018,17348,277,32,0,69,1,13,5,0.39473684210526316,0.12121212121212122
OrsxVF8WeYf2jOHbZVWXM98DJd5fBNeFcCmXFvBBmYBOQuI,Smiling flower,4516998346,carry,1962,8,6,3,13534,2285,9807,28,27,15858,14147,226,12,0,593,4,11,3,0.36666666666666664,0.3333333333333333
DI9-oRePmnzZRxmtrOJFzlEa-fdIP-0_JL3e5xkaa4Gq,꼬치컨트롤,4516998346,carry,1962,4,3,5,12375,2953,5517,22,31,13491,11690,204,11,0,162,2,12,2,0.5,0.1
KIZR3DVl0X1iD-Mc3JqwDmJruhaqSEg_nrBcbhvuBIEsbgKA50XQSFIE,Azubu Frost 민기,4511920916,carry,1516,3,8,8,8432,1154,12096,14,5,16211,9746,151,8,4,131,0,8,2,0.34375,0.3333333333333333
uNp4L8Z0BzHLb5LnTKALmZIqk7N98B-GS1VQaHT9Jhnh,화곡동윤스타,4482280574,carry,1990,0,10,5,14468,784,11990,13,7,19276,9890,217,0,0,210,2,7,0,0.18518518518518517,0.2222222222222222
5Fk8kpCRZmy9iNtpa4sh7PUYmlJpEcHMvd0cc1Y59YPI,e5MZlSdeWI,4527997584,carry,1382,0,3,1,5129,1104,2956,9,5,7048,7155,182,4,0,22,1,7,0,0.125,0.14285714285714285
JzZGDED7tS0X4jMNPALFFPOGU7VCJern-4I3H9TTdhPgjIQ,쨈쥐놈,4527997584,carry,1382,6,0,3,6090,3826,4358,22,0,9163,9706,181,8,0,0,2,9,2,0.42857142857142855,0
wQu8IRFxYYXms01YRVQisJqaMMM4Ry7DmBKzGdh0Zlaj,베개튀김,4471802877,carry,1429,2,4,4,2590,1344,3303,7,1,9120,6314,99,4,0,7,0,7,0,0.46153846153846156,0.16666666666666666
1cQT4qFjLT7ehJlB4SqjLmLPoLfLYrg83RCR5lxiiKIh,브베속옷도둑,4500180393,carry,1927,14,7,6,30510,4882,16412,14,2,26087,15456,220,17,0,63,1,9,2,0.6060606060606061,0.2413793103448276
BxvEkaGiIQ51UX26SDimV2gdnLkFNf78aTIOhzTe7ybXiko0K6BL7alP,PGT 뚝딱이,4500180393,carry,1927,7,8,8,24102,1662,8965,27,3,20290,13968,175,20,0,29,0,8,4,0.5172413793103449,0.24242424242424243
dv97KvOpWGOmFAKtZakch24ALzEDaS_Cmuw3hntOp1Qp,스투하세여,4492877319,carry,1947,17,10,2,31102,3145,16549,31,61,21643,18212,189,33,0,868,0,8,5,0.5757575757575758,0.22727272727272727
nRGuQp26HKHHTJc8le2rQROMdNkem_0l7MPyTK_zL1jU,Y way,4492877319,carry,1947,6,6,15,17428,4423,8232,24,3,17362,13131,184,12,4,31,1,11,5,0.4772727272727273,0.18181818181818182
hM5HkSDVFmtiJP2pQlpNWBjoeelxR6BucG_sWH9aDuum1LR1av9mE3bg,막타만치는사람,4502174025,carry,1479,4,8,2,11686,2078,8007,16,0,17758,8063,155,4,0,0,0,8,3,0.46153846153846156,0.2222222222222222
n2BvaRUa7KnsLIMfY-AXsKPqXacQMaIADvoZcRL2NWW6T8I,신비신비해,4502174025,carry,1479,13,1,11,22200,1967,7135,11,36,14164,13517,206,8,4,717,0,1,5,0.6666666666666666,0.07142857142857142
IJJ1rKdbIxQlhytqpJf7e1CLqqdqteZIZIweYUXmwIMS6CA,룰루의친구카직스,4518122280,carry,1452,1,5,5,9672,2419,6432,12,14,15796,7527,150,4,0,122,0,7,0,0.3157894736842105,0.16129032258064516
hT8RffzL1Wwv8fQBr1_4S0wK79cCY0k6TV7IvDsXHJ9Ecnekxw5uWRhR,Polizeibeamte,4518122280,carry,1452,9,6,11,15137,4208,5444,7,15,16618,10381,127,0,0,110,2,4,0,0.6451612903225806,0.3
AjBDge9qvOnQL317JdJL5ZSDBAoaK-5wVD9KpRYmBufpgPkxGhKbIXG-,여섯번째 소환사,4541241362,carry,1717,4,16,6,9752,2410,8410,15,4,24061,7799,90,1,0,12,0,6,3,0.43478260869565216,0.2909090909090909
wKQTIWCQXyAe9S8aRPkG6WcgGESlAZaQDP2cpdJ0Apqev_8,김인직 여자친구,4541596483,carry,2539,14,7,14,49190,6209,27774,34,2,29269,18075,215,15,3,18,1,14,6,0.5490196078431373,0.21212121212121213
SlL7o5QawfGEdXznDswklO6NB1S2DE9mdqgRA2WfxGeqjLm469b8ogNr,첫큐는 공포탄,4541596483,carry,2539,7,11,18,36678,5774,19886,31,94,36159,15747,207,10,0,1174,2,11,0,0.7575757575757576,0.21568627450980393
DG9n_ayqGMKSBl6QdkJg8LRPqS3rp9okqtHysIWeczVdkfHTnx2-hhbp,아나장인동현,4530484794,carry,1944,5,3,14,25775,3009,10711,19,10,14732,12109,179,36,8,297,1,12,0,0.41304347826086957,0.0967741935483871
O4P_1V-yfNUdCdGNtow8gtTg1cUSXl6KC6w82m8fbumBswg,침대위에버랜드,4430073909,carry,1531,4,2,11,10102,3261,4673,14,18,10665,11370,181,18,6,182,0,4,1,0.5357142857142857,0.2222222222222222
IY3IX7z7Vowtrzcz1dT9IV5fqT_X4Yq5PJlssvsSNnxo,날뛰는장애우,4541485993,carry,1562,7,2,6,20916,4594,8315,32,25,16450,12105,169,31,3,84,2,9,6,0.4642857142857143,0.18181818181818182
2-oLBp-Q66dAESmRSo6yl76T4LUm8DTPzDl_TTZ1a1BX,dolf931,4540838451,carry,2107,10,8,3,28063,4448,13678,20,32,25518,16117,214,40,0,118,2,11,3,0.2826086956521739,0.2222222222222222
2jtL-N_tY0mblz06XIEBMKFNuGBkeKV4Olyp2Zs9NMB3M46OutMHUPvh,산업나이트,4540838451,carry,2107,7,11,13,32229,5896,19386,30,29,30297,14991,232,4,0,188,1,12,2,0.5555555555555556,0.2391304347826087
YZXjLNl6xuSrCsl95BPLChvuM6M_2C424NBmjhO0uJ4knGc,복숭아녹차11,4535181208,carry,1946,7,8,11,21039,3402,7310,16,18,18591,13942,167,24,8,106,1,11,1,0.46153846153846156,0.2962962962962963
fO7tBD_5xnJDXrGRMXCHSOSSUVHwQ0wjuwDIIXWYHDBMSZM,미리내꽃내음,4535181208,carry,1946,9,7,2,19637,2156,9869,22,3,15488,13330,227,4,4,286,6,12,4,0.4074074074074074,0.1794871794871795
CgfMxJWLBVMMGNe_JqcVNAT5ip9yrPLhBSYJ8YiwSGsK,불주먹호진,4478799783,carry,1222,1,2,3,7923,788,2813,12,28,6016,5631,120,2,0,440,1,6,2,0.5714285714285714,0.14285714285714285
ibhr51wIYifADGCRnGjs8-BTJDUbjb8p3pz8VAGKELlfNJY,상 아 메,4478799783,carry,1222,1,3,5,6435,1121,3724,6,0,8795,7565,144,0,0,0,0,5,1,0.42857142857142855,0.42857142857142855
1a5y_ZD_oYJR4RPQM_nXLOWn1ZRR-VOkDVXeE5J7w7gG,Unlmtdd,4478284277,carry,3123,4,3,14,42593,3394,8807,41,43,17980,16794,291,17,0,603,7,14,7,0.5,0.15789473684210525
nklBvx_c5Zk1afECZZ3wGUKmv8VkzRp7fN511_B6UEb_t50JTX2uq4gP,키아 나 잘하징,4427874345,carry,1492,10,2,8,17722,4953,7130,27,12,15101,11543,161,8,0,128,3,11,2,0.5625,0.08333333333333333
LLhD9Uc4tJsRuymZ6eG_Di3-BZTeiIlk1Mm83VJMKmAsOyeYtqbBG7mo,용암1동,4427874345,carry,1492,7,7,0,16232,3365,7646,13,5,17581,9848,178,12,0,63,0,7,3,0.2916666666666667,0.21875
dmB2j6OvYHf_Fxa3x3WrL7izxU2XwX46DECZUdlGfuDXlkE,안양의레전드,4517967363,carry,1626,11,2,6,27776,804,9835,21,10,10770,15746,235,15,5,110,2,10,4,0.7391304347826086,0.07692307692307693
kqfkK2eXcw8Xg06IAj34NyuoJm0EiYM4zbC9Imv109maDb05OHkyIo7b,불끌꺼야,4517967363,carry,1626,5,5,8,13562,5312,11024,18,0,20667,10123,171,12,0,0,0,8,4,0.5,0.21739130434782608
JQyDqCfGMcPD5mnLukK-w82RlFFGVxDtEJNPKeDqzxDWF-wErXb3Rv22,liliililiilliil,4475119037,carry,2225,11,4,13,29240,10969,46619,35,37,34843,18499,228,16,4,225,1,13,4,0.7741935483870968,0.2
ZWGGsprv_D1Oca1h4m6uPERvvk45BnfGJi-4Xh2NtjU,늦은봄,4508822476,carry,2248,4,9,10,20994,2229,17205,39,8,22702,12644,194,16,4,262,2,14,4,0.4,0.2
aeX6e70nnvN9w9Qj01E3S9pK-NpkEtUMCgA17QUsxg4x-Rc,다카크,4541800179,carry,1891,6,10,5,15229,2633,13949,18,10,21670,12758,217,38,0,183,0,7,3,0.36666666666666664,0.2
ImUwfQwn3bUinVTFzVfwD4uIZ-1OHpKkNUnNHSnQ38yVihLxg2Dp9w0e,Call me Alice,4531497036,carry,1324,1,3,9,8685,1694,5698,7,12,9613,8591,168,8,0,194,0,5,1,0.5263157894736842,0.5
cspuK9FM74VQq9Kr9DfukxnGPX9XN9S_hzt4w6yT4Xpa_bY,A mortal Combat,4531497036,carry,1324,1,5,3,8995,1346,5551,6,9,13795,6621,135,0,0,29,1,4,1,0.6666666666666666,0.2631578947368421
R147u7TaYRNCXC5lXb25ujCAI5KatDben0Tj-RmQIiyywBc,울부짖는흑우,4389666793,carry,1440,17,6,9,28264,3618,7423,20,37,17890,12770,140,4,4,604,2,6,1,0.65,0.3157894736842105
579-F6n4JpR3-XMdka-jq0IdhZFKlcqYaRtnW3K1FADQkvsyYF7M4kfc,깜별 12세,4427802820,carry,2093,11,6,14,30507,16727,21622,21,40,33322,16694,213,20,0,701,1,10,4,0.625,0.12244897959183673
urAbCrc_4ltPbH4-HvWkAAgF-OodofLgdLZ4F5FwuYXx,Fork판매자,4427802820,carry,2093,14,8,16,40762,5114,15293,28,14,22265,16624,207,24,0,464,2,13,1,0.6122448979591837,0.2
2eXqfljkD2yRfSZjPNMAUZB9Vp44i_UPEujAxiqI-UZgNrY,토토손절,4481744234,carry,1922,9,4,8,18821,2460,11561,14,7,13699,14239,242,0,0,161,0,5,3,0.4473684210526316,0.16
nEVzonVoY_qyNd8_PzoO8dZ03dKUwlqfX_l25_Kc-Jh9KIE,oooollloooo,4536119746,carry,2151,2,12,10,26010,2485,7755,28,21,23430,10353,156,5,5,196,1,12,6,0.27906976744186046,0.3333333333333333
1QNXpiWUOZ76Uaw7Fm47tqWh0graUPfOavHlQlTuhlvE,주체할수없는분노,4424165067,carry,2470,7,6,9,26762,4892,33133,32,16,24673,16382,236,44,4,373,2,17,2,0.4,0.16666666666666666
wHUZ15L3oeFfEE72cWENvycs_tDFHOA7-rJho5BOikdDK7vV6sa5lGoH,야스오처단자,4538567721,carry,2519,12,11,10,38857,8041,31094,5,25,34365,16011,175,12,0,364,0,4,0,0.55,0.24444444444444444
ob4KbnlEFzE903eGncnho3Ai5MesnJQ1Mf2aQfrqbAhy0d0U0t2NmkXr,인간시절의  요네,4538567721,carry,2519,11,5,18,43789,4111,17306,36,7,29675,19276,271,36,4,108,1,15,3,0.6444444444444445,0.125
y0TANlOYlJy0Lv6DN8SnAg-I3jBkHRTPNpvesKhaJhz8YQU3aH0jsWhh,SN유망주,4540417103,carry,2489,10,4,9,34406,6455,12376,48,25,26985,19952,255,55,11,148,2,15,9,0.5588235294117647,0.09523809523809523
k4a9Uf71NuWdS_DgAJOFQahMMQvbJC0MQnbTcqZ9sel6,돼G4료,4540417103,carry,2489,10,9,11,33914,6660,15963,38,21,33653,18168,282,36,0,83,1,14,7,0.5,0.2647058823529412
P2QlspX8yYcdTps5JFKTakFdCY_bDD1SYGPEFyFohe-BS2G-3is1X4BO,손이좀느린편이야,4532814781,carry,4747,8,25,12,45242,7912,57561,50,13,70555,24163,287,35,0,497,6,26,4,0.3389830508474576,0.3125
sYPVg7eWdx9dR6FEpEUXjone3xJuPEIH-Nt0B9OVrUujF60,나는곧휴가철이지,4540095207,carry,1811,5,8,5,19751,2679,12772,19,6,18895,11092,188,0,0,161,0,9,4,0.625,0.22857142857142856
UBceIfKBv8yqP3QtX0aqKWCEXDONUnCLJuDCai6sgrbqlmI,찡홍띠,4540095207,carry,1811,8,3,7,18726,3813,8262,30,3,17516,12562,198,12,4,29,3,12,3,0.42857142857142855,0.1875
rO8lO1P-Tj7SJVE0GQuANr-btnNnMMmz_13bD7JBsj_eiGQ,서른한살,4540184267,carry,1824,5,10,7,20742,2037,8508,20,56,20572,11254,154,20,0,818,1,8,1,0.48,0.22727272727272727
ZkQAxftnbX_-klED-gIeAGSe0I4Wh8JFQ0NFZ13HejrX,대교 원딜,4540184267,carry,1824,8,3,9,21221,2734,11178,28,9,16233,14291,221,27,7,356,2,4,5,0.3953488372093023,0.12
vLCjEfTDQNbFLzjkEwIYHFEzVPV6QylA9z461EwHRYk1PfMZAbk9xrkC,쉔노예,4539865689,carry,1701,8,3,18,24209,3027,6962,11,44,12521,12169,149,8,0,670,0,6,1,0.7428571428571429,0.13043478260869565
vuBv24UgQVO-IElmVYBCdoc71QVZER6ypWShWbM-f9OIX40Gw0grnhAD,욕하면 집갑니다 ,4536077142,carry,1516,3,7,4,13476,1783,6739,8,18,14494,9915,164,4,0,60,0,5,1,0.5384615384615384,0.21212121212121213
gUSIyp1ogu5qg2QJsOhmIEfYuA_mTy7U4KzHDE099A7bCtcF-n-M7z4K,never lose again,4541676392,carry,1277,11,2,4,15572,1773,4689,11,2,9525,9653,144,0,0,58,0,6,1,0.5,0.13333333333333333
mYLqs9y3huT9xtm-ZJe2P4x1ynaZw7b7LXifPZTPmadrMIFkqQtic9Nr,무보험차량,4541676392,carry,1277,2,6,2,7589,1606,4025,4,10,10061,5528,87,0,0,30,0,3,0,0.2857142857142857,0.2
wbCuwCEUcew20r-2vduSK8N8IdAff8mxx_F0wJaNmQC-cNtrSa_yEXHf,KiguRumi,4424150739,carry,1682,5,5,10,23915,3115,9074,11,15,15596,11865,182,12,0,171,0,10,0,0.38461538461538464,0.18518518518518517
iUit89wQ2465jKhBeSx9VqRE9eR2XpjTSSndN9fjPBYHhqk,난던져요,4424150739,carry,1682,8,6,5,16795,3897,11734,15,12,18866,10731,122,0,0,79,1,10,1,0.48148148148148145,0.15384615384615385
a4BLtqTH-nreYAIc4i_tWMa65B9EAWofzr6wvAaIantO,캬카캬,4535913076,carry,1546,7,7,3,12427,1570,7492,13,5,19213,8952,134,4,0,40,0,6,2,0.45454545454545453,0.1590909090909091
tQFNCy8I3_RRwBeNGgxylscpRQhzXf0sGnaN1hRm120kjcI,OMG Pianist,4535913076,carry,1546,7,4,9,20382,1349,6122,24,21,13061,12135,193,16,12,80,3,8,5,0.36363636363636365,0.18181818181818182
o4VNVdtuH_R_t7X1yaKcFWAIYzAbxSycpNkgkA42FluRa2s,빠삐코코아맛,4530395459,carry,2123,12,12,16,35992,2554,11031,17,16,27289,13247,167,0,0,263,0,11,2,0.7567567567567568,0.2608695652173913
OcG8s16JmYvzVwFDnK02PtgSUFH-fpYVOkxgeHVzwnwY_Yk,정잘르,4530395459,carry,2123,1,14,25,19129,2943,13985,27,42,27162,10960,130,9,1,615,2,9,3,0.5652173913043478,0.3783783783783784
wJqahkATNfjd3fnfGrZCBXAC7QA82DMIxvGnczUVx72Avw2jrxFi2ov-,Snow job,4540948253,carry,1437,3,7,4,9158,1225,6366,10,4,15156,8249,129,15,4,56,1,5,2,0.35,0.21212121212121213
VCxeK4IBN1aQ7QmpLQq_m910bG00nfDbub95mh-bgVIumeA,어렵게즤은이름,4201387606,carry,1420,9,2,6,14539,1977,4144,16,4,10342,11460,173,8,4,71,1,7,4,0.5555555555555556,0.2222222222222222
p0R_3LDgmzPjItgFTfXSOROcaldVka82GcIEJdFm5NvRGj8,Daniel Bryan,4508764086,carry,1788,11,4,13,41219,1880,6302,23,55,16360,16239,230,24,4,767,1,10,1,0.8275862068965517,0.16666666666666666
UHneWrUeAIE5nUB9B67fKrhmODpl-F7dFHwYbqQPSOd_SwU,jack snyder,4508764086,carry,1788,5,6,4,9688,3429,8155,20,4,18069,10395,161,32,0,42,0,8,5,0.391304347826087,0.20689655172413793
Tjnn2qmNNjlvz-UheQlXEOmx6ggWMKf5ctPZVgs0zNSeM08,쌀헌아 석것같아,4538654964,carry,1954,6,12,10,19017,1916,12131,17,22,28633,12686,148,42,0,95,3,9,4,0.5333333333333333,0.2857142857142857
vzqGUMpxva04MA0ooH-rSIKfmojju0CIEin2jjp6rt835oI,윤여우,4499141165,carry,1889,6,6,6,18269,3011,10617,19,25,19030,12729,206,20,0,106,2,10,1,0.5714285714285714,0.24
lGRlHh2TO-hBI3FW5Tjt45cDWYdvN6NkKQsL4UjBEJODuKk,식영우,4541945053,carry,1213,3,5,4,11547,1113,4580,10,40,11247,7063,112,4,0,573,2,6,2,0.5384615384615384,0.17857142857142858
WRNLu2QPAZk8l3l650GOcgJ_V1UVWiO394KUthyojp3P,위대한혁명가20,4517064672,carry,1598,9,6,7,22572,3049,6702,6,2,19049,10020,128,4,0,46,2,6,0,0.64,0.1935483870967742
ZGZOLH27hRiLbVBA2Pd9xCJnomOvsmf0rYmfbok5SmGi,고수리 이장,4540669526,carry,1368,5,4,2,8116,2190,6003,17,1,13910,8238,132,0,0,7,2,6,1,0.3333333333333333,0.21052631578947367
41CfN45F-PY5joba1SZfwVvbDRNHAWabrRxMVra1kQ4MMmBHwoZYJfSW,람 베트남,4475721142,carry,1256,6,3,2,8500,992,3210,11,3,8628,9843,158,4,0,63,1,7,2,0.34782608695652173,0.25
5r8MxgUTIkPmlEVZFikYLQNtn6MPCkl2NGrE_9vufGJT,hai ting se,4475721142,carry,1256,0,6,4,7857,1661,3558,7,8,10427,5339,93,0,0,145,2,2,0,0.3333333333333333,0.2608695652173913
z4qifk6uYfP02TvvD7EKkjS2bsQm8R5mpacLMkTQU00llwU,버스사업가,4536022606,carry,1426,11,4,2,19496,2831,7204,7,11,15898,12073,129,4,0,99,0,5,1,0.5,0.08333333333333333
9r6y0f7LVU8vlYDHxK-lzS344vdjf1vwFUIw2K5qPHDW,MMR측정기,4466380368,carry,1714,8,7,12,22223,4095,9346,16,16,19218,11623,141,12,0,65,1,8,3,0.5,0.19444444444444445
JlRwPRClujtqf_qcwPRYyZH1eIqDzB8ZB0eCDZg8zIUxADM,도마도집행자,4252314817,carry,1226,2,4,4,4626,1030,3112,7,19,8513,5084,56,0,0,345,0,4,0,0.6666666666666666,0.14814814814814814
mhUMkGx_vRuBulY7wktikZJUxGC4_uIW3tAvX1kqAEbj,졸려졸려졸리다,4510638832,carry,1558,1,5,8,9780,1647,6700,12,28,14903,7530,150,4,0,537,0,6,2,0.5,0.12195121951219512
c8JqkKMuFcckgGdS4dfutht60en9wJ3rDu7onNaTs4K0sWF1I_0bjBE2,시몬민,4510638832,carry,1558,11,5,11,25864,4125,11649,23,20,23781,12430,156,20,8,211,2,9,3,0.5365853658536586,0.2777777777777778
dG14zKbeT6yU7chmE23brIgdV5Wp5rIoe-N4jJthejEHAvt-EEUjhFhC,응딩이딱대,4540590687,carry,2471,9,10,11,47121,1861,18374,12,32,32817,17894,273,31,0,46,2,5,1,0.4444444444444444,0.19230769230769232
2MeU34kRvPtYEzw-WUp-PkRXX5sJ6qgJjp1vwM64JXeivEaOXhPSuxPm,lIIIIlIlII,4540590687,carry,2471,8,8,15,29426,5622,18804,32,49,29401,16250,223,20,8,1042,1,6,2,0.4423076923076923,0.17777777777777778
VTlzY0H6Wcuv5-N2iUWeaSN6nPAN1U_XP8nHrLF2shR6_mA,에이다존버중,4540893710,carry,2324,4,9,10,28701,1872,10233,27,59,24587,13982,208,11,4,907,1,11,5,0.4117647058823529,0.3
G90nudZ17bdtHYi78uJznm7OpTp3CV3xe_NRwHe4cKpJnsD109KSQxNf,고도영은 못말려,4540893710,carry,2324,5,9,8,19839,2231,8998,11,23,18790,12162,180,4,0,159,0,7,0,0.43333333333333335,0.2647058823529412
j5IxT9P2vTUU2Y6w9E0JDlOrcd_5f_iJX3b7TORcD_15MMApW2Ncajho,심심해심심해,4532380977,carry,1405,4,2,10,11205,2817,4978,18,7,10671,10472,178,16,12,83,3,10,1,0.56,0.2222222222222222
42gOS1GMsaOP38mrirplZPdusEHQ6EdwQkmQbFqYZwRC5TU,한 훈,4532380977,carry,1405,1,6,1,7435,1642,5397,11,0,11334,6600,142,0,0,0,0,6,1,0.2222222222222222,0.24
EjES9cgwWMp3BKSFLxkfwW_MXM0GWNiBsD36-BcxDs5rh10,겸치만먹고싶어요,4520131694,carry,1911,11,3,6,26960,6345,24291,44,41,19670,16275,211,52,33,167,4,14,3,0.6296296296296297,0.2
JTt4H7cjNSOACkLAPEZlKV8nFmFdDjSABNC3N3XkpVDbYebqF2dr6h7U,2018 09 14,4520131694,carry,1911,3,4,4,13553,2418,16700,19,8,16828,11097,211,17,0,409,2,7,2,0.4666666666666667,0.14814814814814814
-gJJIqKFtV-hz5sg3jzj_XB4ghZcNY8dbOcbLFuSdAbH08jbC9B9BCVc,죽이는편이야,4541255865,carry,2141,2,13,5,12462,4680,15167,19,1,31322,10697,155,36,9,30,1,11,0,0.20588235294117646,0.22807017543859648
e9j4Spb-aDColiZHKVB-dDO1EP_vj1jXKmmxnmLsZwEZgK90PYVl0122,VALORANT OMEN,4501319201,carry,1715,13,7,12,26090,3091,8890,49,3,17964,15257,193,16,0,36,3,12,9,0.5813953488372093,0.25925925925925924
hwpbvuvEtEkTH0SUxwJfg6W2B6Xn8HIB91lXbZj0a-P8,혜지보이면탈주함,4501319201,carry,1715,7,8,10,20014,1856,11033,21,17,17842,12368,191,8,0,144,2,9,4,0.6296296296296297,0.18604651162790697
dvZsolaA_lXeG6U8LerBeu-esjzMVy3tkQc_p6DloWb0YeLl1Gyy4Gi8,버버리 커피남,4536682395,carry,1409,6,3,10,12446,2325,3560,6,0,9984,11065,162,20,9,50,0,4,0,0.45714285714285713,0.42857142857142855
vNV_1W_y2GWDhRIX0AIkY2zGrGQBtGL0je3xz-2zdqTFGHk,ks3835,4535375376,carry,1922,13,3,8,26745,3174,11535,31,1,19874,15174,219,16,4,10,4,15,6,0.7241379310344828,0.08333333333333333
TWBHcPNuivXUAm_CTVKRs29ntH4Dw239l4tnerFWYK_oAojzQ8U2I8UE,어둠의존재이유,4521352264,carry,1672,3,10,3,7279,1079,6109,11,0,14427,7413,88,4,0,0,3,7,1,0.15,0.47619047619047616
gzRWPLaM5g7DizeccX1ykU3D4ijnCNOgIzzhB9-tNMwdl-A,아귀레,4500116715,carry,2028,11,2,5,22132,3974,9081,46,53,18930,15332,204,28,4,917,4,14,1,0.6666666666666666,0.07407407407407407
tIpx0ivL18Wck4qcpcdGML9YPU9u8TlCg0s7KTYyS3VwvGI,향나무아파,4500116715,carry,2028,3,5,6,34443,3184,13156,20,12,17230,10233,192,4,0,181,1,10,3,0.3333333333333333,0.20833333333333334
D1UYBliyPoAb08dg-7O4o3RdOipoa0CEfuTN9-RG3FhTTopnNNf5ugsC,thelim7,4538583931,carry,1200,1,5,1,5488,1033,4785,9,9,9204,6379,118,0,0,28,0,5,1,0.18181818181818182,0.2777777777777778
V4ABQpy5XUfUkGxfi8VG4ArFP3JWhgza1TdcvIZkaRg4vL0,곧추 석일걸,4538583931,carry,1200,8,2,3,11047,716,2981,6,15,8661,8571,127,4,0,57,0,4,0,0.6875,0.18181818181818182
95htrv_gLchUBZrp_b3WVpkp0jGMMketUKXVplqtgNwj,0O00O0OO0OO0O0OO,4536063480,carry,1607,7,8,5,20729,2815,8363,15,11,19007,11717,174,12,4,71,1,8,2,0.6666666666666666,0.2857142857142857
rRYfg9lhIcrj3RgmMYtXHN9I67VdmODSk7orhFDE6h-NnEo,일당백 애쉬,4536063480,carry,1607,6,7,9,14565,2822,6600,9,12,15079,9888,126,4,0,242,1,1,2,0.5357142857142857,0.3888888888888889
IJJ1rKdbIxQlhytqpJf7e1CLqqdqteZIZIweYUXmwIMS6CA,룰루의친구카직스,4518122280,carry,1452,1,5,5,9672,2419,6432,12,14,15796,7527,150,4,0,122,0,7,0,0.3157894736842105,0.16129032258064516
hT8RffzL1Wwv8fQBr1_4S0wK79cCY0k6TV7IvDsXHJ9Ecnekxw5uWRhR,Polizeibeamte,4518122280,carry,1452,9,6,11,15137,4208,5444,7,15,16618,10381,127,0,0,110,2,4,0,0.6451612903225806,0.3
ev-6fr-fjM44zM1y-VjUk2pq4It-7XKW2Ptkq2hMz6Fc,아직한발남았네,4512610322,carry,1827,7,4,14,29576,2702,8115,23,3,18827,15311,246,28,8,48,4,13,4,0.5833333333333334,0.2
xKiPocZ66l3rTGRu6jP0atQor_Pmk3HGRYdVw4WSY4NnPeQ,armdown,4512610322,carry,1827,6,8,5,17522,5093,11836,9,2,23800,12816,200,10,0,55,1,6,2,0.55,0.2222222222222222
GjgRCCblVdmnLYGW1eMk13G57E1ef6gM61miJvS1dAIlhAKojxFdwWE1,버스기사원홍,4539230197,carry,1241,8,1,0,6514,1159,2841,18,15,6471,10452,162,20,11,678,1,7,2,0.38095238095238093,0.08333333333333333
m8BkYhijkBJh3ZWAEaDrMTqGp5P0qpDtat7Lq7Q_UJkF,봉명히드라,4477666819,carry,1704,2,1,13,17538,3007,10752,20,42,11642,11730,203,16,0,717,0,7,2,0.625,0.16666666666666666
dyRbkjtpsfXb8rYgqdplypN4N4hkAXcI_ptJ4_Qn_S2VTxVJlVOpGyEJ,섹시 Teddy ,4477666819,carry,1704,1,5,3,14603,1337,6572,9,0,15674,9275,213,0,0,4,0,8,1,0.6666666666666666,0.20833333333333334
h21ZbsDh3rSq1cPHA_FZfp5RV2a_ig-ZoK1CyLwwJI5KKknPn3UscyP4,ahs0098345,4540887002,carry,3208,2,8,7,21926,7425,18398,37,25,37705,14997,192,30,8,87,0,18,4,0.1875,0.16666666666666666
qbzeA5pHWmJnMTrVVQP15fxdRCPrL4lVkO8JVx8-1ka2Q90,조끔만 덜,4540887002,carry,3208,13,8,17,55446,5335,27649,17,28,39960,28544,468,33,0,149,0,7,3,0.6382978723404256,0.16666666666666666
iNHWU27Cr_8ukrhDf_yDKkJhSyAqMduisH0OIQoZutoJsyNg_i7ttkV3,이즈로플레가기,4539279058,carry,1900,0,10,3,13230,1832,6114,4,11,19508,8623,153,12,0,473,0,3,0,0.15789473684210525,0.3225806451612903
KbKXicsRMfY1aZfeB2oBKElWcCeVN6i-HmFcyKKxmLDEfgywjWqhKfGd,백사수,4539279058,carry,1900,6,3,10,17286,3818,6866,16,6,16234,11877,164,12,0,86,0,10,0,0.5161290322580645,0.15789473684210525
wLkkIn8kNymfLZFLlw1FGVrvZrpLIssaFx-vmZVJwaaN,신라의달밤,4529189124,carry,1677,8,8,6,24880,1174,11588,24,7,18444,10723,149,20,0,74,3,11,1,0.6666666666666666,0.2
GJU7nZ5la1TsRqIQvCncptJJxGg2vAIXaHereJW5HTyE,unkiller,4529189124,carry,1677,4,6,9,19232,2616,8007,20,9,16587,9501,114,12,0,69,0,8,4,0.325,0.2857142857142857
42BJvbosgo4MXTJF7dt2b91Mqa_tRBkd4Q8Y7pRfvq8,강서구,4541230742,carry,1827,2,12,10,17068,2218,8218,21,43,22710,9055,123,13,0,570,2,9,2,0.5,0.3157894736842105
oK-RKjgdQm6_xcdKL5cspOTnP2hJqAbZ6yq3Q22J7rDfZW0,이사가는 토토로,4541230742,carry,1827,8,1,9,18650,2833,6335,31,1,16180,13175,184,8,0,32,2,12,1,0.4473684210526316,0.041666666666666664
YaVbCyYpGVdjpkwd1Fu07C30RQMHxVq0ZQ7vz5p-L6rDDl8,볼빨간사춘7l,4541293082,carry,2532,6,14,10,18019,3189,9783,24,8,29273,13868,161,40,0,85,0,11,3,0.3333333333333333,0.24561403508771928
6EJnyCHqft4sSVpqPbsnMmLS0_b6cc5OiKEInu3Ll41ysXQ,배 불 빵,4541293082,carry,2532,14,7,15,48928,7616,16386,39,0,26000,20136,259,16,0,0,2,13,3,0.5087719298245614,0.14583333333333334
iAoexhU9VlrE0jwQ3kT8CZgsqgd2iCYKz1LqbnS0ASM-DpoFhXTHIIei,방플하면 즈팬다 ,4500092277,carry,1225,7,2,6,11711,1729,3343,12,26,8037,8719,126,12,0,534,0,4,5,0.5909090909090909,0.2
D1NHk77tNg-CNNiy2zHDhsU5PStII-0dKvuh7PAQuB0eR5Y,지상계 패이커,4500092277,carry,1225,0,5,3,6520,861,3335,13,0,8864,6018,110,0,0,0,1,5,0,0.3,0.22727272727272727
zMTLfh0EglzClMCneR9XWZNdQTcuLheTUAPrQTI_pOBL8sU,쥐훈쥐,4495723097,carry,1798,13,3,6,24932,3680,10215,25,10,18477,15775,221,20,8,124,2,10,1,0.5,0.13043478260869565
rfA6jzoUmfEBM3gYQhzhz5SnVU1tnIoZ5HlNSq-n5nPM,공장창고일라오이,4495723097,carry,1798,2,8,12,11128,1360,9792,19,32,17511,8862,141,0,0,574,0,9,2,0.6086956521739131,0.20512820512820512
0tgjj75PpiyAVRnbTQCv16NYYp6zPLLx6k2cK2jJ1M8i,닥터선쉔님,4427723469,carry,1622,5,4,12,14248,1462,5671,23,35,8033,9846,126,6,0,513,1,9,4,0.5862068965517241,0.23529411764705882
lwH3gIMeTJJnyoZeheIMWQm_0JHrYM3A-Dis1kkh6wzKcks,임송이,4427723469,carry,1622,6,8,4,19442,2586,9128,14,11,20821,10970,196,4,0,35,5,8,0,0.5882352941176471,0.27586206896551724
WPefFv5GiTRQ9EoggPmdx5TQOWic4LoLLsbP0P0bsd8sGVZeO1WYombm,그냥게임이나해라,4353405785,carry,2240,9,14,14,34610,6749,17301,20,6,37153,16465,212,10,0,55,0,11,4,0.6052631578947368,0.28
jVWFTjrT4fJyw_DSfp0lBDmEuOIGE5XUUjjGKWmNgu09,고고람쥐,4518838090,carry,1537,8,6,11,17172,1708,7247,21,16,12289,10463,125,20,4,141,4,11,4,0.59375,0.3
ZUXWtUCVgnJn-R4YC_3n7ildAu6pnql60Py29OUE23B4l2o,브론질,4518838090,carry,1537,4,9,5,13494,2185,6053,12,36,18588,9176,126,20,0,470,0,5,2,0.45,0.28125
12WQOV62UxqzYLD1oPrpn78iN0KWSmEjxwtja8QGTNRt6yx88TQnkveF,제발져줘,4539042542,carry,1354,4,4,1,10552,1417,4555,6,0,11015,8604,184,0,0,0,0,3,3,0.38461538461538464,0.18181818181818182
R89qmHjWpUpIOBSUl3CVrOMa9IeNxVhNdicsfmWFSzKSwbjlkfOzx3rZ,암흑 별 카르마,4541717597,carry,1391,5,4,9,8806,1408,6061,11,0,14226,8870,141,4,0,1,2,8,1,0.4117647058823529,0.4
WUBhCVcdLiI9y-kFRI5fDQY_MaYmTI8i1zN5kxDL_CLJ,Teddy Ezreal,4541717597,carry,1391,2,7,2,9796,1284,4704,10,13,11782,7893,144,0,0,54,0,3,3,0.4,0.2
qCv2K40cbB9mN6Ka7VYwPV9c8C74doXpN4hhYZBDIxbWr7V7RUhfIhGx,형광공,4534955321,carry,1605,10,5,13,23841,2753,5698,17,52,14615,11022,114,1,0,702,0,8,1,0.575,0.22727272727272727
vBQUz8fY4MDq9iZAmXJSlrund_hCNNZYcwWjIIk_aVnEi3BrIGUGjqPg,생각만은아이언,4541398146,carry,1670,5,7,6,14608,2743,7766,7,2,16787,10116,148,2,0,47,0,6,0,0.4074074074074074,0.16666666666666666
Dya6_PCTzvNOLWn4KDvzIIgORJTj2IjJ42X33aBVu8Fx,골드들사람아님,4542010833,carry,1619,1,7,0,7395,884,5897,8,0,15547,8694,169,0,0,0,0,5,0,0.09090909090909091,0.25
7_oPkmC2uVW0_n55nl1PyXozvPfU4QTiB6jRNpQu1KmKV-KnLy5wsjNk,싸이오펜장인,4542010833,carry,1619,5,1,13,13453,1700,5755,12,29,9284,10211,158,8,1,548,0,5,1,0.6428571428571429,0.09090909090909091
PeoaSFGaB8ZwpwgqIDdFvt-aFfHZRnFh-nM0jBk0d_YY,동남북서,4314316843,carry,1464,4,2,5,8308,1632,3207,27,23,8270,8992,118,8,0,475,2,9,4,0.5294117647058824,0.25
hDNXlUFIfoL3CHujnaKvPIbJdXF-UsZnt0ArsQ2dXbFI,박카스사나이,4314316843,carry,1464,2,4,1,6758,1445,5176,14,6,11460,6420,106,0,0,119,2,9,2,0.375,0.23529411764705882
m0nVrBuD2BXtDbaSNFCi_Xd9vfTtxQeRh_kI9Ng336QD,가슴에뽕브ra,4539951479,carry,1571,5,6,1,13470,1598,5672,21,1,15782,9453,138,0,0,8,2,10,2,0.375,0.15789473684210525
7bAh0gDcrR2rbqUp_-xybJPp9cQE9wOSlqkXKRnGI0q65Ej7TWzffqkE,낑 맨,4539951479,carry,1571,8,4,9,18727,1594,7014,8,3,12586,10951,150,8,4,91,0,4,2,0.4473684210526316,0.25
TQPUzEBt2Ot_NLhvdPFRSdgnlASp4pyLtKY1KXIt1DIv6nqDjSjmwPEE,정아fan,4532684952,carry,1548,6,3,2,17916,63,7108,4,2,15520,9518,179,4,0,16,0,6,1,0.5,0.13636363636363635
RQH5As3kzA1NaYRh7MosOgCcjY6T90sMB91s2-0x3CFN,강해버린남자,4501432684,carry,1484,1,0,7,14303,1197,3516,20,2,6060,8862,146,0,0,48,2,10,2,0.36363636363636365,0
k1HkaS7ht-j8qnNhA56m1rWRSvFyO830viZdkzciBuTBYik,노랑 코뿔소,4504346068,carry,1459,22,5,5,43529,4059,15502,14,27,24451,16618,177,24,12,268,0,8,0,0.8181818181818182,0.19230769230769232
pdVtnfeh3PPcME2fMJouUDZZ1mZRdrGQ-5oJhLdhSwQwh6RYm_cTILA7,한여름 밤에 서폿,4504346068,carry,1459,7,9,5,8959,1811,7745,11,5,16701,8802,104,4,0,49,0,7,0,0.46153846153846156,0.2727272727272727
DuwwUMnmzPi_quYlIXcrd-rAhMoRb_osEYDDn6fencc8,Fallenkim,4536669654,carry,2075,13,3,8,33484,5267,9765,30,18,22361,14714,194,12,0,100,1,11,2,0.6176470588235294,0.2
QFiNSxYdWbWDpgt9WyMq8wPnpDqOwt5OnDOfrRC2Kn7W,make a sacrifice,4536669654,carry,2075,6,3,7,29936,5567,14241,18,0,21255,15566,281,4,0,0,2,12,1,0.8666666666666667,0.08823529411764706
K5rEIWXc2FcnnP_guMnv1ocVCaIUxQyglPju56hfNDlT4XA,월성동육함마,4527719193,carry,1978,8,5,10,26508,3322,10229,16,18,23162,13963,158,32,8,67,1,10,2,0.5294117647058824,0.21739130434782608
WT4onIPGbVmTu8UmZDeXKxD5XZj-2P9a7BUHEL7flYtybewLoSgmc2yn,조랑말 탄 부성,4527719193,carry,1978,7,9,9,20710,5064,14578,22,38,28255,11968,122,0,0,124,0,10,5,0.6956521739130435,0.2647058823529412
eTCeD0pD3Wql3X3tOM76RCPcBHX7DBLOL7vDp7PLNLftlBI,정구라33,4540738781,carry,2268,5,6,19,26125,2836,12247,22,52,25782,14134,188,44,17,868,0,10,4,0.5333333333333333,0.23076923076923078
tjdGEMm1HajZ7qipVwgN_9H_l7C-om0Om7xW4ZfmokF1bJc,끼룩끼룩끼룩s,4540738781,carry,2268,9,8,6,29403,1349,12095,19,23,22700,16073,230,12,0,297,3,12,2,0.5769230769230769,0.17777777777777778
VMqmOJ4LVODGRrDB7CX_dHpgQzOdXbk6F3N-ydGIEYMT,원딜 감수성2,4504521228,carry,1576,7,1,3,12634,1688,5834,20,0,11022,10592,178,4,0,23,0,8,4,0.43478260869565216,0.07692307692307693
f-P6YdBpRHnfz_JrKUikmJsZhSN8TyhMvCCve3r-99stOmY,양정101기졸업생,4504521228,carry,1576,0,3,1,6036,1758,8154,10,7,12303,7788,169,8,0,12,1,6,0,0.07692307692307693,0.13043478260869565
ba8HNpGMnq6U79f4QzFoWKU7MtPvtmyZ9Eeb1hFavqH_KtE,Chase Ahri,4541447497,carry,1644,3,5,10,13005,3297,8005,9,2,21480,10071,194,2,0,16,1,7,0,0.5416666666666666,0.15625
a9lSSVM96IhTOa9OIx1jEWzvQeG1WZdg-q2SFAhOdbg4,대포동6ho,4532819731,carry,2435,6,12,5,21898,2193,19048,35,15,31165,14735,202,30,0,70,0,13,2,0.3793103448275862,0.3076923076923077
TD61wmNjip3wZxl6EHIoGidXf8w-g9IuAj7h9zS8zum8bmc,캔dodo,4532819731,carry,2435,13,10,8,36699,4775,18310,42,69,32338,19703,265,28,4,1312,3,15,4,0.5384615384615384,0.3448275862068966
9ec-JtywrQILZc_uyg6cf8Pph9TPNzOF7PuEwL6gIRWCkDYR8CPzbXVV,깡통놈,4541418366,carry,1597,7,2,6,15363,2637,5140,28,39,11561,11892,148,28,9,812,6,8,3,0.35135135135135137,0.09090909090909091
y_9l3hNiTO_6xVNq3fCg3NbgHjyKaUsJpZqGDNh5WUTabdU,원딜로 연승,4541924994,carry,1644,17,1,6,25961,2939,5743,17,17,12572,14593,190,8,4,205,2,7,2,0.71875,0.05
gnsdaYlyn7APXsww6UUtf_3X6MCvPcmwUOWyCsJkQQUWf94z4gY9PnzX,bruno2mars,4519737754,carry,1625,10,4,9,14049,2202,5921,14,2,12396,11527,154,8,0,31,1,7,2,0.4634146341463415,0.25
jjrELm_a4NxGqkJ_pkkA4PmFNhgmNrlNgmXUeZfGjTo,에비똥,4540279482,carry,2180,6,12,9,17797,2865,10388,23,41,29771,13249,197,4,0,686,2,12,2,0.42857142857142855,0.2727272727272727
m-lxhdU_sz1whfzr74hwY0NG58PsS-rQRxzJIDKsR0K8co5nopr1gU3T,손야비,4540279482,carry,2180,5,10,5,9008,2972,7690,7,0,19831,10961,132,12,0,3,0,6,0,0.22727272727272727,0.2777777777777778
VwYG-28PBBh8R3uBkJkO3NFIAF3pZdAQZxyyGrxaKc-QVrsNrYQa6Jtt,서울 1964년 겨울,4541917417,carry,1569,20,2,2,29836,3222,10590,15,7,11898,14853,154,16,4,183,1,6,3,0.7333333333333333,0.15384615384615385
8U7SZ_g6B944u3KUc7EZhebPWMLOeLZ2hFdgTkK_orXi,미드트린장인,4496251088,carry,2003,10,6,21,30399,6202,16664,15,8,20746,14445,178,16,8,258,1,9,1,0.6078431372549019,0.21428571428571427
V8PFx8mE4W6cQ2DtDDfF_ua0x01VV8UdAuI6xC2J9O8u,성교왕 기택승,4496251088,carry,2003,4,8,13,23437,3736,10536,15,54,23197,13361,212,20,0,849,1,5,0,0.6296296296296297,0.1568627450980392
7Q3pYHeoVAr2ystAFKudnXpywUXkZ-ru5eoa_PuvKgiXFtoj8XYwpce0,왕호딸,4536981969,carry,1835,7,7,9,19016,2383,6817,20,28,18938,10981,167,0,0,148,3,10,1,0.5925925925925926,0.18421052631578946
N3pfZF43F8guEacclec4a14lVrKxmBuxpD9AIJ4oSOuAXzc,으이 잉잉잉 이이,4440533517,carry,1210,3,0,3,7654,1509,2375,11,9,5247,8505,155,4,0,28,2,5,0,0.3333333333333333,0
kTsS0lDfXxjtsvVfx160N27Y0mzeVPZM_VFfQ-E3Ouhe,세은이형,4110041025,carry,2192,9,12,6,27582,2777,24354,16,13,30335,16035,229,5,5,80,2,13,0,0.35714285714285715,0.23076923076923078
mtPTzgjKgdQOohvO9YsvFkzaDQ2ybM_5q9XHoVp8Lq-z,Mirage lIlIll,4110041025,carry,2192,15,10,14,33205,5332,15673,23,25,32061,18834,193,20,4,209,0,10,4,0.5686274509803921,0.23809523809523808
5qH9or1EmgrCNAtb3MYb4Z3Q4ALsUSqtQ8RCdnB-YT8o5W4,패왕색현욱,4538397430,carry,1635,12,5,7,22913,2935,7069,18,21,17267,13009,171,20,0,128,2,7,2,0.5757575757575758,0.2777777777777778
V51KQ_uMGeC0oHM1jxWskCIPwNsqfbZ-3vRDD5G-ZhjaPBbSlJF9hdmf,푹 파인애플,4392295962,carry,2216,8,5,16,29237,2139,9770,33,38,14103,14487,191,39,4,251,0,10,11,0.7741935483870968,0.2
0CuzJu3g-MarxyJaL79725eC2hN698LME391CJE9k28LXA4,거창 도란검,4392295962,carry,2216,6,10,8,23013,4382,11969,26,48,27142,13968,215,36,0,898,0,9,4,0.56,0.3225806451612903
BqKpkHF0RG6NqS5ZMWZ7sj93Ty_yDsCiLmbBkMR45fHlNxs,소환사이진우,4541283098,carry,2244,3,8,19,29701,4123,14927,34,6,21794,15175,223,8,4,224,2,8,6,0.4489795918367347,0.2222222222222222
hKTOU_n5aWMu_E8yPeDRRYZHjSaEAeuWm4pNrEoK__2JIhS5P1W3rDoS,권선동야스오장인,4541283098,carry,2244,7,9,8,19313,4347,12447,17,0,26848,14012,226,0,0,32,0,9,4,0.4166666666666667,0.1836734693877551
NT175WZ7dsH2LHNr9libkQpcWsXg-k_WsoLKshI8ooOYpGY,무릎에멍듬,4541402247,carry,2737,12,3,18,28513,7729,29536,17,19,29374,20245,295,42,4,231,1,11,4,0.5357142857142857,0.08571428571428572
aQQXFDJSPeOuQbURfZaSdX1Z8fUb3j2Z3oMuTsvrAhhZHFU,Gorgeous bro,4509526698,carry,1616,7,2,3,16952,1712,6603,23,1,16140,12479,193,41,21,93,2,10,0,0.2857142857142857,0.13333333333333333
9oPjPmRT0EdHwk_F30R834J4smHAkyK231w5U54_3lSt,인간신승호,4541177334,carry,1737,10,5,8,13526,6322,10830,23,13,22003,12432,156,23,0,181,1,8,5,0.5625,0.18518518518518517
PN_-B9PX_9d0hKa9CclKFeYRyjiwpVbgO53MFgO-Zs3Oe7s,갱오면던짐OwO,4529429444,carry,1601,10,3,12,24302,1436,8846,12,8,13876,12165,153,8,0,225,0,4,3,0.6470588235294118,0.11538461538461539
Bk5RviV-yy4yT8pG9SZwrUjm1cLw24yHH8cGJqWJwxaFpgvlcqhbVKel,원딜훈련계정,4498321863,carry,2027,4,5,9,17232,2922,15663,27,5,17846,10665,169,4,0,147,5,12,5,0.48148148148148145,0.14705882352941177
0cO4FwXXxnmDkY1kNlLIJbma_jfrb9DTpo-_SfXCDWDWBBfJrEYOOXAq,전우빈,4498321863,carry,2027,10,4,8,36118,5227,15500,31,25,25793,18490,302,57,19,150,1,11,10,0.5294117647058824,0.14814814814814814
q8ZUaTucIYo6qktUi21MKKL4jh-qZUE23OwbxwUhLYp4biw,다시 도복순,4539657352,carry,1596,14,3,3,16025,3553,8144,29,7,14188,13092,162,19,7,170,2,8,1,0.5151515151515151,0.1875
Xn4CJupDGsun1zvzYuqYLXTH9iK4VpO6eLv2dqB9z9WS15Q,포끝김부장,4539657352,carry,1596,4,9,2,15659,1781,7522,7,3,19203,8805,146,0,0,15,0,6,0,0.375,0.2727272727272727
z0G8nfOkMqin32fZmspZ-bsFKP0Gb8GQMsbZ-ztd6UpSxIw,안 쑤,4532013585,carry,3006,6,5,11,30597,6217,25053,30,18,24963,20662,360,96,4,385,2,16,6,0.5483870967741935,0.13157894736842105
yipQg2O3fcvSnSdSLlvaGvgEoRy5utiYnJnZ09fcCI0e,간 더,4532013585,carry,3006,6,7,10,42392,8838,27152,11,17,29135,17583,209,18,0,404,0,5,4,0.42105263157894735,0.22580645161290322
2qrWuJ554SEGbVwmBzyhpXgkyW5Sf20CZGo2mH0OMvfsLRA,정지윤정지,4487361693,carry,1637,4,4,5,14118,2290,8674,9,5,14965,9409,180,4,0,121,0,6,1,0.391304347826087,0.26666666666666666
it1EsGAb9XoyaX-zYcaK7eXQwmFz5nepFQ1_CBkjHuyfSXo,XS시리,4487361693,carry,1637,3,5,3,12800,1141,4897,15,0,12834,9164,176,0,0,2,1,6,4,0.4,0.21739130434782608
IoNNVy9iBinz3eL9Px30nGovaIZKuezpaA6OKIFiaysJ3eo,이태원 롤리,4541431770,carry,1900,17,5,12,36552,5422,8108,27,58,20037,15397,141,20,0,868,1,11,3,0.6444444444444445,0.16666666666666666
yaNPdVjz1zHTXZvpymwRKXiWxwBWNUOZBkf_n3UtySBX_4M,본인3대50,4541431770,carry,1900,7,10,11,19214,2838,11063,18,16,20447,11993,156,10,0,76,0,10,3,0.6206896551724138,0.2222222222222222
