account_id,summoner_name,match_id,position,playtime,kills,deaths,assists,totalDamageDealtToChampions,totalHeal,damageSelfMitigated,visionScore,timeCCingOthers,totalDamageTaken,goldEarned,totalMinionsKilled,neutralMinionsKilled,neutralMinionsKilledEnemyJungle,totalTimeCrowdControlDealt,visionWardsBoughtInGame,wardsPlaced,wardsKilled,killsRatio,deathsRatio
1b07pEZfKJWHLhl4ahM_x89QrmsUiwF_C2bonfDDa0dd83E,다리깎는노인,4541946851,jungle,2013,12,5,9,26627,14343,25397,38,32,31409,15225,55,130,4,283,2,10,11,0.6,0.2
A-1Tkp3aQ4ITKIULw7SFDmNq8oZ14hM9ORklBrX0OD6u,착취충,4529288161,jungle,1235,2,2,1,8476,3923,4982,5,23,11803,6138,30,50,0,437,0,4,0,0.25,0.05405405405405406
1l0KsX8aVMaq8ed9Kh1iHIvJkrrBgXYTdgWJcb7qVRVh,WAKE UP Mental,4529288161,jungle,1235,6,0,9,8643,8734,8021,16,9,15043,8336,15,100,8,317,2,3,1,0.40540540540540543,0
eNKOw2P9yjwGeH7e7ZcfbxyokiuOquOe6QhXHdrDfNZHU54,온연이,4540572322,jungle,1753,1,5,19,4490,7249,21065,11,15,22370,9217,16,136,15,408,0,5,1,0.5,0.13157894736842105
wmTbnF7Dv5iTbKJaCcvjUHFH7e4pkPu_AivFzWmzQzcA,수복복,4540572322,jungle,1753,13,6,9,31924,10565,21324,15,6,29928,15015,55,108,4,139,0,6,3,0.5789473684210527,0.15
B547nQQ4PxPsP0d_z2IZqS_SRMC3aOf5xY2PZNwkS5KWvc0,11097,4541540848,jungle,1633,4,3,4,14681,10209,17654,32,5,23661,9948,47,131,15,200,2,4,5,0.4,0.10344827586206896
fMV-DxVIFSVp_tPxucM7aOLF6ACqfXAk29g6IQPG1SJH,oAK Sol,4541540848,jungle,1633,8,4,6,12127,10256,36461,18,22,26744,11890,32,111,22,372,2,10,2,0.4827586206896552,0.2
eOY__VqswUKu-18ceQnriHDcm4Y9AA3XPAROjayT-6rkdgg,zxzqa,4515766018,jungle,2277,11,9,6,26489,20305,22544,39,12,45630,14574,60,123,11,558,10,7,8,0.4473684210526316,0.15
tj2b3hqm2NuDWQ_Bts9OzqhoU5OdO6dAHdC-QGUBNvo3z0uf6LeT5vxD,왜울어상대가난데,4541771457,jungle,1905,5,8,14,15668,21892,36953,27,45,45378,11776,35,85,0,393,4,13,1,0.6785714285714286,0.26666666666666666
nSDUJmDiVR6oOChp0if6ljVnto7wrB0BxByFXhzaHQXJ,밥먹어아들,4541771457,jungle,1905,13,2,4,20972,16515,18814,30,182,27435,15573,83,174,7,553,0,10,6,0.5666666666666667,0.07142857142857142
9FtClrx-yW1-2cFAoVJ_2MAygfKNnBDCFCarq3-UPsezipU,다쁨이,4467763245,jungle,1639,5,5,10,13313,6965,11927,27,22,24516,8918,19,78,0,213,4,8,3,0.42857142857142855,0.23809523809523808
YzMxItKGa6R4A7GkMn3noeA5E10OXQm5xButEqbKRPzYnahVNhWHqvBH,무빙은 움직이는,4467763245,jungle,1639,6,6,4,10247,7017,18777,30,16,24206,10937,48,125,13,266,3,10,5,0.47619047619047616,0.17142857142857143
vYgaUZGj39f6EEVxje7FnSePtDICdUjc5eQi59fvlZmx,도구면도구답게해,4522944975,jungle,1435,4,5,7,9707,14206,18871,9,7,28996,9475,9,144,22,373,0,4,1,0.2972972972972973,0.21739130434782608
vGLL_qrgnWlVdKtMQPJxVDtDg7492_8u58Am_JFJE_k1qauM07fCkYWm,Dark Relic,4522944975,jungle,1435,3,8,12,11406,4532,5812,17,10,19331,8342,37,68,4,307,2,7,2,0.6521739130434783,0.21621621621621623
IDBX9AuFi9RJxpXHuZhCqsgPaSZv_Yp8oy1TgB7efula,땅거미지뢰,4515480857,jungle,1525,6,8,3,11808,9800,14621,21,108,25532,9151,36,93,0,386,3,6,4,0.6428571428571429,0.2222222222222222
AB4jnndSjFJokdDSu3JB8_2CowDb4aFExDSOR0Ob0T9F,지니어스보,4541877633,jungle,1682,10,6,12,23776,15512,13878,16,7,29405,13350,14,143,28,203,0,7,1,0.5365853658536586,0.23076923076923078
AlilXeTbs-XFXzwCxo9W10lVrvobnCFTqUWaoxkra-op,자크바리,4541877633,jungle,1682,5,7,12,15259,33301,45167,15,40,47679,11253,46,108,0,465,0,5,4,0.6538461538461539,0.17073170731707318
Ri-UL1-xF21VRW3UlbmHC2bi5j3Fyh7KwQnpRdPvDOlvSs-VPzwmCG53,tofunman,4537377007,jungle,1640,7,4,3,19067,10628,18914,19,11,29687,10500,56,126,15,549,1,5,3,0.5555555555555556,0.13793103448275862
gtdMLmRLXunhnIjvltCBohSYOAirPmRMtYI_siXnvl0EcRnpIjN0AIv4,무패전설히든,4541545037,jungle,1300,1,7,4,8440,4004,17346,23,15,22659,5371,26,57,1,177,1,7,2,0.625,0.25925925925925924
GDhlaM4Pa4rywik0nU1SzT8XLUU_tA-WO-ZX-1Jqli3ev_TSYh7Z5Tvq,롤조지자,4523076307,jungle,1348,4,3,6,8932,6316,11831,26,21,18369,7845,19,108,12,164,1,7,2,0.37037037037037035,0.42857142857142855
JGltuJ8CNZ8l1JDFvFdhxIv7nY1E5u506SFLUe_Q556WKmsNaYoajXPf,수원넘,4523076307,jungle,1348,2,5,4,11552,11474,15048,16,17,26356,7334,35,80,7,248,5,6,4,0.8571428571428571,0.18518518518518517
aS3kfCVygOjie5d2dUBPfoErcwo5C2pRC08t311Eb7bA,야오밍구,4503543622,jungle,2091,1,3,14,9851,27692,28807,33,35,37702,11335,40,125,1,467,5,6,4,0.6521739130434783,0.11538461538461539
0XA7d0ZiB7LOcnR1NgaUmoUYkEwDqbDEH3ee9cKOF9rOeu8,인형알바,4503543622,jungle,2091,5,5,8,10724,9118,45689,36,21,38421,10523,25,124,9,379,3,4,7,0.52,0.21739130434782608
or4NjwqfXyrFV6Ah-NKUhKaw8_e9J8qko9E4d4qe0MZ24Dh8M_eNsPHl,카키미,4541235640,jungle,2005,13,4,13,38350,13165,18675,26,32,33113,17113,63,199,29,367,1,12,0,0.6341463414634146,0.14814814814814814
v5sGIyORG9DpJjAQBjWtpfow2bc4AKLUFHJ3CTBDZ4j00_NOw2eqeA41,IIlllIIllIlllIIl,4541235640,jungle,2005,3,11,4,13772,8111,29388,18,28,36179,10144,31,141,12,470,4,12,0,0.25925925925925924,0.2682926829268293
pivFmatVlmsQfT5GjNBjMELeks1Arwm4OdiB1mjo75Hr,껌파는마린,4541373723,jungle,1406,0,8,4,6643,5346,11175,19,10,21623,5952,18,80,0,348,5,5,1,0.2,0.24242424242424243
BNVlzbM-2oi5QDjdXNmQ9_oLPvnzDAxa6P9DS8NuRPxcf9w,ddddddddq,4513506498,jungle,1956,3,3,11,15088,32638,28961,32,55,39246,9894,35,98,10,465,8,7,9,0.5185185185185185,0.08333333333333333
rIJeCzVuS3xQn1DthMxKIUbTOt_Vn7YLIMfX45zof9m4khc,리신폐하,4513506498,jungle,1956,8,5,13,19723,6990,26477,31,23,26299,12021,35,94,4,383,6,15,3,0.5833333333333334,0.18518518518518517
ioEJPwacKk72jobuEy-lC0SQasPNQ2fH89oUjBDCVBDYyrKynP08qmHQ,말랑지수,4528585360,jungle,2615,8,12,22,46685,67349,120600,34,92,81893,15355,44,160,17,646,1,14,3,0.6521739130434783,0.2222222222222222
nkGS4ZdHqu76Z15SVSHD2xVf4ve4TbIyoT7xnf1XDV5a8WyRwp7_wutq,Middle,4540282052,jungle,1299,6,3,6,10313,13003,16602,12,35,22089,8537,36,75,4,243,1,3,1,0.631578947368421,0.21428571428571427
HlVPzxpcmspb2UU0kZkDuzPsW-0iK-bnPwQCwTd8RGF2CLk,삔꽂은대머리,4540282052,jungle,1299,4,4,6,13995,4659,7268,19,21,17102,8782,25,82,2,485,2,4,0,0.7142857142857143,0.21052631578947367
_w-ndKJu71aniB_gUZ4-gELNjW6h88qzyA4duHljYPsQPnk,내옆에트롤있음,4540863027,jungle,1398,2,7,10,11765,3374,12138,17,31,19547,7558,32,67,12,533,3,9,0,0.5454545454545454,0.175
uep1CNv99p3fGVRh7YBzb1U74FVW7WSLTxcQF3Udah4g,l3usiness,4540863027,jungle,1398,4,4,2,7669,9757,10150,25,18,21249,8876,46,122,25,213,3,5,4,0.15,0.18181818181818182
nsy6-ZGjc2hHD0kUwTpTFVD1MSl5Ml5OFTK2SqNQX7f0Pwc,리그오브렌전드,4540018409,jungle,1253,4,5,2,6863,10139,14043,14,3,21110,7382,8,120,12,94,0,5,2,0.5,0.29411764705882354
-C5geLmtl0z_2faX7OSjEeY4HMYN4VTtWs4IRRyg66Kjcmk,아그스 칸,4540018409,jungle,1253,2,6,6,4575,9930,9068,15,15,18477,6974,5,108,4,211,0,5,2,0.47058823529411764,0.5
wu6gmseH8kGQHpLTlvobsnTcgzy1CaFFgkINWg96-aVu,사과다음망고,4376679232,jungle,2079,3,7,11,6180,7519,20084,39,11,28251,9676,36,116,4,299,10,17,4,0.45161290322580644,0.28
474_313azyC2ux3yliOw8K8KnmRBHTMVm7p2IduE8uBg,someonelikeyour,4376679232,jungle,2079,8,8,2,14276,9899,11380,47,16,25093,13903,55,153,12,135,5,14,4,0.4,0.25806451612903225
Ql9ya_jKQ7rxgjTCETQDLZZf82m06VQShX1bEeIA3vSzOjvhx_-b5T36,마관신모데,4537396892,jungle,1408,3,6,6,9798,8079,9246,17,23,23295,7742,37,88,16,606,0,2,4,0.45,0.17647058823529413
4O-BgGM37fIdzTYKhFuD7MbXMvacrxtN1Yws9QPx0GXTG8aCHuhlpg3g,쉬운거요,4537396892,jungle,1408,11,4,8,16174,13921,8987,22,4,20660,10739,9,119,24,97,2,3,1,0.5588235294117647,0.2
Tp7AMYNq505Qr4iOtYhF-FcLjtq08CICLl1yJGf88_8FKAA869b-i6s5,플레가절실한남자,4540503659,jungle,1399,6,5,5,9972,4513,27462,17,28,22468,7691,38,84,4,264,3,3,1,0.4230769230769231,0.1724137931034483
kXv_nj7uC_H7m7OqCcId5hwe3V9uqoJBsHnof3c1w3ce-Gk,갱올께호응만해줘,4536857205,jungle,1915,1,12,0,6655,5562,19980,14,22,31984,9313,105,80,8,213,0,2,2,0.043478260869565216,0.42857142857142855
C2nWyYxIHQARD8wUkjkjPqs5vl9naiKAS8j1eGbytJDwjBk,함만원,4536857205,jungle,1915,6,1,2,9043,19168,21156,30,8,36013,11899,30,184,29,455,1,10,2,0.2857142857142857,0.043478260869565216
WmkU2vfnSgD-nGVCcOckKLezocEmbUk4zsNE26vrHmUE,우리집고양이최강,4461984202,jungle,1346,4,4,2,9028,6004,8682,16,24,17367,7054,42,44,0,296,7,6,1,0.75,0.12903225806451613
Gtz8tD2AagODT92ht_pFNDAvkPlNLISR3piccU6hYJxh,흑먹는흙린이,4461984202,jungle,1346,8,1,7,12761,9077,15831,20,32,18240,10951,59,133,25,263,3,5,2,0.4838709677419355,0.125
ftgvVAMKqD6_z5ZptK852oq_DJE9Ll5EX2jRT8jIAIDa9BU,KT New Legend,4540597983,jungle,1653,10,2,7,28497,15625,36252,28,21,32591,13178,50,135,8,404,0,1,7,0.5862068965517241,0.09090909090909091
IM620VuflGLbUf_sEzSbqKcl9fG8uHQgHqpcDbd6LDp2RUA,헬 퍼 리 나,4540597983,jungle,1653,3,7,4,9323,12742,13637,14,5,27778,8307,11,115,0,82,0,4,3,0.3181818181818182,0.2413793103448276
yw-iiocLGVwuHgZnxnEH2AR59C63AY_gKIVJQk8ZpszHuzBYSDMwFc7T,암살만할래,4513515316,jungle,1567,6,4,5,12717,12096,14967,24,9,27010,9327,22,113,9,567,2,5,5,0.7857142857142857,0.2222222222222222
7y5KzVHgyx-Q7WD4PnqdfiK2MQ9WBMuOciJha_XMqfh9ZwFm5IIOF-YW,건들면다2빙,4513515316,jungle,1567,4,6,12,13805,9938,20064,23,23,27471,9259,19,112,21,378,4,11,0,0.8888888888888888,0.42857142857142855
qTcj23AYyH5E5VPNX5j8KluhaxmZtqu-IEMM7f3XQS0fs9L2555P783Z,즐겜장인 김즐겜,4487509783,jungle,1707,9,1,10,16410,23287,21785,12,28,30972,13159,57,104,8,192,1,3,1,0.4523809523809524,0.05263157894736842
01gspoVrhscWWdZi7m9yQSyVeuCOAQK2t7nourmVl3OJ5v4,뭐지이형,4541298712,jungle,1229,4,2,12,6112,5129,14734,17,31,16660,6835,4,66,18,368,5,6,3,0.5925925925925926,0.2222222222222222
iSTT2T-oZ_nbhat5Xhi69HArmn_-KPyZpzJp_726XewQ,발콩이,4541298712,jungle,1229,3,5,5,7889,3847,4840,24,26,13373,6676,14,85,4,147,5,10,4,0.8888888888888888,0.18518518518518517
fxir8g1YiAF_YDb4Vs9dQrh4NSDZ8qdmYIxRaKbxlQ0OYEzt0uLRerld,마닥치라게세끼야,4540904419,jungle,1534,8,2,7,14353,8173,19854,15,26,19330,11713,51,130,30,253,0,7,1,0.5357142857142857,0.11764705882352941
ojQUcNiJNOWHHblCGXG18c31wofzU5gZkL7q7456ruLGhes,뿌루뿌뿌루뿌,4540904419,jungle,1534,6,9,5,8258,3715,13932,19,17,20973,8505,20,72,0,206,1,9,0,0.6470588235294118,0.32142857142857145
DHVkW2xIzWpWlyuLelqvYK_3jYnVmsp9RewqOnFiGZgexhNHO1VDvLgR,하얼빈호센,4539948671,jungle,1744,5,1,4,12407,11553,20594,27,7,27082,10024,26,129,13,208,2,3,2,0.3,0.1111111111111111
2V-L8Fdtce-gABNsIgJ7oktZrrAiET-lWcCElunWkeWMDYI,W ANGLE,4532527873,jungle,1983,4,8,12,13202,10709,23654,30,24,31008,10514,40,90,14,200,0,10,4,0.43243243243243246,0.34782608695652173
tDYiYuGy8b46jgHPN3hGwdvRRfXqOAtaTC6W9VMGzExpizE,주 딸,4532912832,jungle,2320,14,9,18,30680,14587,51081,25,60,48712,17454,44,150,8,331,0,12,2,0.6037735849056604,0.16071428571428573
PSWQvXVIWjNSbMF5aUvR86epYQMOObIt5ElUHSbvWHVaOhx88FZQh8U9,성신여대 1등미드,4532912832,jungle,2320,16,8,15,41001,17484,26734,45,50,39959,17298,47,128,12,156,5,10,7,0.5535714285714286,0.1509433962264151
aVH-t6Er0CqXC5FKFA9gDMT6UUSDHuxzhTV13lPZlzXOjf04SJhiR-4Y,뤼키다,4537051002,jungle,1485,15,3,9,31320,9144,11635,13,10,23904,12615,31,141,13,334,1,6,0,0.5853658536585366,0.1875
ft476y6JzGxceqR7s9Bjpp4HADGfOexv5AskiT_jotdrItQHnYewRu2-,서포터알러지,4426234353,jungle,1720,3,5,6,7947,4315,20576,21,13,17767,11259,23,164,16,303,0,8,3,0.45,0.2
29lYmfsGAh6PUyOawttibCPCdHMJjXzlEbUVa2Ho3DN8i-E,crazy amazing,4540326961,jungle,1910,18,3,8,25718,13208,39007,43,25,36666,15318,15,159,35,537,18,24,6,0.65,0.14285714285714285
viQCG9chyLPLI_tg38ZTC7-rWc2ZSGj-LcTC0cr4Ft518hs,서폿아님안가꺼,4540326961,jungle,1910,4,6,9,22159,9306,17728,22,11,30918,11084,81,105,0,208,3,5,3,0.6190476190476191,0.15
SHaaDVxE5VfkeG_MlXJ0zaJHQGH_KjbsijdIDc5jXnx2Kq1H-jl1jvnQ,젤리분해,4528012565,jungle,1878,5,9,15,21022,31192,38293,26,60,52349,10733,20,101,0,445,8,9,5,0.5555555555555556,0.28125
iSBEeeXDYkC2Q_DOcK4qjGiZCvn2z2C_txgoTF5JwNxNSL6vmK4sbpFe,두부형,4532527107,jungle,1704,5,6,2,6481,4791,19261,26,16,21132,8440,20,98,8,253,2,3,7,0.6363636363636364,0.3
KoHyik9y37QFRyrD8Zm_D5sUn-W2n0npfRndj4b-0mioRw0,사랑이 필 무렵,4532527107,jungle,1704,5,4,7,13566,11712,9340,22,11,21949,10296,14,158,6,131,4,9,1,0.6,0.36363636363636365
T0Ct8DzH00HltUqVRNvJzi2JZ79KkBBJVvIs1qW-OChQDhM,한놈만노린다636,4424675158,jungle,1681,7,2,14,8819,7601,20155,30,13,18611,11221,26,102,27,409,6,8,3,0.525,0.08333333333333333
e0twvWSltxWGsbnwIGou-oSv89rQhqMt7jXLZvbr3Xbl,빠큐원숭이,4502026154,jungle,1276,0,9,1,5501,4200,9200,5,15,18550,4727,13,60,4,196,0,4,0,0.14285714285714285,0.20930232558139536
RTWO6egSnmij9xPa9gdEyNT0TykRKpzOFglKUo9MFK7n,골드까지 가 JUMA,4440382665,jungle,2275,4,6,2,16006,12990,19836,32,18,34639,12670,42,179,0,392,0,12,4,0.25,0.2
H4RY4wbNvgL83NQet4_ZODWETQn5HXyEYg_rsvKU78Qe77M,FIZZkining,4440382665,jungle,2275,3,5,8,12344,26621,51666,36,26,53188,12641,65,162,0,413,1,13,5,0.36666666666666664,0.20833333333333334
9NIEy_AKdlliHkdhiW8G0NtLy2HaQYH-2bE31FAzeMzP0Zf0s7mp07Nq,큐티섹시김태원,4530271089,jungle,1908,16,7,9,23926,22487,44431,26,37,43073,18417,61,137,4,608,2,11,2,0.7142857142857143,0.1794871794871795
NdKM3YKoqGCWhz7fvo7TGPuT8Y3l_z1gKOWZHLaGP0PC,yee167,4530271089,jungle,1908,11,9,5,20341,22665,38826,18,20,43084,13755,22,152,12,289,0,8,0,0.41025641025641024,0.25
koCG81gQab0-ZFv0E-8RFZyKYAaWdqQw_J0jJkommMZK,1달뒤 입대,4509738322,jungle,2038,3,10,9,15536,12908,25034,14,25,40439,9500,20,88,0,147,2,4,0,0.41379310344827586,0.2127659574468085
Pd6Zaeq_U74sWJp3mLpZnbhCVp8eMotBWIcMIIwc3rbTWtDRP_eIC1oU,헤 뮌,4509738322,jungle,2038,10,2,12,21492,13537,29620,33,19,32581,15417,35,188,42,193,4,8,4,0.46808510638297873,0.06896551724137931
uR8qAREX1HMzCwywAWKJT7nvX0jNwLmyFuULb5E9DouMv8o,붕어입싸망코,4522117725,jungle,2207,9,4,14,23266,36404,43638,17,70,36907,14750,77,118,4,825,2,3,2,0.8214285714285714,0.12121212121212122
hztpSsPf1H2h9I6qivY-8xkWK4lV6ClCN_i2OSID7j1G,비수리차,4522117725,jungle,2207,9,7,11,19127,12510,25754,32,29,36190,12980,58,86,10,306,5,13,5,0.6060606060606061,0.25
dk-Dswt2E-xso6F3xDNOR5q3NPSNzwxbZWZ03JJX1bWa,노들토박이,4097861757,jungle,2260,9,6,9,26619,25473,31777,26,29,45050,15014,62,159,29,640,1,7,2,0.6206896551724138,0.1935483870967742
XNQmh5_5Dte8Y8udoTnCTt6ZccB3FRtExjMpw19aGDE7,임교순교순,4097861757,jungle,2260,6,6,8,11867,11493,24294,40,7,27873,13243,71,108,4,406,3,9,5,0.4666666666666667,0.20689655172413793
8fBx7qxFKnTp3dsqjq2n3Lbaw2_jRe-4oyQcxJC53JrgLM9xhl0UnkUU,한티역일찐기준,4533600307,jungle,1889,10,6,10,16864,8524,37020,27,20,31012,13927,14,152,4,497,7,17,1,0.6896551724137931,0.23076923076923078
VBhVEk3GaW91bgF8cISWunFBDjvMTV9Yz9WN_mdDuepK4Bx_3cd0Tzw9,옥곡동 주몽,4337679912,jungle,2837,23,9,15,45465,15272,85316,52,39,64583,24648,97,172,3,611,3,19,13,0.7169811320754716,0.21428571428571427
TrWcY5ZBL50C5yFQqydXR-GgYHHOvXSOL1BaohinWTfARly8PqJ4PPB5,바나나는허옇다,4337679912,jungle,2837,8,13,21,20911,15237,52199,40,31,56888,16438,33,183,0,411,9,11,7,0.6904761904761905,0.24528301886792453
XmxdMQk8uivQAZAWjDz79kq39woKtf83Cyo2BeeZ7BLB,DRX Chovvy KR,4532480349,jungle,2084,6,8,10,13001,8284,33372,24,20,31997,11745,38,113,6,424,3,15,2,0.48484848484848486,0.21052631578947367
C-77hEBNtEn9bmsSAFGTZMJJPw0uVoXL4BlEkRIipcCb,Korhal IV,4532480349,jungle,2084,8,3,9,18448,16248,32739,23,21,35327,14919,52,140,0,168,4,3,5,0.4473684210526316,0.09090909090909091
0v8D9lze-hAbi-0celXVJeB9QsmcckZu2y40q3Vf6UOVYuU,정세형의따까리,4516998346,jungle,1962,4,4,8,11963,9182,17351,9,13,23985,10615,39,103,4,402,2,3,1,0.4,0.2222222222222222
e5K1i3Tt2-P4r-AXJkzdgMVsyfPb_Aqz4qyxY7FaEgPp,대화X핑으로소통,4516998346,jungle,1962,4,7,6,13427,9502,12337,30,26,24835,10763,28,140,8,214,5,6,3,0.5555555555555556,0.23333333333333334
3EEAXPgp-RQ6Y9wDeGBZ5tb_GK9lqio7KyTGzi0lMXsS,루피노,4511920916,jungle,1516,10,4,9,21517,12819,14673,26,9,26459,12427,32,119,29,158,1,2,6,0.59375,0.16666666666666666
aiTdGAfWqcuV1hPUZQC5F65TcvJVMTW1CIn525IDo95E8NE,리븐왁왁,4482280574,jungle,1990,1,7,12,19223,8391,9773,33,29,24521,10946,51,100,0,112,8,15,4,0.48148148148148145,0.15555555555555556
ZXHfWxKqLyvXujNRmT7-ZFJLnADTX1FndLmxMmvFWE8,동명짱짱123,4527997584,jungle,1382,2,6,3,9051,6497,11555,18,16,17740,7347,11,120,0,358,3,3,6,0.625,0.2857142857142857
CqW70WaVJSTgpSwTDH-N_Mg5yJLpHzwisTD2uQG10mAPd7rrm5c6etSd,earThing,4527997584,jungle,1382,10,2,4,13159,10529,10211,33,128,18711,10389,11,140,8,448,1,5,2,0.6666666666666666,0.25
nWI8G83y3LQ1c9ubWTPjqQG2wsM8HVYwa4AayhYTGLV7GUKsXKLNf3Zl,전생했더니손인욱이었던건에대하여,4471802877,jungle,1429,3,5,3,5660,5168,13269,13,11,18369,8319,6,112,28,310,3,3,0,0.46153846153846156,0.20833333333333334
b1KgRh7nmeSmwKEI6HMQpSQsxAiVrRO6GR3hbDTJfa9EcrdhNFYvnt-z,대창났네,4500180393,jungle,1927,5,6,1,5923,9581,20957,24,14,28891,9378,22,115,0,429,3,8,3,0.18181818181818182,0.20689655172413793
ayKNkxLOwsRTz5gLoNv_YonTAM8_pvVVKNXr9TeBSMQ,솔이랑별이랑,4500180393,jungle,1927,8,3,12,17087,8190,12059,29,19,24211,13132,53,137,13,696,4,3,6,0.6896551724137931,0.09090909090909091
o79lWIShyKaWoV-nBmGiDkarGphRO5AFQV5Z9AekkBfK,왕실고양이,4492877319,jungle,1947,0,11,11,11808,6822,32998,46,34,32699,8840,52,91,16,187,1,11,8,0.3333333333333333,0.25
ZunZom31lSYw9PNqAo-ERFWFjSNxOncJ4GFwZIOyimF-rmc,4ka1i,4492877319,jungle,1947,9,5,18,12298,11215,34250,31,16,35253,13521,16,134,4,471,14,24,1,0.6136363636363636,0.15151515151515152
KvQLDfOW8FwzKQSJRyIzrOV8UpAgwYmuqUYhaE59h1TGYek,신과 일베저라뎃,4502174025,jungle,1479,3,7,4,11886,12211,14222,19,14,29036,8260,31,117,0,368,0,6,4,0.5384615384615384,0.19444444444444445
ZwnEpN-BN-5_EYbmM55esU_DsdNBRU09FDCbCaGnoSX8,BoardingDisorder,4502174025,jungle,1479,3,6,14,16636,5443,8664,31,10,19304,9712,10,141,8,138,8,12,1,0.4722222222222222,0.42857142857142855
ZGt5-rd1PCU8L8EtdjCaXhxUB7wr41NxK4SRCptK0s3FKpF1X6HbQI4b,6974lol,4518122280,jungle,1452,7,6,4,18159,4931,8061,9,10,21946,9747,25,128,0,141,1,4,0,0.5789473684210527,0.1935483870967742
_MTllYy661U71bfEetIcm937vwXBLMuiBF4Z3juo_TJRdQI,Ignite 소리,4518122280,jungle,1452,1,5,9,4441,11141,11077,39,19,21181,7013,22,92,0,522,1,4,2,0.3225806451612903,0.25
aaXh5iuk98hXZ0YSbEJvmkdMTePnYKBETEjY-VQANLZujI5k33H_f2IA,정글러 개미,4541241362,jungle,1717,11,9,5,35998,11574,14652,32,5,30254,15090,96,115,25,128,1,9,0,0.6956521739130435,0.16363636363636364
pmtrucnwV4jS1NkIZ_4Fri4TlTm1IH1VxNE42PxkGlS4jz0,이기적인오빠,4541596483,jungle,2539,11,2,8,25660,20322,87113,12,16,48655,17788,71,195,21,757,0,2,1,0.37254901960784315,0.06060606060606061
Pu067OcWdfMt0tzc8tDDAvDe0apXYY3r07uc6NPLZ45lf3T2MG_tm0n_,ISPENTOFYOU,4541596483,jungle,2539,11,10,10,25070,11647,85860,24,59,62307,15422,48,127,17,512,0,12,2,0.6363636363636364,0.19607843137254902
1ATvWsy1y9PLGJd3pH9BCCptT0VG_6AINLnV2U1UmkvKT8t6M9Wt1jWl,Wfgrayhamburger,4530484794,jungle,1944,11,7,8,23376,12676,45953,34,41,49154,14463,64,157,20,562,1,8,1,0.41304347826086957,0.22580645161290322
8tjoME6YlmdoIXR90aXn5gLSu_kUA_2-uxGAnqxpEzKZsi4,동주견,4430073909,jungle,1531,7,0,5,10086,10355,8524,30,10,14624,11025,62,142,35,385,2,6,5,0.42857142857142855,0
_vQsFWgRiVT2hCN3yrbvllsRLGnM7TdKWMSelPiyt1nQ8kk,이기는거맞지,4541485993,jungle,1562,4,4,11,11224,14127,13546,22,128,25591,10365,18,160,28,404,0,2,7,0.5357142857142857,0.36363636363636365
JXGtN2OeMW61ueq8gnZ1zA7xYe92KpjGaEcPdNB4JzvLcv35OhFjIXAv,포로로 잡혀온 포로,4540838451,jungle,2107,20,4,14,37778,10954,70657,11,68,29256,19357,44,136,17,614,3,2,2,0.7391304347826086,0.1111111111111111
qKvH9iLg2scp8mOSwyIdpt339tVHjgGONr_d2RG2AP2poOU,평캔장인 양승옥,4540838451,jungle,2107,5,10,8,11785,6979,24010,21,26,33938,10527,23,104,12,300,2,10,3,0.3611111111111111,0.21739130434782608
Ro-_BIHfd8h4P8y9jvmr9R8VDpQGp4h8sf4QsQA9WqLG_Ac,1김인직1,4535181208,jungle,1946,6,7,14,20780,19702,19106,23,23,38181,11220,19,115,25,413,0,10,1,0.5128205128205128,0.25925925925925924
_Gla_0HTxxBzP2CdnQXcuRMo6fvQXvxIjAoC2f9IyYjW,칙칙푹폭,4535181208,jungle,1946,2,6,7,12699,17993,24001,26,15,36526,10928,39,162,25,547,5,6,5,0.3333333333333333,0.15384615384615385
WGWY6fCqRXpP6SAYItN9a4jpKFmPDjUZ7VI1Pnvw6Nga,달달딸기,4478799783,jungle,1222,2,4,1,4121,8577,10602,11,10,18412,5778,7,71,2,293,4,5,1,0.42857142857142855,0.2857142857142857
y2BEGx6Awiui9Pf3XcCclJvYMW_A6rDb3SEInduYQJSuvnY,피즈려밟기,4478799783,jungle,1222,6,1,1,6561,7242,6771,25,3,14587,8359,13,100,17,128,3,5,4,0.5,0.14285714285714285
kFO2tKVfcCPYFUiEkJPjibA9OkFi3V_c8n1sMBrrK-bL,즐겜유저소름이,4478284277,jungle,3123,9,7,8,59747,21192,45594,57,12,53878,19529,166,185,31,326,4,9,5,0.4722222222222222,0.3684210526315789
OrvalTVMsJluG4xuMCxIUgCEI8YBZStg5b_mSQJ8Yus8Z9-PAnKQdWP0,You Are       it,4427874345,jungle,1492,5,4,6,12613,10949,10880,14,8,20813,9554,15,98,0,231,0,5,4,0.34375,0.16666666666666666
7mXgB7Vx1R7dDZjm5OCn8L1WlAopGMaMJa85yGN-tOF9U98,Daffy,4427874345,jungle,1492,3,6,6,9465,21217,23803,21,28,29577,7199,12,92,8,276,3,4,3,0.375,0.1875
RtGol9jyTFE4t5QQLj0x0NBD0IGUd-EeUO8EzXeWKmQ2JljEe_KK2EdH,OFF WHITE TM,4517967363,jungle,1626,7,4,3,8690,6988,19572,18,13,22779,11254,20,119,0,418,5,11,1,0.43478260869565216,0.15384615384615385
n6m0c4mFT3-yEPqSSS8hFQTNbgkCaXJm9FQMZbuRywPslxc,부여초등학교,4517967363,jungle,1626,6,7,9,9698,6645,23115,20,18,22128,10078,25,113,1,206,1,3,4,0.5769230769230769,0.30434782608695654
AVSIiE1Ht_0zO19ebwfmxMETMNp_So6XkeZr0K7Bw-DQMEM,니인생피바다,4475119037,jungle,2225,2,6,9,10443,16938,26574,29,22,34771,11756,39,143,16,435,3,4,6,0.3548387096774194,0.3
G-HJCciRwI6LyAZhjh66k33JMqKTt2giNjmi49N2K42Q,빠따밍,4508822476,jungle,2248,5,7,13,19954,8080,26630,30,19,34432,13063,61,148,4,336,4,13,6,0.5142857142857142,0.15555555555555556
GRJ0v96pCW3ZsC6oVTkN5z6gFUm9u-_4cMHXmdLdQWrk3vI,젤리먹고플레까지,4541800179,jungle,1891,8,9,6,16790,10609,17368,17,11,32099,10730,69,73,4,338,3,4,4,0.4666666666666667,0.18
8P1AEr3pZNumR4kHWAbJfrl5qJeIIYzx1GzCj94gLdmImte-vVXF4awH,낮이밤이 녹턴,4531497036,jungle,1324,12,1,2,14173,11520,12184,10,4,19911,10301,14,106,0,165,0,2,1,0.7368421052631579,0.16666666666666666
6KWlHSs5nhDLe4oAwxNFPU2EmCEQb44F7TUwkId3H0wD,주모선생,4531497036,jungle,1324,2,6,2,8063,5458,23958,10,22,20455,6248,7,96,0,514,1,3,1,0.6666666666666666,0.3157894736842105
q4bzVOPDXsMgjtrxtJcI6LJZsDR4JL_l_IZvywXfjQafpUo,궁박을게,4389666793,jungle,1440,17,1,1,25130,23400,19386,16,19,33866,14344,61,155,21,480,1,1,1,0.45,0.05263157894736842
piGC0I85RaWQvnYQssOZganAxw_KfYbplXmc5comTyHw,국밥한잔,4427802820,jungle,2093,12,10,13,25074,11137,35580,18,12,32492,14386,51,137,8,168,0,4,5,0.625,0.20408163265306123
UtRgs_ikJ4FByf_ktEAVxsyJWmzmAHHzIDi3z6NSz8QA,배 딕,4427802820,jungle,2093,11,7,12,18319,9595,30970,43,18,33102,14618,24,147,4,390,12,23,4,0.46938775510204084,0.175
AEWM28Nz4yduOnECCvGJrlKVEW_35GjdFHiB7BGp8fksznRI0v-fAcKj,003s,4481744234,jungle,1922,15,6,8,26819,12791,38189,24,28,37601,15688,25,170,21,425,4,9,1,0.6052631578947368,0.24
wfJN64eZ94gilPHUGbYtpySXpeMBric7a00c1iWEg_RASGw,Parker다이,4536119746,jungle,2151,13,9,9,33865,11865,20534,25,11,32651,14095,31,137,20,219,0,6,6,0.5116279069767442,0.25
mI2zx1NQyzvS2K1bW50zNJ7kRh35r2XcPcgsSpX-9XG_,쯔리짱,4424165067,jungle,2470,6,4,9,23357,25376,36107,30,16,47916,13935,92,136,0,463,3,2,6,0.375,0.1111111111111111
905AwlUmKnSlhvakYS28_rgCbSc1ONbrg-isWv15FWGVY72uDvgH94FW,삐두리,4538567721,jungle,2519,7,7,10,30402,10525,62339,43,56,57461,14956,91,120,4,510,3,5,3,0.425,0.15555555555555556
vEyNI_eiCV7qlWa-9QVvSNOHxyb73ir30EmLex8Jw2PeOzJ_Gsf6gvzr,박m공주,4538567721,jungle,2519,23,5,11,60007,23230,35178,12,42,44624,20005,91,104,0,600,0,1,2,0.7555555555555555,0.125
aePKnpdWel2p9uXwLdfk7AadJ71kGI8UZm7lI-eXnw5AOsE,Wo xiang yao ai,4540417103,jungle,2489,8,7,11,39952,14509,26520,31,53,49016,15153,100,126,14,1148,2,3,7,0.5588235294117647,0.16666666666666666
vhiTnLK0UflKYmfTFLC4byqXF3TW25VoHDTFUE5R3KRdFEJFQb7flHse,rulrulrr,4540417103,jungle,2489,17,4,13,43719,23916,23793,35,23,37751,19783,79,168,4,551,4,5,9,0.7142857142857143,0.11764705882352941
TSrE_RyEw6tX6aBC_DcJZ-rLVrpGMWN40egYE0xdaeCUClUPP52LqiVK,귀 검 객,4532814781,jungle,4747,12,9,25,66513,23488,251188,33,164,99784,29112,203,131,14,2343,0,12,4,0.6271186440677966,0.1125
x1ooc6Vp3lc13VPo49S-MR6kgw482co0_a2wfZVA95Hmork,연습하는 봇,4540095207,jungle,1811,2,4,10,14550,35265,22694,17,36,35698,10156,68,123,8,538,2,4,5,0.75,0.11428571428571428
KPvUD5FlQ3IxC5hUkvyzxX-dYOe6eJ8sYbLXSDw6Y6lFPwWDRo2GubPN,LolitaIntheTrap,4540095207,jungle,1811,5,4,10,12587,7395,13384,37,18,24330,10996,16,170,22,385,7,6,6,0.42857142857142855,0.25
QzCbt5gGbSlMOmGOft_UkpRW2j_dlW-K9KsTMWLWThJv,v볼베의신v,4540184267,jungle,1824,8,9,2,11366,5174,18662,13,17,26057,10437,33,98,4,249,0,6,2,0.4,0.20454545454545456
MKB-zBfbh-XRnsq9JoQXNPNPIMPF-uOTM4mtaWJW8yNb6N4bFmHjuG3K,dog10bird,4540184267,jungle,1824,17,2,7,30309,12451,21061,26,226,28822,16970,72,144,8,554,0,10,4,0.5581395348837209,0.08
O9HSbEXcoziIScsN12F3i01666Krnzs57d3Nnb6dkP6-iCYJDPOpyQao,탑으로간정글,4539865689,jungle,1701,12,3,15,16678,9345,24226,17,16,25016,13293,31,128,0,310,3,10,2,0.7714285714285715,0.13043478260869565
hWSimHzpNoQTZRo9OlziQj0ThOCvpY53JGmggdhPDd3XFBPn1HMYsFKm,조이면갈거카타,4536077142,jungle,1516,2,5,4,8262,12258,14897,18,14,25569,8130,35,108,4,210,3,5,2,0.46153846153846156,0.15151515151515152
lVo4FtDnvPXYVId4pbf3zoHYwSzvl3BGl_Fl7yeGLlhoFJig1Wyf_7DI,우르곳파이크만함,4541676392,jungle,1277,7,3,6,9458,8120,10465,24,86,17459,9850,39,116,8,360,3,4,1,0.43333333333333335,0.2
0HmYBpy-ugKgb6G_KfIlSFawBgvbf5C_8Yj_Pvxh0OS6,맥심작가,4541676392,jungle,1277,2,5,4,7206,7062,9500,6,10,19185,6254,11,84,0,207,0,4,0,0.42857142857142855,0.16666666666666666
Q7bXmY4G1xBmCkUv2Z9WqgzZyD3x6acAJukA1ptcWvzl,punch shower,4424150739,jungle,1682,11,6,10,17087,9140,28896,21,27,32691,12710,50,84,5,337,2,6,5,0.5384615384615384,0.2222222222222222
gjwL8gzWKO_0nACSAkyJZEJMjHen2u7G4G7vopfZZWOv,개못하면서정글탓,4424150739,jungle,1682,8,11,6,23511,16255,24939,28,25,39950,10803,43,111,5,404,6,5,8,0.5185185185185185,0.28205128205128205
3jPUyRPTX7qG7UfJgRrOMESch3KUAJNQuAgn0h8k3bw,허스키두마리,4535913076,jungle,1546,1,8,11,10371,7117,23901,22,20,28567,7961,34,83,1,329,6,7,5,0.5454545454545454,0.18181818181818182
BBxGiBgDsTLToKfnh8kXSPl-weSPrEHe2ij79jOzWeA8,아사다마오쪄둥,4535913076,jungle,1546,10,6,11,16260,16031,19891,25,30,30600,10402,24,98,7,293,3,7,2,0.4772727272727273,0.2727272727272727
iXn2dWRlmumxFjUMrqlCAFRzP8X_NYatckp0Oth6P1ee8Vexfe8ebTJR,영어점수 0점,4530395459,jungle,2123,4,11,11,14346,19228,29873,29,21,40807,12303,30,149,0,314,5,10,3,0.40540540540540543,0.2391304347826087
12J4ka3Kx22biSI89SI3tjkEvdYBWGlWM1Fpe_lZJdCSxO8CwryXjdaQ,밧신개패는놈,4530395459,jungle,2123,17,6,16,34881,18401,28455,33,5,34364,17030,30,177,9,90,2,3,10,0.717391304347826,0.16216216216216217
9Mo_8XS8CM30JRSMC7vZiLz9KTVPQgHvz9V5uJpbPnrqdmfi-5vlGExu,책의 수호자다 냥,4540948253,jungle,1437,7,6,2,12489,11619,19682,11,13,27479,10517,55,102,4,197,1,3,0,0.45,0.18181818181818182
oNETZMfR26_szp2cTb_1v8dWQgGsuXXiel2rPYbUFDLVbJwzThfJkOrm,MoonDIE,4201387606,jungle,1420,8,2,9,11732,10260,16821,16,10,19025,10399,26,124,16,221,0,3,3,0.6296296296296297,0.2222222222222222
tQSRXoXy86a1eOuNPleobmqPivoQOiSjqZa4qXWO6DyQjoQ,승호야 할래,4508764086,jungle,1788,7,6,11,10522,8220,22871,31,12,26793,11733,22,127,0,381,9,16,1,0.6206896551724138,0.25
R4AoaNt6vZvcAphjuwKaHYWyspOZP2JSU5r2ZrLhbjjm,balotelli9,4508764086,jungle,1788,6,6,6,12612,15960,19684,19,23,34217,11143,46,98,4,423,0,9,1,0.5217391304347826,0.20689655172413793
kjp845h9YhYZEURt9KsHPsoHyRzLUkX08Cd9vJ59r3_dvwU,KHAXIO,4538654964,jungle,1954,6,6,11,15865,13624,20072,21,17,35399,10164,67,65,0,343,7,14,2,0.5666666666666667,0.14285714285714285
pT3zOn8ltp8m0b82whw2aNYmMooXaWqybEk3_0xMSlzk-F8,기본심화,4499141165,jungle,1889,1,5,6,7459,7410,26124,25,9,24319,8731,25,104,0,260,2,12,2,0.3333333333333333,0.2
6q30sAJVR2md1AqbgGvb1htZGLBGed_QsC_wGhlz5BAu,히얼유아,4541945053,jungle,1213,3,6,6,7453,3343,13105,19,29,16909,6602,21,67,0,373,4,8,3,0.6923076923076923,0.21428571428571427
lQpLY7Fw3uWjwTSMAbMOVwPr_TIrTQRCFDI4fEdGWwfc9Rk,KING ZIZON,4517064672,jungle,1598,8,7,6,19244,15194,24508,16,20,32766,10796,46,104,8,259,1,2,4,0.56,0.22580645161290322
KHaXMHzXIzWicT60b4HwHYFphzkpoCT1syGf7Jlu54MJxLE,김젠타,4540669526,jungle,1368,11,5,5,21723,10856,20854,14,42,25842,10384,34,80,8,163,0,7,1,0.7619047619047619,0.2631578947368421
Rz7E3kZ7hYzfOAaKv7Gr5mvXFFII4wQ29_GS6J7Be3DlwrT9UekBtUMl,박하사탕맛 사탕,4475721142,jungle,1256,5,2,5,10459,11637,12209,20,6,18936,8556,11,108,16,128,0,5,4,0.43478260869565216,0.16666666666666666
nmNNF24FBkTIyF94PldekEEswvNRgxcSBnIdHrJs1zVTmsJfRMdFqpJb,배찬영,4475721142,jungle,1256,6,6,1,11571,7704,10223,17,21,20987,7646,25,76,8,446,3,6,1,0.5833333333333334,0.2608695652173913
sKepmEuY1Q57Y6CpTbU60M7SmTDtUhMeNqUsxH9IzMu4Ru8,위비뱅크,4536022606,jungle,1426,4,10,13,11576,5729,21024,8,23,25626,8358,28,64,4,330,0,6,0,0.6538461538461539,0.20833333333333334
PP8anfXLlgehznNwVlZ1AW9lYG_EOa-ojMSEIf4FUiNF,찌리것다,4466380368,jungle,1714,7,5,7,14127,10652,14701,26,10,22904,11534,34,137,25,221,2,9,1,0.35,0.1388888888888889
6w0x4cE4P_F1qAcmkMpCNWZMyEbjFkINw_Zd0QBACEnZW48,미르매로,4252314817,jungle,1226,0,6,2,7439,8341,7272,11,6,17804,5158,14,73,11,142,2,4,0,0.2222222222222222,0.2222222222222222
lzVGPXj-wBSjYjkDONXppzf8rs1sQa8l35EY0ZY4ECr_CNzHa3jS8R__,아침햇살살,4510638832,jungle,1558,8,9,4,13440,7240,21881,19,14,31743,10352,20,85,4,357,7,13,2,0.6666666666666666,0.21951219512195122
cd3fwAbDaiZ9QinMIYpMsTC659f7FI1dI5hXAcASrxAXWStYa8yd7QZl,하와이진주만,4510638832,jungle,1558,9,4,5,10382,6256,6639,29,22,18022,9994,22,92,12,99,6,7,5,0.34146341463414637,0.2222222222222222
CK_YZoYSmvU_Q0h_gft4vMYLRyL3qcu6JJwh608kTzlLLk3wMMuvZjG8,123asdd,4540590687,jungle,2471,27,6,2,54729,35733,63607,37,9,66288,23023,109,184,12,243,0,12,5,0.6444444444444445,0.11538461538461539
Scvizo_aPfo-iHH_ZxTR6PRC1UyZS91g11_oOUXNLkKV47o,3년에한번씩롤함,4540590687,jungle,2471,8,8,9,17225,19852,39079,31,11,41626,14531,39,151,4,567,6,7,3,0.3269230769230769,0.17777777777777778
fHLUUC37ii2ZJqsZxE1L3ZN2Qlp7UfS6rpbdRsHT4jUa,그냥 닷지할게요,4540893710,jungle,2324,9,2,2,19201,23781,51645,29,22,43718,18806,116,290,53,573,1,2,7,0.3235294117647059,0.06666666666666667
_VS4s7N5Iv7NP15PYAUGmwFh-Q0SU4KyJrwLZPYV8nLP5fYszreBzxf7,my black dragon,4540893710,jungle,2324,0,7,0,1297,2410,7260,12,4,12695,6770,1,58,0,209,2,5,1,0,0.20588235294117646
oup2-gZZLmp6JD1ETWzgBLVuj6h__-qCXuZBYVpQy-Dc,aNg노아,4532380977,jungle,1405,10,0,4,10041,10919,10886,22,8,20370,10585,20,126,4,493,3,9,2,0.56,0
kTvPrnWrXza60zvu3osO2_kb0cH0S5G45UE5ievqpEEpoAEGtHQrDjQw,필패는 자유,4532380977,jungle,1405,3,7,2,7543,8663,11507,14,16,22440,7290,14,107,0,245,0,7,1,0.5555555555555556,0.28
dI3VOFCGes4su__06n2NHOCNH5RuUK_K1rnCpqO9T2epebs,지인예,4520131694,jungle,1911,5,4,9,11582,14614,17310,29,176,25264,12595,23,193,6,642,5,6,3,0.5185185185185185,0.26666666666666666
6b6i8_2bX6goJXijNwQAwUrbM3C1dHxHbsjviLLdltwUBg0,미드가는 용가리,4520131694,jungle,1911,2,7,2,6603,9007,30467,29,15,32984,9564,28,126,4,606,3,10,5,0.26666666666666666,0.25925925925925924
YoM6JgU8-yYI8TvUlYuvX1s4ovnn7b1xk5PPRHeGA-el,ejswlsmsdkdlel,4541255865,jungle,2141,15,9,5,27705,8656,27455,31,23,31492,17821,65,189,33,612,1,4,6,0.5882352941176471,0.15789473684210525
yFRUDDYEcTWOBgBXc-CBugiSgID4VVLM1-Hou3gIHimA6hw,내이름뿌락지,4501319201,jungle,1715,13,4,9,15875,17490,18995,27,31,31861,13422,37,134,18,419,4,9,1,0.5116279069767442,0.14814814814814814
-XMWyBXnhLfQvqjWm1rL6jlN9AXrNJ6RDse1YQhrfBIeju_uqlgLf4Fl,게 이 오 공,4501319201,jungle,1715,8,9,6,13190,6466,19664,15,16,25530,10737,14,120,12,266,0,3,3,0.5185185185185185,0.20930232558139536
AEpKFr8zlbdNjGNUbcItNNRptmmGU0yFjFcC-R8oy54IJGQ,INCHEON NIKE,4536682395,jungle,1409,11,1,4,15413,15360,12705,8,4,26056,11943,34,154,20,192,0,3,0,0.42857142857142855,0.14285714285714285
-YY56uvQGVaA-1FdoYe5eXpj5U7J7MkUne0rbTIUq8HXha4,야식먹고갈래,4535375376,jungle,1922,7,4,7,19600,16334,19489,26,183,33130,12807,30,143,11,568,5,6,1,0.4827586206896552,0.1111111111111111
w-Xehd4XDMIlCWg0T0y7BTudvpyonrXzWUIutmNlh3AM9ak9hf8Q66TG,느그어머233니,4521352264,jungle,1672,19,4,6,39736,30994,39608,29,40,46219,16633,44,187,35,444,5,4,1,0.625,0.19047619047619047
MD9uhr-2GvG8AWzTc6kumTCmejei7A_gSujwLFgORl5s6Ml15wTE9P5l,강원도의 힘,4500116715,jungle,2028,5,3,10,14431,22069,43597,29,39,37591,12072,37,124,7,1009,3,4,7,0.625,0.1111111111111111
aflJTSOUNbFsLsbhXKNZS8Wxy7bHzjshFVD49NjKGe2hwHg,asdfasdf12343214,4500116715,jungle,2028,6,3,9,18835,9160,23209,29,19,24137,11922,38,152,10,436,0,2,10,0.5555555555555556,0.125
lLyCxqvB_YI4_vZkon6vIbUf9nMN5NdJqDFpm98t9laR7z4a3lQ1lboj,파이터 김동현,4538583931,jungle,1200,0,4,1,2650,6352,7533,9,3,14527,5289,22,76,4,285,0,1,2,0.09090909090909091,0.2222222222222222
Zh_ItIGqwLNSxtyRfmfZUyT5zwrTvocExqOY_y25bm0tz34VvKFHoVa1,홍고 롤 3등,4538583931,jungle,1200,2,1,5,5251,13173,7563,7,20,18115,6882,30,100,0,375,0,1,2,0.4375,0.09090909090909091
eVlf8EDh1rn4-XONwvWHG-wCUss8Rw0oyN4wJ0fSkFf-fBc,part of shadow,4536063480,jungle,1607,3,4,4,8203,7352,14820,27,11,21091,8681,19,116,4,292,2,7,4,0.3888888888888889,0.14285714285714285
IMw9zV36jAAVE1Jda96Uw50jV31PfU64JqwYMEuKOpYcuWvSBLjj3-YP,흠고민이많은걸,4536063480,jungle,1607,13,1,5,20394,14110,18114,10,3,24210,14114,26,140,1,148,3,2,1,0.6428571428571429,0.05555555555555555
ZGt5-rd1PCU8L8EtdjCaXhxUB7wr41NxK4SRCptK0s3FKpF1X6HbQI4b,6974lol,4518122280,jungle,1452,7,6,4,18159,4931,8061,9,10,21946,9747,25,128,0,141,1,4,0,0.5789473684210527,0.1935483870967742
_MTllYy661U71bfEetIcm937vwXBLMuiBF4Z3juo_TJRdQI,Ignite 소리,4518122280,jungle,1452,1,5,9,4441,11141,11077,39,19,21181,7013,22,92,0,522,1,4,2,0.3225806451612903,0.25
wk9RVPslO-Kt5n7S7KVgzfTYs8PLUWcGvGbJIdUn9gr1flU,기모리하다,4512610322,jungle,1827,10,4,4,11834,8596,26327,30,24,25304,12534,23,142,0,396,2,10,2,0.3888888888888889,0.2
JRn-t8SMo0qh6Fn7pac3s6nvZv5c_wTp2iPq4Mx-nBf-tlo,핑꾸빤쮸,4512610322,jungle,1827,4,8,7,12038,11993,19583,19,17,33212,9309,26,100,1,334,2,6,6,0.55,0.2222222222222222
mbmXaK2vmTDg09I9EsRHA_1IqTdGPGNz7sgJjjCntQIoFwY,강리원 전남친 ,4539230197,jungle,1241,7,4,4,8945,5362,9410,10,5,12744,7596,7,72,0,182,0,5,2,0.5238095238095238,0.3333333333333333
yzU9VgpYApVBV0bi4evoIHuVn-PW3DZia0hysaAy5cxi,집나가면서생각,4477666819,jungle,1704,4,2,5,5342,10075,24250,20,19,22983,9833,28,134,18,352,3,5,6,0.375,0.3333333333333333
HoKA878yt5DKHDrhWiHLkoCPWMJJXhNoYTEGernD5FHYo0WxOG3DSBRM,깔끔하게사망,4477666819,jungle,1704,2,6,1,5852,6912,26704,45,11,26274,8088,29,111,24,379,7,7,11,0.5,0.25
Jr2girzdpPmD6NF8HTgoEdtwF8d453DvhJzZfNjwZvai3sg,마이충사형,4540887002,jungle,3208,6,10,14,25864,15168,81308,28,29,59641,17132,70,142,10,567,4,5,7,0.4166666666666667,0.20833333333333334
5wJjb6jiOnFnFrBIzYnUBMEgzRSt0KNNKnOdlv7_u-eoSpl0MkFAJxN5,걸뱅이04,4540887002,jungle,3208,10,11,22,62614,13629,20224,27,33,40235,18199,153,104,0,465,0,0,6,0.6808510638297872,0.22916666666666666
tEu5N9sgqx2o72ba9KSsBjMJ9aVfAXmUQ7OJaFo8yv-yXa5Epo5djqVA,껨끔님,4539279058,jungle,1900,0,5,6,16485,15775,15882,30,15,34646,8952,36,139,0,612,6,7,3,0.3157894736842105,0.16129032258064516
XGrRdTmvTgK0eXTqiVfaUaTNwlAcniNiOeY_oVXrT8nPV2M,나는 빡빡이 원준,4539279058,jungle,1900,3,1,11,9710,34966,27600,15,37,36140,10313,30,128,8,407,2,4,2,0.45161290322580644,0.05263157894736842
p8psiQx-YM8a4WWKN0uMeyyH9K7hDXEbWi94UNBNC7JjJlaLsdsInzUb,평택미남,4529189124,jungle,1677,2,5,5,9511,7204,26600,21,13,27200,9805,64,96,13,327,1,3,4,0.3333333333333333,0.125
53ldArAkIM2NInUbQqOAYgTg5VcjJxztYhzOXAlOMnTkxT8,니코틴 패취,4529189124,jungle,1677,11,1,20,24115,17482,24654,23,60,28845,13312,22,144,12,273,2,6,1,0.775,0.047619047619047616
lCiPthcX1MmLFcrj-7b2mP8DvwfhvPmL9gluAwDanpPrPbA,러브라이브 치카,4541230742,jungle,1827,8,6,5,19224,4407,7561,25,31,21917,9972,60,60,0,269,2,12,0,0.5416666666666666,0.15789473684210525
YRYPIpiTTbzfBrPjEOEyiuGtNT-t_sxvPPqsvilqmFsbHtk,Peace plz,4541230742,jungle,1827,19,7,8,25208,18899,23135,17,20,43674,15891,42,128,17,449,1,3,4,0.7105263157894737,0.2916666666666667
F68NQjZk1faw2SYMGQeDDJBYFUC43x9KzK2rPOTGYkAt,문워크하듯카이팅,4541293082,jungle,2532,11,8,20,32366,57560,90426,35,57,90619,18560,97,126,2,741,2,15,3,0.6458333333333334,0.14035087719298245
VUv88n5GqzaYBQQFKpOKPR9wntnVEzJQZp6RStdpeFQH3eAwiqDZcmwd,apdo23,4541293082,jungle,2532,12,7,15,39122,28034,39808,34,21,54179,17872,61,183,14,547,0,13,4,0.47368421052631576,0.14583333333333334
EgX793e2R78MHNQ1CYpBSEcfBFjnYbukv--lHZlEhiKh,Craig David,4500092277,jungle,1225,2,2,7,11042,6754,9174,12,10,16440,6739,25,87,9,471,4,4,1,0.4090909090909091,0.2
z6NkkonoOoDwQ9eIKUoSLJ-zRM2KrZK7gJaDC-lktKKK,Zeniex,4500092277,jungle,1225,2,4,2,4990,4180,8751,11,6,16734,5981,27,72,0,80,0,6,2,0.4,0.18181818181818182
rgNb_WW850KUUPdZ76QQOemCpM55sB_nrH_AvMmf6fuX_cPhi_JnhBlI,홍또띠0,4495723097,jungle,1798,7,3,11,11846,9592,28153,22,31,20923,13052,57,152,16,359,2,1,3,0.47368421052631576,0.13043478260869565
FYQUdFj-l8zU_2a0rQUUkzkraGdm9TQ2k7JAgmuCj8Rb,도락새,4495723097,jungle,1798,6,8,9,15881,5304,43341,23,32,29528,12313,85,82,0,1329,3,4,5,0.6521739130434783,0.20512820512820512
g2myNIqgcBdGyJJl1h5bPo-Ca_Elqfi0Ih8aXvfz3aePifHRMXisEKS_,망포중탑솔엄준식,4427723469,jungle,1622,6,3,11,14495,15223,22735,23,28,27323,10475,30,124,0,194,2,4,4,0.5862068965517241,0.17647058823529413
qVSTDJYgeTSNtYySsWuFxLC73sRysNAuWgujZRyrkZZ0,강초코,4427723469,jungle,1622,3,3,2,5585,9635,10712,18,5,20786,9959,45,144,2,297,1,4,2,0.29411764705882354,0.10344827586206896
KMgCEgZ7IMINtCgV-mOyQ6GLQn-4gLXRx3Sd2XYd0uETvjTYz71vtiFm,향기켑술다우니,4353405785,jungle,2240,3,8,5,15836,26039,40788,19,26,49919,12425,42,187,34,361,0,3,7,0.21052631578947367,0.16
2P7gi4aum2WsRJhvr_IscMfuC-gzCHR8O8CwjEjVLH8ssJRPUJM7XuDy,kffkdid,4518838090,jungle,1537,6,2,11,14973,10841,17806,20,2,24546,10698,27,150,4,148,1,8,0,0.53125,0.1
VdaqU1EnFxhiBfnEuDjNSME3-D2SSpt4FINugglUix21,오산이은수,4518838090,jungle,1537,3,4,2,7801,6987,12149,11,12,20480,7489,20,92,0,240,1,3,3,0.25,0.125
ViiNHp_qcnOCIENBdUn5wyPz-c7TguAbeuzkeGOg7Hf4mGY,목마농장,4539042542,jungle,1354,3,6,1,8364,10258,12383,18,89,23411,6701,18,97,4,302,3,8,1,0.3076923076923077,0.2727272727272727
JKoZGNxLIDk4qYXG9VvI5Bfc6Ici3Ei5StkYNdYOBGYyEIw,삐삐구리,4541717597,jungle,1391,6,4,11,7630,8222,21179,27,16,22933,9255,23,100,4,233,4,9,2,0.5,0.4
5rNnXSDBoIungTTpCHtIqHvsCJmsLNjXFfqW1PRia2Z98m4,아이킬you,4541717597,jungle,1391,3,8,3,8978,10675,13359,8,115,25156,6989,9,102,0,386,1,3,1,0.6,0.22857142857142856
dnswpvdt1TqfIw1XRbwZovD4qHwRjC_9c6SWlF9srrX7,Bubo bubo,4534955321,jungle,1605,4,2,14,12033,5577,24136,31,41,19294,9444,32,96,12,624,1,6,5,0.45,0.09090909090909091
VrIIn0IaVWDJ8N4fYUwmb4Q23DqwkC09riikQ29NcATy_OxP9fC3o49H,워윅 마렵다,4541398146,jungle,1670,5,10,7,12676,13280,23997,11,27,35027,8179,12,86,4,248,0,5,1,0.4444444444444444,0.23809523809523808
CPPQM0uUJKr08PB9wtMNY6h9TSWj4Bx7C8Q3AVqdMed8-EE,김정즌,4542010833,jungle,1619,5,3,3,8546,9736,19870,15,11,24270,9613,15,143,7,188,0,7,0,0.7272727272727273,0.10714285714285714
Hm9LTcQdYFJERAgYIK_9eROY1jBSk5IRlXk1SxptRsGqgok,진짜 레전드긴 해,4542010833,jungle,1619,12,3,8,18860,9886,11305,10,7,21418,9976,19,90,1,130,0,1,3,0.7142857142857143,0.2727272727272727
nZ2dUnkQ9-yma412xQ0rha59cJYPZcAdxta_w7LmGGAZWQA,estrategico,4314316843,jungle,1464,1,3,8,6189,5330,7294,15,34,8901,7096,3,111,12,131,0,5,1,0.5294117647058824,0.375
XAcRyk5OkTAYKeDn5a9BW4sModIeC9ugWfq-mgmN0fPKE3M,풍 뇌,4314316843,jungle,1464,0,3,3,3726,6509,15789,15,12,20735,6384,8,108,8,259,5,10,0,0.375,0.17647058823529413
DPszguTfosgmlUgfPgMZQxjbYnU4-JQqLrc5BRB4ZBFC6X7aXGuY6Hvm,아리로또,4539951479,jungle,1571,3,9,3,9558,8719,13637,10,107,25592,7245,23,73,0,323,0,2,2,0.375,0.23684210526315788
r3qE6mgBCcMXccHnh2Wht-aVmKJblzIIAwZZourW9a3gm4RBm7jkX0CP,성형외과  수돗물,4539951479,jungle,1571,11,2,13,14397,9752,28671,18,22,24978,13227,39,144,36,401,1,8,1,0.631578947368421,0.125
IW9C-tbfvhMIdt6CMJsM3X66C8uDHpeqD46Kqc2S9sG6,들온나,4532684952,jungle,1548,4,5,3,13150,8124,15641,26,13,24110,8798,23,127,8,481,3,4,3,0.4375,0.22727272727272727
TnLA7d36LpwKVpzFXaByznKrgZqJALZ4vXsHVnv5Q8qqlR4,금태세,4501432684,jungle,1484,8,4,6,17338,8556,11432,17,9,21393,12041,21,145,21,318,0,7,2,0.6363636363636364,0.16
uWvRvVpcEHTxNxdjvycAtxN8B1sKoLq59O7skBrKJwXAp19hWcih5DIN,Greed of Sin Ban,4504346068,jungle,1459,2,2,5,4952,6636,16056,15,7,14993,9104,3,164,21,246,0,5,1,0.21212121212121213,0.07692307692307693
O8Qa3oKShAEOLVCoIvoK9-orAV5bEyo2dR2qmM7b4r3WN4MF8PHH-MYb,빡빡머리쇼,4504346068,jungle,1459,8,8,5,14900,7195,22077,14,12,28524,10604,40,104,0,393,3,3,1,0.5,0.24242424242424243
qmd_HTTToejlqJG_Vidi0xvgO4xgzmY-lEkuDUlksrz9f8c,째 쨩,4536669654,jungle,2075,5,5,18,21724,11239,33073,25,34,37648,12974,37,154,12,543,3,3,5,0.6764705882352942,0.3333333333333333
sqAqDZflnrKzBHEan-hKgHNrP6EykMfkcwsdnRyVXqJs,샤코는누구인가,4536669654,jungle,2075,2,8,6,12529,6735,16502,17,32,29625,9144,21,84,0,645,2,3,3,0.5333333333333333,0.23529411764705882
8XFOq_BQBD4tCEiRymHhQ0qKk9iNBP1j4FYCHOObFgUn,what the Evelyn,4527719193,jungle,1978,8,4,9,25060,19630,23378,27,20,39218,13104,51,131,0,520,6,8,3,0.5,0.17391304347826086
_xWrI9DDVpRzbey2lx-rCplcvJ-bGD3uc_mj6acE0kqT,옷 옷,4527719193,jungle,1978,2,6,6,14026,10560,17518,40,22,30762,10783,91,123,0,388,4,6,13,0.34782608695652173,0.17647058823529413
6jELgC4HYmTej7fazpKFxMpXEmiTl3B_o97K3vPc5M1WORLGn6Sk6r7b,Wilds서기,4540738781,jungle,2268,21,5,6,43235,20522,28033,34,28,35068,18993,57,195,16,524,1,11,3,0.6,0.19230769230769232
9PhygA3XdFpKs8pQY0zc-gyDSy-kYowOQagx7tKXFfMjnaRm9L0SLX5i,벌레잡는 마이,4540738781,jungle,2268,3,7,6,9420,8406,14788,45,1,26213,12736,144,104,3,104,2,3,8,0.34615384615384615,0.15555555555555556
IjEQg_DLR8nasa9WjydWItsp1MAl_6C4I_ClUs3WCvrtHiQ,코드네임 광대,4504521228,jungle,1576,4,5,4,5780,11166,11126,28,0,22250,8586,21,120,0,85,5,9,6,0.34782608695652173,0.38461538461538464
lC7AVpIugaFnp5ehUrwX5wAjLwCVvzNMW67B9qrbSduxjpEQW2_4cddP,biandishilajl,4504521228,jungle,1576,3,2,5,5371,4169,12975,25,9,15807,9145,25,130,14,324,5,7,3,0.6153846153846154,0.08695652173913043
vT3hY1N3SoRukd0x--jfl1hXo6cYD6Q_-9zZISdu-rXlfLL1i0cL8xIr,wvvwvwwvvwvvwvwv,4541447497,jungle,1644,0,4,2,2525,4949,3572,12,0,12860,4979,2,49,8,59,3,1,1,0.08333333333333333,0.125
8HHLnpmVWXGaou6-5_HpiAEY_5teTXciBuAM3sCC1iD8,용문 전설의주먹,4532819731,jungle,2435,6,5,8,28058,13418,25986,37,25,31375,16142,106,175,14,432,8,9,13,0.4827586206896552,0.1282051282051282
lc3HVo37sBhUB6Z1iXMVzmQHYCKLNdJv8ro_SDk6DolKRWjg1giidp2P,젖통을 바쳐라,4532819731,jungle,2435,13,4,8,28369,17804,21955,30,10,37536,16926,69,180,12,267,0,2,8,0.5384615384615384,0.13793103448275862
pxpow2bz7ugov3AaRwC-f_z1C5YLe5Cv0PVCH4NfD30EKjk,맨유멤버서더,4541418366,jungle,1597,18,3,1,19583,10617,15305,20,5,24919,14304,54,144,23,199,1,7,1,0.5135135135135135,0.13636363636363635
0teNNVOJ2qDV5xMtBZce2mVpX2Kj6KMI2zmOzeN6yMExg_3ZXf7Uwkd7,sumaG,4541924994,jungle,1644,5,6,5,11157,5876,20324,17,31,18776,10282,20,124,0,312,3,3,3,0.3125,0.3
y8jcFdit_JjcjuSwB0jHQ8FdKfU5jYqLEU-OcPY1Pd0bflrMiPAjN-9n,Anuky,4519737754,jungle,1625,6,7,8,13986,12680,14576,37,27,23734,9527,21,96,12,175,7,13,6,0.34146341463414637,0.4375
S7g8ZWDfn0tm7NeejYioUXEQrPhpm3tN1tfeyolOMD2Knvg,서코짱,4540279482,jungle,2180,11,9,7,23208,17460,21053,20,15,39444,15015,62,150,0,559,3,3,2,0.5142857142857142,0.20454545454545456
OPdKx3Spmi_3Ks17UzoiCP3uLkY8TneKLvhz37eShPC4x8hDwxhuGdKZ,연세 의대,4540279482,jungle,2180,8,6,15,27295,12135,10561,20,20,28032,14858,42,148,12,250,2,12,1,0.5227272727272727,0.16666666666666666
_TCbTzXFpPKevv6NT6cZ41A4n8FA2DzaoDFkoZGLXq3QNteoIQtN4ORZ,민 다 솔,4541917417,jungle,1569,3,1,18,8593,31072,22893,29,31,25482,9583,24,95,23,398,4,7,0,0.7,0.07692307692307693
mqCPDuZ5cjwsr2UbwO8IitZZeSq4ZMvk_A7X5bQfho4SKTo,태용오빠짱짱맨,4496251088,jungle,2003,7,8,7,13022,15061,17625,20,16,36215,10618,12,108,8,306,0,10,2,0.27450980392156865,0.2857142857142857
1LzoZ8WreA7ZvHRLvRh5kTz2_LwPdTmw4-0UuyFO7cm-,Owann,4496251088,jungle,2003,6,11,9,17135,14526,20171,16,7,35844,11236,41,112,0,161,0,7,0,0.5555555555555556,0.21568627450980393
hUgNJfFiwi_qs6PNOr1zBBx-gPCRDO1z52KfFmjwVqhPkes,실버타운지박령,4536981969,jungle,1835,5,14,9,14131,8175,17909,18,139,31960,9679,17,112,0,416,4,5,4,0.5185185185185185,0.3684210526315789
Tg-LWNc5iWEx1jrnVR6tFFiDNykipqq3NtdfTlUJa-Ss,슥 분,4440533517,jungle,1210,1,2,3,4841,9409,16723,10,12,16002,6915,7,124,8,361,0,4,2,0.2222222222222222,0.2857142857142857
bDxltrGiV5emeMl4ADtCrdGttBzeoioc0YHGT4SzavZxBig,재진사마,4110041025,jungle,2192,13,9,11,35218,22931,28074,24,69,44436,16358,49,135,0,402,1,5,4,0.5714285714285714,0.17307692307692307
zHq1odgp5H53KmvsbrVJZCeI5oIiv6_sYvHGX7CFfyqi,행복up,4110041025,jungle,2192,9,8,14,20608,8719,20218,23,26,30377,15044,74,133,0,462,1,7,3,0.45098039215686275,0.19047619047619047
tK8IuBwHXXLuz5Pvwsq2pLx4cYXGyW2mFf4NPi_BY8A8joqJAhEI-KvK,명예5레벨도전,4538397430,jungle,1635,8,5,7,13138,11481,33836,17,13,32642,11209,12,128,12,475,5,8,1,0.45454545454545453,0.2777777777777778
4cxCfFz4cEsNzgBX3Osla5O9ZZFsEN7HglT-gST3Jt5rKok,JGpsh,4392295962,jungle,2216,3,6,12,18291,16262,24784,27,13,37649,11716,66,131,7,622,2,11,2,0.4838709677419355,0.24
FzK08cOjWfvHJh3CkZjTgB688kZuJE0P7LbhWSXrEX-G,미드서야합니다,4392295962,jungle,2216,6,3,9,17047,12404,30330,34,17,33544,12187,34,124,8,517,10,22,4,0.6,0.0967741935483871
fdPIUzvMit1YORITJLaL2WeyykiqkASNW3T7kY09qfak,그대만이,4541283098,jungle,2244,25,5,17,57300,26145,34594,30,30,49727,21182,56,177,15,756,3,12,0,0.8571428571428571,0.1388888888888889
rnaZf9VRmKXhNDAT0eRvztCFcEtnSjil1pOcnT_eSHjC__Q,이RGB에내마음,4541283098,jungle,2244,10,13,5,22357,7578,12929,19,21,31861,14116,41,112,0,220,0,12,1,0.4166666666666667,0.2653061224489796
u4Sofq1tE9HA88LoBtUDG8FhlwevIZySUEVTFMkWYvObCwlU7yhFuaZg,수셔셔,4541402247,jungle,2737,14,5,23,59621,20290,22858,35,43,52696,20622,123,174,7,424,3,5,9,0.6607142857142857,0.14285714285714285
B47ZGYbR1A2mFAra0g-npZoQ2BEkXu62Vpsy1-0D4VG1,메인x,4509526698,jungle,1616,5,5,12,20854,17992,19035,38,42,30979,11130,42,130,14,630,0,2,2,0.4857142857142857,0.3333333333333333
76dEnEJGeweoOShdmUtq2wgwyKbawXyFgubsl_DQRmzvU4Vp5M_tgRt-,원딜아명예좀,4541177334,jungle,1737,9,6,19,17768,11891,27255,26,20,31688,13027,18,101,0,412,9,18,1,0.875,0.2222222222222222
8vK0aDwXd6tEYdKLx16jPylSmuWpmvTVmnTcYpLEFGNhc_8,삼성고 김도영,4529429444,jungle,1601,15,5,3,17404,11186,15116,17,1,25131,13380,29,94,3,117,1,8,1,0.5294117647058824,0.19230769230769232
qIMubRD1ZDIjhrLMMS36r9WeizKmFg16kdaTPBQewSUbEqDuBz6PCbEU,금딸러,4498321863,jungle,2027,5,6,11,24147,15371,15332,46,12,29296,11781,61,94,8,233,11,13,12,0.5925925925925926,0.17647058823529413
F6YM_CSZPOi3LOelTCJdNTJAGgNqwjO4PBKkfB8tm6TeUkk,무료영상채널,4498321863,jungle,2027,6,8,4,11206,11833,18971,41,4,32023,11792,49,101,16,215,2,14,6,0.29411764705882354,0.2962962962962963
HcJw2qhkOVoXHFgVOkjMzZw2C3HSQu7tlRmQkeE3fIOH,고스트스펠,4539657352,jungle,1596,8,3,12,14737,14515,20132,20,22,24600,11866,59,85,11,294,2,3,4,0.6060606060606061,0.1875
l-2mbVgfbPGHwJJbaOYbTKRJu8zzKpCI9_78FI-YiJ9Nun0,대전오진영,4539657352,jungle,1596,4,9,3,11040,7922,13045,11,104,23768,8944,35,92,0,297,2,7,0,0.4375,0.2727272727272727
xAxEeTz1ob-XPSEywHJcZfjt6cxQw8zlYHBYPNtva6P-,코재혁,4532013585,jungle,3006,8,10,16,21963,22572,58614,27,22,63543,16317,62,139,4,307,5,10,4,0.7741935483870968,0.2631578947368421
0JrFOoQsGp8Ls2IyQ0Cz3a-CI37rJgWmmRHM0bnk5vX40dlk3ExmIEJS,릴레이드,4532013585,jungle,3006,11,6,13,27635,16135,25997,60,32,39110,19159,45,213,8,209,6,6,17,0.631578947368421,0.1935483870967742
Rk6ZJD0MyJ1I6wRBg_qDsVNaTy0ZTFlNX_OqA3gAF3qrzos,킹무갓방,4487361693,jungle,1637,9,3,5,13161,12249,17347,34,17,24275,11467,27,120,0,281,3,9,6,0.6086956521739131,0.2
2_9Cf50g1s0r_TyiaxwAwy3Re1ez25Nwkw1TSGCaPdPu,책상속망치,4487361693,jungle,1637,3,2,5,15377,19023,19652,53,43,27608,10203,42,138,15,742,3,10,3,0.5333333333333333,0.08695652173913043
7dPvsaTtaMLpnI1BLv1ycehTQBVJl0bhM0QOrWtcEJ7nad0,엄대호돼지,4541431770,jungle,1900,8,9,14,20059,10831,14868,24,10,29849,11512,46,110,10,188,3,6,3,0.4888888888888889,0.3
Bkmjw5oZVwhPqKvyYvYs0vr4Gbwq9WjDZsBjZHoop18fWqs,상하동스타덤,4541431770,jungle,1900,9,7,10,26508,15584,21676,23,3,32134,13856,33,147,0,128,2,3,3,0.6551724137931034,0.15555555555555556
