account_id,summoner_name,match_id,position,playtime,kills,deaths,assists,totalDamageDealtToChampions,totalHeal,damageSelfMitigated,visionScore,timeCCingOthers,totalDamageTaken,goldEarned,totalMinionsKilled,neutralMinionsKilled,neutralMinionsKilledEnemyJungle,totalTimeCrowdControlDealt,visionWardsBoughtInGame,wardsPlaced,wardsKilled,killsRatio,deathsRatio
RZGWvNjIOKDPRM1GtygXhiOGHBHjgLJElBGmc0ijXmvg01s,짜오짜오반점,4541946851,mid,2013,4,3,18,15574,6447,36699,27,39,25508,10516,109,8,0,437,4,11,2,0.6285714285714286,0.12
Ph-octw7cgKAy2rlP2H74rvWO7gqmR7bo-A_f4P2GBUJLiw,김 망 뚱,4529288161,mid,1235,2,10,4,10264,1826,5628,24,10,15518,6704,107,0,0,21,5,11,5,0.5,0.2702702702702703
Srm2VwE5JSM6x-15Plf_cVGrv_DHq5VIwohEhNfRbzX3_4I,탈론표장작구이,4529288161,mid,1235,10,3,10,15041,4558,8261,12,15,15570,10488,109,16,4,74,2,6,0,0.5405405405405406,0.25
dB5e6oNrcWZ8sNWig6E_PvvN0PcNiHIjSVQZwssHTWZ0_srjhKfPOWWJ,넘버원12,4540572322,mid,1753,5,12,8,19515,7094,18707,20,1,32173,8289,84,0,0,22,1,8,0,0.325,0.3157894736842105
SXRJJ-_VnA8e1fUajDLZNfsXTqqe9RxBQ35mTa4Lrxb5ZdY,너만에 서폿,4540572322,mid,1753,12,6,9,24973,7479,19962,16,18,28990,13438,186,11,3,89,1,7,3,0.5526315789473685,0.15
u6Iv_cXlIJRPt7Dqw4QgzrwfM2oW3W5VwEITWWYNZSBa6po,김인직말실수,4541540848,mid,1633,8,10,2,18956,4656,27855,21,5,27360,9187,85,10,2,22,2,10,2,0.5,0.3448275862068966
06Nc1_95WmCSw8B24CkJLOYYi2HUQvlQF89IpI0Yre1ZWZMaPtrL_eIZ,감스트 김인직,4541540848,mid,1633,10,3,4,19071,2371,24053,17,31,20742,14085,188,4,0,99,1,7,3,0.4827586206896552,0.15
uwpYHCn8FMol7fkBFHGzzD6rPGcay3Al0fnhi4Nk_WyGki34n4STM8qJ,싸 짜,4515766018,mid,2277,8,9,2,16043,3214,20416,45,4,26705,13666,260,4,0,122,6,18,5,0.2631578947368421,0.15
M5vyNCHGmBM000Imcn1cbU3k4VuNv4I3skpu6o8txW9xiZj65HCDEQ-h,roingg,4541771457,mid,1905,9,6,6,22254,1689,14377,26,35,19846,10550,126,8,0,120,4,10,1,0.5357142857142857,0.2
qbUG0iZSor8xv7x8Lp1sdkH-nJocxULviTMmtvUegnPlQ5za0abeUr_f,ADGG,4541771457,mid,1905,5,6,10,27117,4588,56856,32,55,31057,12758,177,12,8,690,3,6,2,0.5,0.21428571428571427
3hjUgnKKekJzLek0y2OUdpi4XC1MgbnLk946MNmZXkR8yIw,나 어때 잘하지,4467763245,mid,1639,9,3,13,29179,4879,8160,27,30,13736,12559,138,12,0,71,3,12,0,0.6285714285714286,0.14285714285714285
2SzrrZrU0SybXbdZ1RWbLTpi9HVQYkmdVw1vaQi38CQ4AHMNRDjySv6n,만능혜지,4467763245,mid,1639,3,5,5,8588,882,4007,24,20,10398,7771,123,0,0,94,6,11,2,0.38095238095238093,0.14285714285714285
gld6PeEVCFXzsBrbDIYCOQ6Vu51-Z-7CAZtE-fBkApdyze0M3gmq89k9,사마귀와진딧물,4522944975,mid,1435,20,3,2,30274,1605,8399,21,8,14251,14106,155,4,4,91,3,5,5,0.5945945945945946,0.13043478260869565
nhsA8foeGojh4c93UXcZREC6arPvWl1ULEGy0AJblC_E565QO2A5V3DU,친도에,4522944975,mid,1435,3,9,4,9328,2574,8926,13,3,20934,6471,93,1,0,53,1,8,1,0.30434782608695654,0.24324324324324326
y-wV1SxQToLSzhyXZkdPPjqY2nQDKit5xuO27fqr2cE,중수키라,4515480857,mid,1525,1,8,3,12110,3570,12788,19,12,22475,7914,156,0,0,60,7,11,1,0.2857142857142857,0.2222222222222222
eFop2M2p_yvKp9Pt7RJFYBFAWcWpl3Sj0duZkHzLZaVXw-g,화려한 수면,4541877633,mid,1682,5,7,16,14446,3704,14132,22,35,20912,10474,114,4,4,122,5,9,2,0.5121951219512195,0.2692307692307692
H2HDTgSbPClP5xsPKw-W3TRqRFRHpDOJTsxTp8YIQIQeIOY1LYVNai3e,퐁 냥,4541877633,mid,1682,4,10,9,21109,5729,18605,14,20,30455,9176,133,8,0,293,1,7,2,0.5,0.24390243902439024
Dv7lZ5F5gjdLJA6gk9-WhgCzHOpxvEQiTKs9nD5FYjeKIdAhZkEwl2du,인공지능3번,4537377007,mid,1640,2,7,2,11084,852,4532,22,22,14630,7323,126,0,0,78,3,10,4,0.2222222222222222,0.2413793103448276
ZsIuq7teniMVkjdvLINh73ggggJxwnJMR74LUiqz_pxaVw1gSRZR-2Ho,백수 판다12,4541545037,mid,1300,0,3,1,3173,20,1691,6,9,5469,4258,62,4,0,55,0,5,0,0.125,0.1111111111111111
BbSYQ5rfNETAT_o8OIvxNEsXpwuBe5wYZv0aER6SpynE,팀운글러먹었네,4523076307,mid,1348,12,1,3,16320,2748,6278,30,4,12730,10719,122,6,4,75,4,15,9,0.5555555555555556,0.14285714285714285
xYAzShgS2hWSAAGvTxcUcn9wD0L5K9ElFzesr4oLWmnO,JustLlikeAMoive,4523076307,mid,1348,2,2,1,10084,918,9693,13,23,9048,6454,126,4,0,242,0,7,1,0.42857142857142855,0.07407407407407407
qjUNCNv1T4VTbx_B8XHUMCg3czqcCbchAahgWuRI3IjrLfo,강력한 자석,4503543622,mid,2091,8,7,7,19060,4680,28080,21,17,23796,15758,206,48,20,138,1,10,0,0.6521739130434783,0.2692307692307692
uCVZfzr7pDiobjsGaA4lxW37azOyoHhnbQltZGxstMLwg0g,수성구딱새우,4503543622,mid,2091,10,3,7,31597,1790,14368,22,30,17963,14372,228,24,0,328,0,8,5,0.68,0.13043478260869565
Aa68gFepbZecqZS9IewFVYVuDEWk1T8rmWsrNVrEM6OC9zACnBGjLEi4,hide in bush fan,4541235640,mid,2005,14,6,10,18741,10290,15989,14,32,27460,14334,69,0,0,388,0,7,2,0.5853658536585366,0.2222222222222222
DACtRN-nl_JuRRsYkd8GAhCzcAwdiT4K5bOQMAsCAxtVfg5Yv0bY2pnI,parkuk,4541235640,mid,2005,8,7,5,32173,11621,17641,19,21,32272,14765,184,6,2,175,0,10,2,0.48148148148148145,0.17073170731707318
yuCbJr5-6b975j36xbiYGo_LuDcJWPKwxhIiBJMBzzDafM4,석현이 개텀,4541373723,mid,1406,9,6,2,19315,5940,11349,11,4,23535,8327,78,4,0,44,1,8,1,0.55,0.18181818181818182
gRtoeUd8h5-JGkk7c2BXYVdUoUxww1NocqEVg8VMogmfYgw,supper play,4513506498,mid,1956,2,14,1,14247,5196,22319,27,18,31129,10919,227,4,4,84,1,9,1,0.1111111111111111,0.3888888888888889
HucEBPa8Bod8QgGXUCjvL_tFqu_g0E0EDGxoEWRz8hwT9U0,원준님이시다,4513506498,mid,1956,17,2,11,41805,12100,37195,24,5,28837,17084,193,10,0,38,1,6,3,0.7777777777777778,0.07407407407407407
K9bhPmyyS03yvIY6dpaFgTGaOBCYekw83mbsi0C2Fzwi1fYdH9sfFl-6,건들지마던질거야,4528585360,mid,2615,8,8,20,34122,2745,23793,44,62,24001,15363,197,18,2,489,16,22,10,0.6086956521739131,0.14814814814814814
sqBUAhjYlBu0QouFYPczrklcEx1KYvPCQqYS6acO0XSy25FFagHwKMUx,너네때문에지는거,4540282052,mid,1299,3,0,1,6183,1774,4728,6,11,8356,6228,102,0,0,102,0,4,0,0.21052631578947367,0
wdFx7VkQ0YrKCWtvEHY003p-tDlS29Qr-KS_iybjfxYPkPw,거르고,4540282052,mid,1299,6,2,3,16793,3445,10497,9,21,14122,11551,186,28,17,180,1,5,1,0.6428571428571429,0.10526315789473684
SgKtFFTHZRhi6a31d0PSjBSGVflfoy2-ALd49NqaErCn4vAN-LxMHPRJ,Bosshong,4540863027,mid,1398,4,7,6,14614,2370,15037,16,5,20570,8357,101,8,0,37,3,4,0,0.45454545454545453,0.175
h0wZIbFPPhIC7P-_qPbMwueB9P7wpAh1CHbFGEy0_jxSk3s,나는좋아한다,4540863027,mid,1398,3,3,4,6210,2321,5791,2,2,13299,6091,45,0,0,33,0,2,0,0.175,0.13636363636363635
L5CmYtdYcsviUmgLaMSodcYBmggVVKYu_ixlO1WN88IgQhbQaKQgLjKs,수영누나 이쁘당,4540018409,mid,1253,4,5,4,10766,5294,10508,11,13,16263,7745,136,0,0,216,2,6,1,0.6666666666666666,0.29411764705882354
1LxxUlyr_UbluwzpDUK8LnTiVurOB1fOPSso0D8iSAps-lRRqnZ3jB-W,컨텍트롤,4540018409,mid,1253,4,2,8,16064,2813,10060,13,14,11925,9316,166,0,0,94,0,7,2,0.7058823529411765,0.16666666666666666
8UmJ2MHye8JrTTM3GBm_Dngh2UNqdEQQXkcPn7iawKuWMo0,목동재혁,4376679232,mid,2079,5,9,12,13551,1389,6799,20,38,19238,11889,163,7,0,232,2,10,5,0.5483870967741935,0.36
Jse7UPOkTsVnEXuVk_Ce_j_uxM12-DGjvhdnlSVe8Apr9aQ,Profi,4376679232,mid,2079,14,6,5,37974,3458,12544,14,34,18716,17904,222,30,1,334,2,7,1,0.76,0.1935483870967742
1gya0ZccRwsub48qJeV6r5jqKQ4jBTswc_Fu-E7S_epblLk,엠 재,4537396892,mid,1408,7,7,7,11450,3123,10674,19,29,15657,9024,96,0,0,222,0,7,2,0.7,0.20588235294117646
acmn_GUGI5YIEAbyGCXY5yqlQcj_8oW43iiw68TuYfBsM6XdQFML08Fr,DIACOIN,4537396892,mid,1408,8,5,9,12963,3463,8633,16,121,16194,9144,103,13,5,253,5,10,0,0.5,0.25
ZzIZ-eiD98d8T27Xk7u1Ja0Aiu64gWgU_I7yPwMsBMBjTH0,인생 망한 티모,4540503659,mid,1399,6,9,4,10561,654,8455,12,3,17375,7417,94,11,0,18,1,7,1,0.38461538461538464,0.3103448275862069
p6qMHaTbDmcULjt3Hb85hFJf70F327IpQzTs0-VnNCr7,진찰찰,4536857205,mid,1915,11,5,5,28914,5929,9560,31,38,20606,15909,234,4,0,129,6,11,6,0.6956521739130435,0.17857142857142858
h63VDCjsXyG7oLqXl7llQe-759h1VzvShnhH44uYbuCAVxx8mYutIuEa,신 민 영 님,4536857205,mid,1915,5,5,5,17595,1735,5598,38,28,13786,11435,178,18,0,249,1,9,2,0.35714285714285715,0.21739130434782608
zoLZTmLqJ_mehjNCnixL10Rs2FWA9rvqkAXpI1hQrh1FruNdMuxQ4t1L,시즌 10 Aatrox,4461984202,mid,1346,1,9,0,8460,3260,13271,6,12,21644,7253,154,0,0,48,0,3,2,0.125,0.2903225806451613
d9KPRaeRslmnRaY3bHUqeUzeSHkPIQm8H8NzNOJYuNpyKdc,천재적,4461984202,mid,1346,4,0,9,14797,7100,12310,8,20,15049,9457,132,16,4,123,1,5,0,0.41935483870967744,0
QTXB4GA4v6mMwNi2YTlVaILj0CSweyQ-n58Y6WPH4l2t,VALENTINO swag,4540597983,mid,1653,9,4,5,22187,14714,21104,15,27,31185,11094,135,24,0,345,0,8,2,0.4827586206896552,0.18181818181818182
ffnZOfL6Zj6y7j-AoljjYlc8AXCy_y2omNmDOUZNwRET_0k,Eternal slavem,4540597983,mid,1653,4,8,4,22258,5748,18099,14,25,29232,9190,165,4,0,122,3,9,1,0.36363636363636365,0.27586206896551724
nTQJffQNUnt2Ubb_NqD4VxvCR0yvJm7l0DaAVaBtjMBL3qtQyzgKVTg5,hlcIe 0n bush,4513515316,mid,1567,3,6,1,8414,3629,11705,10,9,23191,6864,91,6,0,218,0,4,2,0.2857142857142857,0.3333333333333333
_amXCzGtCnKfqCxDi1e2O9wvxrYEXudSNWBlEXm7MIFahT7ck47PNzJ5,대딸코마니,4513515316,mid,1567,8,2,8,19610,2899,7250,20,29,13272,10437,159,2,0,165,4,10,2,0.8888888888888888,0.14285714285714285
jfov372sIZUd9zo4JRlw-NXufZSPjZoFjVrr1q3TkGIc4R4,잠은호다까불지마,4487509783,mid,1707,6,5,17,24481,7047,44405,14,49,32031,12761,152,2,2,538,0,9,0,0.5476190476190477,0.2631578947368421
I91f3dAeGKtlfP7wwJeDjelyvDTeIzSHlQS3V1seWxBKelQsf1qlFOTZ,nahs,4541298712,mid,1229,12,0,5,19053,1323,2154,19,21,6196,10279,130,12,0,106,3,9,1,0.6296296296296297,0
LDa4wqpnxpYUhNboQGhn5_3ruT1Fx3S4XcW0HMDxHByU,뺀티벗고소리질러,4541298712,mid,1229,3,7,1,8731,963,9401,6,7,15939,6279,103,0,0,31,1,3,1,0.4444444444444444,0.25925925925925924
hv7ZpDn6FxKPJoaz-HTlC61ouXCbAZjXSiYyxvce4-z6ytg,스포츠총판,4540904419,mid,1534,5,6,5,8310,1361,13934,11,18,14166,8830,123,4,0,554,1,7,1,0.35714285714285715,0.35294117647058826
Xv6QhIYFDPbfNFSyd9RQFqPd9HM3wzL6aiUwfbrtzY2m,세잎클로버의행복,4540904419,mid,1534,3,2,8,17638,494,9364,21,51,10151,9060,174,10,0,244,8,13,2,0.6470588235294118,0.07142857142857142
HEfWrLNB36tAT7ZMKWkmK3Ydjs9bMphgPP14b2MquZ9YGdU,미남영현,4539948671,mid,1744,6,1,4,11545,1337,7234,20,13,13151,10221,163,8,8,42,1,8,5,0.3333333333333333,0.1111111111111111
j4IY-TLgVXIh7n8nj4zYo-ngJSxaW5pUR00ua2wriajtWpTz4yLpIU3g,민초먹고싶냐,4532527873,mid,1983,13,3,9,34141,15801,18201,23,48,31833,12979,122,10,2,249,0,11,3,0.5945945945945946,0.13043478260869565
dTGeHayGClLVAmNdn5HkVtQTSYVulZrv1GHv0cs1E34i,곽구리,4532912832,mid,2320,5,13,23,28944,1406,64103,52,61,39275,12768,184,20,0,157,9,21,1,0.5283018867924528,0.23214285714285715
vpASPRB5XEy_ZnQXiTQAYIOCWBJEdloCsBkVpIZ4D6EPhhs,순 리븐,4532912832,mid,2320,12,12,11,37008,13394,69464,29,42,42913,18459,212,39,7,145,1,12,0,0.4107142857142857,0.22641509433962265
mljfIWBXC_FdH_Ghb07M883HgLuVREyKfxiPxTvRh7RZgNA,이미 흥분상태,4537051002,mid,1485,1,4,18,11966,3520,11517,19,29,15012,7533,79,0,0,270,4,10,0,0.4634146341463415,0.25
04vhooomLCfKm9oSfblYiUOrWQQ2hwkfki-PbI_4d8j6TRWS3w8raUYi,소심한 나쵸칩,4426234353,mid,1720,12,5,2,21508,3660,17624,15,23,18837,15445,206,22,11,105,1,4,3,0.7,0.2
CXQ4J7oqEJ7_3r1Y2YwfthE3q5SCiBXgeIt_2LyJUkY4,YAP 고춘,4540326961,mid,1910,11,4,4,25239,9051,26293,6,17,32509,16001,252,8,0,73,2,2,1,0.375,0.19047619047619047
vumFRhEAA3wzRAeAy8nYR7ir0OwsSSpV-fqul3w9x-_A4AeeXV8obkiP,OhWindyDay,4540326961,mid,1910,3,12,6,16445,2782,19126,23,33,23071,8957,110,0,0,120,2,10,2,0.42857142857142855,0.3
g5WtFT1gR7KOz8TY5Z2hF3aF_gu21bAT-kP6nyyQ9fhN,노기범,4528012565,mid,1878,3,13,7,13652,4675,16287,23,13,31526,9420,109,4,0,187,3,10,3,0.2777777777777778,0.40625
YgOMW29c8xe_P05wyPV4NAE4O9ImG7UJD1tjq3wNW5yKu1cwedNbChM8,김나울,4532527107,mid,1704,3,4,2,12535,2121,8288,41,7,16229,10311,202,21,0,133,6,11,13,0.45454545454545453,0.2
VddcNhradxYkBXbOoAWjmTnix0QLcYnUeBW1IpTiiyGALkI,Twisted fate mom,4532527107,mid,1704,4,3,9,14559,895,24220,22,22,17088,9065,118,5,1,58,2,10,3,0.65,0.2727272727272727
STrQ3D67fvDUkvR4h9Aoh4IJ9-WrNL9QQBu9_tQdRoVF,영양꼬츄,4424675158,mid,1681,8,6,5,11817,6065,12458,20,2,20698,9733,91,8,0,17,2,9,3,0.325,0.25
2G0jEKSdfO51u8XCJSWZ1tEZiwUKsmZQSwsrE30llWc1IXlGIVv-gvzI,서스가높이서스,4502026154,mid,1276,4,8,2,9245,0,9212,8,8,17995,8426,118,4,0,114,0,5,0,0.8571428571428571,0.18604651162790697
0dheQnumTuE1PHjA6dh5bJo8yfTe1LeozAgCzhLQMQKcb0Q,메구밍교,4440382665,mid,2275,9,7,3,39183,12167,50386,23,32,36926,15575,266,8,8,186,0,13,1,0.5,0.23333333333333334
8nF1HLLJwkRYoI5d8Dymi0Ueble1Iov3ec2xfTRRtL3HRx4rl2RDVLrL,FIZZfan,4440382665,mid,2275,14,3,7,42517,19922,45441,9,4,42094,16849,228,7,0,139,0,5,0,0.7,0.125
3ZuObDV1_Ny-p8rSI1N-7XPfmRonSj4qD90AmKgltspUfOahyD7TKoea,whalstn Q,4530271089,mid,1908,4,6,5,14733,2484,10202,24,5,21547,10360,174,0,0,90,3,15,1,0.2571428571428571,0.15384615384615385
E_9xyL7MHsV18NgiNxZlUV5oVLrkY-XKTcXNJSAMOBrUM30,오혜쥐,4530271089,mid,1908,11,6,1,22206,8255,19339,17,13,24468,14383,180,27,5,316,0,7,2,0.3076923076923077,0.16666666666666666
msA5d-5qDTHWujkBmq9yvo_rejEeMaW3y54eIxwrQ4Ar,암살군,4509738322,mid,2038,13,14,4,25604,4266,30337,12,71,44880,14225,185,8,0,436,2,9,1,0.5862068965517241,0.2978723404255319
oj0pA6og3ByXWbWHW9mO-VokNFKMnAebzAxjYcdv3vXvDpc,이미니베,4509738322,mid,2038,11,10,8,27778,12178,35364,22,4,33962,14248,140,32,12,23,0,8,6,0.40425531914893614,0.3448275862068966
Pe2knFd-Do1bHdp9VkVCZgad7wR-o4qvaGuDsysy5_T0,금곡리 피바라기,4522117725,mid,2207,9,9,13,32291,2870,13671,36,36,22264,14582,180,8,0,282,4,15,8,0.7857142857142857,0.2727272727272727
KKknc2s2QAVGm1a6Uzc0Izy36mwlkeZZ_EnKee1F8xsc9WWoNBpB0sKn,allaalla,4522117725,mid,2207,8,4,6,18696,5923,12891,11,2,24814,12941,186,19,0,107,0,6,1,0.42424242424242425,0.14285714285714285
YPlbL4OKCIHm9fCI2kRYVkWxL0zz5UAO7XRVkAvw24GQg4U,AD녹턴,4097861757,mid,2260,3,8,11,18148,2944,12518,25,27,21510,10268,156,4,0,122,3,9,5,0.4827586206896552,0.25806451612903225
0mSGH7woqRjxkFFCnQ7jljoimZ81JSjzKZIhcnEsiqCvvXYIc5KrMm7N,셀파 우등생교실,4097861757,mid,2260,13,4,7,32327,7850,20173,19,12,22589,18028,239,27,8,153,0,12,1,0.6666666666666666,0.13793103448275862
Qli3rVLGGaQxyWRt1i3R_q8OSU2wx37nNInjmWr6Lz-6LktlUkWywqUk,Shan Kim,4533600307,mid,1889,8,4,8,22654,7292,27538,18,30,20645,14180,192,23,11,124,0,10,2,0.5517241379310345,0.15384615384615385
cG4MvaVQ4qr3gSajt5LfqbOuRyH8LLF3dEMt5o9u23SjnSI,끈끈한풍선껌,4337679912,mid,2837,9,11,20,33116,13669,95259,24,36,69804,18808,231,44,0,96,1,3,5,0.5471698113207547,0.2619047619047619
q63P8l9elYl41E4h0X09l91JoYiKA2c0cEvxr9xmyPgesXo,룬 민,4337679912,mid,2837,12,10,12,43362,5635,25636,24,12,32822,20685,266,16,0,401,0,14,2,0.5714285714285714,0.18867924528301888
56jkdn48X7Zbxl43FjhBjO7BkebPhsIcmF6ZYVxGV2EspqWPTBO763-p,앞니그켬,4532480349,mid,2084,11,8,11,22395,4921,11255,29,13,28159,12568,111,18,0,43,7,8,6,0.6666666666666666,0.21052631578947367
RHUAZzGj2p91p_d8FSCu3kJBgxOW0W9CPN8WCBpwAEv-lRe9jmDxVX_H,아이게죽네망겜수준리얼실화냐,4532480349,mid,2084,12,11,9,28319,4325,19074,30,18,30676,15074,172,8,0,188,4,13,2,0.5526315789473685,0.3333333333333333
f61kw7-VECk7UbDyVG_vGcZqTLttU8HoKH8_cOR7M1E3lw82qFIsu3SG,갱갈까로밍갈까,4516998346,mid,1962,3,3,11,12537,2919,8833,19,22,11334,9463,127,0,0,122,1,12,3,0.4666666666666667,0.16666666666666666
gYouXFU6ZDhajPcIC5MAWEXjk2RWCtECHeJlpl7aaTKlK0LyFdn-hQ7k,Hamimelon,4516998346,mid,1962,3,8,6,21360,3956,28223,19,20,24672,12327,203,40,11,115,2,7,2,0.5,0.26666666666666666
FOZwqCAwbBHYL_m9Uvv8arSG07sae1G2H_pb1KpyjQNQx7U,T1 PHYSUCAL,4511920916,mid,1516,10,0,4,16640,2879,9079,21,5,13220,12514,165,20,4,161,2,8,1,0.4375,0
VKcopg7umWFK685qOJI8YH3n0Na4rpqQ7A-1OWwO1EwyXyQ,블랑집에부채질,4482280574,mid,1990,7,11,8,25812,5686,20699,32,6,34619,12434,167,9,5,182,6,10,4,0.5555555555555556,0.24444444444444444
Lwa0eiuXoEM9rDMQ22DHq24MB75qIqK2uZoUJdPFx778mcpfNkKogcZI,정란과1,4527997584,mid,1382,0,4,2,6962,2715,6840,7,1,11789,6667,146,0,0,49,3,6,1,0.25,0.19047619047619047
Xn5H5Hi1EcQTv6yNJP3NkgMbrl6AY0QpjtfqhGVB2iHPGD8,기모찌대순,4527997584,mid,1382,2,3,2,7883,2859,4993,26,17,10603,7611,134,12,0,78,4,8,4,0.19047619047619047,0.375
7MP3MTTSoWq1K4Z_eSDMMjn33RRQsCkelf0HCNtCPDgLiQ8,미드챔맞다니깐요,4471802877,mid,1429,2,7,5,12431,364,7473,10,3,14970,7311,133,0,0,102,2,8,0,0.5384615384615384,0.2916666666666667
Hm6amrlol6MZo7XE789cL9Ql-AJ2B_qq3fXVF1z-387PWhA,박명훈입니다,4500180393,mid,1927,7,3,9,24208,6654,8385,19,32,21134,14497,188,32,0,210,0,11,1,0.48484848484848486,0.10344827586206896
sjhcD0ycu3jq1fs_Eeagc-dA3tZfF6ROCsz7kdbA8LmB_bXqF1shKQtf,꿀 맛,4500180393,mid,1927,1,7,11,9357,1727,7533,11,25,17469,8614,125,0,0,71,2,7,1,0.41379310344827586,0.21212121212121213
lye2Y8TzfDTIwET6OQX3pf_MzHGEZWEQnRA9-2zdpsKW,인컨유이사,4492877319,mid,1947,2,5,8,24768,2523,23014,19,43,21882,9606,140,8,0,613,3,5,5,0.30303030303030304,0.11363636363636363
Nds3BX7z2bX7SM6FPhCulWHqaoimkDhmllj2GGee7hJD,마포구 심데렐라,4492877319,mid,1947,6,7,6,25330,1527,42177,19,25,43916,13670,192,30,6,201,2,9,2,0.2727272727272727,0.21212121212121213
dm3o9udQCAHdf_4sRvHEvB1SFUFeQGDA1DQG5f9Vhikt,샬 럿,4502174025,mid,1479,4,9,2,7064,2157,6398,15,1,18113,7818,122,4,0,29,1,8,1,0.46153846153846156,0.25
iAryNz2yMMuKmxf10NIUPc--hrgPN6xaWzkWDZe4QvrK,이게롤이냐,4502174025,mid,1479,13,2,8,22588,2080,4631,15,19,11217,12934,169,8,0,56,2,9,2,0.5833333333333334,0.14285714285714285
iXSsmv15p1-tO-QG936Qktj5l7hcxbSA9kLYPVAicFh1K8OkSDcSlsVD,웁씌둡씌렛츠고,4518122280,mid,1452,7,5,4,17724,1827,9583,16,4,15512,8354,123,0,0,74,3,9,2,0.5789473684210527,0.16129032258064516
oLztldUnKywbasgmRXZyRyN09cq9Gov85wwvtiOaHpgp9dc,쉬딸기쉬바나,4518122280,mid,1452,16,3,9,29964,15407,24247,12,33,31217,14068,155,32,4,347,0,5,2,0.8064516129032258,0.15
CXMo6n0PD4zl6bkYKyjO2Hk1z_A9wArlS1tWWPo55h4UtHBJt8DTxflJ,바람의제왕야스오,4541241362,mid,1717,2,10,9,17069,5908,17594,4,19,29106,7968,113,4,0,341,1,5,0,0.4782608695652174,0.18181818181818182
e4Phe64fj7b08-ipjn1bj3fDzPx-fXsYakI81kUbtNL5LQs,01091903781,4541596483,mid,2539,18,9,12,57590,12572,65912,22,55,38594,21845,226,89,21,273,0,13,1,0.5882352941176471,0.2727272727272727
ZXktjkWdjCedXNDP0OEru9hv4SrBWLhfyyMupzOVNwMSmfs,과흔씨,4541596483,mid,2539,11,9,8,38407,15879,55731,30,33,55647,20882,267,37,0,228,2,16,2,0.5757575757575758,0.17647058823529413
2kxq0vrEQsQPr3I7JBrNmvzlBdlarBN9GV0y2x1a1L7dI4tWmOC_CWUc,unity0,4530484794,mid,1944,14,7,14,27427,4401,11804,23,7,23912,13900,136,4,0,85,0,10,4,0.6086956521739131,0.22580645161290322
eot4Q1GN4l5euNVp4rWCKdZFVpK3cjezDJhB8ssiePKt,jeehwan,4430073909,mid,1531,7,2,10,15778,8077,5687,18,32,14731,12070,162,9,1,175,2,9,4,0.6071428571428571,0.2222222222222222
qShbXJdeQMzRVwJR-aRJMAqJTognzfcJ2U9jEqvnEaH2,차조심하자,4541485993,mid,1562,6,1,2,12849,2407,6119,25,3,11980,10223,169,0,0,87,4,12,1,0.2857142857142857,0.09090909090909091
ooE5KJbQyTBmdgpiLJGkQMwMlIqdamZxwYIz14IQHiAr,하얀야자,4540838451,mid,2107,6,11,12,31317,1663,25377,23,27,23971,14072,208,20,8,381,3,3,4,0.391304347826087,0.3055555555555556
zoy9ARQpn6GWCn5wqO9WwmwkQE55fQBMRvsfDryDt3OzJNg,골드충,4540838451,mid,2107,11,7,7,24162,3252,12090,26,6,23460,11380,94,1,0,86,1,13,5,0.5,0.15217391304347827
wrUMJE53_9tTe68YyrJdAepu61qv7yJcvKIOZHDIMMrguoY,보물 지도,4535181208,mid,1946,9,4,10,20997,4310,8721,23,39,14772,16530,228,20,8,177,3,10,4,0.48717948717948717,0.14814814814814814
EsoUGSMdNUmKS7_A6bKCOi38Pg2sx_CO82qSzfl2QDEaM5Y,재학잉,4535181208,mid,1946,13,8,5,28073,8631,18780,18,3,31656,14228,166,8,0,40,2,6,2,0.6666666666666666,0.20512820512820512
evEaIewkI6J_Al4ymqA6Ub0HjDOJ_2t4P57B9qGjrBFPdU8,LeeSin2MyHeart,4478799783,mid,1222,2,3,1,7563,1135,4615,10,5,8895,6620,130,0,0,77,0,5,1,0.42857142857142855,0.21428571428571427
JUZHjoqQ3qN5lKDcdWBnBxAAX6Jov48LePoJAiAAsEzYYbo,핫체리버찌,4478799783,mid,1222,2,0,3,6381,689,23084,8,10,7529,7273,122,8,8,318,1,7,0,0.35714285714285715,0
65_mtU301zhVjRZge9jUgwCHrSI1LcLPzr18A9piN2uTSB0,Salcheong,4478284277,mid,3123,19,3,4,44262,13979,56266,31,23,36101,25943,229,185,46,487,0,17,4,0.6388888888888888,0.15789473684210525
7VhLtQKp4KePPYFv-tprQa1-QLSIBWd2inh0Sw1HbH3Z1-8,ThisMeansMoer,4427874345,mid,1492,11,8,6,27171,9182,17334,14,33,25224,12574,178,12,0,123,0,8,1,0.53125,0.3333333333333333
0buECssiDW-pyl0CKrGs6nfSJ_B0UjQNJl3-odJ5CSZj,응우옌트렁민꾸안,4427874345,mid,1492,9,6,3,20196,1043,9716,14,11,17200,10305,130,0,0,119,2,9,1,0.5,0.1875
BzsFbTMBXSLYBXODyZasYabOYFDWwTlsy3Nd1zHCnsga,안녕양민들,4517967363,mid,1626,2,5,7,14286,311,7100,13,50,11394,8596,126,22,6,259,4,7,1,0.391304347826087,0.19230769230769232
YTe1eLiLH-2y1fHEoPNJv0zihS74b6-AHDoKwV3GYHA__jnJB_r4yYRY,너를키운어머,4517967363,mid,1626,7,3,7,17325,4812,8600,26,14,19285,9957,155,2,0,76,5,10,4,0.5384615384615384,0.13043478260869565
WT_MOOgYbGA1uGZIdv22Su5mtQ7gPPs2ynzv96Unxwxm8_k,koran778,4475119037,mid,2225,10,3,8,21508,5158,6397,39,39,16737,13115,133,20,0,242,1,14,3,0.5806451612903226,0.15
zU_70O9Pv21xrRI75H5adkQVWPJ_zgkUE9TI9oj13CG62EDXhxyIR6gW,환장하는준혁이,4508822476,mid,2248,19,9,7,34770,5328,34200,26,11,31393,18917,198,32,8,68,5,11,6,0.7428571428571429,0.2
xt4gRSGInc7cF9z1q5bSgn_f6xd1S6Bqa_fLi1M23pcXnVE,눈꽃 떨어져요,4541800179,mid,1891,10,11,4,24436,7936,20443,13,27,34124,11655,130,0,0,211,1,9,1,0.4666666666666667,0.22
3A7v8gVnM0aoiLOxxmVA7sTRQvn-7Lb0AkJCmCg5JZy3TQU,구름의달,4531497036,mid,1324,2,0,4,9023,1315,2737,19,4,4896,7040,114,4,0,104,5,8,4,0.3157894736842105,0
lnbePmtDthEe50NmgQPOVr1XqgzWeM8xYbyEtDNsQFfHp3uNvzHVVh47,윤석러브성수,4531497036,mid,1324,1,3,1,4423,1395,11575,18,4,12670,6116,120,5,0,223,2,6,1,0.3333333333333333,0.15789473684210525
SGpK07LRITccpOvsNqvrFcG7s5TPiWJMBehkjMkP2NVsmm4,밥도둑P짱,4389666793,mid,1440,3,1,4,7138,1850,4163,13,1,8615,7742,110,1,1,33,0,8,1,0.175,0.05263157894736842
Ws0HFdfkbhJm_X6mV4E8wAfuBODeilcd5adq5ckdFwafeG0,한잔무야지,4427802820,mid,2093,7,9,10,19832,289,16687,25,3,24372,14498,208,48,0,53,1,12,6,0.425,0.1836734693877551
OkU3ZtAmGX0uSWeGFSr_0b8BtR0LzZ0X9d7PZQ9kuVz1qew,중앙로 역 ,4427802820,mid,2093,5,7,23,23802,3902,9246,39,39,17978,14640,203,26,0,254,2,12,2,0.5714285714285714,0.175
JDhvlI8USbR4eGjWNrJIlInrPaUT0kgE-ztJrawiVkhPMJY,또필요해,4481744234,mid,1922,9,7,5,24059,11797,33207,19,20,40703,17410,265,56,21,328,0,11,1,0.3684210526315789,0.28
tv-SDc_ivQTDgDo7EBz6lYoUZgD7uUJFyy1U5NIdVBJqzmg,RainBowRighLight,4536119746,mid,2151,15,3,6,51942,20631,34635,27,32,40843,17774,252,8,0,325,1,12,5,0.4883720930232558,0.08333333333333333
UNO0efFEi2BJB0gSPzxvYAImca2dDxOYfq-QDMTFanBa,오메가루테인,4424165067,mid,2470,14,8,18,90242,2865,12627,19,40,24360,19553,236,20,1,408,0,13,0,0.8,0.2222222222222222
d5Jusnj8-qdmDUFpTElDRTrqPxlIardm2WZyahcD7dZ2,할 중,4538567721,mid,2519,7,9,6,32411,9817,25108,29,38,43407,13003,152,33,0,283,4,8,1,0.325,0.2
U2_GU7yVfrra9xtlV4H-avzg1BniBHYoGz2--MKDlF0v9BJLPJgm_kyh,흰우유원샷,4538567721,mid,2519,3,11,17,23437,8681,31332,13,6,37284,13194,184,12,6,199,0,4,2,0.4444444444444444,0.275
21242OTfvE85UuaH85ETvKNMnIqslqxTWmckHoO0L2QUtbw,유튜브머묵,4540417103,mid,2489,8,15,5,34292,9402,38356,24,24,52439,16808,225,16,1,128,3,9,4,0.38235294117647056,0.35714285714285715
l_VFvciVUrCaCY4D5rknitgqeEcoRngs8C7bPIde82PZ_Ik,그거 하고싶어,4540417103,mid,2489,6,7,15,32970,22954,59402,35,28,58765,16565,256,4,0,40,1,14,7,0.5,0.20588235294117646
e6BlCkO4VVQbJ2uVegGFdm6xLmbF56efMOgM85kxB-Uihj6G0YnCgs8K,FG Pony,4532814781,mid,4747,7,14,21,52546,27405,73346,53,125,62641,25345,317,64,0,1190,1,32,0,0.4745762711864407,0.175
m_wSB0_kZZdpvJNz9CVH62XsDzieFg0eXI79vUzaE6Y-3ai_dUIaPCdW,2013페이커,4540095207,mid,1811,1,5,3,14040,6956,13707,20,17,21963,9289,193,10,0,60,1,10,1,0.25,0.14285714285714285
mqJig0mFMixMKMR3_j9bID4RsWs-MKunqAFXsufXSc2O,야압삽한놈,4540095207,mid,1811,8,0,3,17124,7271,10219,23,16,17530,11622,210,4,0,26,3,12,2,0.3142857142857143,0
f98mwbzi4-nxx_VnuOZFY_Pg9dVJGKRwMVEGbe1TCGHs,박용장,4540184267,mid,1824,6,11,8,21753,3873,51773,4,86,32926,10570,149,0,0,619,0,2,0,0.56,0.25
T8M6NO0QhETLrJVA3wGz7s1CraqiGVKZzMJU9RBRMIR3W6UmVnvEi9O_,xihoo,4540184267,mid,1824,9,11,5,16299,3968,13375,7,4,30967,10376,92,8,0,37,0,4,0,0.32558139534883723,0.44
5tKDTACxgl7qw8hGrXCHfIz5mnNxpIO1M77mHkN3_NtUFWf4cSy1WBmp,에밀리아 내꺼,4539865689,mid,1701,6,9,15,17434,3100,21283,16,11,19421,9411,118,2,0,43,1,4,2,0.6,0.391304347826087
Wx2lCv5nR2xc_Nmos_xx_9YhiAyfikXQtSfk9oXv7UTJpeoqau4cPArh,롤처음한다도와줘,4536077142,mid,1516,5,7,0,13751,2951,14732,3,19,18583,10182,158,0,0,140,2,3,0,0.38461538461538464,0.21212121212121213
G1WaCzSxDH0V3BiTlPNY0ALwuIyPPGXu15UwjBYcm1CA80U,연수야 사랑했다,4541676392,mid,1277,8,5,5,13625,1890,7534,10,2,13590,8390,93,0,0,30,0,6,1,0.43333333333333335,0.3333333333333333
BL2KX0bvjV77xm5RaF8AMI89A1babJOVzZZJHk8zyoziHzs,뗏까이,4541676392,mid,1277,5,9,4,8736,1447,12236,10,11,15247,8964,135,4,0,73,1,6,1,0.6428571428571429,0.3
SRUd7KeI6JgVV1rh5GoJJH-b0tYDeMe2F4kFXZdbDtEs3LiCEOOsDx00,정액정자,4424150739,mid,1682,10,6,9,28766,3176,11234,13,40,17798,11608,141,16,0,198,0,9,1,0.48717948717948717,0.2222222222222222
gXkW_cZY7X-SwVJMu-nfwCQoPc6eMRjO9N7jn7GjIju9,탑솔럴,4424150739,mid,1682,2,11,6,12544,5439,19649,23,15,27029,8579,130,8,0,62,4,12,1,0.2962962962962963,0.28205128205128205
aluEvqYGgsnK41CFt4lixX37Twe0OTqJd0-SwN_JcwCEOTQ,부산번개탄,4535913076,mid,1546,5,13,5,15976,2122,10653,12,6,24024,9086,139,0,0,92,4,8,1,0.45454545454545453,0.29545454545454547
mlq1uEWMDToqdFLwbxKHVdciYFhGIiYwbco3DcZ9XAE9,아레나탈세,4535913076,mid,1546,12,2,20,33699,993,9755,11,52,11418,13335,176,4,0,452,2,4,1,0.7272727272727273,0.09090909090909091
b7_zZnL0S91jm9_zYQnird5ZILlKTk17ssO69sT_iubQEIU,0하이멘탈0,4530395459,mid,2123,13,6,3,30753,5171,31584,42,37,22985,17110,225,32,0,260,2,13,3,0.43243243243243246,0.13043478260869565
d7aFmL12uySbu-X84XMlWXa1fHnSYTLelQpzrkcQL5RQ9DA,멸치짹짹이,4530395459,mid,2123,12,4,16,26058,1957,8746,34,39,15018,15822,183,4,0,222,4,14,4,0.6086956521739131,0.10810810810810811
DxBWQmuQEk7mCTN3ttho31XeL1Ic7qG6qOVUZxrglUTeJUGiQg-jXku4,sallyujusayo123,4540948253,mid,1437,3,6,7,11435,0,12658,10,26,15649,6924,75,0,0,52,0,7,0,0.5,0.18181818181818182
x2x-OJ42Nod3IihOjXIQVT-L9p6opBaNEsItj9bmkeqU,아갈빡딱대,4201387606,mid,1420,1,0,11,8471,2044,11248,19,28,13744,7774,129,10,2,459,2,7,0,0.4444444444444444,0
lrAoT3VPX2QC1ghxX_sNoCcRlyvL0iLDb4dI8R88dXCS,그노나대,4508764086,mid,1788,6,6,9,15677,2786,6082,14,21,16321,10022,120,8,0,49,0,7,2,0.5172413793103449,0.25
aXAPyyYQ3z5yg-t9x0xg6h4i8eZ5CB8a6d14WBJrj0Y6kyQ,넵넵치킨,4508764086,mid,1788,7,4,7,18966,4778,12043,16,13,24998,11409,179,8,0,33,3,6,2,0.6086956521739131,0.13793103448275862
SrAfUQB4-teh841TTA9BPdW9ht9Op6apoig2VuLBaj8S,김 효 남,4538654964,mid,1954,9,12,12,25324,6213,33799,27,32,34073,12363,163,12,0,175,2,10,3,0.7,0.2857142857142857
3wISGtJEu4uChpJZAFVkydRB_EKUifsKySvNh0CHy3Zo,글로벌SW융합전공,4499141165,mid,1889,10,3,1,17640,2589,25486,27,8,21823,12715,186,10,4,76,3,12,3,0.5238095238095238,0.12
P5iOb677G91wWUbLGeG0WV7KdpV_tO3HDnHXvSpZegSi,소트레기,4541945053,mid,1213,2,6,3,8943,743,6614,10,4,11517,6782,137,0,0,79,0,4,3,0.38461538461538464,0.21428571428571427
0UkJovMYeSd_hGkErpCVLf8sByENusHZiiv7XN6YvbPVLO8P5q3_8_s5,cs먹게해줘,4517064672,mid,1598,4,3,6,13487,1045,7378,22,14,14367,10063,195,5,0,252,2,9,1,0.4,0.0967741935483871
C82RbNpo_IyiFQm1ulcOl1D_znmVas7kgV3lAxaLd3yfatc,레너드폴조지해럴,4540669526,mid,1368,1,1,0,666,0,423,0,0,1393,3985,27,0,0,15,0,0,0,0.047619047619047616,0.05263157894736842
ykxriJSFLnxMOtsRXOUU6MGVv5qm7sq6OHI5EGq69Yx58bY,김루띠,4475721142,mid,1256,4,1,6,16856,420,1862,13,11,4709,9165,146,4,4,103,3,6,1,0.43478260869565216,0.08333333333333333
vWfEzQN8YsJX6Gr4w5Iidevb2VBAzNBTeNxIGucoEemXi8k,흔한컨트롤러,4475721142,mid,1256,3,4,0,4936,4028,8244,4,7,14586,6670,131,4,0,141,0,3,0,0.25,0.17391304347826086
PLYe-oy8gBp9i1fXs_lbyc2bl-x-aoqrZTz6UitAdKuwW2FXlFYPSwpB,주다사는 하니,4536022606,mid,1426,2,13,6,9661,1454,15632,8,11,20958,6213,82,0,0,79,0,4,2,0.3076923076923077,0.2708333333333333
gCNHa6UsYjVxBL7AY6zOD4RhQqCYvjJ5AajIyVHwHOPL,해물짜파구리,4466380368,mid,1714,15,5,9,47167,24887,47723,13,39,43024,16344,179,20,12,401,1,7,1,0.6,0.1388888888888889
5-IMS2D31Oy3H98F87miTWZtSTS02vMzhcmJPsmOCdo,Joon8Dragon,4252314817,mid,1226,3,4,4,9370,2505,7088,15,84,13692,7642,125,4,0,173,3,9,2,0.7777777777777778,0.14814814814814814
__4i1Fzim7LTJ6H7boDunj_-1nW7XCrmwRr4eKRodoU75q0,징벌치는원숭이,4510638832,mid,1558,4,10,4,15287,2029,8495,21,12,18840,6813,85,4,0,53,3,7,7,0.4444444444444444,0.24390243902439024
2YPHll2jp68kBjvC11WFiBivqapPBqjBwYW5Xu6s8IZkQU8, 랜선친구,4510638832,mid,1558,8,2,19,19792,13252,9411,19,48,23486,11375,160,4,0,301,1,7,3,0.6585365853658537,0.1111111111111111
joI5VeRCtuExdmtl_1nxOegpfsKfDDz2k9IIjS2B3B5l-1ss3PWujy4e,neavins,4540590687,mid,2471,5,13,13,28928,4891,21124,28,10,33615,13045,166,8,0,129,2,15,3,0.4,0.25
KfKEeYI4fg5Eppx7BT1xGNf4gr9tx6pwk3DPRTOFqFYY71M,가을바람이쌀쌀해,4540590687,mid,2471,20,12,4,69550,27426,94109,21,55,61019,23487,317,40,8,328,1,5,8,0.46153846153846156,0.26666666666666666
O0lLx3WRF7TXmUcAMdQ3ueWzT5faYUxs3fARbQYxQyr5X9SGjSMy7RDu,돌진하는 남자,4540893710,mid,2324,10,5,6,21388,13204,22228,22,3,31545,13311,167,8,0,53,2,10,3,0.47058823529411764,0.16666666666666666
ReHjrKR7CkyAAOzX8mrXLKjbHUc33xQV88s8PZPMR934wci-HrwOcftu,T1 Ruddy,4540893710,mid,2324,15,5,4,27500,8039,13051,41,14,25566,16590,217,0,0,33,4,15,9,0.6333333333333333,0.14705882352941177
eu6Q0SAJTcTe8Kg7_aOyuxxwwKXEoG36Eglqkswv0Jk3,돼리두지,4532380977,mid,1405,7,3,10,16745,54,4902,17,14,9254,9505,143,0,0,89,4,3,3,0.68,0.3333333333333333
llPmc7mVzyFHotd1kh_ED8JrJ0YfmTOelHLsyQ8MPXBQapEeo7I3SziO,초보세진,4532380977,mid,1405,2,3,1,2795,615,11998,10,6,14472,7391,129,0,0,47,0,6,2,0.3333333333333333,0.12
VS34y1_4Y19N0O5NixkkgbKkapo0GThzpkqmSiOkUVesXl8jQDBU9nfR,맛있는치즈돈까스,4520131694,mid,1911,5,2,10,16638,2149,31480,14,38,16539,11235,166,1,1,94,2,10,0,0.5555555555555556,0.13333333333333333
UWUfXVjHx2gXVzXghifU-d-r17GdBOYVZmtMa7kGa9g1cFIDeudZVTED,Suzukaze Aoba,4520131694,mid,1911,3,5,2,15768,3391,10169,18,21,19522,9896,174,16,0,160,0,9,1,0.3333333333333333,0.18518518518518517
vt7-1k7zY2b8itRQ7q7azNtKZqzGPiW-krhxgJxKGdH_xkV9wILtKAYX,아이오딘화,4541255865,mid,2141,4,10,14,24395,2163,14055,16,35,22123,10411,134,0,0,78,0,11,0,0.5294117647058824,0.17543859649122806
2bIcutrCcJLSNLjwrAtlWhztAi3pnXEEDe9Dv1-LsSZv_rs,주의 보혈,4501319201,mid,1715,8,4,10,20825,4304,9390,14,17,21183,11992,161,4,0,92,1,8,1,0.4186046511627907,0.14814814814814814
SHShEnnxVPldN-pRMwB9su0PyLnkl74nSZXT2kHcZFzYYiM,흔한럭스,4501319201,mid,1715,5,8,4,15664,240,8031,23,43,15656,9978,140,0,0,424,4,10,2,0.3333333333333333,0.18604651162790697
x30AFwn4exFtRV9m6dqoXcMLMgc2znsdERiHVCou5n_WGeU4uik583ig,SKT T1 G0RI,4536682395,mid,1409,4,2,6,10400,2167,6952,25,17,11430,9857,153,0,0,87,3,10,1,0.2857142857142857,0.2857142857142857
-5eZ2arQb-AWPfJg1XN1Ry38BskyfxO6UGT-mJSW8DlRmkqiK8RuwpK2,유댕구0915,4535375376,mid,1922,4,16,6,13358,1239,13242,34,39,26777,8763,127,12,0,296,8,19,0,0.3448275862068966,0.4444444444444444
74Ka93yMvINJgmVvV0BtYyA-Jq0PmF7cupU6SUYNLONHiGpIP9XIW1HR,스피드왕버드,4521352264,mid,1672,13,2,5,28761,2646,9662,9,7,15277,16007,265,8,0,119,0,4,1,0.45,0.09523809523809523
OWLOhN4b_uci_eBPUUq_zyAJie2p6L2Nd4gjGw29fH7lImU4RmMEc27G,179cm77kg18cm,4500116715,mid,2028,2,11,12,14006,7329,18623,10,26,30171,11603,155,10,0,235,1,6,2,0.5833333333333334,0.4074074074074074
bw5NtTnTvzzN8c_NSiye0a3K8hq0EfY0ek-C2pXTh0fNhi0,저승 제일입니다,4500116715,mid,2028,9,6,5,30488,5008,15757,37,9,25545,11653,187,0,0,151,5,8,7,0.5185185185185185,0.25
SHIGYOurmS1CQic7f9gaZ6fQIe4XW6L-buOHd9E_ormk,김나나s,4538583931,mid,1200,2,6,1,4639,979,4551,18,5,10913,5870,91,12,4,78,1,7,0,0.2727272727272727,0.3333333333333333
X0b5l5wZ1fcZ_cZ3qc6_RoF5qLhWFh7wOvewi_aoqMqOyr0,상남자다잉1,4538583931,mid,1200,5,0,1,9101,1457,3146,11,13,7003,7351,142,2,0,78,0,6,2,0.375,0
rJctD9m0C7vKpc8WNN4Mg2S7truCG_XmhVUWr4_ToPfR4CHvdNmQrhjR,롤해야지 롤,4536063480,mid,1607,1,4,3,10102,1349,6325,8,7,14883,7761,139,8,0,154,0,7,0,0.2222222222222222,0.14285714285714285
opc3R5G3GPJtytPTp86_0pCfyUnwFdMRZB8en9OfDM6pi9Y,멘붕노트,4536063480,mid,1607,5,4,2,13418,6867,11126,10,21,21318,9862,144,11,7,306,0,5,1,0.25,0.2222222222222222
iXSsmv15p1-tO-QG936Qktj5l7hcxbSA9kLYPVAicFh1K8OkSDcSlsVD,웁씌둡씌렛츠고,4518122280,mid,1452,7,5,4,17724,1827,9583,16,4,15512,8354,123,0,0,74,3,9,2,0.5789473684210527,0.16129032258064516
oLztldUnKywbasgmRXZyRyN09cq9Gov85wwvtiOaHpgp9dc,쉬딸기쉬바나,4518122280,mid,1452,16,3,9,29964,15407,24247,12,33,31217,14068,155,32,4,347,0,5,2,0.8064516129032258,0.15
bixUjVghfrQMqzvJJFf7LM3e1RgOTc5B82JQyXuYGuuWcuY,머핀먹고싶다,4512610322,mid,1827,9,6,3,20747,2875,16057,25,37,21489,12620,180,20,4,58,3,7,4,0.3333333333333333,0.3
YVen1yREKvobaMw6Znq1tSd3omZIbtPaxEGAQpbDQIXvV2mnS4Syz3FZ,츄달콤,4512610322,mid,1827,7,5,3,22675,7135,13822,10,21,27017,12668,231,5,0,114,2,6,2,0.5,0.1388888888888889
7CCgKQ7oh-kdu6IVaFm4UN4MERJTEtX7Vy5F8yBOzoG8GmU9cTrHk9L1,초코우유 라떼,4539230197,mid,1241,2,3,1,5705,849,4067,12,14,9307,6539,112,0,0,119,2,8,0,0.14285714285714285,0.25
PEXY124PbyA8bpXYr5oa4GgQ644qC-0ULZSpqXDbplr-UPY,환타한잔주세요,4477666819,mid,1704,7,0,3,13692,8858,13193,14,2,20797,10365,175,4,0,41,2,5,4,0.4166666666666667,0
HN4iLiUkLBoeQeGfWNlTEzlB-sLMEkJlIZFTdD0hLO7c,김 디자이너,4477666819,mid,1704,0,5,1,17681,1713,9772,10,10,11753,9280,216,12,0,210,0,9,0,0.16666666666666666,0.20833333333333334
-UUFc0b6QyICo4fsQYTRK5tBQK-l9NGDFBauNZ4Bb_Rn,논산조교,4540887002,mid,3208,15,7,11,64794,27757,94198,36,18,54477,26151,345,52,8,317,11,11,8,0.5416666666666666,0.14583333333333334
0nwJ3_wXdx8k0KLEVA7q0XgJcp4KUh2DS9TDMgQyROzXefYKTyZnO-jk,울서나,4540887002,mid,3208,17,11,9,33826,17580,65715,47,367,60038,18067,142,44,4,787,4,12,3,0.5531914893617021,0.22916666666666666
xLqzywlln3fl4lWnOH9QSrtEipM_vWhbRPFq57pB5QsSqxrquYRwNBBn,roster156,4539279058,mid,1900,14,6,2,21078,2469,12306,17,8,20174,13534,179,8,0,263,1,3,6,0.8421052631578947,0.1935483870967742
xxtuZU5xt5r_bjwWelx_zDK5sPYVX1n-gDB0SU5OHEhG,위대한남주뽕,4539279058,mid,1900,2,7,4,14596,1274,5949,11,8,14103,9550,169,4,0,152,0,6,2,0.1935483870967742,0.3684210526315789
WFpsqPNPX2qrrkaMb4SH0k6vsl4KTU7lH50yFw4yryv_,두번째하는롤임,4529189124,mid,1677,7,6,4,17683,11917,23756,21,35,30191,9606,117,8,0,258,2,9,0,0.5238095238095238,0.15
KnOqzUxOap4AGKP081JH_EizH9wHq3Xs_wwTKYD0aGer,WalGwang,4529189124,mid,1677,4,5,8,17932,3812,18175,16,5,18499,10976,162,11,5,37,0,9,1,0.3,0.23809523809523808
hVC4Md3k_KJrwj2g1mdSZWDYNGBXQ4wkYqyBO3gy0cR2sUyzKzDsJ3tu,100억만장자,4541230742,mid,1827,4,8,6,15331,3277,10173,26,21,20265,9365,142,8,0,339,4,14,2,0.4166666666666667,0.21052631578947367
qv4JAZX-bIsqHzjPrBgLIO2CAWM-3es8uRH5qx5qdqAwv0kczXSyCbMP,트롤하는중,4541230742,mid,1827,9,2,5,18900,4268,9948,35,15,17573,12918,183,4,0,21,5,12,4,0.3684210526315789,0.08333333333333333
-srJb9PkaLavRNzu_dBk_AenqIykZLXegZLkF0qqWCtqVFM,만만코코로로,4541293082,mid,2532,13,12,9,34315,4018,18894,24,68,32427,17424,215,32,4,335,0,11,3,0.4583333333333333,0.21052631578947367
4RfA1nVtt419j4km0TSaZELuTVf8ZcQ-VF0zUQTRIT8EERU,조선시대,4541293082,mid,2532,15,12,9,50086,12687,67097,39,37,45474,18114,217,56,16,238,1,13,4,0.42105263157894735,0.25
cxiW1lBhc_VTwCN8RN180NYnKyEGcoAZ_Ags7TvxVBiOfyc,김민교보고배웠다,4500092277,mid,1225,4,3,3,8465,1981,5868,18,101,9274,8418,143,8,0,216,2,8,1,0.3181818181818182,0.3
cf-mTjLcVRdrIsFR11TTb0ZMM6q8IXqHpF9sT4yLfsM3jE0,알 룬 입니다 ,4500092277,mid,1225,6,6,3,11795,4013,13090,9,11,18847,7980,113,4,0,27,0,5,2,0.9,0.2727272727272727
m2VoBDWhHmnzNDF8GDyjZdhNZZAfmYD5ROkKEpbhjAj63cc,니 고모 할money,4495723097,mid,1798,8,7,7,26806,18990,31106,7,30,37332,12009,136,29,13,253,0,4,1,0.39473684210526316,0.30434782608695654
Arsme4f5S_4XZ81qcLIciAeZfgoOOrEoQh55os7hEB05,안씨네아들에해줘,4495723097,mid,1798,6,7,12,21349,1618,12223,18,6,21681,10740,131,4,0,92,0,9,3,0.782608695652174,0.1794871794871795
FjRq296zowbR70e9FF3_QztdR5Er-PwwaqqOw4RtukAMCB4,KerMiT90,4427723469,mid,1622,15,0,4,22105,4105,16244,21,6,9814,13453,170,24,0,42,1,9,3,0.6551724137931034,0
bWMoxJS1gaWwoONU_Z_puaxIh7gKFDIb5D6BhdUB4SS375U,소2소2,4427723469,mid,1622,0,6,1,6293,2267,6190,19,18,14066,7386,149,4,0,61,5,11,1,0.058823529411764705,0.20689655172413793
RVfcZ7X4kuYdpIHYDuWIxZlSKJJ6Br5m90Q27YgrNYHu,와우우우우우웅,4353405785,mid,2240,12,11,3,40804,997,11123,23,52,26115,13704,163,4,0,211,0,12,3,0.39473684210526316,0.22
AVpd-LRjM8mOA2YoHgFk2SptEk7HegXKtzfd5vXyD9oiJ9Ak50aWZJSb,유사 럼블년,4518838090,mid,1537,7,7,10,19775,1947,15462,13,10,20459,9169,125,0,0,123,2,7,2,0.53125,0.35
vdAMWYeeyjR6NmQhkg6ELN0EPDkzQsglsRM7eO1G_dMc,딜도안넣을게,4518838090,mid,1537,4,6,3,15971,649,7139,14,36,18483,7830,118,4,0,208,2,6,2,0.35,0.1875
Sc1SqcNsbxO2i7M9wsgOn_EgvtQNjWwhHNB8BM3cWH8htnQ,폭격맨,4539042542,mid,1354,1,2,4,7201,1102,3441,13,14,10190,5466,80,0,0,17,6,8,1,0.38461538461538464,0.09090909090909091
XaZN7Fo7NiFlMRszQhC1UBVItl8iVMfCDKcUte6Mfmyv0iJkz_YMw_cD,덴데찌,4541717597,mid,1391,19,1,6,31701,3110,22364,8,29,13122,13895,149,6,6,598,1,6,0,0.7352941176470589,0.1
lri_RXbKOQsHSEaSOu6J6DdkSqc_yHlkZjYOh-IrsGNb3rQ,마유네즈,4541717597,mid,1391,4,9,1,9286,835,7339,6,3,16335,6438,68,6,0,36,0,3,0,0.5,0.2571428571428571
kTwQ4TnBH9Tm2MwLLKhz6Go11UbTFCt3VqdDelfk-j5a-lo,bj봤냐,4534955321,mid,1605,14,4,13,37794,7953,7694,20,33,19844,13850,159,25,5,137,1,8,1,0.675,0.18181818181818182
3dRp3Tw2HTCzPil-0NBNMkKSyOf_kbo0eGsTzd5bvokePJM,평점의 신,4541398146,mid,1670,8,8,6,24904,3675,30911,6,9,41995,10470,128,8,0,94,0,4,1,0.5185185185185185,0.19047619047619047
YyL-GIo2WtWEkrhodlwihRSQPZZuNNOamPKYc73s9bfeaa4,마법소녀츄르릅,4542010833,mid,1619,3,7,3,13358,2510,7654,19,17,17106,8984,144,4,0,41,6,10,3,0.5454545454545454,0.25
OnM2-xP5XEJZwGblVEDzoBogpupIJp7slxEWcGkB4rpA2_fn5Afo7oxy,속박을즐겨라,4542010833,mid,1619,4,3,11,15452,4623,7993,20,57,13104,8315,112,4,0,167,3,11,1,0.5357142857142857,0.2727272727272727
m2FSLhJ4CROSNZ82gnRRT2iSn7euv-GvsngBBUMLj1_k,뭉글숭이,4314316843,mid,1464,4,0,4,13088,1077,3003,23,15,6165,9011,173,4,0,78,4,12,2,0.47058823529411764,0
_DH2Dl6_5z6c4zXqBPRcl3CI0PXT65AJgeyIVjMl7hnn,스타콜,4314316843,mid,1464,3,3,0,5068,1036,11082,11,5,11186,7996,169,0,0,60,2,6,1,0.375,0.17647058823529413
7j6QrLrYYJNCY3F0NFuquuyBWPv9oFcEQlCT-PFb2BQkrxE,승수존못,4539951479,mid,1571,2,8,5,9598,772,14176,12,16,20677,7408,104,0,0,114,0,8,0,0.4375,0.21052631578947367
nEADiLJGJv5_S3YG9JZA26rFZ8KBxsfCxHDLbWeTHjnB,심해의수호자,4539951479,mid,1571,6,5,4,16935,745,9916,32,39,13381,10141,135,16,0,337,3,10,2,0.2631578947368421,0.3125
vxHxh1lYtFOITgWLa-gh6jhTPCNDHC2_P9dAeWh3xrpXiRlJ6swwyIaE,참외에몽,4532684952,mid,1548,3,6,6,12121,5939,11203,22,11,25553,6816,104,0,0,188,1,8,3,0.5625,0.2727272727272727
O8j1qs_yiy_01GWIIxXojUMM7wXcnY1leNf-tBgFsPUW,멘 탈 왕 자 님,4501432684,mid,1484,5,13,5,14517,159,8149,15,21,20215,10259,130,4,0,270,2,8,2,0.45454545454545453,0.52
A21I92bApyeyDmereIhJk7twV506v1iNojNYHc56-jH7IOM,유민주택000,4504346068,mid,1459,2,8,8,7247,1647,7062,15,3,18118,7754,103,6,0,17,0,7,2,0.30303030303030304,0.3076923076923077
N6JGSSatwcgCDbwmog_BXoQnrAQkuvb69f59TS_dKSqW,zzzzzzlzlzzzlz,4504346068,mid,1459,5,5,3,17265,0,9055,7,40,13011,9196,140,0,0,332,0,5,0,0.3076923076923077,0.15151515151515152
GypU_aVyI2MWrwrRXmxotN_D0l7MjXZ8OU6DTxW3MQLyifo,잿빛길,4536669654,mid,2075,4,1,17,22207,2517,42395,15,54,18893,10794,141,8,8,755,0,7,1,0.6176470588235294,0.06666666666666667
O4k8LWFgbcXSRULjbg9WY5gNn-90ADUgbBPN6m4jdB5SFwA,본책자5권,4536669654,mid,2075,6,7,5,37075,3112,10587,14,59,22366,12092,175,16,4,208,0,9,2,0.7333333333333333,0.20588235294117646
efBN7co7x9ER6eCNSJiaWFyx4hlwxSm-NLeFFgTLlOR9-CA,썸녀와누웠꾼,4527719193,mid,1978,7,1,12,17734,2781,7738,25,19,11004,12454,190,12,0,269,4,13,3,0.5588235294117647,0.043478260869565216
JFAwFBKcX3yOEtYetEngbPLybvEFFqruNd25usjO7AWGFug,성sim,4527719193,mid,1978,7,7,3,15991,9267,20974,19,3,27110,12073,174,24,0,21,2,8,0,0.43478260869565216,0.20588235294117646
ORzi_iMS9r9zMECECwuKdyktRkPCwRVEnBmDmczHF_7bMVWzmmG2VR9y,xexsa,4540738781,mid,2268,4,7,14,20303,8705,17089,30,4,25879,11798,145,8,0,68,3,14,1,0.4,0.2692307692307692
IVMXHUWbInODYmzwTHchreIq6O_rxZY9YOV49I-jtdbo6b0,떽 파,4540738781,mid,2268,10,5,7,25590,1001,7892,16,52,17813,14604,230,6,0,402,0,11,0,0.6538461538461539,0.1111111111111111
wGrx7mholoiKJ84gtVa7105jD-EUSI0Hj4PHL1jB5MQjUVw,M1ndContro1,4504521228,mid,1576,1,3,5,6482,256,10101,31,12,8798,7174,139,0,0,50,4,12,4,0.2608695652173913,0.23076923076923078
8SndXnhT-bORUUS_qhFe1Be8WUgkF-CqEPr-Fll2BkPud8DYb5qM4X5H,작고 둥근 호빵,4504521228,mid,1576,6,1,1,8684,4131,7951,20,9,11904,12625,246,4,4,58,1,9,0,0.5384615384615384,0.043478260869565216
WOQePesf6pLlXNpKkdR5w2W-HaMJtgIRHCAorOJagJnyRxA,리신소라카,4541447497,mid,1644,13,3,5,21893,1410,8965,9,6,16285,13581,147,5,0,124,0,8,0,0.75,0.09375
zzKTHSUI1g3CfD7Gro6Edshz7Hx5dqyi9cihMlq_k_V99EgCJa7C1o5m,섭뚜니,4532819731,mid,2435,12,5,5,19373,5121,15755,24,25,22983,17637,151,0,0,179,1,12,4,0.5862068965517241,0.1282051282051282
3x-RETbc8yC__MEPmSAYY5lft0et_TsBzii3i3MGoadhVe47fduZa9lr,어어어어아,4532819731,mid,2435,7,6,8,22160,8870,16093,27,15,26548,13337,197,9,5,18,1,10,5,0.38461538461538464,0.20689655172413793
N1PcYIXUYWPJh8QbLkOjcGBPZusC1ToOmZQJRTxSijPP_7Y,LG Galaxy,4541418366,mid,1597,6,4,10,19904,8376,11484,16,5,21765,10371,155,8,0,58,2,5,3,0.43243243243243246,0.18181818181818182
d_OeaVFgXwGuEAySy1DwjjDjB8pFR68gLLNaJN2cAeXU,임 감 룡 ,4541924994,mid,1644,7,5,2,13966,4826,9191,24,4,17153,9326,121,4,0,148,5,8,2,0.28125,0.25
288_7U4iS4Utms13125zMju9zqOMEfObNQog71ICyYoz,매력적이야Q,4519737754,mid,1625,15,2,10,34403,1854,10659,14,74,14301,14054,191,25,0,752,1,5,2,0.6097560975609756,0.125
uVB_kapDzD6vJLxras_pRthO43jSVMS-wNH_hibx775rY8U,쌍촌동0번,4540279482,mid,2180,8,6,9,30894,12699,10460,31,45,28060,13928,230,16,0,182,3,8,8,0.4857142857142857,0.13636363636363635
oXphv3O_JawZlow7LbGdovQKLDKhiBj4mruurdrBlZBRz5o,추천안해,4540279482,mid,2180,6,10,16,51263,3452,10745,25,23,30279,15689,202,43,7,800,1,12,2,0.5,0.2777777777777778
QdtGD2voVP4h6x3cOJOK3G_TvX_Vvc1OCfK5ZBuU0Piin68,제라스조하,4541917417,mid,1569,1,1,7,18693,846,2674,12,29,6602,9223,168,16,8,234,0,9,1,0.26666666666666666,0.07692307692307693
qfhX5s-OmYgphzWdJ8P3-s9Cy6Ohe6OTt6gb9kLRnU5h_fI,곽세찌,4496251088,mid,2003,21,6,7,36758,5278,14633,12,7,25473,15460,148,8,0,110,0,4,1,0.5490196078431373,0.21428571428571427
eh-NYEpy7iqdPce-v3LdbUfo-cztZIfuT0whawiAcvGY,최고의가치는생명,4496251088,mid,2003,5,9,8,19351,1975,6919,9,35,25446,11729,127,4,0,226,1,6,1,0.48148148148148145,0.17647058823529413
YHwBNUPC-orpqVVFtXSLdBK_rduJz4_-nzbT3XgaOuFj5WQ,혜지야너를믿어,4536981969,mid,1835,8,4,7,17346,2291,9904,18,12,18897,12278,171,4,0,149,0,10,2,0.5555555555555556,0.10526315789473684
Z3Pq31tYBrxi_OYvcjTbktascSl9Jf3bDZbA56h40neU,탑오면무조건갱승,4440533517,mid,1210,2,3,4,4460,1740,9236,7,8,10169,7299,127,8,8,78,0,2,2,0.3333333333333333,0.42857142857142855
hCFnskgd6hY6gsCaLXdmrEBxzhrYVCj1keFEc0N0Ic0E,군대가머라구,4110041025,mid,2192,7,11,2,22202,3245,15172,29,5,27567,13592,197,10,4,116,3,13,4,0.21428571428571427,0.21153846153846154
lGbB370VWPY4vIea0yjnQM9PUxj0W4CBqPXmcUITYOf_d8I,p아이스커피p,4110041025,mid,2192,13,10,20,33066,6620,24870,34,28,33670,15999,145,8,4,322,3,16,1,0.6470588235294118,0.23809523809523808
u7jFKmdlDDKmAqaWZ4sjH4KxHiehXQaccArCNo2e56WX0W0,서어씨,4538397430,mid,1635,4,2,8,13009,2733,7877,14,18,11107,11171,192,20,0,154,0,9,1,0.36363636363636365,0.1111111111111111
vBN1HTvV-eqVzuTCVwQZfxrBTYBC7Ln3oCp3vR09yjqLtTc,아엄마한판만,4392295962,mid,2216,11,4,4,19717,9191,22118,36,3,26900,14545,192,16,1,121,5,10,6,0.4838709677419355,0.16
QuK1TZ_X9yTdkX5O9rvOXcDrlysUNwSMOZS-CHHYW2j1fCmB9coSedvn,곤룡1025,4392295962,mid,2216,7,8,5,31698,3578,23556,23,12,23193,14494,196,12,0,86,2,12,2,0.48,0.25806451612903225
YlSmEJSn6NqEQPzw9p8QDWAv8ba2K5X9vxxVlFM5JUZHpvc9784niits,Qiyana Montage,4541283098,mid,2244,11,5,9,22841,8682,12811,21,26,25867,15242,125,84,26,173,5,3,3,0.40816326530612246,0.1388888888888889
1MrQZXbP08O1Pw9PcQ8NozVvQiUQBtqR8f4Qvdm1AH-w3QoDo6Iyc38j,현숙이양,4541283098,mid,2244,15,9,2,25308,10561,25341,29,4,38989,17583,218,30,0,89,1,3,5,0.4722222222222222,0.1836734693877551
tfxkRkXucIsw0JLjGtePa_hl3sfmGFlEXusUSV7r93aR,열린지갑,4541402247,mid,2737,12,9,12,25481,18533,27963,22,39,51877,17872,214,16,4,190,5,12,2,0.42857142857142855,0.2571428571428571
8w51ChdvsU5EXPwFR3IQSeoDyiFetqhBw5Mj3Z5k85E,교대역현피가능,4509526698,mid,1616,7,3,8,19563,2338,5193,22,30,13050,11999,187,13,1,242,2,10,2,0.42857142857142855,0.2
im96ItY1FP5dx5rMDa7cHrS4DWux7G7eLUV-zGZ0NfEy,선우희,4541177334,mid,1737,7,4,14,24210,4249,9487,24,24,13172,12795,209,5,0,426,6,10,3,0.65625,0.14814814814814814
N2OINSUBqud8QFvLYCXrGg3n0ujyP3ypsRNnNcQL6_taDy3YEElQw3HX,Pajamas,4529429444,mid,1601,2,3,9,17891,3314,7933,27,1,16086,8568,139,8,0,191,4,13,2,0.3235294117647059,0.11538461538461539
uB_TEiZiBNK-lDxrKe1W3OyI_JEEw7eh08fvdCxWhsxLfVY,신소재 지미니,4498321863,mid,2027,11,5,3,23950,1744,8570,13,34,18640,14845,217,24,0,204,2,9,4,0.5185185185185185,0.14705882352941177
1GyiUeHXcAq3fmDpX8n3VD0Ztr6dey2q4ZfV0RKiI9ibbUk,황원석,4498321863,mid,2027,5,5,2,13089,10160,16333,64,13,26767,10779,148,20,0,83,1,11,10,0.20588235294117646,0.18518518518518517
nLZ1A37Hc2Jukm8rmvCJJg1g1Q4IosbA5y-5NsvzMoMYxjk,참회하는사람,4539657352,mid,1596,7,2,6,17217,11506,19831,9,48,20354,11738,153,12,8,431,2,4,1,0.3939393939393939,0.125
s0lHZkJx0-v_eUv59KhKTfismu8PoXBvln4K0t6hjnT0Ojpxz7cxFo-Q,물맛 메로나,4539657352,mid,1596,4,8,3,19805,11253,20100,12,21,30138,8765,149,14,0,201,0,6,2,0.4375,0.24242424242424243
6mBFmBkOITKu9StIT4heXj6ce7bczpiarVo7-fnQJ9LRsA0,아빠 직업 낚시꾼,4532013585,mid,3006,6,10,10,26236,5978,15913,31,60,31016,14251,204,4,0,315,2,11,6,0.5161290322580645,0.2631578947368421
t1uaixz3RDoll5z_sc3ysWZbZ8Sx4M7oq04dUFjhqgLvRtj7D2Hc6NUh,렝가 털뭉치,4532013585,mid,3006,7,6,12,20377,14773,25623,28,4,33334,14956,171,0,0,74,1,15,1,0.5,0.1935483870967742
Mj6hUfYw8oEQ0mscI0GpPbpIln_iKKQb6_-J3ACmHtJlwm6RP39sepYx,노약석터줏대감기,4487361693,mid,1637,8,4,8,24554,1701,11732,8,9,17950,11206,171,8,4,171,4,9,1,0.6956521739130435,0.26666666666666666
Ft9_FX4gU6KNY86t-VXHZCdlDOiRSL2otL6uMWq5xtJlmo0qigNKENgi,2001 12 23,4487361693,mid,1637,3,8,6,9951,5939,18483,14,10,22845,8641,151,4,0,361,4,4,4,0.6,0.34782608695652173
KiZSU_V2zntlESnc9e0vov9BBs9zSqFaRbf-i5DmNcIImqdZvS3bajsX,피즈루,4541431770,mid,1900,13,7,3,18468,4191,13100,11,11,23096,14477,150,8,8,253,0,7,0,0.35555555555555557,0.23333333333333334
ZteOnHoC6k2cb7n-4IwRn9BxHC-sAIbB-IZKDUZ8bPr4KzU_ExfYPjGK,나는 맹듀다,4541431770,mid,1900,6,12,4,10242,5116,14512,19,13,25536,9152,129,0,0,245,1,10,2,0.3448275862068966,0.26666666666666666
