account_id,summoner_name,match_id,position,playtime,kills,deaths,assists,totalDamageDealtToChampions,totalHeal,damageSelfMitigated,visionScore,timeCCingOthers,totalDamageTaken,goldEarned,totalMinionsKilled,neutralMinionsKilled,neutralMinionsKilledEnemyJungle,totalTimeCrowdControlDealt,visionWardsBoughtInGame,wardsPlaced,wardsKilled,killsRatio,deathsRatio
4GnsoeXQjuDm9misz5BnIIzjcnqF6VQHxjpOTOWn7VJY39Vn6V83OVcf,대한민국최강원딜,4378814870,carry,1444,19,0,4,32955,5213,6394,21,2,13894,14759,186,8,5,40,2,9,3,0.696969696969697,0
CFpa6H7S-Oa9uG_2Ah7wM0hs8RB26tZdj3QzEVrUrd-SDvcN4ZBUKkgP,최강 워윅,4378814870,carry,1444,3,12,1,7561,159,6209,2,7,16914,5761,72,0,0,8,0,1,0,0.2222222222222222,0.36363636363636365
phY28AAmVa-b4VTca0O95ZZJ7oYoHJbZ85a9SSRKUtSZcHTEhFr7FYqI,쪼프트,4506228464,carry,1561,6,4,4,13179,2343,6649,10,2,16685,9870,123,8,0,14,2,4,2,0.30303030303030304,0.21052631578947367
HtAkSwWzlVLaL-PcoArw4fjx8BGgKELRsAUetKdSu4MbpkSTFEZQ21vt,냐옹야아옹,4457193594,carry,2649,11,3,14,55272,4066,8492,74,42,13707,18386,234,31,4,358,4,11,18,0.5681818181818182,0.13043478260869565
p9YOEVomzf89VmxMMRF2cuwi83CH-2lMX2Y9U5HPy_qwX5k,라면사리 사냥꾼,4457193594,carry,2649,5,10,7,27752,8480,17272,23,50,42790,15324,221,14,1,140,1,15,2,0.5217391304347826,0.22727272727272727
Ic8uoIJqG1qmeesIL34_B-T7XSXUTmXM5H-RSGR3e8JlqGM,맘s손길,4544218134,carry,2902,8,6,11,33686,5229,9417,45,26,23659,16446,208,39,0,968,13,21,1,0.5757575757575758,0.13953488372093023
jJts-NgGUe4JoXMS6BkeRkPEnZ24VUB-FBCvaQs91V6Nbks,따따노,4544218134,carry,2902,1,8,14,20180,2454,16608,60,11,23104,14918,251,34,4,139,4,15,5,0.3488372093023256,0.23529411764705882
1y8ZIsnl9WhpNAvEWi8xn_AkoUdNBp7w3vADq5MeGKr1,대박역전,4384335150,carry,1987,0,0,0,2908,180,1124,6,0,1774,6442,88,0,0,0,1,4,0,0,0
A87JYhoTN-4eI8mS-kElBEzwFoSdxFaqBwGpsRk4pIO5VGk,쵸레이하,4384335150,carry,1987,4,2,3,13375,3623,8887,16,11,13858,12706,218,28,1,228,0,9,2,0.5833333333333334,0.10526315789473684
Mon2zLHfGECaaKtE-Q_OFpmkuGgCzsoCDeUoqLye7qTH,랭커유망주,4300431140,carry,1587,14,8,5,29170,2679,10927,16,20,15153,13664,160,22,10,166,0,7,1,0.6551724137931034,0.36363636363636365
H65mf62fGRKhR5uE67UtDFRM6c6Np7ZkFNPR0wjZvYeYYUpZRug9SBM5,오른이가 되자,4300431140,carry,1587,8,5,9,14382,3513,6470,8,0,15113,11121,149,0,0,0,0,5,0,0.7727272727272727,0.1724137931034483
vN6Ghc09uigjarZdDVR_PauM5246Hz6nw1uryxaFV01Ch2A,조        옹,4486859797,carry,2427,7,8,9,27922,2850,19141,12,1,24071,15248,242,15,0,34,0,6,1,0.47058823529411764,0.2222222222222222
Fc326_Y3bfWEfSWWVWRjPzqUTOVw912vqug947cadT6Ht6c,차추남죽이자,4486859797,carry,2427,6,8,9,24094,3323,20716,14,12,25886,15055,233,20,4,100,0,9,0,0.4166666666666667,0.23529411764705882
IcSllLXUSxa42KgFRAEyH6obXRJD-gYegjQ40PQcQnzs,이구간 단골손님,4548740269,carry,1218,2,9,3,7777,1231,4027,9,14,12721,6603,98,0,0,42,0,4,2,0.35714285714285715,0.2727272727272727
y39p6dHAdLFlUu8kOa2Hca6zTiARJoOf5qkFDgsS0hvl,아구몬뱃살,4548740269,carry,1218,4,3,13,9915,763,2752,9,24,7044,8108,102,11,3,435,0,5,0,0.5151515151515151,0.21428571428571427
Vh0w8j6_8rGGWP1sfO4qds6-HOQpQHS-cP0W8aMv-1dv,푸루르리,4511585913,carry,2261,6,9,9,24651,3009,12035,15,1,25347,12407,192,5,0,30,2,10,2,0.375,0.16666666666666666
FDS7r0ftR_jfjEpjOLuL5wnb4EheAXyp0GcZy3l4ba68,연애하는창민,4501323228,carry,1474,2,2,4,9241,1577,12573,7,23,10841,8127,178,0,0,121,1,2,1,0.42857142857142855,0.1111111111111111
ifmUKyzzs16TNoDdoTTikieVUnTGxfUhMqZI8sva6afRTQo5u9ydoVT1,워윅장인까지,4501323228,carry,1474,1,3,4,7351,998,3503,15,0,9339,7438,116,5,1,0,1,8,2,0.2777777777777778,0.21428571428571427
3j5435OEsNQYH2ikf6jZkcSrvGYrDGD0rbxQ5OacmZemjmhcXUm0iuT1,진정한위너,4477983927,carry,1385,3,7,10,10326,1838,6779,7,0,13462,7808,112,6,2,0,1,5,0,0.5,0.4666666666666667
juNUI689OhtERqSBuWTdOcjZ5CZ6PgVyCkkHwGNFLLcksuMbCUDKiFzo,아군채팅끔핑찍어,4548613119,carry,2510,13,5,15,55398,5819,22298,26,21,26296,18359,243,8,2,556,0,14,2,0.6086956521739131,0.11363636363636363
1B2GfcmK98ZmoZpbPwgX2yRnoK7W-C0gKm25MCe2iGM9IFc,탕정6번척추,4445474413,carry,1675,5,7,6,17653,2661,6223,20,27,20137,9868,146,4,0,94,1,7,3,0.6875,0.2
Pc7MAM7_PNsOc827da9oWktzKRf5eGSR1idySti1PC_3d8CGzYmKjuUr,KTDevil,4445474413,carry,1675,7,1,8,19449,2313,7812,11,4,11577,10243,112,0,0,121,0,9,0,0.42857142857142855,0.0625
t0Lf8nsVBdQBtTiAEyXQ_ZonhrrgXNE2aTXlZpreCktx,cc해,4530894375,carry,2043,16,5,3,38226,3006,8125,34,1,18368,16585,181,14,0,59,1,12,7,0.5757575757575758,0.16666666666666666
3eTF7-Fta0-y5u2h26dgMq4_JuWBgvGUxxolUw0S8S4MLYoBg2axeMDD,KKKKKKKKKR,4530894375,carry,2043,12,9,7,32392,5089,12710,13,14,25924,14382,201,16,0,85,0,9,0,0.6333333333333333,0.2727272727272727
aBUkrxT3emShPj51cFfyZi0sqC3dBsvAE2_UwmupqAtEMKUcrAEM6UMX,호일에싸서구운찰,4531099601,carry,2891,4,4,15,16136,3595,11777,63,20,23612,17714,295,33,4,165,8,21,6,0.4634146341463415,0.125
8FV0o7bqLtBKrjGibsYXsJC5H4MnijFLENYvtJvpKJcwPsc,오타쿠에요,4531099601,carry,2891,3,10,7,16998,3587,13847,60,33,32287,15306,224,54,22,934,1,19,5,0.3125,0.24390243902439024
iCKWR8u9St4q4fYb0SepCcha8WcFOSoUls5gK2T-4F7LEr0,램 타,4179107280,carry,2314,10,7,15,30537,6278,14542,23,15,32559,16526,218,12,0,82,0,11,1,0.6944444444444444,0.18421052631578946
oPtOLvq9HVxrWDf9JKBS8pBT1bDGLsI5sOpKTy14ZMwlOj0,민기엄마에용,4179107280,carry,2314,2,5,10,29737,3512,8790,23,37,20539,11282,169,8,4,252,1,13,2,0.3157894736842105,0.1388888888888889
195MBhNZIS-O__MfSVAy_kLj2UugxTKchgLVystAbl56nLH3tVMeXoNg,잼미잼미잼미,4319796079,carry,1261,6,2,1,8713,883,5127,6,12,7658,7632,123,4,0,92,0,4,0,0.3333333333333333,0.25
fvxKgu9uN6k7li2TBREXBYA4q7vGK-CW26oLoKqpjGA0,너님이갱,4319796079,carry,1261,1,4,2,4240,211,3501,7,0,7733,6006,134,0,0,0,0,5,1,0.375,0.19047619047619047
tiq1MdJDADMp_kiJpWOiIsV0RcL50Rv7SSmhalRahxGoDeQ,그리워너의MOM,4317326699,carry,1734,8,2,10,21811,3979,6160,10,23,12747,13533,205,4,0,97,1,3,4,0.5,0.14285714285714285
sm3XHLcWJfHvCC1xMG2qOBWsnm7Hd0Lh62ZfaBxFQsWp,따이Ekdldl,4524239519,carry,2267,9,10,8,26272,3480,14738,26,20,30008,14899,192,16,0,224,1,10,3,0.7083333333333334,0.2564102564102564
oC3K7vkKxPBZmdLygmbsDctG-1wLZ08hfAHMIJ6atAkM,조슈아문,4524239519,carry,2267,17,4,5,38025,10819,13906,21,33,32871,18391,216,35,2,164,2,11,5,0.5789473684210527,0.16666666666666666
IyUhdW_piXGhvJdT2A04u20m1FcpWwkaQu1Mt1Ijy4PNblQ,원딜학교장인과,4294466904,carry,1736,12,5,13,21892,3490,5616,16,12,16271,14321,157,25,5,84,0,5,4,0.5952380952380952,0.18518518518518517
qscRfm8Qfy5sL0iiSb9SuysL9na1PTGd5Iwh9lsFv0QZDro,설사파리,4523510834,carry,1659,9,3,12,23582,2706,5333,27,14,10752,12802,176,8,0,26,5,14,4,0.5833333333333334,0.2727272727272727
0bLHbvxOM40k-yS3eD83vb1krRpvvFygK2wPZ0qYfj_KIhOFDinrIc3c,gksqls,4523510834,carry,1659,3,6,3,4260,1005,7631,21,3,15984,8779,147,15,0,136,4,11,5,0.5454545454545454,0.16666666666666666
7i27eFM0NpL5SMNJy1v0oNggffo8B0k1xmhiJ2ES0GSB,뭘바s,4512008686,carry,2032,6,9,12,19076,2787,7837,17,29,19729,11342,133,23,0,255,0,7,3,0.6206896551724138,0.21428571428571427
6MiI7T8531vcW9TJLXWBINwySykTYuxifnPjn3V4LPg,asdww123,4512008686,carry,2032,10,6,10,36619,4750,9534,14,38,20328,14278,146,29,4,157,0,7,1,0.47619047619047616,0.20689655172413793
nWG_2hOUlCt-WTwKvnqmCnQNFs7DqQQ3OjhHlzNdvDCU,싸울랭,4350020763,carry,1410,3,5,7,9969,1187,5049,13,12,13555,9047,159,4,0,261,2,7,2,0.5882352941176471,0.14705882352941177
mXPDwQPrvWW95H431OBz6DuQBRyDPB5H1kzbsjRLMYd1wpY,그냥접어라,4546215949,carry,1495,10,3,3,18517,889,6535,7,12,13809,11338,161,4,2,55,0,3,1,0.5,0.15
YyA9ZIYEMYfNkEFt4aQYkUky0znKw8jsSmiQt2jpapDn,지녕빠,4521220113,carry,2878,7,12,17,22401,5737,12998,34,49,30082,18018,255,32,0,267,1,16,6,0.47058823529411764,0.32432432432432434
BlGkvthGcVAC0YmDIyYXPTz35CSSyygdExPejYuLtFlo,민이입니닷,4502489520,carry,2712,7,10,22,28242,6126,12876,31,66,30235,14572,166,12,4,876,0,10,1,0.5178571428571429,0.19230769230769232
m_u4miD1Gc9qS5Md4tzs0XRLtCkRkGLC_Li5gdXxcICA_3M,1411111,4502489520,carry,2712,27,8,16,58369,6238,21263,42,6,25912,24204,201,8,0,94,2,16,3,0.8269230769230769,0.14285714285714285
SyL_5U1gUYfoxuiKP0x5Gp1Ahnk9RQcZyJTss9MVW0bb,워킹보너스1,4468127991,carry,1728,6,2,9,14657,2152,8201,21,20,11333,9455,124,8,0,90,2,7,2,0.35714285714285715,0.1111111111111111
gsxdL8n0VGpW-nM93MuiIHFtuPi9Gk4ypJcJSBbrxlPdOOk,댕골3,4347096727,carry,1996,7,7,17,29691,3702,9477,36,73,21195,13807,154,12,4,902,2,12,4,0.7741935483870968,0.15217391304347827
ZuFq7W_9OAaUJeprl8UHH10xJQJYxcuVUBKFkzXRS87r,DRX LOZETA STONE,4499915702,carry,2066,4,8,9,12783,3051,8421,18,1,23680,12284,188,43,12,42,0,9,5,0.48148148148148145,0.2962962962962963
h6Dqyxfi_gRgVhUnzJDT_WRInrRWoT8eHWN6b-1H-OMzynx5W_ENqQlV,횽이바봉,4499915702,carry,2066,6,3,4,20105,4826,12907,16,2,17609,12287,185,4,0,133,1,6,5,0.37037037037037035,0.1111111111111111
75AMJIvzWdgZmLVOqEtbWe8cZ01KZ7OlsCfTcmyOIIfI,귀찮은데오지마,4367591151,carry,1922,1,5,2,9263,2037,6566,9,6,16107,9462,187,4,0,108,0,5,0,0.16666666666666666,0.17857142857142858
9SpC6dOxPEqRGNu-IWOCInaHR3vBbHtRBn77fFHgc5pC8lk,오마니보고싶어요,4371665469,carry,1421,1,9,1,6195,1180,6351,6,7,18138,6367,127,0,0,16,1,5,1,0.2,0.3333333333333333
_FxJZpyPHPuwPAIITMKtUe6iiynGXKOYPiBnTi_hLwA7ZF8,52 OvO 52,4371665469,carry,1421,5,2,6,10692,978,7724,10,10,6394,10339,142,21,2,98,1,3,1,0.4074074074074074,0.18181818181818182
tNIiOZ453hko1VVeUvjYhLzfiwGzzk9Rz2y2mPQITeh6eIyPKkmO92S6,건지산,4533392502,carry,2728,14,9,22,43119,10068,32482,21,27,40944,19166,176,12,0,313,0,13,0,0.631578947368421,0.20454545454545456
WLX0FGVZJYiYGJbINIB9PmIY56NB7xsRzOxt5PkMKWKpVg9b--ko34u5,MEDCOW,4533392502,carry,2728,5,9,18,31353,7493,20581,29,62,30934,13522,128,8,0,971,0,9,1,0.5227272727272727,0.15789473684210525
KV7pjb40_YwFt3Chn4LspwKshYEWFW1QgPHk94WwE5R-8H0,달동 행님,4465176882,carry,1635,9,6,5,15053,6755,21831,18,14,25376,9903,128,9,0,34,0,9,3,0.7777777777777778,0.23076923076923078
rZD0bEypy04s4mG2SGkTAYCXVcA7u-RKeZxLEsgo3ja_,샘프라이스,4465176882,carry,1635,6,6,6,13453,1427,4584,19,22,11124,8843,118,9,1,138,4,12,2,0.46153846153846156,0.3157894736842105
qW81QlQO8BY6tEodX9RbPHoOL3Q4elNsooiARMdodQUvCKc,구리구리99,4337801058,carry,1492,7,1,6,16535,2621,5467,15,8,10851,12180,193,16,5,31,0,6,5,0.5652173913043478,0.125
R3TA1_7q3uNSs4674RqwS5SEwsI4ojyBmeUxUI9cBAIBnlc,짱짱준혁,4337801058,carry,1492,1,7,3,6189,1479,8006,2,0,17470,6196,103,0,0,7,0,2,0,0.5,0.30434782608695654
1zF4URsuoPegetO0eybPDDRKhRPFOkufozJtZyWuswT0v_keqiKBUUjk,햅둥이,4190172588,carry,1209,2,1,2,5904,973,2200,11,18,5232,7260,140,1,1,457,1,6,0,0.26666666666666666,0.5
ap5eJsh6ZTBXa52ll0nRuWAaHs_Il-wBNiI2DtiXgbcf,오늘부터롤접는다,4523062241,carry,2113,8,8,13,31430,4846,15384,35,29,26180,13269,151,28,4,416,5,16,1,0.5675675675675675,0.2222222222222222
Ia5A7hLxPq5r0X8tMdGFjPX-W7VCtLF8yGknP6dHvHSY,싸움요정징크스,4243729629,carry,2115,14,12,6,35642,2364,16615,18,9,30942,15685,159,7,1,105,0,10,1,0.5882352941176471,0.21818181818181817
9tiycAacqZKlLAbZ55OzSOaY7qUL4IuaY6EGp4ZaJr-D,오랜지궁댕이,4243729629,carry,2115,7,8,18,22608,5317,12400,17,2,28707,14819,157,28,0,24,0,5,5,0.45454545454545453,0.23529411764705882
xEcP66ppi04iUQVMlwbJ5TmCDUavUjHi3rJ-5Mgvn3CY,3대 500gram,4399173253,carry,1229,6,2,5,9973,2133,3895,7,8,9505,9131,158,0,0,74,0,4,1,0.5238095238095238,0.25
Wa0bp2vTaF1idGL_R5wNRbvIjpmQNEfiVfIv8cKmp6cm,The Tantrums,4399173253,carry,1229,1,5,2,4127,522,3662,1,0,9646,5788,109,0,0,0,0,1,0,0.42857142857142855,0.23809523809523808
ZyrBIKeBQf3UNBYAGgK3Mw2Dy2ZJSbscq2YAvVgFXQ9zKXU,독거노인의문사,4300763339,carry,1617,2,4,2,7207,793,4453,15,15,12237,7755,142,2,0,19,1,9,1,0.36363636363636365,0.11764705882352941
MuOQ0JwRXou7NnpfUAZj7CL-72IMbSNBb9mPAS6BdgVPzvy5_R0ToFkI,확조져불라,4154186693,carry,1618,8,5,8,17796,2388,9983,12,17,16291,11320,143,20,0,120,0,7,1,0.47058823529411764,0.21739130434782608
7VrITGAAqh_WMfA7qyrQYwt7q1ARjQxVDnE8xRhRYptp,hyeonmeow,4512294656,carry,1707,0,11,0,3670,1113,6211,6,2,14335,5936,57,0,0,16,0,5,0,0,0.3235294117647059
YbKWNmX8UPaHG2D43hhAtvDX0b94aCGqQQ5J4g2AIIvRRmfbyFJeD9UG,상순의,4512294656,carry,1707,13,2,7,18243,1417,4925,28,21,10329,11495,120,17,2,262,2,10,8,0.6060606060606061,0.09523809523809523
jNSdahOv8PIwBWz_dDgkyk--PWS8Fp31Dfgf_ASkTzKx8Bk,장재혜,4287674826,carry,1208,2,4,1,5307,1202,2050,5,0,7155,6020,103,0,0,0,1,3,0,0.3333333333333333,0.16
KP7MqCTT1HUewZ-bm39fQYaNHR5IzqHQJfbYt4wEHMua,첫날밤의어색함,4248097567,carry,2681,4,8,10,32367,2988,11790,30,69,26853,14295,208,36,8,986,2,14,2,0.5185185185185185,0.18181818181818182
zyAMmHnti0nMOWGEtRrNsjBp86Xc88uaLExvtVfDFqfu,남통공원,4532875197,carry,1628,2,5,5,19220,2541,8010,14,23,14979,8569,140,14,0,114,0,7,2,0.30434782608695654,0.21739130434782608
wzN9_5oqYXpGZNuMIpU-lufI-ViGSXAU6y9dMFwVW4KOyt0,설경환,4532875197,carry,1628,5,4,4,15300,2174,5608,12,40,13397,9492,166,4,0,615,0,6,2,0.391304347826087,0.17391304347826086
57S3TrfL-ItNlCs-Q4yjzL8gAm9kCAhM9xw8XtHABf1TC8k,전기과존자리,4311948474,carry,1295,2,4,0,6106,1235,5292,10,15,10930,6651,130,8,0,481,1,7,0,0.2857142857142857,0.2222222222222222
CGJpiZ1oNcFJUVLbGjZRsIXySRE4OM7d660emDbni14hFUUzL1-O7jP_,IllIIlIIlIlIIll,4311948474,carry,1295,9,1,1,16984,130,4537,10,0,9803,10125,175,4,0,2,0,7,0,0.5555555555555556,0.14285714285714285
L8LcH3MussEURSDs3yzwDIG6lZDbgWYEQlnba52K2ytp,에코장인 한우,4506277616,carry,1417,6,9,6,17355,1757,6369,5,42,19207,10602,139,0,0,585,1,4,0,0.5,0.16666666666666666
xJkIrsiTe842pro6Q0cwOch8-thtouzgWiOW0kPFlTBvyADd9Q9HhCQw,빵빵한 딤섬,4399220148,carry,1613,9,8,7,22243,1084,11240,5,4,19065,10251,109,8,0,75,1,3,0,0.5,0.17391304347826086
5Nw2BP6KDLvPgRNnvFy5vFgnPmu0RQOpNh0EnQRo5J-kAPQ,돌진하다매혹맞음,4465830768,carry,1631,6,4,16,15339,887,5555,16,37,13036,10986,143,18,6,582,0,6,1,0.5789473684210527,0.25
4mdt2eaRJHIzNVL8L2b3tEnySvJRr8FZuPisdcdlLtvbHws,우아하하앙,4465830768,carry,1631,0,11,6,8086,1721,6266,10,18,17524,7193,111,0,0,56,0,6,1,0.375,0.2894736842105263
wjb3Df7fgGQ-5lrGxCevjgefFKtcXFFsLTnyuay6NmhRf4A,고로로v,4260978876,carry,1859,10,3,5,26852,1871,12656,14,30,14661,11918,182,4,0,105,0,8,2,0.5172413793103449,0.08823529411764706
T2v9Osx7hbQT14CzOzTAXNGQEbKGmslluqgIB4GWbRkT3qSVosBffECP,초드교전도사,4370693953,carry,1205,3,0,3,4739,1314,2501,5,19,5576,8855,156,8,8,332,0,2,0,0.24,0
DO55SGrRSVxVxCM5anQ5wBaEs0aVSZjYjn4OHAZqT8aBASlLACggVClk,애용마미,4537398292,carry,1955,16,5,7,33266,1728,5706,19,8,18400,16645,213,20,4,135,2,12,0,0.696969696969697,0.19230769230769232
1MTwCGqZ4fiAl7isRS9GEHuSeCJrAsWKxylPRHDSwrdBU98x6sU32LwR,애새기,4537398292,carry,1955,1,8,5,10650,1508,5942,3,10,13267,7678,102,0,0,189,0,3,0,0.23076923076923078,0.24242424242424243
Jv2pAjPZwIeH__pRx5ZzzgFvL1yLau8AT0c0gFOs4JeGEnE,녜루미,4370877566,carry,1838,10,9,2,24777,3469,15920,34,22,20544,11721,163,16,0,142,1,9,4,0.48,0.1956521739130435
ghq0FGs1AdMQVlZMM2Uvtnn3TYhr8_uNFhVcydw2S54KStQ,gogomi,4545608778,carry,1845,2,9,9,12947,1944,7576,16,8,18704,8554,124,4,0,9,1,9,0,0.3333333333333333,0.23684210526315788
4DnDDrTGQlzXkGxFQ_fOf8Uu28m9SvzAgZTyqXUZUXLpcpM,능킁 03,4327105615,carry,1337,5,3,8,11243,2539,4089,7,6,9954,9452,126,4,0,35,0,6,0,0.48148148148148145,0.23076923076923078
sugP8wfpxTPWNxkYDc8R0oPwmJYD9fEztDTmg3Fg8ZARWuI,Novice Hero,4327105615,carry,1337,2,4,0,5994,885,8552,16,10,10729,6719,119,8,0,89,3,9,1,0.15384615384615385,0.14814814814814814
bBQrEmGRwrdriV3ZfOC6BSmjDiPKDNTy8LIqtwJkV-oT,가시밭길이그립다,4118161406,carry,1431,1,9,5,7122,2259,6239,4,7,18104,6726,91,0,0,178,0,3,1,0.46153846153846156,0.2
ZR3zy2AXcwT30KF1JtkvIdh_-Eq7BcvI7BnOMYZu5snEhHE,dltjdan,4407951229,carry,1228,6,8,6,15391,1417,6664,8,28,13357,8583,120,0,0,382,0,4,1,0.46153846153846156,0.6153846153846154
jf-CyYxqtOKUbldpYsWJt0VnqSRhW_eccPgAVd1iyP1-UaM,91년생 코커,4407951229,carry,1228,6,3,6,17196,1117,6055,9,6,10572,9735,153,0,0,98,1,5,1,0.9230769230769231,0.11538461538461539
H76IELJUwPvM3PdHwc3kluJ4_QOyeSx68S_jkjSqhXWS14yaffaMn81u,믿었니,4546403517,carry,2316,4,13,9,17032,3253,14959,15,55,29353,11681,189,4,0,1047,0,6,0,0.34210526315789475,0.2708333333333333
CfU6ddfnXbkMSY7j9j59M9E-QvkzOqgjImP1fPakj1Uv,아니 진짜 쫌 휴,4539383102,carry,1998,9,6,4,22160,2928,17047,17,5,20255,13621,184,12,0,152,2,7,0,0.41935483870967744,0.18181818181818182
cxezJrhs9omNESEqWchz35_xKNnD9vpVKpYfrY0QcwLRHLE,번 게,4531226040,carry,1523,2,2,4,5075,907,3382,4,1,8388,7821,142,4,0,31,0,2,1,0.17647058823529413,0.18181818181818182
Rj5TlbDmfOH99ZBD3JeOAqgqOPE96boWVUL699P8pMXmUxncYiso2XOf,빠리보게뜨,4534563825,carry,2268,7,2,9,20939,4004,13261,23,8,18266,15999,221,76,0,173,0,7,6,0.5333333333333333,0.04878048780487805
dTuwb1vDxr4QSpCo3RolbWwYSOgqRQTEx84otOxHSL6uRtE,꼬우면여친이랑해,4534563825,carry,2268,9,6,10,25821,2107,17471,26,13,22748,16170,224,24,4,23,1,14,4,0.4634146341463415,0.2
fAkvduVXOe3SNrL9Q4YI0vvtgEBsf2QrfVgEv8NUCdlLx19KGX0REqsX,원둥지둥,4478353811,carry,2110,4,7,11,21778,2730,13017,16,0,17150,13163,212,16,4,0,0,10,1,0.5769230769230769,0.175
8GidjGxKwJ0_-QXlA0RvhdVYdjqMWu28wUwzLByWh1og,유정이야,4122731678,carry,1323,2,2,5,7819,870,2640,19,3,7881,8405,135,0,0,49,3,8,1,0.3333333333333333,0.15384615384615385
kpp5VIXaSo-_uSSU3oW8FxEg5AlT8I_W3DMkYuEFSvyy,세렌디오,4122731678,carry,1323,0,6,2,5407,1411,4558,3,16,11346,5080,82,0,0,83,0,2,0,0.15384615384615385,0.2857142857142857
1WggL2yOUJUf6DfMEpofPUJQz45FHvOtMlS_xZ5grBIYW64HDBWX7f1r,skpks,4342647237,carry,1523,0,6,3,6943,773,5533,9,2,11537,7082,141,0,0,49,2,6,0,0.17647058823529413,0.2
dgaKwUups_b1scLjqGnYKTKluv_GCpsPcMnEFSWoJDjs,popopu,4342765303,carry,1929,7,8,9,23854,1443,12281,16,11,18373,12817,196,4,0,204,1,11,2,0.5161290322580645,0.1951219512195122
WGpMF7UNBSyqHGfXa4LgG1wGmItjrxlUrJZkS5jEdrtz,두 동,4342765303,carry,1929,12,9,12,27306,3848,14357,25,44,24313,15446,185,32,4,849,1,5,2,0.5853658536585366,0.2903225806451613
FMaqYzn5Je6yGlEe-N8JpCiWN_vEOae1st4kIcUTUWDPg8M,소리에게는 돈,4215740827,carry,1431,3,1,4,7758,1896,2884,15,3,6081,8833,154,4,4,41,2,8,2,0.3684210526315789,0.07692307692307693
1VqTuhMgS-b-41NzrIG7IttgmYwumLRoIjhY934lD0fGrrU,rushthe충,4279353795,carry,1914,6,2,8,14708,2124,6958,32,2,9984,12546,216,4,0,48,3,13,6,0.7,0.16666666666666666
c0ojulGFjEDzrq9oZ28gfOKEMTiBaPMt6KSkDmP8FwSaCwxq5t8Vij2B,청정수가간다,4508144660,carry,1822,2,7,3,7947,2345,10656,7,0,20857,10072,198,24,0,29,1,4,2,0.22727272727272727,0.25
GzaD1GEvZDtCQCz8bIsyY5M_h7Z3X6cjOP3ZnVdBMWulibvQjrDe-K-U,이름모를그녀,4468542145,carry,1718,7,5,10,19672,4405,7410,18,1,14780,12027,164,8,8,35,3,12,0,0.38636363636363635,0.22727272727272727
VPUOfku8QplH5NGyulxOpzFFPgn654AvEvxVu1wrYZ448E1sjrOzzda8,나 결혼했어,4468542145,carry,1718,9,5,5,14352,5100,7969,21,2,18739,13183,180,12,0,54,1,9,2,0.6363636363636364,0.11363636363636363
rWeVQEoRgxRJLocUk0Szgij1RPDNnrhv3eGiYv9dRsYN_laBN3likB8t,설아블리,4532477393,carry,1827,0,8,3,4660,1373,7946,6,23,15988,6487,87,0,0,527,0,2,1,0.15,0.2
jXVz55T_WzLpbLiiVe_pBO8qVcnAfTKKpF0KB-tMYvd2,MVP Myeong Sang,4397207959,carry,2079,2,5,9,15930,5034,10081,18,29,22743,11234,218,4,0,71,1,12,1,0.4583333333333333,0.16129032258064516
euNgM6Sq4gaRUgNv0EZ9JDRiZ-eSK54u7I36YvbEuHRl,오븐에구운앙버터,4397207959,carry,2079,11,4,6,34624,4666,11268,27,2,20396,15913,273,7,5,84,0,6,3,0.5483870967741935,0.16666666666666666
unD7TClGE13ZicVgJ-sQtfh9ilkW2oeJxHX-e7Sr5Y0I,이번토요일엔뭐해,4544449268,carry,1414,5,4,2,11043,2229,5643,19,11,13625,8396,172,0,0,43,1,8,0,0.3888888888888889,0.13333333333333333
DshZRxI9xCvY4RresQ8cOwW9DwBRdh158ZKiqQxEo3nQ,겨울이계정,4436365508,carry,2176,9,10,11,16493,5376,26299,28,18,25803,15163,240,32,4,267,3,14,2,0.45454545454545453,0.19607843137254902
qAG6tEd-iQmX2wXOS1yEruFKB3u2RtZC_9a5tzC26QN7zT3Z8DsBKHaF,빡빡이잉,4468122660,carry,1788,7,5,6,24238,2330,7821,13,0,18471,11873,189,0,0,0,0,6,4,0.8125,0.16129032258064516
iblkUEybkTKmw91G0OegZkTW5xQ2rTH4Q5CyBKlBiPMS,World best STX,4498265196,carry,1737,14,3,12,30881,6780,15075,28,22,19322,15414,199,41,12,371,3,12,6,0.7878787878787878,0.1111111111111111
4Yf7zjHsNhv_lZSjbHxbk6qA34FR1WvSYyy3IGjyfqoim0gGJmOr3pyO,원근의모탈,4498265196,carry,1737,1,2,8,17076,1241,4163,34,34,8281,8850,154,1,0,413,6,15,5,0.3333333333333333,0.06060606060606061
DUjGTiPZQBvXJ_a0hCKEiIe2pGaVQnzRqfDA8s6CkM4qdsdtkO97_9rX,뉴비는원하는대로,4489158530,carry,1738,7,7,8,20260,2479,10580,23,9,16244,10973,155,12,0,39,1,8,0,0.5357142857142857,0.2
kwKgYGmgNUt5Vz5tBZWz9KPDUwlDpuydQrcMhLyFS_vv,HoYuo,4489158530,carry,1738,6,7,13,21350,173,7561,15,4,17869,10037,140,0,0,126,0,8,1,0.5428571428571428,0.25
nOmGbXfOrBLZTLc6vX3KgGLSWOLnkRwx7AbxB61pfczyseM,돈갚아라개불,4351556162,carry,1261,11,1,6,23713,2188,5931,14,19,11382,12164,191,0,0,148,2,7,1,0.5666666666666667,0.058823529411764705
sE9Hm_u7Vpw8BuNGDcFkKC2NZaNavGTYOVj2EgeRFD5DWn0,5픽유미없음,4351556162,carry,1261,0,7,2,5433,1828,6433,7,0,12803,5814,117,4,0,1,0,5,0,0.125,0.23333333333333334
kY6ist2aAvaqCFvD9fcBHwSJc6_vBiGgcdPeNPa4XuDF,로미페이커,4487417368,carry,1409,1,7,0,3987,722,5193,12,6,15276,5364,100,0,0,6,2,6,3,0.1,0.2692307692307692
9oYf9PR2bTWoN8J4MLeMOceBpj-ARYdVQiuPbFtW3z-wfiI,아이언강등서비스,4487417368,carry,1409,16,0,5,29514,3338,8343,11,10,10691,12952,157,6,2,244,1,7,0,0.8076923076923077,0
SsIm8SwAcvCAw-tyObQ8_hcsoEK4wsiAiV11BBj2c2BD,나는꿀빨았다,4525535924,carry,1381,0,6,2,4881,677,4017,3,17,10182,4910,74,0,0,370,0,1,0,0.2857142857142857,0.16666666666666666
jH0UDpjI8j5qcUGld72Lu3EIVyLWJrq_a8zE5SRqdHHc,정신병원다닙니다,4410863651,carry,2095,10,2,24,54857,4600,9968,36,45,15246,15320,204,8,0,99,1,11,0,0.6938775510204082,0.0625
2FDlt1L5qIvbvtC8xk15Hws22G6rVXltG7PgVjroYofrOR0,하이요플렛 ,4227826428,carry,2688,13,10,9,25688,6796,21866,14,2,37380,19723,229,28,4,39,0,8,2,0.5641025641025641,0.23255813953488372
gUn7AKOP7D18sH5LeNmYDkEvOXcQqNZFPA7C7l6TI1uN,레종이니라,4514462981,carry,1989,3,4,17,15977,3736,7021,18,13,17323,12239,176,2,0,42,1,11,0,0.46511627906976744,0.2222222222222222
b9GHxUiJuVSvqG0E7A_wPzMr7HJPjJ81hAQiUB3DcNwLNSE,테이귀,4514462981,carry,1989,3,8,10,18350,2628,15927,21,8,19950,11312,197,17,0,357,2,9,2,0.7222222222222222,0.18604651162790697
pnhqByhGqP-TtJBLJ30cDek_eXxrmRykZQSUJ1-7C_JDSqccpeK6MWUm,권현수임,4484812673,carry,1281,1,6,5,4301,1270,4041,5,2,11299,5305,73,0,0,2,0,4,0,0.5454545454545454,0.2857142857142857
YkvVGg3bBeHSpbbYDqqcAGkIPyt3soDyDNolXLhifjBQrsxkZs78PSRy,아별거아니야,4484812673,carry,1281,5,2,4,9442,1023,2516,6,0,5610,8038,129,0,0,4,0,4,0,0.42857142857142855,0.18181818181818182
3C1Z505VRRSTMYgA-iZdVyPLS3S_9tzRj-svUi8JRON2,아디마노,4290715996,carry,1868,6,3,2,15371,1548,4751,14,40,13560,13221,199,47,15,682,1,7,1,0.36363636363636365,0.3333333333333333
5s7QwjZ37yK_zBxD6SCecayWW3i5YrnG5uHHk_GAfCLFTBo,부폰친구스마트폰,4289820881,carry,1867,6,8,6,10724,1380,5085,18,1,15299,11367,145,4,0,22,2,10,2,0.5217391304347826,0.21052631578947367
5CQQGIFzVAWwWe6ZMDiXyLU6rxKrXLbs_75RS4LrQVDT,19897326,4289820881,carry,1867,1,7,15,5543,1764,26286,28,37,17287,8207,78,0,0,491,5,15,1,0.42105263157894735,0.30434782608695654
MuLZlKdDFFAtRXjuGZI_VLdWGtGT7M5huNGxqWRKdzlVK78,요한아,4484928508,carry,1949,22,11,13,44296,4060,11236,17,18,25865,17550,193,23,4,83,0,10,0,0.6363636363636364,0.2391304347826087
zPpeUYmpoWI1ASShf7cKlEIrarbWvSAF5LCTYGEu2EAQ,17남꼬부기,4250262744,carry,1352,6,6,6,11076,2144,4569,6,8,10568,10091,128,4,0,50,0,5,0,0.41379310344827586,0.3
BfuSAwbrqgcI_kHRFY03C9DBABtjpLiwUtVfyrbBVSIO2oM,아리가슴사랑,4508121501,carry,3008,19,10,9,52093,26532,83113,24,58,54219,23511,278,56,22,293,0,17,1,0.6511627906976745,0.2222222222222222
u6dSqgZGN_5kEByHUp0gUpd8OPkvld_eJXmyVQLWQOvjGjC_0YcvuLZr,구경하는바드,4447380020,carry,1227,4,2,3,5906,1052,5309,17,3,10834,8067,118,20,0,60,3,8,3,0.3684210526315789,0.2222222222222222
kv0RjvEHg9gHBjl885hgpFViNbaUWkpnQub1u105p1J-,그킬뎃에잠이오냐,4447380020,carry,1227,1,3,4,9212,732,3635,12,25,7938,6340,134,0,0,498,1,7,2,0.5555555555555556,0.15789473684210525
rYxAXNF2W0X7RDRRhSejAlVC2_Ha7whiBr8yBjwHP7J6lg4_qzZbXsDL,문도는댕댕이,4508987671,carry,2350,0,8,7,10143,3065,9322,15,13,24410,12622,204,52,0,86,0,9,0,0.18421052631578946,0.21052631578947367
IUKIvIZykn-496bwf-sAX3zbNK7VDgLZ6g1sWIdzHjJpId3X0l1F8xLE,기며언재,4508987671,carry,2350,2,6,13,12906,3441,12733,25,34,23335,13892,243,6,2,859,5,5,3,0.39473684210526316,0.15789473684210525
cuPmD2BbgQHGOsuhiNrrt6v4T1zv8BjbSvvoaVOH3pPOggI,거대한 잉어,4506066914,carry,1836,3,1,4,7629,3056,7776,13,8,11871,9377,110,11,0,286,0,9,1,0.2413793103448276,0.09090909090909091
l5mPGH1RAhp3Vh-8u7l_D2hI_jsaQr4uMBIjYprorJSs,IlI IIIII lll ll,4249988658,carry,1625,12,4,6,20247,1235,5684,12,3,12235,12399,182,4,4,112,2,6,0,0.43902439024390244,0.15384615384615385
_psV0efiZPVi_-otfnQppeiw4CN-oqYfagJ7gliUJOlO,Whalehunt,4249988658,carry,1625,4,7,6,10020,2277,7210,12,11,17494,9288,162,2,0,56,2,7,1,0.4,0.17073170731707318
9fX9ika7O2454DR8heebLKEf3rl0Idven4w_b-7tG_5civgpajMnykpy,일호보살,4447895783,carry,1761,7,4,6,17755,2446,8546,19,9,13240,10265,163,4,0,146,1,10,2,0.65,0.16666666666666666
0LvP17jBa-Ar0GuUrZ5DQ7HQ6PyaW55VQvY18kFZUtb3,훈육당할래,4447895783,carry,1761,0,2,2,6015,1256,4406,10,0,11456,10017,200,12,4,10,0,8,0,0.08333333333333333,0.09523809523809523
psEL_R1lH8qLqcN3O-YXr4Xz20CfFaQQh2se-JOlQHWKUAw,i빙설i,4446321707,carry,2138,6,5,11,26279,3360,9903,16,8,17576,12955,161,12,0,236,0,8,2,0.4594594594594595,0.14705882352941177
qLBJzvdwg9JxYzgYiuGO9q7m6eKrNDRsVdpPJ-UIrnCghPU,Anne Vada,4446321707,carry,2138,8,8,2,25700,4214,15780,22,17,27746,14065,184,10,0,108,1,12,2,0.29411764705882354,0.21621621621621623
sw-X7J_h0fvG7wulzsQdfa4pcUm2R9tBbefhqVfCkHckFouwoLcsV2Og,클라우동댄뿌라,4521673302,carry,1482,5,4,4,12215,2566,7245,13,3,14372,10645,163,33,13,29,3,8,0,0.25,0.2857142857142857
zaR3ZQ0w-6ZItCSYDjfSwM8Mhgm0VkRa-Hw5aoamjS0JIAY,안녕하는뚱이,4515958105,carry,1679,3,6,6,16508,2327,5209,10,40,15764,7927,104,2,0,569,0,4,1,0.375,0.16216216216216217
4rBfzxxZL1wFws5cVQYR8wRIQVBMTxN-mUuN0deAVNlr,노sex,4426369357,carry,1680,3,5,6,17614,2683,7460,23,2,16356,9125,158,4,0,19,2,7,6,0.5625,0.1724137931034483
xjdDD7ceUljexrukQSIiRhQC-sHun1WTFuJZgYVnf6kaNIOJwfqF7d7r,평택옥슬이,4517254826,carry,1957,8,3,4,18685,2082,8163,15,3,17160,11698,143,0,0,24,0,8,2,0.5714285714285714,0.09375
titFHpNE6ade3j33kvU9VDApEVZFFtYon7IWo6c7qSaC,용인홍성진,4477781921,carry,2057,2,4,9,17864,5243,8192,11,15,19703,13567,226,28,1,36,0,5,2,0.3055555555555556,0.18181818181818182
4TPNMNzKBUtflrEM1C6E8piGEFAQRKdF60j72E3lHpFF3sjDNeRl0big,얍변해라,4477781921,carry,2057,3,5,7,12277,1596,18263,7,1,17862,9695,144,4,0,155,1,4,2,0.45454545454545453,0.1388888888888889
uswm-dsShRmVg7ddh0Zi43SgmAVQ47dwm5f3jRgir4Vn_PI,브링클리,4426906808,carry,1982,5,3,12,14673,1892,8884,16,8,16837,11886,180,28,8,291,0,10,1,0.4594594594594595,0.15789473684210525
XI6g7gnYDgyQWztDP4Xjxjym6NMNWe0pUDnUc173ODPTB68-IQnEc58q,음메애애애,4426906808,carry,1982,5,6,5,14909,1485,7358,18,11,18141,13055,233,17,0,92,1,10,2,0.5263157894736842,0.16216216216216217
hzAw1nPDIam-l7ipp4fbC38PAIYPwIrvNQpyp77EiYKAAfw,LAWATTACK,4473655788,carry,2366,1,11,13,16077,2299,11964,30,43,28309,10341,160,10,0,846,0,13,2,0.3181818181818182,0.24444444444444444
v8HwcmHpOi72JDhYtYnLC4Y63dZ1gSNo1EPlKwR9yMTi,파란도서관,4473655788,carry,2366,8,3,15,33093,8957,21756,18,13,24233,16310,235,44,4,388,1,10,1,0.5111111111111111,0.06818181818181818
AsrbXyp9C_UnomG90f-O9WFdnBRfW2aPqRtOsy12KQdIvVGDWzaSEXad,오닐의덩크쇼,4527682567,carry,1531,1,4,5,4009,2067,4670,16,1,11126,7999,126,12,4,1,0,7,4,0.46153846153846156,0.3333333333333333
yvOPAJ_lkxOHUZvtP5IjGqknq07S7j6QHevHn2283YIvan3YJHG974Fx,재혁이는 노빠꾸,4527682567,carry,1531,6,3,6,18681,1455,5106,17,38,11053,10227,148,9,0,606,1,9,2,1.0,0.23076923076923078
1jPdL4fRdX5PPzUWEGE2yQb4GAlg2TRKYH0PXk2avqfpK98,realissoman,4318226354,carry,1976,11,6,7,23006,2995,14314,17,1,19439,13725,172,9,0,8,1,11,1,0.6,0.16216216216216217
FSlTZx1ZYZ1eJcY-APTkpByM6GDtzEbw2q60KYH7yrExsGHm7toXvQKM,민구짜앙,4455384739,carry,2353,4,14,14,19510,3916,21902,12,18,27708,12270,166,12,0,164,0,5,5,0.375,0.2641509433962264
lGyKwiRTRSX_y5PRPV46nQSJ_5WKU5qAG9WKb2wMk7Z1,뱃살구리,4240358466,carry,1985,10,5,8,20990,2773,11780,14,0,17976,15286,188,12,0,0,1,6,3,0.5806451612903226,0.25
tiD8keCVJqHz_u53lPQiHCLoKrNllyX39wXNLu7mH3r1XK4,BlueTeddy,4240358466,carry,1985,8,4,5,24688,1700,11670,19,10,14037,15358,254,12,0,129,1,10,4,0.65,0.12903225806451613
I_PoLnPzGEVo3hptTZXk92R9sXM0pCfPLz2njDbkceMM,내여자친구미호,4466457756,carry,1534,9,2,10,28224,1436,8866,16,6,14785,13027,177,8,8,245,1,5,2,0.6551724137931034,0.18181818181818182
H8Neqg-Ewj0Cv3iU0Dkyc2aaBbUrVwtu1Cr00N12LHDosEw,kimj02,4533088871,carry,2959,8,13,8,22256,5171,12452,78,10,32293,15746,151,20,0,208,5,18,6,0.41025641025641024,0.22033898305084745
avDJwDOg5U68NuCcLs2_Q6dOCp_xU7pTG7C7CtoNhdKqtNs,금각사세요,4345474212,carry,1391,0,2,1,8874,907,3143,6,0,8548,6527,142,0,0,0,0,4,0,1.0,0.13333333333333333
hAxVfN7mW54RicXw6dRd1sGhQO3XYJZ6J2PWfGUy6gmo,불꽃원딜,4345474212,carry,1391,1,0,6,9423,1138,3386,9,2,8419,9039,181,8,0,24,0,5,1,0.4666666666666667,0
bPuGHHaMKayrCOA8z3eZ5W9HmMH4HDJCs8NXllJFp9sy,느려짐,4502479641,carry,1847,5,4,2,11188,2595,5833,21,1,13902,10550,151,12,0,15,0,8,3,0.3684210526315789,0.14285714285714285
o_wiJYUEaUJjG7u78xtxWlKLmolBlnR_AgdWFUur5CA-,갓끼범,4502479641,carry,1847,5,2,10,25024,2313,8129,13,9,12277,11965,213,0,0,195,0,6,3,0.5357142857142857,0.10526315789473684
5pXtweaRpp0FypEuIwOamFcFphGT6HPgaEPWIR0f5WM,Tristan11,4544302737,carry,1740,5,5,2,14420,2065,5765,11,8,15853,10052,150,4,0,211,2,8,0,0.35,0.14705882352941177
L5-NefWo_5_7QBE-KPS9jamPBmINo1JKYsMCnGY9ACY,십월십구일,4173048917,carry,2024,7,6,6,14221,2776,11346,20,4,20461,11978,186,8,0,36,3,8,3,0.38235294117647056,0.18181818181818182
mGvGehoF4D-wOGoxQOYbD1Bd_xcg2igtpt4aBHKVZC5AwA0,ping 했잖아,4173048917,carry,2024,4,8,12,20084,1106,10693,19,5,26124,11140,170,16,4,76,0,11,6,0.48484848484848486,0.23529411764705882
WIyP3NyisEfuAoISci6GedYEVWgnkkLien338Xn4p1UK,미시시시시시피피,4524208856,carry,1780,3,9,8,18575,3385,9042,10,8,20245,10347,150,12,0,156,0,6,0,0.3142857142857143,0.28125
miAjBMOTuEEroRhLoIrElIRcRdDuygSJ1SLQIbA4E7tN5zw,레즈옹,4274538095,carry,1441,5,1,10,11835,1407,3649,8,25,8365,8732,94,0,0,500,2,4,2,0.5172413793103449,0.14285714285714285
k7utnzDojY7qRWrL4UlbqzV7x9L-2b2wtKiXpNs__wcamLw,자이언 창립,4274538095,carry,1441,0,4,1,4358,1014,4172,8,0,11688,5640,113,4,0,0,0,2,2,0.14285714285714285,0.13333333333333333
-t2G0pn8hOUlKIwwTLACq6JPVoGRbxQaAJ7iEOyeMzkw,acemic,4368430038,carry,2506,6,10,15,31662,4462,16105,36,34,29012,14451,204,21,1,116,1,15,0,0.525,0.24390243902439024
SldXG77cdBK7E29w6P9vd3k13D9tiEzYwPEjPyxdN0vE,유클리스,4368430038,carry,2506,20,6,9,63596,5846,38137,23,48,28257,19708,222,11,0,294,0,11,3,0.7073170731707317,0.15
qd3TstxPYQ5lDTi8B1udb9uz5r2Leg7m2Q7WsHjRi3o,아수라시내발발타,4488579481,carry,1989,2,6,12,14499,3634,7916,41,29,17219,11739,171,28,0,113,6,16,8,0.6086956521739131,0.3157894736842105
L_AIaE7W-GQLKh5ZgzXWt9NvuAJoNpiJDy6XzWXw5DQf,휘도짱3,4488579481,carry,1989,8,3,4,17489,4967,10554,26,1,18547,15062,286,29,0,55,0,9,8,0.631578947368421,0.13043478260869565
sIbQoZPFOXiNvVmmJrKjn5LEbWny0Z5dIg3lFHu8LBchMRQ,수라a1a,4404797069,carry,1525,5,3,2,9264,2111,6528,9,8,15031,8731,115,26,4,90,0,2,1,0.2916666666666667,0.1875
uPkOt-tAhynpyNjoj4Q2RnoxBYrV39H8jWsESHivR2DUG14,라이프트렙,4404797069,carry,1525,4,4,2,13522,164,8169,8,2,13304,8995,149,0,0,44,1,3,2,0.375,0.16666666666666666
bYufdtPUWdEL5KGEKYNhLC7ZFnt1GQbRvi2-rswpJ4Mv,깝치다가나요,4215682877,carry,1218,2,2,2,5716,1698,3313,9,8,7726,6133,80,10,0,12,1,5,0,0.5714285714285714,0.14285714285714285
_Q6fhYv3Nw0U8KmO-OJSYHcnJoOUz40KO-RjM6uV0l-gLk8,지성2야,4368958453,carry,1910,12,9,18,40772,3698,12253,22,8,22915,15400,200,19,4,107,4,12,4,0.8333333333333334,0.32142857142857145
OHbQzcgiJTrb-E9FJlT1YiKh-dLTSde5k4HSEJx0iO9Kpw4,Crazyman01,4368958453,carry,1910,7,6,7,9943,4483,18978,12,6,18814,13244,139,51,13,89,0,6,1,0.5,0.16666666666666666
3IGmoqiDjD8lWOfglw93P-R2Yz1pQ6haUQv2QXzaXZuc_zvDDnZQ3ijn,젖뮤인디고,4518650381,carry,1407,2,8,6,10590,1109,4276,3,35,13320,6422,118,2,0,501,0,0,1,0.5,0.2222222222222222
WTtKYrXMYuX6lCmoI42cCrWtDzpyv-_JEXt64ngIyllR,무임승차싫은사람,4518650381,carry,1407,8,5,11,15635,1223,4948,21,11,10862,9925,130,12,0,189,2,7,0,0.5277777777777778,0.29411764705882354
VM9bohLDsEMs3auvWJomlKZMrVX-Ccwfx9QIxSyekNl90oE,징 쇼,4404189625,carry,1330,2,7,3,6523,879,5270,18,5,10770,6251,85,8,0,57,2,9,3,0.3125,0.25925925925925924
BY0dNVtiUCk-wQJVdhv41ik3QLZON4KVBoJjRgYKXSf2,때링다1,4530569793,carry,1865,11,7,13,27035,4557,9598,8,46,23418,13711,189,0,0,637,0,4,0,0.5853658536585366,0.30434782608695654
LvSX6zbwbdtwBXdPNpwtYmmGZg6cxzrGRjd6DPVQc9u5,이응사,4530569793,carry,1865,4,12,8,18631,4635,14766,14,21,26216,11811,199,8,0,181,2,9,2,0.5217391304347826,0.2926829268292683
Dri-xWI0npD2TKORkj2I2tD4MC_8tDtXpkWO0V26TCZHvBs,도경아 또 캐리니,4544257458,carry,2317,4,4,6,20150,1577,7182,13,17,18564,13437,239,19,4,90,0,8,1,0.35714285714285715,0.2
xt-n2Y92DiEDc8wCmSTKLNw1OAK_4Yo5EEaHFuCWyHAreV0,구월동따게,4544257458,carry,2317,2,4,0,13202,4402,8796,27,0,20006,12827,248,8,0,11,6,16,4,0.1,0.14285714285714285
NZsj4CmJBaE52Urc9bDbLePLolRx9WV1TQaL4fnFYl2s,열다섯살 도훈,4523008250,carry,1579,2,5,3,6286,1856,4371,8,21,11039,7383,125,2,0,310,0,4,1,0.35714285714285715,0.19230769230769232
AlOisTrDVQNK6JjZLBfBxtkCzwmFSd5RWmSd739BuWbU,사나이도경호,4523008250,carry,1579,9,1,6,12515,2263,6947,24,7,11461,12745,209,24,12,65,1,8,0,0.5769230769230769,0.07142857142857142
KV7ZIGHg6bbHsvtcQpGIvl9mZ5lZ8h69YBZv9ZGQbsPeb0na7vXgtXif,JYP연습생2,4546108359,carry,2569,5,5,18,24096,2329,11905,40,8,16338,12652,133,9,0,154,4,13,2,0.6764705882352942,0.13513513513513514
XrXmHtzDU-7Iza-u7nEo_X1jiaraQF7Vqzyz2-neYxIM9fU,슈퍼짱가,4546108359,carry,2569,5,7,14,21578,4259,8554,28,19,22477,13825,145,48,0,92,0,8,9,0.5135135135135135,0.2
CLOLEVDf4PdQXQa-LAooKvlJlF-wz1kSO5gZaL5QHKpAsHk,아주잘던져요,4241806454,carry,1769,3,9,7,16157,2280,12596,17,2,22920,9426,166,0,0,77,2,9,3,0.47619047619047616,0.23076923076923078
EuDl1GSyN07qKDyTiKPHiQKdVR_W1m7od2-CDelRktko,mm1203,4241806454,carry,1769,4,6,10,13255,1911,11243,17,21,14820,12026,182,20,8,243,1,8,0,0.358974358974359,0.2857142857142857
Eh7Gcs3tH_XPm6Uh7bl7lDkFfDSscrYfjMXtBDT0lec-Hx0,마이스킨,4289171752,carry,1961,11,7,4,20454,5828,11018,16,12,22575,15310,183,20,0,79,0,7,7,0.6521739130434783,0.1891891891891892
VUY7pkWmjHxMf5VPQLdyUuAf-ki5SkwAffpZXYE8pMvF,뜨거운녹차,4289171752,carry,1961,14,5,18,42648,4695,9281,29,14,20345,18234,240,16,1,284,1,11,3,0.8648648648648649,0.2
J3axVkvbj8oTkSlX3zT75_T_pnTyqk871tXJ_ibzmK61fyVZTXfBdSmL,곰탕끓여먹는사람,4546116532,carry,1275,11,5,5,18581,1722,7691,10,3,14950,11254,157,12,5,51,2,8,0,0.45714285714285713,0.4166666666666667
sv1IvD6VIdwE6PJ5hyvWcRVVDib9XBOmXBr28pSfyJcc,코리아포스트,4488937922,carry,2029,1,13,3,3705,2829,8852,17,8,22672,8092,62,10,0,235,1,9,2,0.08888888888888889,0.26
ttAhcjPyR773UYqdR2e0lso35e-2UbVsrLwNBK6_XinILHI,청담베이글,4548032596,carry,2711,8,8,10,31803,5618,23976,26,10,34737,15270,231,5,0,276,2,18,4,0.43902439024390244,0.21052631578947367
BLARIdfOwVJdFn75-65jBABigvwLh_7rL3S948lrgYDjtHmVp41h-Jgq,oMackage,4492837531,carry,2622,5,6,6,22366,1941,10489,26,10,17146,13076,184,10,0,625,1,18,1,0.25,0.16216216216216217
qrnzCAAxX9XiynFcbUcFIGYu_uO4lY0IWwRRwefu5aIwU1Q,SamsungforGALAXY,4477484510,carry,1521,2,3,7,13634,688,5818,14,10,11722,7395,113,0,0,125,0,7,1,0.42857142857142855,0.10714285714285714
EYRftOT0xJn4FvYCIsolCyVyCAOlBqPE6leaLGHFRT-S,한국산일당백,4431360677,carry,1462,10,5,4,23545,2843,5322,11,45,16286,11219,153,0,0,641,0,6,1,0.7368421052631579,0.1724137931034483
in6ncc4Fa4h9PodMXs1H27yTpzyyI-20ceDFfv2E0Vf8P0U,Anatta World,4431360677,carry,1462,3,5,9,8978,1501,4871,10,14,9133,7514,122,0,0,239,0,7,0,0.42857142857142855,0.2631578947368421
acMIKbwyjJoJXhvpGRRGNIycwXE-wRbrkJhHgEQsLfNErfM,kjh0606,4536464219,carry,1263,2,3,0,5473,1240,3489,11,2,8264,5729,89,4,0,18,2,6,2,0.3333333333333333,0.1875
4scPpmXswZcL-J6FAs4nXG2Dm40pw-mZ6rHGPk3D1jUm6LVN3y86Oe5L,핑와안사면박음,4536464219,carry,1263,2,1,5,6233,2714,4453,8,24,8862,7419,118,8,4,94,1,4,1,0.4375,0.16666666666666666
l-xxddQlq1uz31Vfuo4awSb48PPE9Neow6h3jEI6sTfpdwg,너같은 소환사,4490422453,carry,1866,2,5,11,12011,3120,8010,14,1,18850,9768,136,8,1,38,0,8,1,0.5,0.15625
HE6VewpBQocxl_OVYJxc0wLVAG7rg2h7OKkrriowDZWksnM,mingrinjai,4446233502,carry,2246,9,8,6,34831,2875,25402,20,11,21674,18351,238,40,11,105,1,12,4,0.4411764705882353,0.22857142857142856
gApHzteoZX3NpekZ2aaUhphqa7UifqHu1TOdXbiWoz0Vgxk,제동력기,4307514604,carry,1249,7,2,3,12109,3140,5657,9,1,11320,11755,193,12,12,25,0,7,0,0.43478260869565216,0.2
e4euC_XIa5dBvc2oQBUefKkSDB2_pH8N19WKjIz5fIrnF_4,잉글리쉬쉽독,4110023303,carry,2044,3,6,16,12363,2131,4029,25,12,14907,11791,134,12,0,42,2,12,3,0.48717948717948717,0.20689655172413793
W6FQFT5eIrLftiVOJ9TsVsaedQ3JyvRAskmNxjQmKRDMBzA,ZILARMA,4110023303,carry,2044,6,13,8,22970,2308,16761,26,19,25493,11365,144,22,0,221,2,12,0,0.4827586206896552,0.3333333333333333
MZEmfH0nDznTDowEg3HRrhomEhS4AJ8c8Cbqgdqt8Xxxci0,개짖는소리무시,4535900081,carry,1332,14,3,14,18565,4747,3800,10,24,10930,13489,137,8,4,124,0,5,0,0.6086956521739131,0.23076923076923078
dgUG3VjlrRo3ViYqsHzxd0mRjOTc8PcfxnWXHuAcVmNEIJw,수원대장 김두팔,4535900081,carry,1332,2,10,4,11519,1590,5866,16,0,16723,6056,92,0,0,0,0,7,3,0.46153846153846156,0.21739130434782608
pST0HvxMVSIGbhQjKUSNsoXXLYcTEpvBAkD539ikveWX8ys,오지마라제발,4522887476,carry,2252,12,2,10,26186,1308,24087,22,11,15031,20245,317,74,25,185,0,11,1,0.46808510638297873,0.06666666666666667
l4QqjJrgQT5bHIQGNo6tl3tYsIDwoaLQlmOKkrU-xRJh,MoToKo26,4522887476,carry,2252,4,4,13,18612,5247,7105,25,43,20524,12330,187,0,0,723,0,10,0,0.5666666666666667,0.0851063829787234
OQIpgl8Bn-NLwrTHlrPKfJdOjW5GdsaL8gdHhmBGPu1jwLc,JeJu 라인,4240702558,carry,2629,2,9,4,20720,945,12819,45,0,23902,15805,283,12,5,0,1,12,7,0.17142857142857143,0.20454545454545456
uTM8RPYPwEeFVNkz2qXxNLA_VAEbT8-vUdR-OwI3qTAs,장독데,4240702558,carry,2629,9,9,14,28653,6823,13526,38,44,40413,17645,314,12,0,1220,2,17,4,0.5227272727272727,0.2571428571428571
ysvjJWvGi9mX6SKAJ0fcBTWCAdhV8sqCKl9WvRAzoGqy3dA,Twins Digit,4445837611,carry,1452,2,10,5,19609,1176,7072,10,9,16165,7005,107,0,0,81,0,7,0,0.4666666666666667,0.2777777777777778
BtitH__1CK119LvXrMOjpaAHbT4WQ_NF4eDOP1vICuaN,블루내가먹고싶어,4501930326,carry,2030,5,10,23,24101,2804,10604,33,58,21991,12984,136,20,0,830,1,11,2,0.5957446808510638,0.2564102564102564
AsUpf6R9Gj1unuX2rul2gzW0CzaVngundvGWwKqb8RMx,DybaIa,4501930326,carry,2030,9,10,12,21297,3331,15405,29,18,22048,12758,114,55,0,231,2,9,1,0.5384615384615384,0.2127659574468085
lYy2NuNoh598of9oG1ZiaVQhEev04v5hIRpBWLyPheOMvVM,유지니랑,4449381570,carry,1330,5,3,2,11329,1571,3677,15,4,10638,7218,99,0,0,25,3,9,2,0.6363636363636364,0.10714285714285714
vehR_v05NpviDcE_VeYwCKNoI3YIfJ4CEIKBQslmkzRg8rVTKMJII9dK,암걸리는행동금지,4449381570,carry,1330,3,4,5,7968,1634,4537,14,7,11544,7008,103,4,0,212,0,7,3,0.2857142857142857,0.3333333333333333
iG0igYyE9OOgBoa87ATTzrobT--ewM3wnPaW8j-p7vB785c,장총 만월,4427150132,carry,1993,6,11,3,24558,3828,15748,28,6,31856,11587,180,16,0,74,3,13,1,0.47368421052631576,0.25
LfxqDjY30YjtJV7Z-vPhyfucAhgE1MsfIcKA9pe-LKMZqkQ,YYG,4383786880,carry,2190,7,2,10,27070,4902,8408,33,26,16419,14512,219,27,4,117,5,10,2,0.5,0.07692307692307693
6v3Us-4dm5G8byIraxhMSWKEvJl2b5D9p2VAAuniIzdQ6sOyR1lSO6-r,TFTMobile Come,4383786880,carry,2190,10,6,3,33781,3458,10030,25,50,19759,16258,252,8,0,958,0,9,6,0.5,0.17647058823529413
xEvNk9u0WM_ipEQGJYyHwCamNMeiTCdRv0RAm_Rju5niBAbIbuwQvXau,100000000001,4499171142,carry,1953,9,6,2,18153,1184,11824,17,1,24875,14616,237,16,0,62,0,6,6,0.3333333333333333,0.1935483870967742
Zb95hyQc6posOyF4TAbLoU7EKFBCennoxW7JudoncnIX,mcwonmi,4339308511,carry,1506,2,7,6,8679,1987,6129,4,0,14275,7457,117,0,0,0,0,3,0,0.34782608695652173,0.19444444444444445
U3TPsXyZxB2v6z3GcKDCVtkNqF_rdC-TtKhlnVSZTKkx,꼬야야전설,4339308511,carry,1506,7,4,9,19485,4210,7293,7,5,14503,12680,191,17,5,78,0,5,1,0.4444444444444444,0.17391304347826086
bO8WGmBlFIYCuJapu_rlzjk49ExldDOmbCeavThV1T5O,분노의월요일,4293002270,carry,1365,13,0,4,23504,430,3817,12,7,9005,11294,139,4,0,74,4,6,0,0.53125,0
3PjWW7xzHCrM-47V9UnGufBMFOSRqqCgpDlFHDhjDlcC7m_eSJWFlssJ,자라나는대나무,4293002270,carry,1365,2,6,1,4474,1040,5026,8,0,10542,6925,138,0,0,0,0,6,0,0.1875,0.1875
XSvmYlAToEo9GXad6_eVcyr8nlRIIJPUzF-0iudI1kuC,사우닐보안관,4255412726,carry,2082,10,6,8,21869,3374,6354,23,15,15437,14632,200,16,0,70,0,7,8,0.5,0.17142857142857143
RgeXNI8NXBRDtQNCZzPXj_fs3hkYnRtALew35BAerRAp,은근매움,4545514362,carry,1391,5,6,1,12418,1552,6999,17,33,15023,8397,138,0,0,656,0,6,2,0.5,0.2222222222222222
FMDNz2gf457coTqjvjmXeFmSoARa_0jxCOXbRjHp7sws,고구마멍멍이,4545514362,carry,1391,5,6,9,20536,2209,5059,8,20,12495,10222,139,5,1,43,0,5,0,0.5185185185185185,0.5
QX1Mv7qd_S6XPwy7Mo6df3P4RQZZoNAtYqKgTZKJN_36B8Y,YOURMOTHERFUXKER,4342940639,carry,1884,12,5,10,33853,8156,16722,18,17,26264,15597,227,4,0,187,1,7,3,0.7857142857142857,0.15151515151515152
7kFLwm7F6XgknRZv1-xW90XiDnucI0nFj97SVjhUvxHurntgopR1JvNG,플레전까지안바꿈,4342940639,carry,1884,5,4,6,15945,2885,6805,15,5,11950,11364,140,8,2,56,0,4,2,0.3333333333333333,0.13793103448275862
JGTWZIJ-simxozArkFXKFS2M_n7N3keaf2SLKs8K1zxM6FQ,ttyler,4083245462,carry,1215,7,1,8,10905,1015,4346,12,4,7845,9060,142,8,0,66,2,7,1,0.5769230769230769,0.1
gRQTdlaMalxsRO7gulgkueyxWVQpdqeE3hv9NvyRC7oQ5ii913jtxoxv,AHRIANAKA,4532218252,carry,1369,5,1,10,14644,1380,3493,15,33,8096,9393,130,24,0,586,0,6,3,0.5357142857142857,0.058823529411764705
yjgRpYltyr0KvCuaQMubtqBHmeace3sa4yS9AhXbjoIYsug,신아몬임,4546961572,carry,1714,1,9,8,7315,1155,8370,16,8,20024,7897,117,16,0,47,0,9,1,0.5,0.225
VTGfL9Wc8ffUDuva-mM9YhOkoQOdCEpMhWV1yPwJnmZvCaQ,Fatal eXeCUTors,4546961572,carry,1714,9,4,5,24880,3628,9112,8,1,15892,12850,194,8,0,17,0,5,0,0.35,0.2222222222222222
vnGmd11Bf64ZbR5-8F-ehYv0AeEhzQQTIB-soW2p2tsCYh0,나는살려주라,4536792424,carry,1603,4,3,10,13934,2126,8093,10,1,13344,10414,173,12,0,23,1,7,3,0.45161290322580644,0.13043478260869565
cibIzpW1IO56G5W6MO3AJD-S0QpcroSCItmiMkiF-exYZ7o,BOOM6,4459098566,carry,1324,4,2,8,9852,358,3613,9,4,6583,8667,111,4,0,59,0,5,1,0.34285714285714286,0.11764705882352941
eROh7lzs-e4yVlmOA7S44ddydvAScHNsX_5PS2W195jFYbtsKS3MTtKb,슈퍼핵,4459098566,carry,1324,5,8,3,12427,2762,7139,7,6,16733,8944,130,4,0,97,0,4,1,0.47058823529411764,0.22857142857142856
_TS4MXMHpWhJgq1uY_NLqQ085ZweIr3juFXINskiXbm2,9배시시,4536016575,carry,2180,19,4,12,38922,3109,18763,36,7,23287,16795,199,12,4,134,3,15,3,0.6595744680851063,0.16
c8j5Gsw2sg9p28CTN-4_paLL9iXVzWkF10MI93GPp3Hc,jemjem2,4272798763,carry,1774,2,6,12,15258,6792,19062,32,13,25726,10219,153,12,4,352,3,11,2,0.34146341463414637,0.3157894736842105
80CaYFVV2Qrymq_aheaCr4XodBA-Vg6CtSuLHwhlO2z4-Zc,스윗한컴맹쓰,4197771515,carry,2452,13,4,4,50959,3834,22548,17,19,25987,20624,339,36,4,274,0,8,3,0.5483870967741935,0.09090909090909091
9vFA63e2J0zwTO4hqE9hH1eMpmpOZ9lJ-pUGfnZfhr1dC6hxnLKe4aoL,도루왕,4523348989,carry,2162,13,11,15,28302,4367,21710,35,54,32581,15494,200,23,7,996,0,8,6,0.5185185185185185,0.275
FTECVhfloEt_OHnPoci-k9y8clUETUiY8KtfhZXr-Xyi,졸렬한 찬멘,4465443669,carry,1291,15,3,8,18976,1165,3692,19,44,8320,12569,146,8,4,642,3,8,1,0.696969696969697,0.2
t50uRVFo04NOWGqSDsLyTKdrobJJ3_pj6xr9YpIjykwoYm0,BTS lovely,4465443669,carry,1291,2,6,7,10568,1105,6161,1,5,13490,7422,154,0,0,25,0,1,0,0.6,0.18181818181818182
O1JeIrl0IeDPbRGW88xKjneIRdP9HHmHZyN4YLl3mAQ8n_8,혼 남,4524232646,carry,1397,9,5,1,13699,2922,7377,14,4,14345,10163,151,0,0,179,2,9,1,0.6666666666666666,0.125
L4dwD0MDOfTS7p58yOR4I-szq5enuWZy5f3g2Bxg8RLk,realadking,4354654945,carry,1389,7,0,7,11048,2217,3198,24,15,6545,9128,128,4,0,68,4,11,2,0.5,0
FBJoUO7qe8-GxN1CE7OLKMVJele46ZiKvOxSwbMaK8K7lu0mTdiLxOKg,이즈보다잘난사람,4354654945,carry,1389,3,4,6,10063,1172,4565,7,13,13141,9305,160,7,0,46,0,4,2,0.75,0.13793103448275862
b-GxadQRmYD8-UbyLo2bvipcWp_Uc6Rpzd0Q-C3CCLcGU8hxLSA4h_Or,또뭐가맘에안들어,4523597629,carry,1871,10,8,2,33096,6113,9153,16,58,23794,13900,188,12,4,212,0,8,3,0.8,0.24242424242424243
-3lWzxT-zGcmvji4ZbKZgon3jepVwdxQ_QeDdjHO9yC8MOo,비비승기,4411789138,carry,1642,5,8,10,14804,2828,8915,25,31,18513,9484,107,12,0,69,3,12,2,0.6521739130434783,0.24242424242424243
JdVXae0K78drnmeksVCOaQm9Yi03UkX6-BREbTFZm0O-_kge386YN51r,RIKJJ,4411789138,carry,1642,14,3,11,29682,3375,7261,14,5,17568,12858,165,17,0,60,0,8,0,0.7575757575757576,0.13043478260869565
