account_id,summoner_name,match_id,position,playtime,kills,deaths,assists,totalDamageDealtToChampions,totalHeal,damageSelfMitigated,visionScore,timeCCingOthers,totalDamageTaken,goldEarned,totalMinionsKilled,neutralMinionsKilled,neutralMinionsKilledEnemyJungle,totalTimeCrowdControlDealt,visionWardsBoughtInGame,wardsPlaced,wardsKilled,killsRatio,deathsRatio
VYhnt3IeHP7hsF61EOKMXG98Axl4SNK2w4oEKSGgjPvPZ48UolDFDjKH,아서라서,4521410205,mid,1478,4,3,7,9517,2073,5515,35,29,11513,9416,187,3,0,250,3,12,3,0.44,0.21428571428571427
NPwHxPYj6izsmOF5DbGfhdJoOMNPmQowBToZ2-Xo6P1JOFM,bokC,4521410205,mid,1478,2,4,5,14811,449,5649,17,22,13401,8495,187,4,0,189,5,10,2,0.5384615384615384,0.16
5U7wKuHM0nucxGp51h8kEHC5f71xN-ScBkQ7mb5tTovIAo3Jyw1PxbTL,과제하러 갑니다,4547678483,mid,1344,5,8,2,13817,2777,12548,12,5,19626,8101,128,0,0,31,0,7,1,0.5,0.2962962962962963
IVKGVJLU2fqxanzVv49wtstPlZHmO9xGz9VHy8PerSn57mk,박경삼,4547678483,mid,1344,17,3,3,23425,774,3583,17,19,11587,14440,177,33,3,105,0,7,3,0.7407407407407407,0.21428571428571427
nDxUdfjFV1HhK-Q0Tr6S1h0USv6D1DO3OTBcOwLWDEYHfF4,눌린감자돌이,4548259241,mid,1259,6,4,4,12665,541,3804,9,4,9619,10483,160,4,0,92,0,6,0,0.38461538461538464,0.4
jrJ7iqhrRafo_CGzi_EAUFma61w9Ngn27JttDGJLO6jlE0nJtrnTXK4l,릴리아 짱고수,4548259241,mid,1259,7,8,0,10702,1994,8695,4,3,16619,7371,85,0,0,35,0,3,0,0.7,0.2962962962962963
TIser-g2H0MVrahNwcc2b7o07zQTt4EgPQA7OE55pyUV,쾌남 지석원,4431170068,mid,1657,0,9,4,10253,4037,12314,12,14,24331,6217,102,0,0,250,2,9,1,0.21052631578947367,0.25
N3TdBK6hOZW8EwDwwjz5MNQVoMYq-sfeLvGn2dJJiCwd,운쓰빠끄,4533974386,mid,1484,6,6,4,19996,770,6073,21,23,12615,8659,126,4,0,173,3,10,0,0.43478260869565216,0.16666666666666666
7sKMJeRSsgIgyiX7AHBllLN7dpnr-PSM7dNXwnyz2sPN,IIIIlIlIIlIlIl,4486677014,mid,1238,5,0,6,12698,3954,4833,10,16,10465,8168,133,18,10,338,4,6,1,0.3235294117647059,0
yBuHnXL_wDqvLiqxph_vVHrvvsIuDMz7NbplbL1sPoBi9g4,치킨은넘나맛있어,4544831385,mid,1483,4,2,3,12210,3102,4819,23,13,13284,8857,166,8,0,67,2,7,7,0.5,0.08333333333333333
xGBui8W7IDFfR-5BwGktf0UjMQrZ4Pi0JsOR9325WxVqtqs,중년 여성,4544831385,mid,1483,3,3,3,9950,658,4763,23,9,13163,6994,104,4,0,144,5,11,4,0.2608695652173913,0.21428571428571427
vIC9f5OE2CesSPGTq5iYxy_0zR12vLGRJpp9CIOFr77Eifo,버스태움가즈아,4543029205,mid,1751,11,2,9,20597,6276,13381,11,19,20026,11497,111,8,0,157,0,5,1,0.46511627906976744,0.1
Ke68SLS0uMNN_oQaLejm7S3uJaARTmAmHDgMe2FY8zv24Yg,정숙하자,4543029205,mid,1751,2,9,8,10909,594,32785,14,55,29015,9204,133,0,0,536,0,6,3,0.5,0.20930232558139536
MU4hKo7JbMNeHTl2az6DE0nvixeYKJps0MjXBwDR4cMtt5Q,월루희생계정,4547570606,mid,1738,1,4,6,22491,1399,26037,16,9,20569,12038,267,24,0,44,4,9,2,0.4375,0.16666666666666666
UUrWwCy08QB7OHd_35j4grXjEh5jxZZcRYvL8csccYBc,작고 매운 고추,4532284425,mid,2098,10,5,9,35274,9268,33994,15,3,33590,15334,180,32,4,22,2,3,3,0.475,0.19230769230769232
WrwhlQtrtiWP5UPlR0k-fxfYm0yr3XHAsKVM5sRKapjE,오 알 조,4532284425,mid,2098,8,6,4,20405,10253,22216,35,4,33127,12116,132,46,4,88,1,8,4,0.46153846153846156,0.15
0lId3r43DP-8yQINy_9hTbvoTB6Kqb6CT-G-1Ue9MXXyRsg,Jacki Wai,4494491935,mid,1920,10,9,9,34588,1189,24989,16,92,27906,14150,148,4,0,730,3,7,1,0.5757575757575758,0.15789473684210525
CGzYw9STReeKZJeqgEmrgLbR9R4LLL783UoJi8jbtkU,우으쓰,4547129343,mid,1721,5,2,6,12597,1754,16383,26,6,11623,10325,198,4,0,56,3,10,3,0.55,0.06060606060606061
CVzGZ7jMFW0bp2KTJ0-4a58ZW3bytHsEhUWq7eCoytgL,vernilIIIlier,4495640972,mid,2092,12,5,14,30935,21817,45013,14,31,37605,16493,167,12,8,166,3,7,4,0.5777777777777777,0.13513513513513514
_7Mj4VFjLBLfTfl-vNEsY6vtXdOfk4Kw39qxDVhCPnROV-UaJOxhxVRU,aaxxdd,4543605683,mid,2650,14,10,5,50661,17195,66163,30,57,47310,26821,376,78,36,336,3,8,7,0.48717948717948717,0.17543859649122806
8lM2wDxXQK3iWlGsNPRibAnuOA5XqWPTOP5JB79CyGlf, No9ry 헬퍼,4543605683,mid,2650,5,8,15,25083,5912,26089,28,44,33913,15038,236,22,2,335,4,11,1,0.3508771929824561,0.20512820512820512
vNGgg1ClkVd9nFU2PZqL7sgi2XFcAQlke1giuLbAD-gfcUs,JustLlkeTnetKR,4537225591,mid,1898,20,5,7,37924,6483,14277,25,3,23300,16555,189,1,1,24,2,5,5,0.6,0.15151515151515152
TA27hNI1F7gygDbmDd6k7b5D0okbZaqUqoaYpCic-6Xh,Acra,4537225591,mid,1898,3,6,9,12790,5397,13445,20,35,25029,10824,162,5,0,125,3,12,3,0.36363636363636365,0.13333333333333333
MZ6TK6olFgAZYrdHV4sBF_37ePIdSnrELreClJLbI-1d-gA,h0n1ya,4548676716,mid,1421,2,6,2,9159,1512,14807,8,16,16310,7994,159,1,0,104,2,6,0,0.2857142857142857,0.15
uww6S2w5n0nf1l-N8EtAj3rk-Iay_P4I3M_KtbKxP_5S,군대미룰까,4548676716,mid,1421,2,3,13,11224,1805,6123,18,23,10548,8218,136,8,0,137,2,8,2,0.375,0.21428571428571427
cTKqjpzgHkw_9jn7XbSeeo6lnGDTpWBijcFUlRHOU82tSy8,광기 그 자체,4523003865,mid,1237,3,5,2,12145,3045,4645,9,12,15025,7380,109,23,13,133,3,4,0,0.20833333333333334,0.625
WDKONuf4LsaMbqcagElTvkRW7rbWE_DJtTP8PQ_G7dXMV1ZtlOAT_b3D,01077777524,4493570967,mid,1476,1,2,3,8318,5243,9553,12,12,13130,9704,215,11,4,112,2,8,0,0.18181818181818182,0.15384615384615385
95bqe15WsojcF64feMZrtX9edBMGndL8sca2ie9wIHH6,Volente Deoz,4493570967,mid,1476,3,4,2,11938,4921,6819,21,24,16152,8626,177,4,0,209,3,10,0,0.38461538461538464,0.18181818181818182
UwooGkVBgsfjFEFxrldjvxkRXk6E35TjiwILZv-susW9t6w,지 롤,4451582175,mid,1743,6,7,6,15419,977,27528,13,9,21408,10356,143,12,0,41,2,9,1,0.5714285714285714,0.1794871794871795
n5jhSt6pYPnBIzviVVoFIRB7PYkP7eiIZuzhnqzUMOMb,주환아 롤하지마,4451582175,mid,1743,7,5,9,21107,3072,21611,28,23,22895,12673,185,12,0,176,4,10,3,0.41025641025641024,0.23809523809523808
Q1XzIHLQHwr9cjMTVRTCWAWt2gKiN0ybygFN9sF12STa41ZYkMgBSCLN,소름이돋네,4548693834,mid,2282,13,8,7,37613,13416,48595,19,67,52263,18201,241,8,8,823,1,3,6,0.5405405405405406,0.22857142857142856
cN8Rw2Itqo858u73FFiU6AJxNfZ2RU7slTT_DeyEG1-duVA,liIliIliIliIlj,4548693834,mid,2282,7,10,10,24837,2716,18764,13,5,25991,12896,191,4,0,75,1,9,1,0.4857142857142857,0.2702702702702703
4u-PJWcnhEXqCIqhhbWFi7D2z2U2hT4wYSNsowb8J2l9EOE,횹이는 캐리머신,4546176432,mid,2758,16,10,10,55567,18209,29813,42,30,54468,18467,184,36,0,56,3,17,7,0.5416666666666666,0.20408163265306123
x3x9K5LG2DGQVvAwr2rlxgmlaAUdVeDJ_4x_ima64-Xn8a3zS3UqP34I,버림받는게두려워요,4546176432,mid,2758,9,12,9,37007,13190,22857,31,14,46945,15368,189,0,0,236,2,17,3,0.3673469387755102,0.25
XTBM-MFeFo3PNDzrIazaPSHZ5GtA9cKuwloO5RaLh02468rkvMS_1i2i,롤하기싫다싫어,4541186812,mid,2172,5,7,13,26789,2271,12554,20,10,20308,13588,169,20,4,99,2,11,3,0.5294117647058824,0.25
feTBpdtl8HN-67da0eQgPUXWS5VEuRaB-xRdPAq1tK_Cc3g,귀여운게취향이야,4541186812,mid,2172,6,8,4,20845,10127,18670,26,4,32938,10907,180,0,0,64,1,12,7,0.35714285714285715,0.23529411764705882
Fq2OLyyvFGMgpVY3eYQI3UgWT9DDXHa0J6WCMGyHus1Q278,미니언먹는세진,4536462927,mid,1682,8,8,5,21416,5104,25961,16,32,23791,12703,177,39,27,146,0,8,2,0.29545454545454547,0.2857142857142857
Z_WgAB-gT-_2Ikq-1XXnKb7aC-VlAUcyzeusBKTs5l0B,오케모케,4536462927,mid,1682,12,7,3,17115,7690,18501,15,34,22522,13404,176,0,0,493,0,9,3,0.5357142857142857,0.1590909090909091
5TSYbvsTZZA0FzzVslYfB5b4AXnIOnj8xKA-eqvY2fzuiQA,DWG Peanut,4534165936,mid,2288,9,12,10,30130,12677,34376,27,62,52243,14509,213,4,0,424,1,14,2,0.5277777777777778,0.24
7bDIIgEL0zUmRu66wIn02P890QxvMXhhvRxJJX_EWDrhLC_kVQCQcYFu,twindie,4543118386,mid,2169,7,2,1,25622,2719,8002,15,16,15469,15461,249,27,0,239,4,11,1,0.38095238095238093,0.06896551724137931
Za3eZcFzjZNxC7uw3qqrsE8cPq3fw7lz2SfGfEL3nkEB1002zFb3RRW9,개수웅,4543118386,mid,2169,11,2,5,21696,7725,11154,49,6,24553,13629,188,13,1,43,4,8,13,0.5517241379310345,0.09090909090909091
1lRkJFvdFnC9wGxwpeAUKVMlcxeDDHymCIumoX8PcVZS8Pe5uF_Nl_O7,29443,4548071792,mid,1828,6,6,15,17848,10692,20953,22,28,27760,11395,175,4,4,377,2,10,1,0.6,0.23076923076923078
TOmfkSqeBshHf_m6jeCB-LAMTJX8FSi-N117ca8IALv7cts,강한코알라,4526181542,mid,1898,3,6,9,20576,4830,6036,22,15,21632,9798,145,0,0,15,1,10,2,0.48,0.15
MBMBRULcRhjVd5sNSdAWapycWHPcJapMSK8U5HBO6xthaMlWBajOnpwR,킹 솔 근,4526181542,mid,1898,18,5,6,40520,9731,27662,17,3,34890,16747,208,0,0,45,8,9,1,0.6,0.2
mkQ2VSKrNiH4UQOOIPSXA0DCZIWlMQ-0Ggr6XXCJ39vLtzg,롤체장인할래,4545885677,mid,1963,7,6,10,27685,8915,16877,17,27,32802,12541,160,20,0,137,1,5,2,0.68,0.2222222222222222
UCNRCNUT6B7lgFLjRtQ9EiWNdJ0r-LITw6WusKZUAURA,정섹윤 ,4536693786,mid,1693,6,6,2,19258,1161,10410,29,2,20662,11453,202,16,2,27,2,10,2,0.25,0.4
Au7wCl3v1jkXH12bUYtLfeh0Ff3Y185IwXdowZdktMAVDb4,새소환사닉네임,4478623271,mid,1752,12,3,11,26903,7820,17575,15,16,23376,14484,180,32,1,56,4,13,2,0.575,0.125
88YnB65gtZDgLlSQR0dyX8tYILaE9IIWu6t32DoYg2TKjLvj-qWFZ_yU,77GameMM3,4470159944,mid,1289,11,6,4,19349,1565,10398,6,14,20364,11640,112,28,4,171,0,2,1,0.5172413793103449,0.3157894736842105
3uHkZfK-qg-Pn9w_fzerdn_c_ngnDPIABnOYORQRYVBGQfk,NewMainTop,4382495875,mid,1495,1,4,4,14658,90,3448,27,11,10087,6757,141,0,0,111,3,11,1,0.45454545454545453,0.14814814814814814
I5IrX8Umz_jObSF5LZ5td4VlMmrJCTLXXDDVQ02wcgwDlh05FsNs9Wbw,K0TAK0,4547890155,mid,1237,7,2,9,14155,755,6817,17,6,14244,8601,100,12,4,109,2,8,1,0.8,0.15384615384615385
K3aWDKGZKGNgoNRqZy3EIeh1_QMXJw4ro-aaDXpi7jXpnj4,새까만 닭,4547890155,mid,1237,3,6,0,6947,1240,5861,15,1,12780,5702,91,0,0,11,4,7,1,0.23076923076923078,0.3
qB9L259tX9Ixpi9PL2k-2Ipx8IxVtkG3B1dtEflibrIr,benchpreeeess,4548722421,mid,1232,2,9,4,10344,3137,12688,11,13,21485,6591,101,0,0,31,2,7,0,0.5,0.32142857142857145
hzSUYQCSFolvM0TL_sUHG3lbW8EvEnkl6M5ynU03f9D_,샤랄라튤라,4485379430,mid,2047,9,8,8,20231,13338,31063,31,1,39721,13896,177,0,0,31,2,11,2,0.34,0.2857142857142857
v0NFXG2KCj9M4Ao5wxq4kuZPRXNjxkSA52NEnFPk1Lv8,버자디,4548716706,mid,2173,9,7,10,31624,6106,19474,32,23,32463,12267,160,2,0,99,0,9,11,0.5,0.28
WBZstTVp7cytiXz_O8TP6dNA7jmbWh5rP3X3PJZzBUVsWbU,A쓰bal,4548716706,mid,2173,4,13,3,20115,3210,15544,25,7,30497,10634,162,11,0,131,4,11,2,0.28,0.34210526315789475
pPdJcpTv-HVnA9eDFoIybPLbUO1aO6LBwXHx8tZkm9nz2cw,hyundn,4546311668,mid,2022,7,9,11,27642,3812,14180,20,34,22621,13852,172,24,0,248,3,5,5,0.6206896551724138,0.36
AA50x5bEjwcit2rAtwJrCs8RZkmk0VulczbUJYX5F9bjP_qsOIFSytRE,19990716,4400745556,mid,2040,5,8,5,21421,4069,9460,16,51,23254,9107,115,4,0,207,2,7,3,0.47619047619047616,0.22857142857142856
7WZjXPQYhbOLC0bFvaobrm_Kb87R7EeaEmvbWl5Qv7w4aYyt52fx8XXp,홍시 팬티도둑,4400745556,mid,2040,8,5,3,13198,5414,11914,33,13,28275,12095,142,4,0,83,2,11,4,0.3142857142857143,0.23809523809523808
3lvRscru813he056lu7MCAnCNUGO1XfaCNL8hvmv9_WT4iQ,오른야스오,4547233592,mid,1274,2,2,4,8277,1814,8437,16,15,8383,7697,120,13,5,112,1,7,3,0.375,0.13333333333333333
v0rnixAAz11gS_QAFlBTVzCbyn00v1IuFOF4ZOCSqBTT3Is,Alletun,4520782284,mid,2111,5,4,7,16520,6219,8673,31,6,23879,10910,165,8,0,13,6,8,9,0.5714285714285714,0.16
0wY6Qsx6Aln69jhnsivSXFr_l-xwJ2Sdpw76DsOm32Z9v9Q,너거들의성님,4520782284,mid,2111,7,2,8,26740,631,8849,32,53,9703,14833,200,45,10,534,3,15,4,0.6,0.09523809523809523
ZvJ6LMbr0nU_LODxxkoMjJH_zuQ5XkKSVIOJ-Uc-004Cmng,killer nain,4545681702,mid,2141,0,8,11,14905,8062,16248,17,24,27542,11655,209,8,0,57,0,10,0,0.25,0.13559322033898305
HIy7PK0lwq0Kk8Qbk-4IEa-18PWr0iig7j6h1V2Rg0m6RiwlzdWBxuBs,showy 솔로킬,4545681702,mid,2141,13,10,10,35452,7368,28573,17,12,36429,13947,148,4,4,61,0,11,0,0.39655172413793105,0.22727272727272727
lG128rd4aLlaOnwJVl_1oK3_W8LQGvuMnfcmQ10S3NUFm_o,Mensch원딜,4459662434,mid,2391,6,10,15,31983,12179,62213,16,35,31481,15642,221,36,1,183,0,8,2,0.4883720930232558,0.22727272727272727
IBU0tKF5y_IizMqiAR3cdoJbyAHRsNvZ03Srw8eZB7lrg2BaaWtvUpVf,우0미,4528952288,mid,1776,10,9,8,28608,2303,13076,26,8,23773,12104,169,4,0,118,5,9,5,0.6428571428571429,0.23684210526315788
gi5_f7HvLbtp3Qtp7bDnwCWcKp9DCJ9HCqElcswX86-wPyU,까만별하얀밤,4528952288,mid,1776,7,5,11,12811,5399,16060,30,23,19961,13868,176,4,0,130,7,10,2,0.47368421052631576,0.17857142857142858
U7WM4YNIHu0bnzHxzzAUdGxD0sxpn3BO_X_-xFnW28kkSRxAj6OyRYT3,폐관수련중인,4547769419,mid,1643,9,7,6,16199,1383,6482,22,16,16508,10428,132,10,0,98,3,5,3,0.38461538461538464,0.28
IopGVqbg2MtDD3BWZio3rlxdtkt19dmyKFD1mhFM38dStg4v0YFIlGBJ,live the moon,4547769419,mid,1643,10,9,8,30143,5760,17700,13,34,30376,11807,113,4,0,298,2,10,0,0.72,0.23076923076923078
BjQ7y07G1n5MyKVGEej8bqvKMi6KzUs51BKfKJZcvhyw-JKu_kCJrolI,다이아가되고픈남자,4548729533,mid,1626,6,4,3,15216,2805,6411,18,23,14792,10612,192,1,0,142,3,10,2,0.47368421052631576,0.14814814814814814
YBtvSYE0G7HCGU7UecxYfbZzoc2qGQutUNL4SqGuENG9T0M,한국산인간,4546786284,mid,2435,17,6,18,47753,13388,28336,29,21,38269,18040,191,20,4,64,1,15,3,0.7777777777777778,0.20689655172413793
8qvLHZ2Lw4qlxHPHGQ5AzyXA_JfgXN4puAiFrgs0WDGqs8ystcHD3X3k,구룡포일짱 짜리,4546786284,mid,2435,9,12,10,41171,2333,12903,17,28,28119,14985,171,0,0,70,3,6,5,0.6551724137931034,0.26666666666666666
KnrNHDK-gRDFJ0AtkJLn8jQ5fJu9FQJQVfbY4U4HBdgVgzs,서생기돌이,4528567234,mid,1320,6,0,6,11811,14719,5063,15,1,13405,9047,159,10,1,57,3,8,0,0.42857142857142855,0
4vs0S1uWkAcCDhRdwUrNk7AELw-WXhLO5pOxDuxMzScxDIs,샹 권 ,4528567234,mid,1320,0,4,2,13187,698,10133,19,4,13581,6570,149,0,0,49,3,10,1,0.18181818181818182,0.14285714285714285
83S_e7UQbrj535GFQYt_Nhj-vDajOd8CAzgCKIM6-K_zjGzttKds0c4U,실버고시텔,4544585425,mid,1811,6,3,3,15694,8327,13353,21,19,22666,10573,146,20,4,342,3,12,0,0.24324324324324326,0.17647058823529413
x9KmosOM8RJGKdsc6fFXGe73UBljlB-iNTIoFthrXMk,퇴물숭숭,4548057370,mid,1267,2,6,13,11248,3807,5392,16,18,12618,7373,106,0,0,167,1,6,0,0.5357142857142857,0.375
IPRvoWUm1L3hHna13kJDz0Ntw-_KnWHadVXLQTWvL8Mj,1김치워리어1,4546843207,mid,1867,2,8,4,18522,5234,15058,19,34,28711,10024,196,12,0,490,3,8,2,0.42857142857142855,0.17391304347826086
1RAdfA-ZLtQMeprlPut5sU8LAITn1SCGserejlWZ2iOL,캐리머신하수바리,4548487231,mid,1952,12,13,12,26939,8958,17808,16,3,35884,13398,143,1,1,29,1,8,2,0.5714285714285714,0.28888888888888886
OphpCppSxWL9wTNidRWjWQCtL9HmCEnkg1KGjrRUBkX-,청담노동자,4548487231,mid,1952,13,11,15,29718,545,12365,22,47,19576,15514,159,12,0,389,1,12,3,0.6222222222222222,0.2619047619047619
tcaZn3QMI-3mHF3JNP84RHOUVgwgUdmg0nMFId_fH5Lw-uw,롤창인생1,4546865520,mid,1514,5,9,3,10624,4383,11513,10,45,23408,8408,130,1,0,503,0,7,2,0.5333333333333333,0.3333333333333333
eW0LpdvMTMOFRJJAn4DSoxeDijX5JdUIAL7T2qEWERg6Iuju0CIPIj1M,Sober,4546865520,mid,1514,7,2,3,27115,10045,8062,23,27,16597,12937,221,41,5,72,4,7,5,0.37037037037037035,0.13333333333333333
hJfltyuQtF4PmwfYEn8yguU0uqJLCIfby99MZQ3Jkoqn,꿈속에왕자지,4499767910,mid,1740,7,4,7,22275,8055,22712,21,14,28400,13610,221,11,5,125,0,6,7,0.4375,0.18181818181818182
0yCN8JIMl8rB-IoO7O3-vGPLJQjV41ctFMn_bbzoW6WVh3xZmaYOd6CT,꽃든남자,4499767910,mid,1740,5,7,4,16452,3034,17069,21,35,20984,11655,167,7,4,214,3,12,1,0.4090909090909091,0.21875
fbjr5iYxug3rr-4B3ErKpTRqMAbQe8cCVxvVxGuLAqlb,기무고니,4532750428,mid,1662,2,7,4,10729,409,9293,25,22,18270,8240,169,0,0,85,1,8,8,0.42857142857142855,0.20588235294117646
FvvWwVghe8B5XfVAez5i4zC0ZnX0PhjHbZYwdeEXidL1,대바람아들,4532750428,mid,1662,8,3,12,17228,1685,12830,20,33,12177,10329,105,8,0,339,3,10,0,0.5882352941176471,0.21428571428571427
n-pYFPP5F-pb2U1eTsva7M2FwQOptTCgSTq5hQb2_0HeOUk,피시방붙박이,4521040474,mid,2089,6,7,12,31322,3176,31552,34,12,25468,13428,204,24,4,55,5,10,6,0.6,0.21212121212121213
2yJRJNWJ9P-j5zfJStcVVad-EwHGyXhewao8FupImaQnFdg,인천의 자랑,4521040474,mid,2089,8,11,10,29902,14689,15757,18,44,33800,14787,201,61,3,591,1,11,2,0.5454545454545454,0.36666666666666664
H46l5hTulE8eMxbx5bwt2-Dw9DYwyxTiW0Bq0ys4tTE5JPw,속담용,4548543745,mid,1627,6,7,7,20173,296,6744,22,23,17708,9234,142,0,0,207,5,10,5,0.52,0.22580645161290322
G8Pfpji1FlSdgke03woSWYRfTHNjWaNiNtONG5B-AqrK9Yo,팀운겜뒤지노,4548707940,mid,2023,1,6,10,16526,3454,10552,19,15,21981,9487,159,19,0,240,0,10,3,0.36666666666666664,0.20689655172413793
N_0QjuYmBiO63XiX8jP25x--OKRUnjDDgn-PTo86MopQoc0,농 월,4543353568,mid,1325,4,1,1,5173,712,5579,10,2,8861,7212,125,0,0,27,0,5,1,0.7142857142857143,0.06666666666666667
p8WJLSKm_jh1ZTlMp_4fHyYc9YQMlptOY8cpX9MzCBKH,함몰이,4543353568,mid,1325,4,0,3,11716,1416,9226,6,1,7309,7879,146,0,0,47,0,5,0,0.4666666666666667,0
nu8ts5sDbD14nUiondxxWAOXWG4xVfmapfb0QujwvPo,죽으면숨참기,4523491342,mid,2365,1,9,12,18137,6599,42182,28,36,36410,12345,210,16,0,127,3,6,8,0.5652173913043478,0.21951219512195122
XDPNmFvSAidd08D5brXtUPzfwFn_gf_h3-U2zSIQOHrjP7m2i3di6V6e,꾸웃짱,4523491342,mid,2365,9,5,12,24643,1632,10979,38,8,16997,14854,202,9,0,119,8,11,8,0.525,0.21739130434782608
RL2CzWfM4jOUw0TyWrwXfp7d8iSZBHOJuZqtY5MHWeVz,404 606 808,4532769566,mid,2850,4,7,13,36282,10721,33922,31,1,40249,19060,308,47,4,293,0,16,3,0.4722222222222222,0.175
gGNY7q_jywDdQf3aHWBhjkd23pauDlPP04S1Yw7YggK0QLg,달 흠,4538964425,mid,1579,20,9,11,41217,13283,35081,4,7,34421,15530,148,4,4,51,0,2,0,0.6739130434782609,0.19148936170212766
fWIW188xTEGKpHvLPYzG_CqrEuvq0Q9OAyswvCOa9TiV,즐겜유저10,4538964425,mid,1579,6,11,9,17118,2995,6335,23,20,21215,9295,124,8,0,225,2,8,1,0.32608695652173914,0.2391304347826087
CEZBh2OOb70ShmNcJllxEtZEFZ9xOcV_3lmlwqKlfLuw,이웃집섹시녀,4261160341,mid,1832,7,7,4,11306,3016,12821,18,106,21633,9599,125,11,0,220,2,11,3,0.4074074074074074,0.23333333333333334
3vfh-tOwGUhhqpmeh6D5jIHx7r9wdrwDsLS1w1mRBJp9,보자긔,4261160341,mid,1832,14,4,3,26139,3471,25342,37,18,19215,18580,280,39,24,179,3,13,1,0.5666666666666667,0.14814814814814814
2JBdvkfgCFZL-UoK_cXRjGSE_GPyYhBkzVuwbPcnwmAs,정복자모데카이저,4347007244,mid,1633,1,7,4,14407,3886,22974,8,17,25897,7472,129,0,0,197,0,6,0,0.2777777777777778,0.22580645161290322
56l9XbN663xM9OSOuqzQIUFIDPx5BJl5lGywFfJxfdeAzpM,아라비안 공주,4347007244,mid,1633,11,2,13,29815,7305,6876,26,37,15488,13779,190,20,0,199,4,11,0,0.7741935483870968,0.1111111111111111
agb3pZY4Q76tYIgbJ8VCMqDspzS8RnV4neLpv1ZUG1TZoHE,도 랏 노,4544892032,mid,1464,11,2,1,19228,5197,14790,16,17,17284,14250,226,28,8,188,1,8,1,0.41379310344827586,0.14285714285714285
jCMZe3LoJMWKGz-xxKlAef-QeV4Pjb_m-Mr9DkGap7nh,이힝이이에,4547224917,mid,1522,8,2,7,23547,0,12994,23,18,8937,13833,224,14,10,298,1,8,1,0.46875,0.08
2KN24OVAqw1D1Zo9xoXyNwA7ADf57MywkQ1JgrFh_Z6_,하늘갈매기,4547224917,mid,1522,4,9,3,9080,902,11963,20,17,20070,8160,136,4,0,160,4,12,0,0.28,0.2727272727272727
hiqocJa1PV6uxWSv1vEoA1eUBUDLeLB9Vk6HwZMuw9678D4,스 옥,4542166564,mid,1563,9,4,2,11845,3313,5829,16,5,15005,10957,148,4,0,17,1,5,3,0.4782608695652174,0.13333333333333333
a86Ct0p7jXF_9NXuqfxzqA2uxDlthM-UPse-wwU11G_m,카드캡터폭스트롯,4542166564,mid,1563,5,5,7,13741,4191,5693,33,27,15316,9779,126,7,3,115,6,12,5,0.4,0.21739130434782608
khMXrcxNmJqUMtSArp7Jn910mzqgS-JH0ZJ7qxvv-53qtWw,jiashiyuan,4546041015,mid,1824,7,4,16,20579,3548,10311,28,160,18198,14825,211,16,8,330,2,5,4,0.5348837209302325,0.125
EhWLNnMU6g8nCQZ0WGtvkuDefcDcLNtg0wTSQ7ItSE_ItDQ,Hot한브랜드,4546041015,mid,1824,7,11,4,13929,2787,24726,20,18,23207,11990,190,44,0,230,2,11,0,0.34375,0.25
hdmkOWXwbORRvQE-e_Tqx-Zq-VGyGgh9-WaXhxmnnVfj,탈주닌자교촌,4543238774,mid,1832,7,8,5,15488,6847,13619,21,19,26595,9750,102,6,2,343,3,8,2,0.6,0.20512820512820512
TP3tFGN4ec_EKMnuWHBn6yK_tN_doTK2tMsBZF9Qkryt0vo,zi존시웅,4543238774,mid,1832,13,6,13,22084,1480,9162,11,29,18405,12563,146,24,4,262,0,7,0,0.6666666666666666,0.2857142857142857
5xOpxZFW6KXUl0u9bkHhDahz8sQENDmXE1oZSne5ndWN,qweq,4532209373,mid,1256,2,2,1,8829,663,4294,14,3,9443,6748,156,0,0,96,3,13,2,0.6,0.11764705882352941
IEmjb5tVoZNrDvi9lTjKRn3vfR7tO6ZvDKIFqGXnSSFM_Kc,히 냐,4544883254,mid,1465,8,1,6,12496,7101,7229,19,2,13831,10135,129,0,0,42,2,10,1,0.45161290322580644,0.07692307692307693
BnQcQYcbDc2apcSJN1H5_WUsoy6YXaac_jvBTI5_A5Ek7K3XA1DyK6WP,NAmaster488324,4544883254,mid,1465,1,7,1,7894,2397,6383,15,18,16504,8623,197,32,0,41,1,8,2,0.15384615384615385,0.22580645161290322
AqQvBBls7ekQp6ZF-sCDlHJHlkbB2669Ji9XmeuBPZMK7cU,이히히하핫,4547760894,mid,1988,11,5,16,34356,14907,33406,20,38,39754,17878,219,8,0,76,2,9,4,0.7941176470588235,0.12195121951219512
EPkv9IIKB3qPsT6BaV6NkUDbtue4zU0NBIxu3-N--1Yof20gzC047TTu,대게쥬앗,4547760894,mid,1988,3,5,3,10649,3319,16402,11,7,20040,8898,138,4,0,128,0,6,0,0.14634146341463414,0.14285714285714285
DqM-irczHkTYPzDCgBxiepjP_Lszr1BK3_-Wn1z7qYAQzdQ,나 원도연 아니다,4548564242,mid,1224,2,7,2,5913,1498,5898,8,13,16418,6712,123,4,0,88,3,5,1,0.5,0.3684210526315789
Sn4xWDf7-BXHk0bHMU3wQszdRgNjdkBebraXhjOeqXYTvVDUowWpMiio,보이는순간킬각,4547764261,mid,1476,8,7,8,16759,4848,8082,9,19,20157,9340,108,4,4,22,2,4,1,0.4444444444444444,0.2916666666666667
Bu7xxW11FJJw3kAfD-cRJkRWduWXm_-nrx4Pl2fH6qsFR99OYNJC-jl4,01041439770,4547764261,mid,1476,5,12,6,14754,464,10885,23,22,25901,8388,101,0,0,47,3,8,3,0.4583333333333333,0.3333333333333333
FCs4izv7vX5OMorik6ZmwonMvRNVU_o1wQNTruWcCUFp,soloslba,4527904535,mid,1558,7,3,2,17589,4231,5746,39,17,14164,11633,175,24,0,218,5,13,7,0.45,0.2
pGQOuXk1TTLoP8kVQXAjh2dsJ4a-4MSBs_Om9nQ7jqCtrrk,May 4th,4546409087,mid,2032,5,7,4,20415,10176,28010,30,4,34972,13439,238,20,0,205,6,13,5,0.4090909090909091,0.35
DdPwOdbpTggVDOXCkl6aq_KbmfebvbRxfaNHlvrxMtjhNEE,한신 윤성,4538601302,mid,2259,4,6,5,18958,7937,20285,36,26,28570,13977,254,0,0,92,4,16,6,0.3,0.14634146341463414
ddMTe7YSjvxI4V84D_dKqc5ltd90q2QKIKZOFLH4wfpVvuMlKdTF4_XM,onoff mlobom,4538601302,mid,2259,6,4,24,28093,3883,50610,31,54,28459,13682,176,10,0,147,5,11,7,0.7317073170731707,0.13333333333333333
4rWjLh-GPCE68_EmIuIx5qYpQEgSsWvRn4cBPufPAivH,tezka,4547809144,mid,1759,13,7,5,31897,12090,26942,21,5,30877,12658,163,12,0,54,4,11,3,0.6666666666666666,0.21875
qD1oGfHzQhvlewDBYNRm5hhv6EqYcioooA8sswGP-vJx,MADE EDAM,4547809144,mid,1759,5,5,12,14128,1536,23289,19,25,25724,10639,150,4,4,179,5,12,0,0.53125,0.18518518518518517
HqGN_BeQMEd2E8TNUGA3SGI_ZZtkoGVqwnu9b_khg0DhmsE,k피즈,4506063278,mid,2078,2,12,3,14072,5853,14339,34,21,32982,11537,217,16,0,72,3,12,6,0.2777777777777778,0.27906976744186046
6WB7crZy-KkbG9g2PgIrl2R8EAdHxzBCroW5pIvA0YKtIcg,분홍꽃송이,4506063278,mid,2078,19,3,9,42957,7694,33542,37,220,32211,19836,240,45,8,505,1,14,8,0.6511627906976745,0.16666666666666666
r4rdP-p03HSd4g_JUQwcFu3g_l8f3n9_vxTM2i9aFN6v,TS Spt Arbiter,4539155211,mid,2102,8,5,8,20813,4746,16833,21,22,21351,12921,168,20,4,165,2,3,3,0.48484848484848486,0.23809523809523808
5FGX7XPyN_ZwLypmLKucUIjZr-idluv9-3Y6OUN3NiZoKxQ,부처클라쭈,4378924554,mid,1897,22,8,5,49313,10941,24895,13,14,35732,19546,178,17,8,151,2,5,4,0.7105263157894737,0.18181818181818182
Z-D8uet4frrQ07wL_atNqd8ibfseUZ8YJaMEOq50AkZUBvA,헬리오시티 학식,4379240392,mid,1798,4,7,8,17757,6334,12206,24,4,22919,10098,182,0,0,49,3,9,3,0.5714285714285714,0.18421052631578946
eW7jwAzpnMupRFjyJ1tgF88FFRktRVTBqIuoBdTNBbLF,나도짱짱짱,4379240392,mid,1798,8,4,16,24829,12739,22143,15,25,29036,12052,142,31,11,298,2,8,3,0.631578947368421,0.18181818181818182
JSV5fP7ewkBPALpUUQHAqABLCiE5Bk6KxxjSCEvEPSCXTXU,트롤왕 심사단장,4469902330,mid,2217,6,9,7,30224,1570,21121,19,18,27677,12340,183,11,0,201,2,6,4,0.6190476190476191,0.23684210526315788
mV0CEMe2qcaYsrPwKak85ZgIjGeYCossgwdgtTPr49m-h6o,Agent Coup,4469902330,mid,2217,18,5,12,31073,23299,53749,26,34,45695,16640,150,13,7,208,3,5,8,0.7894736842105263,0.23809523809523808
j76f6vg3JqJAz2PzKFd-9yHxHCuiClFLERg86RtYIcro,내몸에서나가항심,4505364970,mid,2048,7,3,11,26077,6951,9464,31,30,19464,15526,200,39,11,105,0,11,6,0.4090909090909091,0.08823529411764706
kPXXLWyK5L_aW1YyubxuVru3MKOQkjshkBubgHRXlnr64rA,오버워치하,4505364970,mid,2048,15,11,9,41207,9246,24551,14,21,41532,16136,164,22,0,134,3,4,0,0.7058823529411765,0.25
ReawhEDfFN9tk-KyY9iMbQVo6cfpT7mvFScK3GPj_QFWySnMqejy4NCf,태풍24,4436418883,mid,1709,8,3,9,18511,9251,11850,25,3,22971,11327,160,14,10,89,4,10,2,0.37777777777777777,0.14285714285714285
J7WU7fnYIGef5TYhPGw8fFxSYsPgxJQwXwfnYthDs4RCevinEh7cy-G6,Master 0 LP,4536852830,mid,1892,3,9,4,14947,4079,15609,5,18,23346,11368,235,8,0,60,0,6,0,0.3181818181818182,0.3
4uowTi3qXhIdmBAOEGiXKB8iZIF_J9Y5XBlNhIX6vzXyFjM,lIllIIIIlIIIll,4536852830,mid,1892,8,2,9,16168,6266,8357,18,16,14805,13475,186,24,4,51,3,6,2,0.5666666666666667,0.09090909090909091
M5Q-w6lNh06IZlzgpkm53CzmbXXCQ63XaecxXjn4v3vlRb8s3azn5BS7,Nasty PIot,4545757285,mid,1643,5,7,2,17111,3575,18681,10,27,18080,10929,209,4,2,123,0,4,2,0.6363636363636364,0.2916666666666667
x8DwPk0vqgIEWPqGYvx6ETFMkgHAyjfJJIM3ESeG3ADeBrs,기완몽,4540853936,mid,2284,6,6,7,29885,47566,33690,18,4,49553,15043,246,31,5,172,0,11,5,0.37142857142857144,0.17647058823529413
K6DPl8bLFyesDMD0NmliUJ9-KhuV2AcHtgg2LZm0u6nR91Q,혜니 드래곤,4522368186,mid,2171,11,8,1,30947,4996,15898,24,16,30305,16028,266,20,8,231,3,3,9,0.41379310344827586,0.25
wCPIhh1o47dJsCLRURBxjV5plu9hMCJDyDUj4IdznLN25tw,제주도 카타,4522368186,mid,2171,9,10,12,28560,15260,21222,21,29,43262,13182,147,8,0,303,4,14,3,0.65625,0.3333333333333333
OPjlm1mcwPtSEPsFIXBK_vUiUzei6fGwn3m_ZXyJ6ihi-vA,우 마 신 ,4537766289,mid,1598,15,3,7,19848,1012,37920,32,19,31066,14055,161,19,11,894,3,12,3,0.5,0.2
8kiaJOt_omkIMxvByC3BI2RwvDYvIeWN76qNYGuZ-KoBaSMsRxZggo0Z,Gave me coke,4548725896,mid,1634,22,4,4,50649,29171,15190,12,5,32926,16118,191,0,0,74,0,8,0,0.5909090909090909,0.12121212121212122
AS3-pqqAynkfj2J0_1ATk0YD1SMYPIrpMDWf2s7DaFTvKNA,jang인soo,4538987157,mid,1939,3,5,4,17135,2551,10493,13,23,19452,10100,174,0,0,124,1,11,2,0.4117647058823529,0.14285714285714285
zLvyPb-jrApdHYAqxRNTtRJU5yZNzIk79eyxp3Gjpd1o7CbZ5muZCy9g,APlaceWithNoName,4538987157,mid,1939,22,2,4,32078,2601,8893,37,6,13941,17770,200,20,16,115,3,13,6,0.7428571428571429,0.11764705882352941
Iioh2kWBiwAenweZALtHluzHZ_F2k9QnnI7V1nRJWfIh,양휘리,4547492046,mid,2104,5,7,5,21369,15940,33958,14,25,36666,12553,156,56,8,358,1,4,1,0.4,0.175
iwMPsuLlhxid0Ck27UlePsnWD4ptasr7fFQQuMMkNnc,동경손녀,4548707753,mid,1257,4,0,4,6064,4230,4809,7,3,9500,8406,159,4,0,69,1,4,1,0.42105263157894735,0
iVwE23BO0P0_f9uaXk1APNY0-UZ05XqN9fWiJqII4FrZ,후배위하는짜세,4548707753,mid,1257,0,2,5,11108,0,2758,21,47,4002,7003,162,0,0,227,4,9,4,0.35714285714285715,0.10526315789473684
YsxL__6ittgVPKXk8dIjkEt1CSntmCFwnSDOMYtO6F3g,떵혀니와쪄여뿌우,4545681025,mid,1447,2,9,9,13115,1818,11753,15,27,18109,7699,94,0,0,164,2,8,2,0.6470588235294118,0.2647058823529412
O01o3lQNiJF4-tHZAiPbFcicLy81QF8qNDwGTKjZjGOqVZE,귀여운은석,4241988345,mid,1639,2,8,8,10753,4006,12148,16,118,25781,7628,123,8,2,246,2,8,3,0.5,0.23529411764705882
O_C2edemAHosD964HYxRPEHmDweWasTKX_8PTItV8Y_zMSo,벌레인거인정,4241988345,mid,1639,12,4,10,28879,2305,12655,15,24,12527,13652,199,21,9,347,6,8,3,0.6470588235294118,0.2
0wYfynyxNkTXKVJAg7yJZYXhv3Wa_R6POj-yrb5D_OFC,즉석라면,4425885330,mid,2024,6,7,10,31706,32354,17151,24,4,38475,14434,260,8,8,96,1,11,4,0.5714285714285714,0.175
uy4I9peSkiZXCHVwqfxYXVDlio4GleZD8IHEoFlJEHIcDZ4,Pandatv 1492342,4548734283,mid,2043,1,5,12,21017,3881,12227,17,38,22115,10655,219,0,0,273,1,11,1,0.5652173913043478,0.13513513513513514
ORfun6N4mmq1HHT2-Qr2RkXBsPGVQXDXCLhrRlUU9SaAhLq31_u0R3Ay,abcd1020,4548734283,mid,2043,6,6,8,18421,8334,13897,26,3,26024,11952,186,0,0,84,2,11,4,0.3783783783783784,0.2608695652173913
U1l8aelAyqKfzF2x4q0sfQOrFXRAyFq7pehwjTFWolUhZFxUV7vM4D0D,대 왕 주 먹 밥,4513509138,mid,1563,10,6,8,27448,4437,23616,17,11,18708,12490,161,20,8,50,5,6,3,0.47368421052631576,0.3157894736842105
n2Bp27B3obzmRcW8Uy4ed70sjXy7mAPD3kheCMYs2abs,Redapple Candy,4492356079,mid,2088,11,5,8,26243,4425,18447,26,23,18625,15791,188,44,13,148,2,8,1,0.5,0.20833333333333334
1Uz2d4N2Ig0J9ebzsAF0RqyM7A6oHzgCrfwuebn01_bP,쎄 끈,4492356079,mid,2088,8,8,9,19089,3758,28113,18,28,29575,11891,129,26,0,208,2,7,2,0.7083333333333334,0.21052631578947367
pbVXZE7Zjonz1ezlzoC2sAK3BVmfbnliQJXtrzXN_dqsR6s,Quan Shi Zhen,4494109600,mid,1403,2,3,0,7778,3971,8498,8,1,15319,7763,185,4,0,68,2,4,0,0.25,0.11538461538461539
qZfezjYqxzwoybewtMFp2mWyvDmFAbMc4nBRCRR5n1x6reTRmAe-ttBN,유아교육과여신,4494109600,mid,1403,4,4,9,14684,6279,9723,18,14,15544,10219,160,36,12,81,1,7,1,0.5,0.4444444444444444
QvpOAz0EnJ9rvHD7RSqdxeQkayoonQTuC4xE0WZH1UDJ,정명이형받들게요,4545107751,mid,1311,12,3,4,23472,6569,14925,21,8,18174,11459,158,4,0,51,3,9,2,0.5925925925925926,0.25
gGmn6irQktPnzu3xv_ogQMrxcQptIOT78n1ydDPjFe6qqh4,세상을 속여라,4545107751,mid,1311,5,8,5,13376,5846,10844,10,20,23543,9204,129,4,0,224,2,7,1,0.8333333333333334,0.2962962962962963
pVQc_LXliZ9usr9DN24JQwi-9BjFKWWKCTX6sJnCuM-d,마딱그거쉽지,4544528348,mid,2191,15,0,7,41216,573,3781,35,33,5665,18444,226,24,5,235,3,14,0,0.5238095238095238,0
h2mU5Znn4QLNpUtaaXkRJgTpJvbwErXzy2m1zyupu8ol-Bw,JapaneseBestUser,4544528348,mid,2191,5,8,4,11010,4477,38824,13,27,29135,12877,257,4,0,208,1,6,3,0.28125,0.19047619047619047
Jo3E-QAJlxzmkH2G3yuiPs-Bq6IV55XTIFcw4DpD3CeszZU,극 컨,4540387673,mid,1654,15,3,11,29635,3892,11248,11,10,17470,13075,125,8,8,145,0,5,1,0.7647058823529411,0.23076923076923078
bMK6V1JvODfC33MiwuJ99kqUJEATCznIsLkoPBt7HQghI5A,성병웅,4540387673,mid,1654,5,11,2,20310,3249,40096,25,35,36776,10216,158,4,0,333,2,11,1,0.5384615384615384,0.3235294117647059
9nBdReDkSsBsM73XtHHlU8GEGknsd4DqTCCoFoJC-xvI,쿤쿤쿤쿤쿤쿤쿤,4544828285,mid,2156,13,8,4,33683,13148,22102,11,8,40359,15535,201,4,4,101,1,4,3,0.425,0.22857142857142856
GP844z-JaSlvZyw27CASTlhLaov0A7ua4EUblLJlsvMk,먼저싸기 시전중,4540193268,mid,1754,3,9,4,11741,2824,21049,16,14,22546,12904,233,27,5,192,2,9,1,0.2692307692307692,0.2727272727272727
ocN7SY70ZkPSaOHhBKF-mr2yCdjmzgNjkPUq1ntJSzU61-ORfZWQq9EM,밤하늘의 별구름,4540193268,mid,1754,11,0,8,21017,1411,11131,24,15,14531,15097,201,20,4,198,5,13,1,0.5757575757575758,0
f_HHmDYKjRt58q6a05UOwDlR_-Ohrs2dlmXBPmTrtC3L,역겨운 오빠차이,4500404010,mid,1592,6,4,10,13408,3367,12821,18,13,17232,10332,128,4,0,106,1,9,0,0.6956521739130435,0.14285714285714285
PCR8L2fvK7Gqow_NHAjWpK4YyGusECRHdfOApAcX4l77c2WmyRsT4zhe,Aquse,4500404010,mid,1592,5,4,7,15684,1924,12939,29,21,13148,10293,170,12,4,98,2,10,3,0.42857142857142855,0.17391304347826086
eaw3WsGoQ9S3hEKDXjSXtBHriex7QfAq4kYajjCidvkYHqU,TAKEHERE,4534492969,mid,2108,6,11,11,18817,4676,26399,33,32,29739,12509,170,12,0,109,4,10,7,0.5862068965517241,0.2972972972972973
vtVudnU_1mj8Y6SaeVkaQIwecZ-hn0gNGNgKUeCVcbQWAd-EUQHa44OJ,bestjojo,4534492969,mid,2108,18,4,6,32879,7019,25796,37,20,27514,20074,228,44,0,134,0,14,10,0.6486486486486487,0.13793103448275862
odmT4uRoctxtnDHZYe8aZOrLdpzxD4Zdk1wjGA_rD38DeRw,YSC Viper,4532725725,mid,2067,8,5,3,32820,7488,18887,28,12,24124,18117,264,76,23,229,1,11,6,0.3142857142857143,0.21739130434782608
HCcyLEJuCbMmzkx8BgwtHptOEo7gC5KpD2yOnIHQZNhF,마포구고니,4532725725,mid,2067,5,6,6,23705,2930,11670,28,2,27112,12390,220,10,0,178,5,16,3,0.4782608695652174,0.17142857142857143
ZQKB_r0C46VGeqsL2w8RErmALnz0oIQ7XPNcW9cF1jIOUvxCLSZAlr3V,손주혁,4539009405,mid,1745,10,7,7,24629,6253,7932,45,14,20504,11529,139,12,4,358,5,15,6,0.5,0.3333333333333333
gVhCzAolT0tG8fJAGN6aZdCTAFF8h6JvXzUYOp3Qpg_Gy__kJL0BT6K5,한국산스시,4539009405,mid,1745,9,8,3,16489,10250,16913,17,4,31856,12282,172,14,0,51,2,5,3,0.5714285714285714,0.23529411764705882
tjRYcJPqk3Ufw6BB1uy5u44BBiX6jsxPBsyVPuRSyQsrUb8,쮸발람,4470328519,mid,1558,6,10,4,20438,1694,27084,21,8,25169,10342,123,18,8,53,2,10,2,0.6666666666666666,0.29411764705882354
hhfek8xfAazbdU__eZH0CbfXfskq3daZyvcXT4tNbtEY31U,우참아,4454695190,mid,1788,4,8,4,13187,7901,17182,27,17,33459,9096,120,22,4,260,3,12,4,0.3076923076923077,0.2
gdhOjUiWuoRrG5MdlmTd-sWhZ1delO0YXc0b77NLR3Z938k,라랄룰룰라,4516611148,mid,1253,10,1,4,22771,3267,7138,27,28,14950,9713,134,8,0,39,1,7,6,0.6363636363636364,0.08333333333333333
5OzS6kPj3Qz_SECgR6Xke6cJ-spWoArTNe8NbGLmONDiILQ4nqf70qJQ,자몽검은,4516611148,mid,1253,5,4,0,8666,3517,13268,7,6,18635,7472,110,0,0,9,1,5,0,0.45454545454545453,0.18181818181818182
mnByxThaPrhE6m5OJRUCV8eSwIMS9LqN6mgredDIJTEaW40,김형수123,4543885626,mid,2399,13,5,5,32012,6694,42146,41,17,31571,19817,328,14,0,156,5,10,6,0.6428571428571429,0.18518518518518517
xitSpRZxJ-lo-AOB4M6NOTt7zc74VSFwQMdQdTMI_N35,진짜내탓아님,4543885626,mid,2399,3,8,5,19825,9986,29661,27,20,34653,13196,251,13,0,380,2,13,0,0.2962962962962963,0.2857142857142857
TBro9D6gehfWAc2vLmsT2U1anCGsZX1OPVb9aKwjhv4r,친한파야스오,4472054469,mid,1448,6,5,5,12229,3289,18245,13,15,16906,9553,140,0,0,80,2,7,1,0.6470588235294118,0.16129032258064516
wmZlfOQ6gNA8TLqR9xcKt6QlnhvM9cVCTy_KY5zkcrUY,므랍니까,4541272708,mid,1656,4,4,12,18874,1211,8543,26,56,11424,11793,151,24,4,683,1,10,1,0.5517241379310345,0.18181818181818182
srJHkSCFQT1oDxpVuEKUpfCfkeBIFWoN3OPpCOl6SeMd9q0cbBA216yJ,black jjang gu,4541272708,mid,1656,6,7,7,16894,5968,16077,10,30,33197,10327,151,5,0,1056,0,5,1,0.5909090909090909,0.2413793103448276
E_EkyMxLmFqBroJHlDQ3mLdXgpFujA6R730gtT2FPJxegqg,블루베리맛고래,4547550275,mid,1390,2,5,1,10246,11461,5871,16,2,16858,7222,129,0,0,76,2,9,1,0.75,0.2777777777777778
47wLHWFs4vwczc2D47KLaqmO4tkBqbDYGJ-1fukFf7fWdfg,tkdks822,4547550275,mid,1390,4,2,3,7562,580,14858,20,29,13213,7512,101,14,2,382,2,9,2,0.3888888888888889,0.5
kUm4VTsA6mcuvwu3t-fuByMn7-AyaQeWftyXR02DwPwGRZo,이미넛,4543270686,mid,1584,4,3,11,14194,1733,18271,34,30,14902,8947,129,4,0,96,3,9,7,0.4838709677419355,0.15789473684210525
FxoQM_QxmPw6xmmzoWFZV6oMmrHBa8YD6O8Q9Dd6Lo5CpZ8,Badnes,4543270686,mid,1584,2,7,5,16384,0,7781,12,21,13829,7910,131,4,0,189,0,8,0,0.3684210526315789,0.22580645161290322
_40LI6_ec-q5tfAxPVonRRXOF4BXsY2z9V9z8jgKoH1l,티모겅주,4483377897,mid,2348,10,4,15,31687,5463,56935,44,46,27698,15738,156,54,12,158,6,6,13,0.8620689655172413,0.13333333333333333
2BtEvjKCY0y1kZPxFpnFnokpFK8tZF1EWAXIbMhSDNM4,닉네임을모른다,4531986331,mid,1272,14,3,3,23924,10304,11493,17,21,20126,11884,158,16,8,184,2,8,1,0.5862068965517241,0.2727272727272727
J1IVwQrq_1iphSzSaDC41cnkxr0jpnd3kyio1BjpMfoo,퀸발롬,4531986331,mid,1272,3,6,1,11521,979,7054,9,7,15450,8084,138,0,0,122,1,6,1,0.36363636363636365,0.20689655172413793
dKKVgCR4Ptxu5Oz7waUE9z54tEbKuYUTfWku1TjS8iqJ9Ek,모카는탐탐,4474568967,mid,1824,3,5,3,16031,1219,9805,12,22,15065,11535,191,32,9,315,0,8,0,0.21428571428571427,0.15625
YRojaCgjqT4739YNd3PUDfFhfKLuN0VaVydkWGfCji8TIXI,이            엑,4540556100,mid,1213,2,1,7,4416,762,6381,14,4,6198,7104,125,0,0,18,1,6,1,0.3103448275862069,0.125
DHJFw67JkDljPNLjr-mG2MzI-VO9HzzYlIFV7uTXEgvKmtB6Kxie_XPg,조심플,4540556100,mid,1213,2,2,2,8130,1077,3228,10,12,7656,6333,115,4,0,78,2,7,0,0.5,0.06896551724137931
0xeEqtxmnfCnYzQJsCfn8MX3NO848UKf68oRjEzo0EicIJQ,구원최,4530376204,mid,2197,15,8,9,31022,2362,20674,21,9,28974,16975,179,4,0,142,0,5,5,0.6,0.18604651162790697
JRIu6s5Blr1QtfyPs_wdtE3uLt91umXa6nEwWFxCvRsvnfk,카마도 림즈코,4530376204,mid,2197,8,9,6,26179,10221,42445,28,25,34384,16762,284,14,3,179,2,13,1,0.32558139534883723,0.225
QqJHeD9SJ5T6RuuiyOpMVcyLs-dD0WvqBSXWB1tuv_HMPSHhQMVnoKTP,llllililill,4548075156,mid,1589,6,1,6,8630,2752,5214,14,3,11389,9672,134,8,0,17,1,3,3,0.3157894736842105,0.06666666666666667
Upfns6nBrIikbwQPG2YAWmiCq8Smhc8RbFu-owooNWhkh0g,사림동 김새로이,4548075156,mid,1589,0,8,1,8661,2955,8509,20,3,18240,6891,160,0,0,43,6,8,2,0.06666666666666667,0.20512820512820512
x8DwPk0vqgIEWPqGYvx6ETFMkgHAyjfJJIM3ESeG3ADeBrs,기완몽,4540853936,mid,2284,6,6,7,29885,47566,33690,18,4,49553,15043,246,31,5,172,0,11,5,0.37142857142857144,0.17647058823529413
Zfq6Tm5yFc9ElCBxAbqkPTXSsGGW8PmcDeXFUqodG0e3iKw,두리아빵,4539865224,mid,1397,4,3,8,11453,943,6249,6,18,14340,9006,151,16,8,104,0,7,0,0.375,0.17647058823529413
e7_KheavJw-7VihmykonYvaPUs5Kdtl5gd3qhUma9ssN,직각사각형곶휴,4547972996,mid,1536,13,5,13,30199,5129,10772,14,2,20125,13830,165,8,4,16,0,8,1,0.7027027027027027,0.29411764705882354
W2fpiGzbdIgVki5IoYdvFy4Bvzet4XLKb2o87XpNV__PQqk,십2걸면안함,4547972996,mid,1536,10,8,1,19330,6958,22187,18,19,26332,10901,121,0,0,291,3,7,1,0.6875,0.21621621621621623
AS9Fe80Mfd9bk77NXs1nuYdULGGEYsDhYYW9Vyn4t9D1qq8,왕 자 지 헌,4540879997,mid,1412,17,5,0,27644,7961,17277,17,20,24881,13793,180,23,11,175,5,11,1,0.4857142857142857,0.2631578947368421
1MPoFOyKsXpMf5h0-z-abv-5_eGyOk9Q6Xp7UYCmc6dkZi8,리븐지나가요,4540879997,mid,1412,2,12,5,12273,948,9079,11,4,18298,6259,99,0,0,66,1,7,1,0.3888888888888889,0.34285714285714286
V9Ln7HTFQ5ssyvF7pvFsY50hnL9iqAmMpadzb8ne-_5fwC2pvnjyFzB3,와이 소 시리우스,4507186995,mid,2044,4,9,2,14063,6767,9545,23,23,22628,10147,142,18,0,136,1,11,3,0.3,0.1875
-0m4IUTLTsNxO4jLEMjXQSMc71PlPBLiNmiO5SKArUZxdjg,dpfslsy99,4507186995,mid,2044,3,6,5,8988,17960,8376,9,2,18889,9758,119,4,4,238,0,6,0,0.1702127659574468,0.3
2iYXVyF-53g9cUS803Qf-yb6cNeOmRF210AB-kGRPtrL,낚인듯,4510354017,mid,1451,9,6,2,15132,4254,9875,15,11,19356,10480,135,8,0,60,5,6,1,0.55,0.15789473684210525
dSok9Mr-7AD3sMRe6jxFFiVmdG0v_QLqYmFCVj74bhXo,킴봉박,4510354017,mid,1451,9,5,3,15832,4484,11013,12,15,17483,9350,115,8,0,290,2,5,0,0.3157894736842105,0.25
gMZL7dxDDQfBwW9xsygLxZx3eBnfuV6Lg85nBxf0s4pr,가리봉 박쥐고기,4545931037,mid,1629,4,9,6,16991,3172,15785,39,30,25542,9511,163,19,0,143,4,11,10,0.43478260869565216,0.20930232558139536
pOS6gEmUAcR2xLcT9_0Te4SlGbGYDUvmuSSZQSBGNcFM,맏츔법쫌지끼세요,4545931037,mid,1629,3,7,9,12224,1246,11943,28,15,13828,11103,145,16,8,325,6,12,1,0.27906976744186046,0.30434782608695654
t8LjMaak8mFzBpA_k27OefQv37PdcIr1hBLH3QlHTyGQ,검색하지마시오,4286397787,mid,2051,20,7,6,31105,19103,27619,10,55,47715,17322,182,8,0,433,4,7,3,0.6046511627906976,0.15555555555555556
n_QRrI0PDdcnICBHAlvMpw7K1qu85ObCcc8OkLgvp9Ut3vw,용준이의하루,4286397787,mid,2051,11,10,15,27688,2830,16379,19,186,26759,15188,190,13,1,396,3,8,2,0.5777777777777777,0.23255813953488372
9SryjDTS4r-XwQpbLtlaNcU507w8fLS9M7Dzn5j9Ax8wixtowYkvNPRf,살려주면버리기,4542811330,mid,2486,10,10,14,18002,6003,20074,32,5,31813,14775,141,4,0,165,0,12,7,0.5,0.22727272727272727
L9abrZAXwR9TczXrb7Wh_vpCV_hG29iMnM-EI0N83wj9AnVsyVUg_uaj,미드에 강림,4542811330,mid,2486,17,7,8,32527,2848,21507,46,9,25620,19379,225,28,4,138,5,17,9,0.5813953488372093,0.14583333333333334
eIpp4dxBF_UHimX8zZx_XhlnEcPl4d1QFk1Oe9YrTziG,큐어랜스,4526230791,mid,1883,8,3,14,29142,1726,5560,23,27,9881,11846,121,18,2,208,3,12,2,0.5,0.13043478260869565
5O5ewRxFBne4bAzhS-ySV-pCBwClwhoGRq3O3LJ4biJ6,선규야회현가자,4546045310,mid,1666,7,1,7,17363,11116,12377,10,63,20381,12053,190,20,0,365,0,5,2,0.5384615384615384,0.08333333333333333
Q6kdQ-L4TfCVCa-2VWBhgCtNXtChpDH2kj9_ST_LZi3_,정원주1,4546045310,mid,1666,2,0,1,13606,5580,11575,29,13,18055,8418,165,6,0,286,6,12,3,0.25,0
XRUfDOcXOdNWKRsGe0lSTBlWV2a_HY6xCrCGi79b2zw,빡윤상,4315441647,mid,2099,2,3,12,15929,4007,8316,41,19,15287,11306,187,16,4,259,6,18,5,0.4666666666666667,0.12
IbAxCafeMM_gkQi6CI5ouwkDLAC4soEfcK-GPGtgs_Bk2t0,방종슨이,4547843054,mid,1616,5,3,12,19662,2530,6295,20,20,10696,11217,192,16,0,271,5,8,2,0.5862068965517241,0.1875
7wiJlpEo_jZZlBN6IcsuEHuIpiJzBwL6x4lxHddZ88q1BWI4hgCwwGCk,소프텐,4548689016,mid,1797,8,9,3,19889,3093,11626,5,25,29611,10242,124,0,0,28,1,2,0,0.4074074074074074,0.2
XL9TiuUoaDCNGUrJ6ImD4weyQPrnZ7BcvKBMOB-8U-hJIOqK-169orgL,부엉이0,4543439399,mid,2640,14,9,21,38634,14375,54879,21,52,51809,17403,164,22,4,204,3,9,6,0.7777777777777778,0.17647058823529413
dJmoaX-adXdg-z7hEu0njSi7HIKgMUi9jQgD11cfjOfZRood1aVijNHW,라이트on,4543439399,mid,2640,5,13,22,18078,7155,83162,19,45,48337,13888,152,0,0,696,1,12,5,0.5294117647058824,0.28888888888888886
5zWJxOSg2-bDkN0Nh1E5l5M2UNWmqkTCqdJa6NEjDsUzy7A,Foel,4544096200,mid,1497,2,4,3,11683,3952,6140,13,12,17409,7954,142,0,0,12,2,6,3,0.3333333333333333,0.19047619047619047
pAZDn1nUDCsvK4_CKo9raElU3PT2lIsHdo85ghVdCnivDTeRy2CcexGa,너무19,4544096200,mid,1497,3,4,7,7786,4564,7598,15,9,16735,8109,103,4,0,247,3,7,4,0.47619047619047616,0.26666666666666666
e6VNXMtlJxfrP6vyZhVzgZr-gZBuM8LoOA6CIOp3FFkYnvw,현주선주콜라보,4544399992,mid,1709,7,7,10,23530,1313,12523,15,8,18973,10943,124,8,0,116,1,5,1,0.4722222222222222,0.23333333333333334
nsRPZtEbgIXy7IfFTya0o7cWZoQH0y67T_H_7y80FK_Ia5sa5nj-3Ec0,커서뭐될래,4544399992,mid,1709,2,7,14,13117,597,8456,9,21,15739,8642,140,4,0,330,1,4,2,0.5333333333333333,0.1891891891891892
qcibXUrfOrkX-Wvdi4fRxsArmgIXKWGAyjd7udQ8ECbvxmftlXoI3-oK,정화사냥,4514741241,mid,2372,14,3,16,45668,17582,36514,32,7,38491,18068,209,20,5,205,2,6,10,0.5555555555555556,0.07692307692307693
3Eg-SnIewaePS0YCwLJ2MfCJcxPZtPgldBcmEIQEIgw7Hj02XYMvqBtr,왕자 태현,4514741241,mid,2372,6,12,8,23496,5604,25159,48,38,44227,12989,163,0,0,209,11,25,9,0.358974358974359,0.2222222222222222
f_tEQ9BsoFrby3ZGMlmlsDVIacYOt4M83Ap054_0KxGXbR4,팀운이좋은Id,4547665654,mid,1745,2,4,4,13209,4830,14802,15,18,21482,8093,155,0,0,252,1,10,0,0.3,0.2
tyQCSx4kyf3qQrqlwHM4bQ4gc0XzkadGCHqJCiaLLYGD3hwspw8s6Nnm,바짝긴장해라,4547665654,mid,1745,4,0,5,16307,5329,17235,31,9,14750,13507,240,47,9,115,2,10,8,0.45,0
oWTDoIaUkQ4OF8OigPhDdZUxX7cv3kEb7nGA_te-Xi8EBh4,뒤짝에망치,4548309540,mid,1546,10,6,4,21149,1271,5105,24,30,12533,11442,143,9,1,152,4,13,3,0.42424242424242425,0.24
HyoBo1TVv8Cq6CleJWgaWOPU5i5R_eMhPpwNHdhyxQIf,AD 봉화산,4548309540,mid,1546,5,6,6,12292,3096,7149,22,15,17753,9436,158,5,1,101,4,9,2,0.44,0.18181818181818182
JIzNlq15aDhL0r83AUCwlkM1jqxYJ50LYKgnnywE1ZWqzMOlD9lTBas4,SKT T1 Y0J0NGD0,4548704855,mid,1332,2,3,3,5038,3026,5878,14,8,15172,6881,141,0,0,60,2,7,3,0.45454545454545453,0.16666666666666666
0S8ahOAOWSJKOCJdnFHZvwB_EounR6v-GbJJ8ghXyd4x2w8,19940915,4543901684,mid,1831,3,8,12,14012,2195,35082,33,32,30625,9822,171,8,0,111,4,14,4,0.5357142857142857,0.25806451612903225
YWOL0OJHvJVn5EsN8P23obq-_dXKQYSDIrO0dAN7zbghOl4,l1ght won,4510659740,mid,2047,9,8,5,27432,1514,13930,34,10,20553,14301,198,42,9,134,5,9,11,0.5,0.2857142857142857
ZJccGBr6J6ypT9ct6jD1WrCqUwrFhJnivxvirabenqXK,피딩자판기,4510659740,mid,2047,2,7,6,12184,2815,11556,25,36,24718,11630,179,4,0,223,2,12,5,0.2857142857142857,0.25
V_ZDVsIzBMfcafPv4WzuuBBDFmvlp2Ngc_prk1OeAkAtbn0,김리자,4503326247,mid,2052,6,8,11,21578,5584,7578,21,35,23520,11798,154,12,0,126,3,8,3,0.37777777777777777,0.21621621621621623
lY4nMFZBkERHFttucMBBa5NbDa3jkWXYirbRlED5CzANAglGzu6frRsE,승현이내동생,4503326247,mid,2052,12,10,9,32952,16226,48407,17,23,46212,16474,224,26,0,148,0,11,1,0.5675675675675675,0.21739130434782608
82jgtkbYFrciIoqZHQo-jX-mHGU-1eOfbIbMBtmrc82KuE8,Charlyn,4547850889,mid,1918,1,3,7,14987,706,6342,15,50,8195,7485,128,0,0,533,0,10,2,0.47058823529411764,0.1
ALR8tHVnYhEuMnUf1OsFG4IoSpI75iwPY4LjtVGnipSX,마철륜,4547850889,mid,1918,4,3,9,15888,5869,8843,27,35,20025,10788,137,20,1,185,6,9,11,0.43333333333333335,0.16666666666666666
8BSKeVP_qCxR0Dj-Chobvjk9pUX8bw_6a4l2ho_mUh2BOaQ,입주자,4252746946,mid,1728,7,7,4,20869,4917,19897,9,8,28035,11232,161,19,3,276,1,5,1,0.4074074074074074,0.4117647058823529
ufOuOT1U3Mj6bNjQaTI3gZ4P_VMYoqnkAVzSkclF21tS,슥삭쓱,4252746946,mid,1728,5,3,3,17742,663,6476,19,37,13838,10183,174,5,0,295,3,9,4,0.47058823529411764,0.1111111111111111
GhoyBVU4UuXsw0FQ3ENeRy2QFoGtVE60usTK0ceg69hl0F8,강력수면제ZOE,4420152817,mid,1983,12,7,6,31722,5488,13808,29,37,22719,13108,142,16,0,162,2,11,2,0.4864864864864865,0.1590909090909091
p4r_fEOXJ8bbg9U5SCcH1aaE3jZTvbCS3M09tKsfkmrmJtk,삼타콩,4420152817,mid,1983,5,7,5,14437,7081,16043,20,14,31479,9874,115,8,0,216,7,10,1,0.22727272727272727,0.1891891891891892
37tBjDyPTYGTCH1JbqmyzdNfsWqYy60g3Oz8P6B--1pmou0,7ERRA,4547099652,mid,2186,11,10,7,39693,4131,13906,54,63,33147,16228,147,32,4,237,4,14,6,0.6,0.2
-8Llzob1aqn8P50kevL-Arke4YSRPijE-QMuRRMyKerZJ7w,엄두길,4547099652,mid,2186,9,8,15,40683,3033,20411,9,9,29546,14749,159,12,0,189,0,4,1,0.48,0.26666666666666666
_JRXPSahL7xISly0PIz0M5S80U6lW6n8se4bEQ9N-0iVJG4,볼빻은사춘긔,4548696769,mid,1697,8,3,1,17454,8757,11058,23,4,21866,10426,142,3,0,29,4,8,2,0.36,0.12
tEDENY_EcW4L06ljlgre8GuD8R2aAUW1IpC31ZzF5I3fnyM,강민댕댕,4548696769,mid,1697,1,6,7,11944,4558,9509,18,18,21103,8766,151,16,0,385,4,6,4,0.32,0.24
l-iYZfGkNdIfdVQcvjh1gbJIvSjGGOe1Gj_Zi-3rL5EXxnqCsqWXawAb,nmzai wcnm,4547798471,mid,2009,7,11,8,22721,12387,21276,16,16,43290,11960,150,10,4,289,7,10,1,0.5172413793103449,0.2619047619047619
5LqLRO2xG1M2dLuV-GLB8EAHjXNMsH3UKMky0kNr95i1yd4,숏다리탈론,4547798471,mid,2009,9,4,9,22863,3389,9063,20,12,17680,12456,162,12,0,53,4,9,4,0.42857142857142855,0.13793103448275862
3wV7sNTe89v8aubQfw_RTRMXxcgX-0H8ItgQeWQ7LC2jxL__9zd4HGsz,차칸노옴,4518440078,mid,2059,13,6,7,26595,10532,20989,19,17,30669,14182,181,30,4,293,2,6,1,0.5714285714285714,0.2222222222222222
oKxBdiQl4DJHtuT50lzGBmkbQml4ubznvdDMrtC-zoXd,누구의똥인가,4546509073,mid,2131,7,9,8,22776,1272,22309,30,8,23491,14639,240,26,0,216,1,2,11,0.3409090909090909,0.32142857142857145
1EeDm20OViKy0aIekZgNmZNvtc5xYxkBcMDUO3mpU-0gJI0,고추장인청양고추,4541541248,mid,2258,4,8,7,18362,2835,27353,21,11,23907,12799,188,18,4,44,4,8,3,0.2894736842105263,0.22857142857142856
73_LX5hNoE5Mjt1YD6xgeDzUwrxg_YSiYwAOq1xxJdigI9g,똑바로안하냐,4541541248,mid,2258,6,6,9,24441,4874,12790,30,20,23650,14021,208,16,0,146,7,11,4,0.42857142857142855,0.15789473684210525
hyCsqvnVZ9S-HIPj2gynvNnHW9oKPeUOE1v2TTkSt-5NN3s,KYF,4517131575,mid,1610,4,7,17,10740,3099,16572,13,47,19567,8650,93,1,0,371,0,8,3,0.5675675675675675,0.22580645161290322
NKIb15Seod3uQw1S10uwgwR7x3_IC6M_NM4bMBqZWa0k2c77sZFemM-w,구나인그래프,4537439219,mid,1790,5,6,9,18008,10478,17422,18,19,30786,11135,169,8,0,301,2,10,3,0.35,0.35294117647058826
uAG6-mGL1wFJAdshfVe0Q1-OnsmEbWEg8RiZLSIo-XgL,외로운수컷,4542253763,mid,2084,8,9,6,34868,8854,43824,19,34,33968,15470,227,24,8,155,0,3,7,0.4117647058823529,0.21428571428571427
0Z134hsGA5y_3foqAOCXnADTGei4-AKgKu3V0Zyco30F,네가지면그냥좋다,4428099261,mid,1393,0,10,3,9573,0,13770,20,11,21489,6549,151,0,0,150,3,10,2,0.2727272727272727,0.4166666666666667
nJ6lwRWDM5btSvVcEREU0qphFCUdHUdTOIz_zLnm3PIY,듬뿍싸,4548696926,mid,2132,7,9,16,26375,24389,23029,18,13,39257,13547,188,0,0,211,0,11,2,0.6052631578947368,0.1956521739130435
7uHEI3zSCLZfPIAdiWv0sE6S5Q5Ze0l24aBZx1g1h-DURkzlXlJdnvg3,아임 뀨,4548696926,mid,2132,20,7,11,38639,8392,15726,20,7,32761,15263,119,12,0,23,0,6,7,0.6888888888888889,0.18421052631578946
wjnAr1YJAvWBJg5PGUdTh5cXHR7LnzDKFkyvyPYXJSkS0_k,톰요원,4526293185,mid,1295,10,2,4,16302,5751,11541,15,15,15708,11882,180,12,4,119,3,8,2,0.56,0.2
EfJmMUH8J5OjDQMAYybgSBclDkln3VIrzEFKvDFhTw_9Tfg,서폿z,4526293185,mid,1295,6,8,2,11116,3280,16791,7,19,20668,8412,94,8,0,95,2,5,1,0.8888888888888888,0.32
dH2c9nflqTf1z0u-yTVw-1G7Gvcq4qy19tLkNa90QAxy0M0,leaving,4548729244,mid,1365,2,7,9,11076,1327,5476,11,12,14005,6468,77,0,0,12,2,6,1,0.6875,0.1891891891891892
D6GR-vKqxV1G9Zc8LBxvm1MIHBVG-aUrHgdoxxKYnW2J9n2W0jfn_u-M,최유민최유민최유민최유민최유민,4548729244,mid,1365,14,5,4,15837,3908,7068,8,4,16744,9318,69,0,0,41,0,5,0,0.4864864864864865,0.3125
2o02iVo9MftQy-Xrc9ZJCWLaj3idoMYdAciNH4VXnmQ,ALTEISEN RIESE,4527723939,mid,2021,7,8,3,19539,4374,14707,23,38,28023,12655,196,18,0,1088,0,11,3,0.5,0.20512820512820512
JiN_txnNcwXDgiohgDfVK-tfbGVQR5xD6PQ1GR25WTgs,코끼리다,4527723939,mid,2021,10,1,13,23575,6866,52512,34,29,32300,14832,190,12,5,327,3,15,1,0.5897435897435898,0.05
YmIMefJt0h3UBnTGlbgKngTP-uARb7bOepfBbEs3YyC45ng,마이너스 템포,4547546233,mid,1603,10,5,11,20395,1827,7980,25,48,12880,11419,112,9,4,378,3,11,0,0.5121951219512195,0.19230769230769232
CsDxj2Gc0hhx4FCG8hsIdZvSnuJ3tr7ESVUGvayHMkf51hE,우리팀 탑 감스트,4547546233,mid,1603,4,11,3,8055,3225,12051,23,11,23058,8712,150,0,0,72,4,12,2,0.2692307692307692,0.2619047619047619
