account_id,summoner_name,match_id,position,playtime,kills,deaths,assists,totalDamageDealtToChampions,totalHeal,damageSelfMitigated,visionScore,timeCCingOthers,totalDamageTaken,goldEarned,totalMinionsKilled,neutralMinionsKilled,neutralMinionsKilledEnemyJungle,totalTimeCrowdControlDealt,visionWardsBoughtInGame,wardsPlaced,wardsKilled,killsRatio,deathsRatio
y-vHQgxJCXHoXtDH5DVatxdat778j08IGbTgyVLkCOs_Sj7TOsNzjFcW,스웨이이,4521410205,top,1478,5,1,9,12586,2620,23000,15,29,13228,10080,161,4,4,309,2,7,2,0.56,0.07142857142857142
McUSorF7fDy6QXiwzLGyZhaLX5KveZLNSgfT6tSu6Nh3,동구별관,4521410205,top,1478,1,4,1,5423,4185,10817,22,3,16816,9489,174,8,0,65,3,8,1,0.15384615384615385,0.16
95HpucDUplBcjSp4yCKkKSQszqaxdKHIq4t17nheiyjL,18도비빔면장인,4547678483,top,1344,1,4,1,9235,2938,9339,6,19,13325,7686,172,0,0,96,0,4,0,0.14285714285714285,0.14814814814814814
sdAXY4V8wHjXwLZGM74u3qdDjifpIa0sqYQCW8mKSQ2a6gUMRmxM1vVh,영어지토,4547678483,top,1344,3,1,4,9097,1238,19409,8,13,10343,8077,162,0,0,492,0,5,0,0.25925925925925924,0.07142857142857142
-ZZ3Mqgrtr8NrmoCCpiRowuuJ3AVYrvn9JcPSRN0KQPb,껄 링,4548259241,top,1259,8,1,4,14135,471,13559,0,15,21279,10152,139,20,17,148,0,0,0,0.46153846153846156,0.1
Qr0312oYnRvItaQB7cYHajnXZ3f9F3EP4PQtunE1uQEOJft24woOWh05,으 똥냄새,4548259241,top,1259,0,11,0,7349,1024,10451,8,2,16182,3995,59,4,4,27,1,4,1,0,0.4074074074074074
CMThpzSnqxLwlsImyjJ_cIQrtc8N0GNh4-KK922e_ulOI8K3C0tMRyDg,바텀또지네 임병,4431170068,top,1657,5,6,2,11703,6697,17797,16,18,27407,11024,189,8,8,105,2,10,0,0.3684210526315789,0.16666666666666666
KhKHgqSFG6k0TI0DIwMpVMczQmuklroDQK0OoD2JouVfkjc,이리와혜지야,4533974386,top,1484,5,7,4,20076,5057,15688,7,37,27118,8520,127,0,0,335,3,3,1,0.391304347826087,0.19444444444444445
k1EQtN4jBKAMcj0wp-8IrKQdV27HWbk2Y74PhtbK8WtFiHM,매우화나있는상태,4486677014,top,1238,5,3,2,11137,2659,10916,7,9,15791,8777,129,9,4,51,1,4,0,0.20588235294117646,0.375
GGsU9a8-cpBs14-VeDoNdtmEKQUHmnUy-bBtfI5W0IO9pcg,Parra4,4544831385,top,1483,2,5,1,8545,3080,8224,16,50,14434,8452,144,4,0,588,4,12,0,0.21428571428571427,0.20833333333333334
spjX5DQSl56s7MYqMgKoDXIJ6aiqs2I0vxNAC3GTgwTFryU,건들면멍멍이됨,4544831385,top,1483,4,2,8,14936,1587,10331,19,11,13169,10404,195,11,5,162,1,9,4,0.5217391304347826,0.14285714285714285
6Z5Q1qHGJFFQwUbId7rV0yCPLzkvPlxacY3M5K247VqzJLI,어썸하죠,4543029205,top,1751,12,3,9,24581,836,34922,20,34,17462,13878,186,20,16,734,7,15,1,0.4883720930232558,0.15
vhjVTELEm2gMhttDGC8XIdg8Abakt5MkStQXgXZs1YvZ6TvuhfrcfvvN,자아암깐멈춰,4543029205,top,1751,6,3,3,14247,1769,34306,20,41,21497,11889,165,9,1,100,0,7,5,0.45,0.06976744186046512
c7QnV3YFyacQBCPV3B2sJZ8UemIDimmxup-1Iy_bhbZCkzw,우리정글뭐하나아,4547570606,top,1738,0,0,0,0,0,0,0,0,0,3922,0,0,0,4,0,0,0,0,0
CWd9VIGZJ0Q1TOGNWapKKtiS3bwmXVEDgpNvKXos-kEBQ4Q,경산유기농망고,4532284425,top,2098,10,3,9,25114,38283,59063,53,47,45281,13664,172,11,0,460,1,12,1,0.475,0.11538461538461539
ZwjE8KDViLIwa7vDyozjD7fzQE-bwgknDL4uwNrZD8SuRJQ,win XG,4532284425,top,2098,4,10,4,25192,5298,40291,14,39,33172,11739,189,15,0,141,0,5,2,0.3076923076923077,0.25
NITtPjq41laKgLrouQWFKsr_TQK_DrrhJrnD91WTxkMo,e공주님,4494491935,top,1920,5,10,12,31101,17058,31531,25,13,43928,12206,164,14,4,129,2,9,2,0.5151515151515151,0.17543859649122806
uL18S1gkQvqJBRDo-LfmOsjZ95INQ3Gyd9EWbMZqxkJW,롤대장신현호,4547129343,top,1721,4,9,2,10940,1539,20712,14,18,22254,9110,160,4,0,84,2,10,0,0.3,0.2727272727272727
MZzcbbO-w956dBaPjtK_QMy-IcN0aZtMmt-b5wqoXtT7KoymXABStI49,관짝 춤 추는티모,4495640972,top,2092,7,9,18,46771,6849,15051,20,56,33151,12377,140,8,0,433,2,10,4,0.5555555555555556,0.24324324324324326
XClSVjIc-IdjVBlmYo2Jzo3sDahzF2-FzvO7JjIBP8Y-,캐넨이금을켓나,4543605683,top,2650,7,9,4,49933,7867,20382,25,64,39672,14008,184,20,0,529,1,9,6,0.28205128205128205,0.15789473684210525
P9weJTRnv0I5GsrW_YSYilxm8LOd4uD02VnRdtrzdzoE3Ts,평범한 땅콩,4543605683,top,2650,9,8,13,23918,7010,96200,19,36,57083,16218,212,16,4,260,7,7,1,0.38596491228070173,0.20512820512820512
kDVBT7C_LJvxlkaxeawmow3vEnDp3zaHcZ9b7ek_sn_LR8w,베인손이베인이유,4537225591,top,1898,2,9,6,15359,9100,35287,17,17,33217,11228,191,5,4,152,3,7,2,0.17777777777777778,0.2727272727272727
ztB7Mi7hBDHUL6er7s_9sQtk5v6PG-eb_yCL2huU4S0E,판테온왜한건지,4537225591,top,1898,3,8,7,16352,5316,19797,10,16,32209,9892,174,4,0,30,1,2,3,0.30303030303030304,0.17777777777777778
xFsO6rlkysvXbQqSxN9zfW2yWeUvhvtenaiozKS2e1vkg4Q,곱게디져,4548676716,top,1421,2,8,0,6407,2685,8947,8,3,18164,6717,136,0,0,226,0,3,2,0.14285714285714285,0.2
Mw3uzJpKtOhdb1rwX872xoek9D-R-Kur0wzVwuFI21kfzhA,Lee렐,4548676716,top,1421,8,1,11,20100,10404,11971,17,22,21840,11463,166,12,4,338,3,9,0,0.475,0.07142857142857142
GPe05Ku5HWedWgbAtq7B9UsxdZz5wuxYxzpQ_SgYHUD5,금호라인아파트,4523003865,top,1237,10,1,1,12580,1368,16735,5,26,13412,10153,153,0,0,382,0,3,0,0.4583333333333333,0.125
fxgeb1RxpcjnkVD-m8vjM01Iv2nkz_7LX5yIh-qb_u1GIbqNdr9i4UI2,Yukitaka Yu,4493570967,top,1476,4,1,6,9607,6988,11923,34,47,11425,9137,144,1,0,688,0,0,4,0.45454545454545453,0.07692307692307693
zcF2D5v_UqNT8qWyK_lHX5oOHfocDHIV0_HAZIkyyC9wLZA,한강잠수,4493570967,top,1476,0,3,2,4802,2312,16535,8,18,14636,6734,146,4,0,447,0,5,0,0.15384615384615385,0.13636363636363635
XKz_GvpZTxy6h00Ka815dmW4Uo6tlbUHJCHwNHi1-7pu,what the fxxking,4451582175,top,1743,3,5,7,7166,1231,19478,11,17,18768,9634,171,4,0,73,2,5,3,0.47619047619047616,0.1282051282051282
ZaOtDLAW7SGUDzIs8LDPveO1c4rtCU2mBcIinC1qjBMViLk,미모종결코돈UGA,4451582175,top,1743,4,5,9,13095,3794,24060,17,42,19998,9961,136,4,0,452,2,10,0,0.3333333333333333,0.23809523809523808
tIuU9VtWD0hlS4CJM9qizemrgylmfnILFgFbgUNTMwer_4Z6WUN5I5YD,런던하면첼시,4548693834,top,2282,4,9,6,12598,7766,20376,19,2,31228,12436,183,0,0,48,3,6,2,0.2702702702702703,0.2571428571428571
QlPAkNqYyj7RAjE8kGQ9aToiida0zEzDCErw0Dc4GEHQ,롯데무료주차권,4548693834,top,2282,3,5,14,33778,10225,19271,33,40,27799,15664,271,12,0,712,3,10,5,0.4857142857142857,0.13513513513513514
XRORd8HwKDTOF4ztL4YGhsBuDxsy6GmBoHJtzj2iYKAAZxg,팝이따까리,4546176432,top,2758,10,8,9,42468,24180,61911,35,10,51137,17214,258,4,0,130,5,14,5,0.3958333333333333,0.16326530612244897
yYWrx2vyaVqqdlD8yOg_sBJskG-tVvb7dR1X8S8QxVYO,rusifel,4546176432,top,2758,6,8,9,32776,12931,80632,17,35,63691,18526,285,12,5,325,4,6,2,0.30612244897959184,0.16666666666666666
YJJ4APtNbt_zMOuAoQeCKlTE_jkjt1W5KtEb1gJWTujj,Virginia moons,4541186812,top,2172,6,8,4,15594,6893,30418,28,16,31810,13409,176,34,11,167,3,15,3,0.29411764705882354,0.2857142857142857
5jdmMCqHFxPdWTfntqdQlSYD1F0rTrURJAetKlXt_8SXiDE,내친구는대머리,4541186812,top,2172,10,6,6,25178,14891,49820,28,24,42926,16247,271,8,0,80,4,13,3,0.5714285714285714,0.17647058823529413
DZUwy4XV6ziDMm5Y8K1O_0wLQbeFhnT7aw4IdXTmO4kN7AdOnN-tip92,메롱시티 3번출구,4536462927,top,1682,14,4,4,20258,6658,25071,14,11,22966,15539,156,50,16,33,0,4,2,0.4090909090909091,0.14285714285714285
_DJuJHEWbwDmZTaCDow6dRcWzgMfJMG_U6qptUm0aDjXYd4,Steel of POSCO,4536462927,top,1682,4,7,4,12504,13533,14303,16,3,23989,9119,164,0,0,72,2,10,3,0.2857142857142857,0.1590909090909091
ZjN6q-WCLtGR2S6XHwm7-V2ixFoZqh7y32rlP0eKoRERmIY,si val nomm,4534165936,top,2288,15,8,4,35993,7717,19834,45,17,30134,18105,189,33,0,164,1,12,2,0.5277777777777778,0.16
YBVr9Z4H-rqzYurj3_ZKfATzQGUtSdEZagB2agRvaTcc,살려줘피1이야,4543118386,top,2169,5,10,3,28361,6542,31776,15,40,42994,12406,204,10,5,1410,1,9,2,0.38095238095238093,0.3448275862068966
Ai5qMtqMlG2Q5AMoLs5mBUwNDUDx-E5OKE0c5lVTn2Y3LlA,애완동물나르,4543118386,top,2169,7,10,3,38167,12104,38300,26,24,42438,15707,225,12,5,193,3,15,2,0.3448275862068966,0.45454545454545453
fvCI3NnS0uWdPwSUVt6AxdhcDA9jRVW9AyupJBz50oGhbsPqCTW8ow7F,29437,4548071792,top,1828,8,6,13,30595,13632,42076,22,5,32694,12678,160,12,4,104,0,10,4,0.6,0.23076923076923078
tO9t36j4kYzZzpGkHHNDJFpQx5x3ZksrRbG191cgFUcjWk4,내가캐리할차렝가,4526181542,top,1898,7,6,7,20428,5295,19712,29,15,23095,12784,150,24,4,85,3,7,4,0.56,0.15
ftB9mpjFmns7C_S9M-o0LF-g2j9Ar1p1C17sWyIOGty5X0Q,a close call,4526181542,top,1898,3,3,6,17409,10085,30395,12,22,30367,10214,144,20,7,367,2,7,1,0.225,0.12
KAd562YGDI45WBg5sREXBmzvwf61mavIAw7kIFBuaAvY,아베로스,4545885677,top,1963,5,7,4,16015,2403,14034,19,20,23636,12335,200,0,0,50,1,11,2,0.36,0.25925925925925924
hkn6mDCoZUebrmzCMbU3ZKTuja9oYyTb-9HP-LOVO2kacf4,주은아넌내꺼야,4536693786,top,1693,2,2,2,6921,4306,16763,20,3,17010,9706,120,29,25,23,1,10,1,0.125,0.13333333333333333
DctsROZoc9W_qcYUhoOsuiSMwHmEVC0NVyolgx97i_TEO60,덜익은놈,4478623271,top,1752,4,7,9,14510,1384,8170,15,7,17126,10838,148,25,0,37,0,9,0,0.325,0.2916666666666667
WIl7T4KNrr3DDkQXe81PC7lENTfs8a-ZgeEbNwktvpfMi9LtbrhJXCkz,마당을나온지현,4470159944,top,1289,4,5,2,7305,3973,7494,13,9,15889,7406,117,12,0,91,4,6,2,0.20689655172413793,0.2631578947368421
FG2-FsprpB41WAuZv13NJ4kc8G-2Vh-tykR7XDgtHfsM,가고일의 돌고추,4382495875,top,1495,2,2,2,6217,769,20610,6,27,15092,8155,159,4,2,71,0,5,0,0.36363636363636365,0.07407407407407407
UF05YfP0a7e0S-2-po3oasR6OALAp1RXQWHkXKgia0aYRMo,smiting,4547890155,top,1237,3,1,3,12427,2428,10505,11,27,8410,7330,131,4,0,231,2,7,0,0.3,0.07692307692307693
3WwRAbv5K68FOidBPFZtzb3G-tTvCgO5gZRS4h2zeSqI3Oc,vovoring,4547890155,top,1237,1,3,0,4892,1417,5128,16,0,10705,5271,91,0,0,24,2,7,1,0.07692307692307693,0.15
C_2U3h5qJk82RhmD386Pcs7l7RM3fW4RGNwL5aAE_lPU45U,질리언을 잡아라,4548722421,top,1232,0,1,1,2894,1829,2348,4,14,5588,4752,83,4,0,173,0,2,0,0.08333333333333333,0.03571428571428571
O0iSUdJeXXcqwiaPAo8EZVekedlnUCo7yHt4zciKbrwY,EnrEKr,4485379430,top,2047,4,7,7,24096,14685,45034,26,11,34202,13065,213,6,0,112,0,8,5,0.22,0.25
sR7i4T2QiItuVOzwUN_uRdUwuKMMDG9lkbtlpL75pOi0n3U,묵직한모닝똥,4548716706,top,2173,8,4,8,22539,5931,48237,18,27,36012,14424,170,20,3,145,2,10,1,0.42105263157894735,0.16
RYAxDCjSJD7zU6IuihCel6XRW1jJqOdZInjxu-cf2ZDXbG0,PROSEXMAN,4548716706,top,2173,6,6,6,34024,15152,43702,25,3,38430,17367,295,11,7,45,2,12,1,0.48,0.15789473684210525
mzcjT2_6il6z5yWk9_zF-dbTtaM_xvTcXSAz7J7RnMWl1PY,군산 빵배달장인,4546311668,top,2022,6,4,8,25057,22368,17038,19,4,26510,12092,147,5,0,107,2,12,1,0.4827586206896552,0.16
q2eu2cjDHCOVXG4D0h1uSjooilH_NcSWpr1NMA9gq7wpHso,죽빵매따까리,4400745556,top,2040,4,8,4,16261,4371,13431,17,19,22655,9830,148,6,0,61,3,7,2,0.38095238095238093,0.22857142857142856
8Lx7smYTxoMq1wzNSjsXmz8NZlNda_vLVolrZl_RQLynf2c,과자125,4400745556,top,2040,14,2,7,31756,16989,46620,15,36,37276,16466,206,36,11,226,0,9,2,0.6,0.09523809523809523
uu_6gqhgiy10HHsgZf_1PxPQ4g7o2APr2KZFDlpW4Bdy,민수 잦꼭지,4547233592,top,1274,4,7,1,16045,2938,12619,7,2,19514,8414,119,0,0,29,0,4,0,0.3125,0.4666666666666667
FeG8yG2WnIAQRA5yShrAC8BU2DdVeSYo7l6Rveud6ZibNUl4NeaEiQzO,개념챙긴아이,4520782284,top,2111,8,4,3,14659,2288,13581,6,4,23611,13728,242,4,0,78,0,2,2,0.5238095238095238,0.16
2SF6MC26apvj-rHerCzxDJagISCAqBPLUvbk3ZpUrJtxIUjc1kb5V_-W,마돌석,4520782284,top,2111,4,3,0,24015,4111,7886,15,42,16443,11256,182,4,0,218,0,7,2,0.16,0.14285714285714285
KdGp9nh-la0K_DS6Vpt1kIwyi3Gv1RUTQxuOnTueWHWMcQkQljXzZuBA,LH얼굴쩔어,4545681702,top,2141,4,9,13,25662,12072,40257,12,8,38300,11763,137,25,4,107,1,7,1,0.38636363636363635,0.15254237288135594
MGh9sHSmpYm8fg8ztfMW2pNIWE-x1jPgxnF_5nTNrnzUNEMpv6PeLwrF,젭 듯,4545681702,top,2141,11,5,12,32403,29021,61296,29,43,57920,13942,145,8,0,257,1,6,2,0.39655172413793105,0.11363636363636363
XzgX9uaYqjc1M5xCn0u-kWfKBjEaQhHGleZJyyIg74oqtMI,헤징크스,4459662434,top,2391,10,5,17,32116,4489,67822,26,47,31142,13840,149,0,0,686,0,14,2,0.627906976744186,0.11363636363636363
V1dJKqwMDg57xZvj6HTSAFWqQsHtPtrDqjCUlLjOG8FcE3w,Sririte Rnegar,4528952288,top,1776,4,6,4,14494,6106,15139,12,6,29641,10304,182,4,4,71,3,10,3,0.2857142857142857,0.15789473684210525
JjEu5SRO8AzLkxVafOCb_97YXQKoAlO-W1bmJF3gqjJsz3o,15분참기,4528952288,top,1776,5,5,9,15756,3536,27081,21,29,22112,10937,141,12,0,284,0,9,3,0.3684210526315789,0.17857142857142858
EkUzI9KPc7uXmM4SK2-hUl7zmVbKZ0y5hByLIXpKZYCgO8w,늑음아차앙연,4547769419,top,1643,4,5,11,20404,3694,43392,11,30,21131,9697,148,8,0,498,0,7,0,0.38461538461538464,0.2
tFYfA202KRZGYf2wZL-lX8Poiy-cUb6ID1sh73LIoJIDLNycMQwejYSU,심심해서해본사람,4547769419,top,1643,1,5,5,11925,2637,32399,19,21,26983,8848,185,0,0,240,1,8,1,0.24,0.1282051282051282
nlr7oJkOxRh3HaJHiGRkvRZ9_Ci7BoQmdDxJUC2vM3-kC34,방제방제,4548729533,top,1626,1,9,4,10500,1852,20964,7,17,23193,7443,127,6,0,80,1,3,1,0.2631578947368421,0.3333333333333333
DHrtzqRdOXmpCL7MKYfZ0p_elAjNySOvy2RH0Qjj8RU4nOo,거친친구,4546786284,top,2435,13,5,12,34164,18061,24927,20,5,43067,16372,214,19,6,77,1,12,2,0.5555555555555556,0.1724137931034483
RqehPwHn76NQXJaQ-3vXwBHwLzbkVpGWcGTwv2TtW9So,알파고영자,4546786284,top,2435,2,11,6,30751,3656,50711,23,31,44837,13067,183,13,0,163,0,12,2,0.27586206896551724,0.24444444444444444
2_KlGMECNsgC84KP0wd9KnvFZgdOa3fjGG3D474NTktpcG0,님호형님,4528567234,top,1320,5,5,9,15418,2721,21978,9,28,20533,8234,115,8,4,131,0,6,0,0.5,0.45454545454545453
X0i0otppuyjT79esZirlrLFypty16OTTdpsWZ2bo27Sz,묵언스행,4528567234,top,1320,0,8,1,13368,2986,11442,13,19,18883,6461,128,0,0,86,2,6,1,0.09090909090909091,0.2857142857142857
k_7Q-nVm-1_RahHYionpWMAHAynG1_XhnDeByNeH_XtGVUZO6RHaMCLJ,KOR ARMY,4544585425,top,1811,16,5,7,37200,11433,30940,11,38,36878,16370,190,20,4,84,2,6,2,0.6216216216216216,0.29411764705882354
IW6lzfSOG6FMhHzCOIjoeE09-iTeaV0gHNJ9GhpkxaOQs8szTvVYGqCD,자 키   ,4548057370,top,1267,2,5,8,10193,927,12213,9,13,16379,7736,113,4,0,75,0,6,0,0.35714285714285715,0.3125
3YrxHpuZJFKcMahRSJElaN15VT_uf9uUWEX0a6AMK96D,Urahara Kisuke,4546843207,top,1867,4,14,0,15157,0,13401,26,0,28474,10312,171,6,4,12,3,12,3,0.2857142857142857,0.30434782608695654
PrXFI0_y7WkvjNecfU4X2V1Xb4R15YB6AbvC46nMRS-cnHw,6광탈 후 재수,4548487231,top,1952,3,6,6,16022,5660,62025,21,44,32706,12708,249,19,2,156,0,8,1,0.21428571428571427,0.13333333333333333
i1-CnY2LpAyUhW0bVigV6lGceqpYkm9-CHBcDRtyUsuc,혜진아부탁해,4548487231,top,1952,5,6,16,21538,3706,30319,9,29,33394,11404,119,0,0,116,0,7,0,0.4666666666666667,0.14285714285714285
yiL_X2968CfLJvodODz9SUCNbC_IpQ60sC82KDXgE-bgHl8,Valang,4546865520,top,1514,2,5,1,6799,2683,13601,5,10,23034,7326,136,8,0,50,1,3,0,0.2,0.18518518518518517
uOOoipG4kvBcc27NmloY3U7aUa_xnNTRyX7Be8SRQUTS,M4A1 Carbine,4546865520,top,1514,6,4,3,18801,3768,6897,16,38,17137,9996,149,8,4,347,2,9,2,0.3333333333333333,0.26666666666666666
SewU2Zf5s_5tAw1gpHVGUEpdH_9FHUkKVVb0M7ykm1YdoKE,트런들할레요,4499767910,top,1740,16,2,9,38076,15830,45888,16,24,45880,16303,197,7,3,518,0,9,1,0.78125,0.09090909090909091
YMfiHlCsEN3nuzuFzRX3rrTQjij3jpt8xhZF2MVGOhXIRgJjq_mdWquI,첫 경험의 느낌,4499767910,top,1740,1,8,4,13356,5091,32575,13,48,25583,8065,163,4,0,522,0,8,0,0.22727272727272727,0.25
L1SsrT9Qw4lcSQiQ12vdWzwP7TOzBA_2VVA1JljMOTaoy6c,우간다부시맨,4532750428,top,1662,1,1,3,14431,5159,11809,27,16,15389,9481,187,0,0,330,3,13,1,0.2857142857142857,0.029411764705882353
P-egQjchVbYFQKKk3CEKXVF5qlzDm8BPflVUkgWbyOcxt8OtXoqgxCie,바람을박아라,4532750428,top,1662,8,3,4,17199,12940,25360,21,4,26973,12235,177,15,11,54,0,8,4,0.35294117647058826,0.21428571428571427
9tJaRXOVHKviIDKysiMioGKel1eG4lj1wRIjEkzAgg7FcAB18WENdMgi,쌀국수뚝배기장인,4521040474,top,2089,4,5,1,12953,9879,24435,23,19,29793,10863,194,12,0,132,2,12,4,0.16666666666666666,0.15151515151515152
xixPAGV0T8udjMpvKPT6Xb3ber6LUaKmsgvKGR5H-dbf,shinms9812,4521040474,top,2089,3,2,13,22510,8479,44675,26,33,26629,12576,203,0,0,500,2,13,3,0.48484848484848486,0.06666666666666667
Et8hK2fJNGt_eadfwei2sphyTUVS0kWWIiksKfosKt-omvUlZTVkle9v,천사는게임중,4548543745,top,1627,3,6,5,10565,842,19518,14,18,23180,7670,125,0,0,144,2,10,1,0.32,0.1935483870967742
OMQEGj2kbapYLEpmbVIkSSgey2ddKgsHMnc_nVQDwJ8h,퍼블로시작할게,4548707940,top,2023,8,6,8,21151,2725,41952,13,34,34109,13228,200,8,0,323,1,8,0,0.5333333333333333,0.20689655172413793
gQu8jBzeTfcIAK3PlnSXSxZPMR6IAdjbC0y7OnlhJUUL,알아서한다고요,4543353568,top,1325,1,5,1,8774,1923,11029,18,11,16605,6893,134,0,0,89,3,7,1,0.2857142857142857,0.3333333333333333
V9y7BtSyCsPFEOl0_hNev3Lfx1dsytwhwjNQ1HxRY4rwOu0,앞서가는정영한,4543353568,top,1325,1,2,2,7576,1428,10533,17,2,8215,6773,112,4,0,24,4,7,1,0.2,0.2857142857142857
NBMPPzxmDT1hRo5-JeEXfiy-GVtoVD45bto_14Y67H5uCO0,소사역섹시킹,4523491342,top,2365,10,5,5,20528,14440,51591,33,13,32430,17727,268,12,0,589,2,13,1,0.6521739130434783,0.12195121951219512
-OcA5wrNmtj0j6_PIk75WvfhRTnG0YS3Hw6LFifpr7snDdOeR972MRuo,Hero too,4523491342,top,2365,9,3,13,28644,14122,28577,21,35,32234,17918,265,32,5,679,0,13,2,0.55,0.13043478260869565
LpS7FSBxYUK6KFTqo7Ue5OHlHAN5uDxvtCArodLkX5g-dPk,작명군,4532769566,top,2850,5,9,20,24418,20793,109513,40,93,59535,14884,191,4,0,734,5,21,5,0.6944444444444444,0.225
w5Jcfv4bjRSE2YYUMM5lp_H-Sd1l6OmoqS4xhbOz6hPTY2g,애긔돼지효니,4538964425,top,1579,12,9,3,25361,12464,35847,17,25,38346,12421,118,21,9,139,0,7,3,0.32608695652173914,0.19148936170212766
no1yMyLEq-8ooigzLU_MPoQH1EaLYFedhj8hXtuDnUnlTO0,타키는 사랑,4538964425,top,1579,13,8,11,34452,8486,29356,9,30,35995,13869,129,0,0,363,0,7,0,0.5217391304347826,0.17391304347826086
nuwLc_FAuSSPhoPnyCvymSpka46hkqrxayJyVBRwCOtb,마검트린다미어인,4261160341,top,1832,11,4,6,24941,3413,14286,19,14,21274,14610,193,31,1,184,3,11,0,0.6296296296296297,0.13333333333333333
LF7QO5Jr7ZTGDzxX7qqrg6RKfVcg6t8E94F7UgTp9c_qZq0,코후비는몽골인,4261160341,top,1832,3,6,10,11913,3484,12929,33,10,19419,12393,170,8,0,25,1,11,2,0.43333333333333335,0.2222222222222222
nLQNH4298NghK-a4C5IQYtbGZefW7REQo--iYw6sJrNO,Fran after,4347007244,top,1633,2,7,3,20141,3026,26266,20,50,21073,8239,145,0,0,478,2,10,1,0.2777777777777778,0.22580645161290322
zOsSDYZUAYohOCubz-RzXOneUUtqhFRuTzK71ULLiLcD,천년기념물,4347007244,top,1633,4,2,10,15193,14777,38706,21,61,28967,11342,184,4,0,564,3,8,3,0.45161290322580644,0.1111111111111111
EkLHGdVaHXnqsQFONgFGaA2gAPTWe7RBRGMJwIXb6dkYY4k,야스오정말잘해요,4544892032,top,1464,3,9,4,12151,3536,14776,15,16,23458,7457,103,2,1,46,2,7,2,0.2413793103448276,0.6428571428571429
EJ4N7SqBeaI9fsqVwf4n4bRZRdvGxCaJLKiphX8JMo3SsNo,오빤왜브실골이야,4547224917,top,1522,0,12,6,14567,1292,10301,7,42,22990,6675,99,2,2,260,0,6,1,0.1875,0.48
-liNrkNhFXU1yCrLsd5aWSDYwIJiq3USAzVUDm-LF8sdlSc,고츄왕올라프,4547224917,top,1522,6,5,3,10128,5626,22874,7,5,23737,10495,156,0,0,83,1,2,1,0.36,0.15151515151515152
QjcCrk6YQe2UNPufpeSfWJEpaKF1CXTJQ35LHMxR1fxJ,치아바타소시지,4542166564,top,1563,5,6,3,13134,4442,20310,17,20,25839,9415,148,8,0,57,3,7,1,0.34782608695652173,0.2
kbV7KR9lwg98rjILMV1XSKBsPvE2QbkJEFekISyBX24nvbsn_CDBiljE,아깅자깅,4542166564,top,1563,4,4,1,8351,1161,21245,10,9,13907,9999,148,5,1,109,0,7,0,0.16666666666666666,0.17391304347826086
3tBko2vtWD6qFHWiIZwJI0-OZ7v6uEIDuo8Hh71bEh-9lew,산타 리신,4546041015,top,1824,9,12,12,23394,3713,26315,9,34,27727,12951,139,16,9,150,0,4,2,0.4883720930232558,0.375
oJopswpZnuTOQDJKe2dYtTTuBZBitrzxr8IdA4DDJ8kP0DI,Lil tachi,4546041015,top,1824,6,12,5,20744,6885,46770,8,60,34676,8642,109,3,1,448,0,5,0,0.34375,0.2727272727272727
upBZe4Fta-perw4Tb7O_lOg3suRX4jj1n02R4celMhxZjbI,멸치쉐키,4543238774,top,1832,4,8,7,12728,5148,25632,31,13,30571,11420,182,16,0,33,2,11,2,0.55,0.20512820512820512
1tdtGwnNR86qJmhR96nBXjyZZjr8HYM_Qab3bg-7AAphb8HZxNkllHVo,탑의소양은 기도,4543238774,top,1832,7,5,15,24415,3691,36746,23,27,29094,12156,125,4,0,248,0,10,6,0.5641025641025641,0.23809523809523808
HdnSc7VYMFX534w9XcZwsuE0aR0XL270MSEnpfM4KJG1J84,김 만 표,4532209373,top,1256,0,6,0,4849,1536,10155,12,8,17925,6082,151,0,0,244,1,7,0,0,0.35294117647058826
_Qt9QdesWkzkozdBir1Eh-V3gsWa2q61ydShOClvJ7-a68s,티모 독침 찍,4544883254,top,1465,8,5,7,20815,7259,18306,12,14,24516,12622,181,3,3,33,1,7,0,0.4838709677419355,0.38461538461538464
40frhZbc3c_l2-vQbZZe8ilxir1-uMnQHGPieSA5RIK9l2g,Super Account 23,4544883254,top,1465,3,9,2,14257,3135,11986,13,14,26115,7802,125,9,4,89,2,4,3,0.38461538461538464,0.2903225806451613
dVNlD8EcLAzniMo-YNDsBFvnqn_cZlQhaO5jIkzdjIei,ICMP Echo Reply,4547760894,top,1988,12,6,13,38937,6894,10398,16,40,25948,16470,205,24,0,111,2,9,3,0.7352941176470589,0.14634146341463414
hh07xhPP95xuAh8RBLIAUMEhaftnqLRsFKHAZSrpos-u,화려한 요릭,4547760894,top,1988,6,9,10,23149,8608,33380,28,20,35302,11910,128,7,0,354,5,9,5,0.3902439024390244,0.2571428571428571
cc_xensAH61FL0MlLpAGKiWuF-iXk4u1bi9JMU6jNDBE,YELO Fan,4548564242,top,1224,2,7,0,7644,973,9818,17,13,14572,7177,146,0,0,90,1,6,1,0.25,0.3684210526315789
8prA7g5DtCmxjiPqO1L7vwoxtyojaiUjvl1LjnQ722ZEE8Vd5eW8OPzE,명예로운시민상,4547764261,top,1476,4,1,6,16937,3417,23419,15,17,20305,9957,173,0,0,136,0,6,5,0.2777777777777778,0.041666666666666664
7sNMTSy1VtHd6OHCOSMu3Q2xrjToTk1Ft0XiwtHxg31cCoI,bigspace메인망고,4547764261,top,1476,1,8,7,16944,3687,16875,14,29,29256,7708,122,4,0,37,1,6,2,0.3333333333333333,0.2222222222222222
VwuFC23Gzuwt6uwf9Xm07P0vTtBhoZ_8Mwqp7QOp94RZ,Sceptre,4527904535,top,1558,3,2,2,8007,2757,20937,20,18,16744,9297,158,8,4,279,0,8,3,0.25,0.13333333333333333
vBZpYxrVwXQmKCF7B9E7rQaYVUBmq_JzgZn8cwnnDWrtXsdNw52fiXIL,아군이필요해,4546409087,top,2032,7,4,6,16937,5620,25190,30,18,19087,14389,236,27,5,172,8,12,4,0.5909090909090909,0.2
hR8WXPfUXdHPJEweNlKEWrWijAUAAMv9Fq9daMXVJ6Cn,햇반승,4538601302,top,2259,8,9,9,26148,8981,35383,24,31,39055,14926,179,40,5,233,2,13,2,0.5666666666666667,0.21951219512195122
QwH-s5RIJAPxkBaF78c3nbgbn4qNg7FaPuY5n9l6TeXp6RYSsPhIYWR1,공짜닉변감사요,4538601302,top,2259,17,4,9,33125,13717,42867,31,32,37997,19071,267,8,8,118,3,5,8,0.6341463414634146,0.13333333333333333
EP6B9Nj_FSnhm41vlBYjWT1UTDRDbCkax3JjdGBxfS5XIQ4,사냥못하는사냥꾼,4547809144,top,1759,3,4,5,17701,316,9303,24,28,12514,9565,175,8,0,121,3,12,2,0.2962962962962963,0.125
ithWTdt22DJTmJJuvV0C3Aaio2mKyUhWF1p_Y7ABpYKe,밥은먹고게임하니,4547809144,top,1759,3,5,8,15047,7736,30395,27,62,24449,10919,185,8,4,479,1,9,6,0.34375,0.18518518518518517
ozuwDEi3ERrdUN-GRPnr8gw14A1tSBRiXGxOrGdw0JWIpx0rHIFt1aG-,Ku3lb1itz,4506063278,top,2078,6,5,1,22625,6622,9327,17,9,21527,14969,281,4,0,368,3,10,2,0.3888888888888889,0.11627906976744186
b7gfWo9oFc_pE1ZUTUloCrviBJ6gyCEriY1t9Uk7Q4A0,돼지박휘,4506063278,top,2078,6,1,7,13725,7055,31134,26,14,21913,14956,230,32,16,127,2,6,5,0.3023255813953488,0.05555555555555555
79lUvhxf4in_UN-dHMtGR6wsGtiAuj3Ptpa7nDLu0vkyu64,수능이 코앞이다,4539155211,top,2102,8,5,3,16745,6119,28237,27,11,34740,16296,205,82,34,107,2,6,4,0.3333333333333333,0.23809523809523808
UTbbYtBJSD58t9cgctIEHWYkgjl6fmHTWbIdQkFMbulCBhphNj4UkKOg,주짓떼로,4378924554,top,1897,10,7,8,24441,10984,38754,25,10,34506,15858,239,8,0,167,1,11,2,0.47368421052631576,0.1590909090909091
_Xdq469zj6uia3z-fJkcl_Rk0wb2JBXRpKuKW7PtJliT,로타리이상무,4379240392,top,1798,10,10,8,27482,5730,32941,15,22,36483,14836,155,22,5,53,1,3,5,0.8571428571428571,0.2631578947368421
6tlq6-UrNpGmSplndkDvmUIbJmqgr4AcLJBbPvEo0TXg,강아내,4379240392,top,1798,7,7,11,23718,10817,24217,26,9,29342,13429,167,4,0,82,2,12,1,0.47368421052631576,0.3181818181818182
XRmmeBk4vOaLmtQoQ26MoT_IFpAT4TDlna3zBU9UPD06sW9PVX3cxr79,I m rei,4469902330,top,2217,1,7,7,17708,4595,33754,19,25,28589,11418,199,4,1,686,1,11,2,0.38095238095238093,0.18421052631578946
LGJ6MqZUe6uNOvyVqY2Al4HJHAW5UjKI2AUapK3XncD5,Right Action,4469902330,top,2217,2,3,21,19357,12399,48894,27,71,32573,11949,167,2,2,607,8,15,4,0.6052631578947368,0.14285714285714285
YCoySG6J8Tn0yVQ5v-VmI_OWLk6u1IYtr5LB70tZ1a7z,훈송이,4505364970,top,2048,13,7,8,37518,10690,53723,19,41,34636,15600,198,9,7,132,1,10,2,0.4772727272727273,0.20588235294117646
Mii4uW9ymsLaqR0NCl6Erw2nRdfvbl_kzqJU8fAZXDjA,미적지근한 국밥,4505364970,top,2048,6,11,4,17982,7595,44775,22,15,48380,11369,169,10,0,192,1,11,2,0.29411764705882354,0.25
ESFXEJEWiAPzbH-Cf85rvVtEwOu3RXbcRue7BzpQatQ8iOBYF7b9xMx4,신현서의 마법봉,4436418883,top,1709,4,3,10,18047,6567,32810,21,35,25561,11256,162,8,4,519,2,9,1,0.3111111111111111,0.14285714285714285
7GnZcrpDLVpV0m-zsP23u7jsMTwlxIoLqzF-Mt-wFYEu,대장기준뚠,4536852830,top,1892,4,4,6,17059,2635,30603,19,25,27684,13321,251,4,0,184,2,11,1,0.45454545454545453,0.13333333333333333
xUpY7EXSWdB1jk0mgtOjHA29Z5xMpuH97IMOBMHgR3t71aY,뭘봐 이 식기야,4536852830,top,1892,1,5,4,9440,6178,22497,23,10,28092,11812,196,56,8,42,1,10,5,0.16666666666666666,0.22727272727272727
b6yGdM-NcP6ald7BBYfUNFzORDSObWnkmRNhj_bXdjuX,돌아온폭팔,4545757285,top,1643,1,6,3,19030,3250,16111,20,8,22064,9821,183,4,0,123,1,6,1,0.36363636363636365,0.25
mt05_ZrcuwSKbBe1wIC4IQWNNyBol5U0N568_utVsF3PzVs,충북대 수의학과,4540853936,top,2284,0,5,1,4830,2319,13546,9,14,14207,7873,72,0,0,36,1,6,0,0.02857142857142857,0.14705882352941177
AEVDKUUh8YVKYgA0tyrnX-3_MGfZNZSSCBEzFFU52XvP,적색의간달프오른,4522368186,top,2171,9,6,9,26648,9644,47775,41,49,39861,13612,174,16,0,288,5,17,3,0.6206896551724138,0.1875
cbtKRf97L_6NOeYajEq1Yd7nUBzCb_FxMqjq91WVhVfF,미드똥 왁왁,4522368186,top,2171,9,5,13,39620,10499,51485,27,49,45133,16700,209,31,3,313,5,11,3,0.6875,0.16666666666666666
7hZId3aAxm53a64R4_0H7A2fmOXVFCvgVfpDt8PGs1CguXA,T1 Aileen,4537766289,top,1598,8,4,6,17177,9173,12063,10,4,24927,10663,132,5,5,191,0,7,1,0.3181818181818182,0.26666666666666666
cE52qjyxs_uhLo0hWfc3qCrt0TRKd3yKJ0fFjYsLNyq0PJg,소환사마이충l,4548725896,top,1634,6,4,6,19687,2677,24832,21,29,21795,11620,134,4,0,70,3,11,2,0.2727272727272727,0.12121212121212122
XPLkK7nW2POXr84RdXafylOR8czhNxoFF48CyrZ3i1iymKTQ7fE_m4vx,드렁큰호랑이,4538987157,top,1939,6,7,5,27047,7116,23236,20,37,30199,11035,181,4,0,544,1,10,6,0.6470588235294118,0.2
MIQbxwmtxHTZ_nVqvFXBTudCgIEKgRk7Hr6a17FPUQQ9EmQ,잔망스러운손가락,4538987157,top,1939,4,4,5,10913,7337,33121,21,11,41618,11255,196,16,4,33,4,7,6,0.2571428571428571,0.23529411764705882
QQSuHxYgrJZvG3pCi9SNW5E-c4m5fi0d0HIMgsIBd5WD,소대장티모,4547492046,top,2104,4,7,10,21688,4291,19438,31,34,23186,12817,172,12,0,485,1,7,3,0.56,0.175
agPuNALHZ1HMR5BAQm08wJ3rw0Cf3Hv-k84Ud3ZMfkl7lAh1V5jjWCMB,야 너궁 개쩔더라,4548707753,top,1257,6,4,6,14966,5196,13288,10,18,21724,9262,146,0,0,27,1,7,2,0.631578947368421,0.2857142857142857
5XB4S3AJrUierkiCQzg1xwFfqOlQdTp_Yqanq5TzBH19-bSHNylOHaWi,전체차단시작함,4548707753,top,1257,2,6,1,9552,548,11395,14,18,13836,5738,80,4,0,162,1,7,3,0.21428571428571427,0.3157894736842105
GmHA7ai0LelYqsLeiiegfj3CvPrIBoo5YMXMLD3gtAoikSY,이세로이,4545681025,top,1447,2,10,3,10139,975,15699,6,14,16628,8702,152,5,0,92,0,4,0,0.29411764705882354,0.29411764705882354
vV9Ey3yC9_ZvJISSEIUzupjwBndK82nZnyScz0uYPaTTVyc,동물의왕국두더지,4241988345,top,1639,0,7,4,9119,3395,14897,13,8,22444,7176,107,22,0,128,0,8,1,0.2,0.20588235294117646
AcyinPgdRc_F5FkkovyLdgOLbcLD6Aq0VNVCZXVfuX2T,아루아아아,4241988345,top,1639,8,3,9,21932,9742,24184,12,10,26313,14776,208,4,0,124,2,3,2,0.5,0.15
zLKZdXj5pw1GMNNLTwdwLMXvYA-EMnq5KRbJiVq8Rc8W,갱연이,4425885330,top,2024,3,4,6,15268,6384,38884,25,15,28817,13425,230,43,15,295,1,8,0,0.32142857142857145,0.1
vM2rcKQFBFIhdk9Zcs8jUvMANzNrmdFBSbKQG2X9ziM,미간에영로깅,4548734283,top,2043,3,9,12,26465,3978,16596,24,36,29958,10850,214,8,0,670,3,10,5,0.6521739130434783,0.24324324324324326
eldbr9uSHl-7RkzTeqYYv8ggk7T8XeknrGvVC02aFFlHGlU,파마프랜치,4548734283,top,2043,5,4,4,9578,1338,31963,18,15,27354,13168,194,31,11,114,0,7,3,0.24324324324324326,0.17391304347826086
7qFhPo-vwZMAYCfbxkuQuV_BD4Ee66DM-ypmJpJNiIbJ,시원짱짱123,4513509138,top,1563,3,4,3,6034,2451,11632,20,8,18604,10048,155,12,0,44,2,11,0,0.15789473684210525,0.21052631578947367
Z72pu0rbafmxBV9t9ZyNkrhlBD2i_j8iGAX-4UvJG0FMdg8,티드래곤,4492356079,top,2088,8,7,7,27837,11430,19853,31,6,30225,14349,236,6,0,95,6,16,2,0.39473684210526316,0.2916666666666667
xzZfVJgKr5Xj8LDx57zV52fYlbYayZna8VHHR8lwycEZ564,브5까지가보자,4492356079,top,2088,5,6,13,17900,3313,58892,16,40,39406,11425,166,4,0,363,0,8,3,0.75,0.15789473684210525
NvNGJ2nbGFyzpDf4PpBSUosQX_Q4HfHwkK-XM5rweP9j,똥쟁이호구,4494109600,top,1403,0,4,0,8120,2701,11387,8,1,17539,6676,167,0,0,19,1,4,0,0,0.15384615384615385
3-ne5HkasGvgraLkBMY8AjFKcSCH_AjK0m3b8KuuFPYsCRkyIn3Yr1iS,172cm67kg19cm,4494109600,top,1403,3,0,4,15944,3870,11289,8,6,10016,10397,189,6,1,93,2,5,1,0.2692307692307692,0
qfDRtEFMoPHZoNXx_YObYURKPnKnI1iEzjlyHzZrwEJwV2I,전설의용사김하람,4545107751,top,1311,6,0,5,15422,2096,12201,25,18,15590,11298,193,12,5,166,2,5,5,0.4074074074074074,0
1J__DyUIgyv5G1QsRAU00GkUjo5dLHHyltUn0YI2-D3VhWY,의태좀비,4545107751,top,1311,2,3,1,8719,849,13712,8,13,12749,7715,157,4,0,67,0,6,0,0.25,0.1111111111111111
wqgh7qU6PAuZhoHS36O2d2GqWmP5LX6aW2O62Z1me3_PQIdcSe3sGzOU,슈퍼맨cC,4544528348,top,2191,2,8,7,10358,6322,42079,26,17,36840,11008,140,12,0,315,1,12,2,0.21428571428571427,0.25
q2K2ubxKIcZniRJyDfoIcEXez5EA9jDXpXWGJ0jdcUuq,두족류,4544528348,top,2191,5,7,8,19775,10769,33614,19,28,36730,11663,201,0,0,191,1,11,1,0.40625,0.16666666666666666
1Py2EFNhweI-PbTmsHRPW18fFPMgefwpUgNr2xtb7YmYOUooS69bMAyx,얘네장난아니네,4540387673,top,1654,1,6,8,10747,3821,15215,21,12,20537,10331,159,12,1,43,2,6,1,0.2647058823529412,0.46153846153846156
3dNY3CIKeqJUXHIp8kIB6xhQKkO4LR92GBpN9iMrwxCG,와라바쉬,4540387673,top,1654,6,6,2,21906,2115,35627,10,38,28324,10422,195,0,0,547,1,6,0,0.6153846153846154,0.17647058823529413
1uYlfjitcU6qpAyAXqspFxOs3_QFdlVPaS2QCZITjP5UJLQ,멘탈잡으셈,4544828285,top,2156,9,6,9,34619,32534,64664,20,34,57887,14119,184,10,0,264,0,4,5,0.45,0.17142857142857143
_jC62C6zr_cqpNMeyIvEkppP-yULT9doWRvkavXKGZ94mCqFzEoqLkqV,윈드라구,4540193268,top,1754,4,4,8,20083,4922,11653,40,30,21079,10212,167,0,0,444,2,9,9,0.46153846153846156,0.12121212121212122
rRGcWwy6Ca-s-tHYeP_HbXOn_WnwYNqaq1mZr2Hxsejb3pY,ALL차단1234,4540193268,top,1754,5,8,8,17836,9030,21591,10,25,29742,10112,161,2,0,418,1,6,1,0.3939393939393939,0.3076923076923077
j3fE-KT1t6BP6ZyG0C-LJpBfHkKYjU8KSRndS6ois6Xj,패션왕슈스,4500404010,top,1592,6,7,4,11901,3344,30412,7,20,24566,10147,142,0,0,64,0,6,0,0.43478260869565216,0.25
f062w6jLlks27t8HAhPkZma9Z6HXgDhc8uMn9dkN5xbK,새벽을여는나,4500404010,top,1592,17,6,4,28670,6924,40335,12,43,29630,15469,158,22,21,187,0,9,0,0.75,0.2608695652173913
ZLO7kchLJP-GmW1JnxeDkNEK9bNrOgySLf89UxDYrTadacSeNxdQ10cu,별것두 아닌 게,4534492969,top,2108,7,6,12,24699,6293,68419,23,46,32694,12940,170,8,6,702,2,12,2,0.6551724137931034,0.16216216216216217
WZMs3gZMCbEi28QcqWhbO4z-chjFiHk_vncoNd88cwVKiOA,일진망나니,4534492969,top,2108,3,6,8,15875,10514,27653,16,29,31405,12022,185,6,0,223,3,10,2,0.2972972972972973,0.20689655172413793
75d03jmvT4GkezECmHpqOX7hnQlqqIJSdp_jcjunr_LmFarIipEDyD77,엽기떡볶이주먹김밥튀김세트계란찜,4532725725,top,2067,12,4,5,33805,17382,27503,24,25,41049,15541,202,2,0,281,2,5,4,0.4857142857142857,0.17391304347826086
Gj4HQDkYIrXLhTFtuSG-VnECOApR8jOGsHzs2292j90vutk,Assassin Boy,4532725725,top,2067,4,7,8,27311,5227,22927,18,20,29861,9964,129,0,0,181,1,12,2,0.5217391304347826,0.2
EzZiQ2mrvE3g9q2u4LrZzFMKgCoVRDn_HV9oY3Lx0Zdonyc,저16cm요,4539009405,top,1745,8,6,9,23348,5979,12942,34,20,16746,12376,203,0,0,68,4,11,3,0.5,0.2857142857142857
W9nhzK78pUGHKBmruXODxap-Vqus5TcJDqu4YnLTwcJa0EE,GOGO UZI,4539009405,top,1745,6,8,2,14001,2807,16823,28,18,28295,11324,200,8,0,139,3,12,4,0.38095238095238093,0.23529411764705882
r5srAzNUfH34e4O4ClIFvJWK4uezYIjX_6RG0PdgGDTd0lpZj1yh4ri7,엄준식빨럼,4470328519,top,1558,1,12,0,8828,5502,13917,6,10,27190,6941,149,4,0,124,0,5,0,0.06666666666666667,0.35294117647058826
FEiiOFywmDQgbGduph_10nEwHhPOsi6im5SRtfhbO4SWVJY,6학년 3반 김호빈,4454695190,top,1788,6,11,3,13292,4717,24846,17,3,29121,10990,168,4,0,33,1,5,0,0.34615384615384615,0.275
NLqOhW9iE2vR6n3stRuyOMfUJb-J3Y7wA7_FZBuydQHadRQ,버거킹 피즈스틱,4516611148,top,1253,2,3,5,11630,490,16919,10,25,14151,7519,120,0,0,403,0,7,0,0.3181818181818182,0.25
QS4X0Tpi5xPRHdw6FVjuAGXxBfkpZiWZJTkqxzQPnGdd,No 1 Shooter,4516611148,top,1253,2,5,5,10765,4662,9627,11,82,17122,7058,130,4,0,176,0,6,1,0.6363636363636364,0.22727272727272727
Xyg_DTZq4RYtB8xqF1foL0idtCkb_MBm20IgWsgMmkQuu2sRcKJaB6WH,WMWMWW,4543885626,top,2399,4,7,7,15034,8415,39206,17,23,38123,14073,198,11,1,405,1,9,1,0.39285714285714285,0.25925925925925924
0I2MhmyAJHk3S_uhr4yBTiEq-4HPD1N2UuhUKmGHnwcC5lc,꼬딱지 살인마,4543885626,top,2399,5,3,8,22945,4704,15147,40,54,15853,11792,123,4,0,450,2,7,8,0.48148148148148145,0.10714285714285714
tYKl1W0rlbV78KkL7ctd9Gx3uepZFmmzevfWhS3FXANL,두부두부 김다현,4472054469,top,1448,1,6,2,8385,557,24294,12,34,18298,6064,120,0,0,576,1,6,2,0.17647058823529413,0.1935483870967742
ywqLlbMbvoMFXZ-AHNvLCprctwoOCcgFMFBjCqOZcFIBOg8,가란충,4541272708,top,1656,4,7,12,19415,4627,16736,14,19,26960,11141,154,4,0,114,0,6,2,0.5517241379310345,0.3181818181818182
UwyJfJevHd0F47ggU5ftr2uq9QDTt7w5i7YFou3yzBah-a0,침대위의바니걸,4541272708,top,1656,0,6,5,5402,816,17299,14,18,19107,7303,130,10,0,82,0,7,4,0.22727272727272727,0.20689655172413793
sFjIlII1R7qStPoA_-RuuvVFazLjrL052woPLbkMd95XaGA,premium감자,4547550275,top,1390,1,3,1,16302,981,7333,13,25,11189,7562,162,0,0,298,0,7,3,0.5,0.16666666666666666
iXLZus1bHH1C-4wJRrKLHs4tDWVN3gHBPbp1S-5rjqXO9OY,새우깡볶아먹자,4547550275,top,1390,3,0,2,5048,4565,10876,16,7,15065,9004,153,23,13,26,3,4,2,0.2777777777777778,0
8GShTcrmcbdlefz2P0HgHhkCvLbcj6HS5ZK8icMStMzmzDDeP6Ld9yAr,Runing Away,4543270686,top,1584,2,4,3,13495,7050,20272,29,7,23020,9823,174,4,0,110,3,10,3,0.16129032258064516,0.21052631578947367
AkTPDOXGZRLHmxgx_D0fMxcnL590JXktctqqWvJuNA7u,석인정,4543270686,top,1584,2,4,3,15649,1459,24252,22,17,25752,9421,176,5,0,134,2,9,3,0.2631578947368421,0.12903225806451613
fIcZ5RsTNh2Cd_aJeTNzZNnip6VI6dA7J2dG2Tf4WBVm,지박령 전문가,4483377897,top,2348,8,5,8,21867,15914,48315,21,29,46934,18377,281,2,0,68,2,4,7,0.5517241379310345,0.16666666666666666
Cwiv3lUmbN6C6R7DPMRGhsVxrgRuTD0LZLxlO7JHw2RhTng,하늘땅별끝,4531986331,top,1272,0,2,6,10059,6334,18540,5,35,14697,6527,105,4,0,276,0,4,0,0.20689655172413793,0.18181818181818182
b3YeQmM_9quiL_tIAqYXDRE-WckOqNWBk_g2o54CAUDg,파평윤씨 33대손,4531986331,top,1272,3,4,0,14543,3413,12918,10,0,19882,7861,163,0,0,12,1,7,0,0.2727272727272727,0.13793103448275862
IxfRjqLnVqE9CtFUSBsInn6VqWdsr_gbg2ywAkU1_5DVgr1SzKEOQ8wB,브실골던지는사람,4474568967,top,1824,8,5,7,19344,5028,19567,17,12,25316,11371,149,8,0,31,3,5,3,0.5357142857142857,0.15625
iBRXPD7Uny674aSktiuMmaLUhxtp6MI2poNdpusgHjtLsWg,무작위챔피언파편,4540556100,top,1213,1,1,6,7326,5174,12321,4,39,13914,7082,109,0,0,364,2,3,0,0.2413793103448276,0.125
6mfu4ZlDNbLQGKQZqtGlbyBfrrPxHIalQCEHjGxk4I1AdzM,shyarrrr,4540556100,top,1213,1,5,0,7829,197,4850,9,5,11410,6167,148,0,0,47,0,6,1,0.125,0.1724137931034483
pr3E9e7q3KpoOR1cdXsZVh7ZAolYfUTAh3QIhCDYPL8tb2g,대포달린호랑이,4530376204,top,2197,9,9,5,18724,8388,43876,14,29,40480,14478,209,4,0,43,1,4,3,0.35,0.20930232558139536
7jnvZ_g4phARSXmB7BlOUAxpT2BvyFJXZBnJH4SIJoHTw7s,아무무 1등,4530376204,top,2197,2,7,7,15536,5408,32522,11,29,26994,12051,164,0,0,427,1,4,1,0.20930232558139536,0.175
rJSNVDZlytltqLIC0KaJ3Hr51KcxyibmO4qA9dbcuD-d,킹잼티모,4548075156,top,1589,5,6,8,21065,2038,10105,32,32,16375,9044,139,8,4,376,7,11,6,0.34210526315789475,0.4
L3fHKJeCjLgiMa7fXknJSWGUIHGbMRRYHMX3JwsvyEwqZbc0P8HZ6hCw,충격의꿀돼지,4548075156,top,1589,6,7,4,15777,3712,8751,17,15,19569,9420,157,8,0,145,5,13,2,0.6666666666666666,0.1794871794871795
mt05_ZrcuwSKbBe1wIC4IQWNNyBol5U0N568_utVsF3PzVs,충북대 수의학과,4540853936,top,2284,0,5,1,4830,2319,13546,9,14,14207,7873,72,0,0,36,1,6,0,0.02857142857142857,0.14705882352941177
9Ucp_loOW1w7Er8HkXFaRxuV8--KzKEwnmYh71gUhY_Io54,버스타기좋은챔,4539865224,top,1397,7,4,3,20526,4889,13682,18,27,22205,9715,145,4,0,206,2,9,0,0.3125,0.23529411764705882
_hWnXLebcUfZeHiwDoU3uUsUF3vP6cJrYYVXkkh8Mj5C,성경든부처,4547972996,top,1536,10,1,5,14450,3294,18746,11,35,15431,11069,140,16,8,105,1,6,0,0.40540540540540543,0.058823529411764705
mO6RUopFCyTCW_4M9vxNJ1u8SnilpR4n8lJoXYleenGhBIBFRqEnPzv_,스 또 죽,4547972996,top,1536,1,6,3,10754,1931,26201,11,16,22981,8092,177,12,0,267,0,6,1,0.25,0.16216216216216217
b8hXt1clPQTPcB1fZV7uMpkHHgorK-NghKVBsLnFpsnhTAXf78DjSuuP,강성웅,4540879997,top,1412,2,6,7,16218,1058,7063,14,10,14339,8725,141,21,0,130,2,6,1,0.2571428571428571,0.3157894736842105
BHmKdGZHfuICzvtInk8YQM-UR8OM4t5XTySEZe2jTPBp,leeduckkyu,4540879997,top,1412,7,4,3,13786,2576,9138,19,24,16125,8469,126,0,0,319,3,10,4,0.5555555555555556,0.11428571428571428
OGRMGp5T7yqi_nuQUmd9ERyU9osoQB-NDZ__B8RNLlr_-g4,진우부캐,4507186995,top,2044,5,9,3,24614,3996,43936,22,32,38340,12920,193,4,0,237,5,10,2,0.4,0.1875
kByQR15SCyQolyIn2Tk4KldThERPLPy3HFR1qdacEfql7Wk,홍쓰베베,4507186995,top,2044,11,6,8,22152,3938,43567,37,37,31515,13948,156,22,8,134,5,15,5,0.40425531914893614,0.3
j6rO7L1rTtPhpAOe76swX3N2SNDizG2p52gQOlhXYT2t,물고기잡아라,4510354017,top,1451,0,10,5,10406,9844,14983,10,18,24757,6345,116,0,0,139,3,7,0,0.25,0.2631578947368421
t1DoGI0NUP9OcZgXmpexBMvAm0ef51u39CUaNXOSTMkG,인생갱,4510354017,top,1451,6,4,9,22181,10104,19062,17,14,25063,10124,165,0,0,51,1,5,1,0.39473684210526316,0.2
XHOFkMUwer7nKUOYBt00l90mpLQwmxiTLzAfzmZhVUXsmRg,미첫따도랏따,4545931037,top,1629,0,8,4,8736,1748,13079,24,1,20399,7201,163,0,0,17,1,9,4,0.17391304347826086,0.18604651162790697
5TN4tM8LUlRXPa5HpleqM5rFIbTMEaVa_Cij9HbT0XgV7BgLzf8QAlKq,오늘과제를내일로미루지말자,4545931037,top,1629,10,0,9,14937,8136,16829,31,25,17475,13811,159,24,24,393,4,12,3,0.4418604651162791,0
srfwvj97j6dd-WxZKW6zYc0YpPCwkecDx6yxBkc1KQuu,불주먹꿀간디,4286397787,top,2051,6,9,7,22271,10267,29281,17,17,37334,11923,170,8,0,185,2,11,2,0.3023255813953488,0.2
ZhFs1J7xhIFgYG2kq8qFoonCjXt_Osjc5EHan-pqVx1y,핑크밍기,4286397787,top,2051,13,4,3,30202,5850,38276,39,50,30249,18355,217,72,16,331,3,14,5,0.35555555555555557,0.09302325581395349
9V1h73DCO8181Glb6TJaufAHPm2R7HGVGBGMkQ0p3wWQ,삐삐비빅삑,4542811330,top,2486,7,12,14,24369,10343,41187,23,6,40047,14038,173,23,7,282,1,15,3,0.4375,0.2727272727272727
BHgsDoO6JJMCpR-L7Jm-O-WIO16cMytRvpI1_IWN-pEzFzY,xkq탑,4542811330,top,2486,10,9,18,40391,8887,62039,22,53,49526,15078,182,0,0,225,0,14,0,0.6511627906976745,0.1875
123HIEF-hSNnNShbuR2Zn6LuW_BzECImkhj2zSRghT8R,CS만건들지마,4526230791,top,1883,9,6,7,36623,7923,27870,5,7,30890,13531,212,2,2,58,0,3,1,0.36363636363636365,0.2608695652173913
eGDOU74VnWJC24WjSqRxznfzM83jcTao19XeiiSmIOCR,TeamFare,4546045310,top,1666,5,5,6,21567,4992,13379,13,21,20530,12244,190,12,0,111,0,6,1,0.4230769230769231,0.4166666666666667
-daEla5tu5iVTiUcRCMP6JfVFC6T8PAob4XeYXeGFPyMGYUTqLX-Bi52,정구영구,4546045310,top,1666,5,9,1,16611,3301,12993,15,2,24113,10669,170,10,8,25,1,6,2,0.5,0.34615384615384615
mBzTiLl4MsBtEYLHG8y91QNgY-_T9GyIldfJyU7xTgR0,경상도황민현,4315441647,top,2099,4,6,8,22722,19226,22365,20,6,31448,12542,220,4,0,136,0,11,2,0.4,0.24
G7gFGXXmXFo_QNqIn1m6hEzlfe-7Omm9FIeiTn8vIBtHjdI,이름따위 막지어,4547843054,top,1616,17,4,2,29024,2607,22664,31,27,20846,16031,179,40,20,126,2,8,6,0.6551724137931034,0.25
8hxJUrmiBdozzbg1oGocLj-rITP9ymgRkudLupU0wCax,정말날죽일건가,4548689016,top,1797,1,3,8,10251,3070,34930,8,19,25463,11413,200,0,0,241,1,6,0,0.3333333333333333,0.06666666666666667
6b0WLBOJVmZVIzN6YoRtdP4KprnAxG9GtQeOjG0vWhBD,렐 읍,4543439399,top,2640,10,10,14,32523,10253,31639,32,20,30763,16753,227,14,8,349,4,9,4,0.5333333333333333,0.19607843137254902
b1Ie_JJsGWJLN_LRenERDiua1DRbkTefS3SwCMNv4XgF0X48HBFvofaO,T1 inzik,4543439399,top,2640,17,8,12,48309,18071,30071,24,9,44759,19367,219,4,4,115,1,17,2,0.5686274509803921,0.17777777777777778
a-eH0Qh3Ku9v2JsjWhk9MNe6lTVVgtU9YyEUF4Hnmr9e,오직 직진,4544096200,top,1497,0,6,2,11017,964,23379,5,9,21966,8522,178,1,0,68,1,3,1,0.13333333333333333,0.2857142857142857
mwjnKRbic_qSqI_CQBTsAa7qHJ5s4TN4EX9l6AzddEFOlro,Cocky movement,4544096200,top,1497,3,3,4,13616,3986,11702,24,9,15683,10137,219,6,1,52,3,10,1,0.3333333333333333,0.2
hk5RvoRNQW25rlKqfoL81js6FnEa45PBPOKamgZXsL0jJzerqnMlBged,노빠꾸민준잇,4544399992,top,1709,10,7,6,21461,8075,38313,13,26,30095,13172,162,9,9,210,0,9,0,0.4444444444444444,0.23333333333333334
NvR7MmvF68771FBK6Lkwz2v0UIpBn6yq7IZ0oqWNS_cUThwFIr5T789a,MileBoy,4544399992,top,1709,15,9,5,43713,16068,46568,13,24,41489,14302,136,10,0,100,0,8,0,0.6666666666666666,0.24324324324324326
lB9kjmx08NaMoULqgr6q6FGk4cn643pmkqPJA6ULS_l2,용기와 광기,4514741241,top,2372,8,11,10,21318,6304,45190,16,30,42168,15756,206,16,8,200,1,5,3,0.3333333333333333,0.28205128205128205
4m40lZL7utYt7u8MUlum1OqKt3BRDNjkmlaZQOYiSIy0X5cYnsBreiXQ,탑루시안너무싫어,4514741241,top,2372,10,9,6,25575,12419,41027,31,26,51534,15491,221,12,0,44,2,12,7,0.41025641025641024,0.16666666666666666
_uQiSN-zw8_GZZ2KhwqyZju2uSnMpcTPmLbBzAkraBI2,꼴릿맨,4547665654,top,1745,3,6,0,18914,5625,32451,14,6,22852,9170,157,4,0,45,3,9,0,0.15,0.3
beB-xXlsDf64H_8-w_CaDkGaHFUltvztUJJ76j3gD5sf_kzMeq-O26tH,GodOu,4547665654,top,1745,9,3,4,21942,11037,28492,18,41,33665,14253,196,13,9,349,0,9,2,0.65,0.15
EtnA-qM8-5MlhdUsAmdNOHNiSqC1geaiZqaE2ltfrcmQcjY,계란노르자,4548309540,top,1546,2,7,1,14523,155,7448,21,8,15094,8154,157,3,2,93,4,10,4,0.09090909090909091,0.28
nnKHtW71yLS03g6biSK0lxp0xgpupm330CnzCtPN47k,독수리 이글,4548309540,top,1546,6,5,4,14536,2638,21020,14,18,24228,8823,134,0,0,176,2,8,2,0.4,0.15151515151515152
TI2FyUuriK7j7V0MvLgLl0FrZd9LEN6iMXzqr0lHxwsJS0BzKtWuSw2v,SKT TI Y0J0NGD0,4548704855,top,1332,7,4,0,11464,7476,12760,6,13,23442,9294,128,0,0,212,0,4,0,0.6363636363636364,0.2222222222222222
lWEm4amjK5GfnyANU-j3q1yGMjj9NcOF6KKp_icNO8Xm_BM,HeyMissTrueLove,4543901684,top,1831,9,6,5,21743,1708,32790,14,14,32265,14459,177,8,0,170,2,7,1,0.5,0.1935483870967742
Gxr8WZwHSdfVUDoP2TSXrwBGn3tNqWRoB-yKxwWoj7h4aq-j1-STWH3y,껀껀껀껀,4510659740,top,2047,3,8,3,14102,1630,28597,26,19,24210,9572,137,30,10,334,3,8,5,0.21428571428571427,0.2857142857142857
OVCVp7crzQJJ2NvLUdF2hQV0TDG8PJgNklJVj7y5WvCU6og,진희씹고자놈,4510659740,top,2047,13,4,1,18832,6162,23387,19,17,34243,15974,203,23,0,115,3,8,3,0.5,0.14285714285714285
SEvmRE_MyQJzwU9X2ecvgE5ZqmH6t54gSdykASlmGJZfMRwLU_hmu6TX,삠뺨뿜,4503326247,top,2052,13,6,6,30147,9068,33263,19,31,31636,16551,187,12,0,160,0,9,4,0.4222222222222222,0.16216216216216217
-sayrtlvFn4NO4GXAbcy9gv7x5RRedHXVl3iNfDaWUFa,꽃종기,4503326247,top,2052,2,9,9,16259,3259,26247,37,11,26937,10634,184,8,0,202,4,15,1,0.2972972972972973,0.1956521739130435
XEwlmPbtHgMgrShvrllME0oVhxlWUjNTkhpVXswH7maWoiA,세트노밴plz,4547850889,top,1918,3,5,3,15314,6643,37911,21,64,28577,10310,185,4,0,484,3,13,1,0.35294117647058826,0.16666666666666666
tZwKmiTiQ5JKs0zCqGrbp3WzxBdaKAl_74FjKzi6DDJYq5OeXziWW42D,Difallic,4547850889,top,1918,8,2,4,21051,3557,33108,31,15,30107,14116,190,8,0,136,4,11,4,0.4,0.1111111111111111
HwTOpqyhy_VQfeLW_fAxPn6i40STRMBfGQ8spiLK9ahD,냥냥냥뇽뇽뇽,4252746946,top,1728,11,1,3,18286,2394,25201,15,22,19994,12571,163,20,12,72,3,4,2,0.5185185185185185,0.058823529411764705
tDLxvcCSWUNWGzMqaYUSSqPnLzFwa4PaqkqXyxrGgjow,티모 그분은 대체,4252746946,top,1728,1,8,1,15271,3241,8844,11,33,21531,8667,162,4,0,440,0,5,3,0.11764705882352941,0.2962962962962963
6JB8VcGC7xOgnal46TNE6Xo0Qmu-Y9cOm5aYTLeKgMaa4EI,Myojae,4420152817,top,1983,2,10,9,14002,3984,34865,15,25,33299,10268,151,6,0,453,0,11,1,0.2972972972972973,0.22727272727272727
LDTiE-1ms2gcieDBzH1n2XlVwYmf31QBnUZ-QBEf4fCHoWLPc4ncmp8V,미래소년권현영,4420152817,top,1983,23,7,7,60882,25058,72752,19,27,55790,21143,220,15,5,199,1,10,2,0.6818181818181818,0.1891891891891892
Bossc7mMshEq1bCfoIs-mMHeWwTYCE9yP7ADPZKs9eF_fJ4,dlwlrmaa,4547099652,top,2186,3,8,2,26333,12063,50287,56,4,51974,11545,236,4,0,124,2,10,3,0.16666666666666666,0.16
jyg5Q92yf09Dpxq16fiO8qJE2uWqxMHIbrVkDFwbD1NIe7w,안에다 해주세요,4547099652,top,2186,7,5,15,39515,34182,22199,28,6,38238,14546,239,0,0,104,0,10,1,0.44,0.16666666666666666
DvlXkf6sSs7wITtNssu6IO_OJCtSUl26l6pGXGzDoFghX1M,혜리가짱11,4548696769,top,1697,7,8,3,16047,1210,12747,17,8,20178,10999,193,11,0,78,1,8,3,0.4,0.32
rvmtrFkNELeFZ_MrB8Co45lpCFHSF7XLX3ni1NLC5Ww,하르넬,4548696769,top,1697,3,4,8,11749,2524,14217,29,9,21945,9442,135,4,0,53,3,12,2,0.44,0.16
ogVasyJSVT7IFNFyVi9KdCwdny0CeuupEgou32Kx6sP6tN8,마스터호박,4547798471,top,2009,4,7,9,29645,1471,10341,20,23,22671,13480,231,8,0,309,7,16,1,0.4482758620689655,0.16666666666666666
CKgi2IkaSdjoKoZtA9LYGLp0rNx_aBleyLKMkbt0mg60OXI,Keful Jace,4547798471,top,2009,7,7,6,18582,13999,38257,22,16,40742,11538,174,4,4,650,1,4,4,0.30952380952380953,0.2413793103448276
RisixWz5Lri4vlfck34SKGCDMxENRibb6Zd4ULkGTTh5cqw,조춘신,4518440078,top,2059,6,6,11,31469,9908,27996,15,17,32035,15409,254,12,8,92,0,4,3,0.4857142857142857,0.2222222222222222
efw2f3KPpOtDEgl0xpGfPgCO6tHj5RalZW2O2rHZqP4b,Ashley Green,4546509073,top,2131,12,1,12,22497,11662,37886,37,16,26687,19917,239,46,23,243,2,14,2,0.5454545454545454,0.03571428571428571
JuSTmq4rKOx7OOgDjzOwAEqzsQdJnQY6MLofLNJviz6q,프로젝트김용성,4541541248,top,2258,19,4,1,48266,20021,68818,45,20,52186,21509,288,33,9,241,6,17,6,0.5263157894736842,0.11428571428571428
CSxgkR3SbD9Xx1XpnTq2MNNPQYz2xVr-QexSVa6P3AaU,p4phero,4541541248,top,2258,5,13,10,19348,6697,17707,20,3,31381,11402,166,2,0,80,0,5,5,0.42857142857142855,0.34210526315789475
91zpRMU8FeSzSFmgv1jqaw6PPh8brS8whdpU3sJsZcuk7HM,no blue carry,4517131575,top,1610,21,3,8,40030,3989,16447,19,24,21488,19077,236,12,0,354,3,11,3,0.7837837837837838,0.0967741935483871
hTvw5O5twe9Eb8Kv5LuzZQIwNaGb98OyhOs2VGHR7av8Kyn91BniRN2e,별뿌리,4537439219,top,1790,5,2,2,6625,1494,6279,10,6,10374,9441,128,0,0,31,2,7,0,0.175,0.11764705882352941
iPGPGtIBKKAwxXa4OB38il4HuRnnd4N8wTmdfY4Yjl1OhWE,챌린져 동선,4542253763,top,2084,0,11,7,17985,3259,14279,20,23,27157,9170,142,4,0,41,0,10,3,0.20588235294117646,0.2619047619047619
i-5cI1Y8uIEcTa08xKEPBxIfRFAZ1TrmnEEZpXxy7FxenSBokTmFeLue,잘보이는트롤,4428099261,top,1393,2,6,1,6099,1985,8851,8,5,18093,7077,94,12,4,52,1,7,0,0.2727272727272727,0.25
ABQjZOh03oEaiUGs30VVpxsavUxzIf92pd5sbVlYnbWK,행패 행패,4548696926,top,2132,8,7,9,20282,12788,35208,16,29,37007,14109,173,15,4,211,1,5,6,0.4473684210526316,0.15217391304347827
sV7yUzhqkaTA7nV9Ywb-uTN-dxjUMvh_LLhmAFzpnYcYHgUA0AWwlUoL,노고통,4548696926,top,2132,4,7,12,24011,7350,29966,31,39,31172,11965,145,11,7,212,5,15,3,0.35555555555555557,0.18421052631578946
adzCtAILmc1SsCS2ePq_KESUpKsb0FtMYVVg5IDIW5HhVA64thO59H8z,리기태,4526293185,top,1295,7,1,0,10493,4106,10008,12,4,12190,9561,162,17,11,39,1,7,1,0.28,0.1
jtMHh9Sq5lPuxRKY3o5RgEkVrOX8f_H-MsKcQ7xw63mrtZU,챙겨주세요,4526293185,top,1295,0,7,2,7806,0,6237,13,8,13450,6363,152,0,0,38,2,8,1,0.2222222222222222,0.28
KTgUiVmERvfT9SnUY3l2iv0CIupMEWxW5422btKrWG2pTvuQ62iLRX4y,이제는 다르다,4548729244,top,1365,5,5,4,15417,2258,8609,12,23,13700,8221,116,0,0,60,1,6,0,0.5625,0.13513513513513514
lHnV9o9FBBWpjXAUYfQLJk1j75vtHzjlOjptZ15qrg0KOnEVK19sJAXW,갱생쭈누,4548729244,top,1365,6,3,4,9890,1747,9171,11,15,12307,9876,156,0,0,135,0,4,3,0.2702702702702703,0.1875
0cWZrG3L3XI-LWBoTwF_MUXcnVSYOfPxBHTSpYanuLNE,날카로운공격,4527723939,top,2021,2,5,5,15626,2560,38090,16,29,20858,10996,196,0,0,611,1,6,1,0.35,0.1282051282051282
KZMpeE5y1gIua30JmRKt98coIbePD2M9cjJHsfV0tHFB,NoSpell,4527723939,top,2021,6,3,2,17858,4648,16537,24,26,19661,12227,201,12,4,415,3,6,2,0.20512820512820512,0.15
cW4n52lfzVwFtEKlKRiGFUXtCeay5s_SUFaKCIGforzJ,원딜 키우는 남자,4547546233,top,1603,1,10,13,19982,5753,19283,12,24,27555,9864,153,12,0,52,0,4,3,0.34146341463414637,0.38461538461538464
RIcJoA5fjwj07szvWt6Ugp4I2BlNRSFpcFi0DcccaTm_3Qc,SUPER MECA GAREN,4547546233,top,1603,9,7,9,25087,14261,35804,12,28,35087,12807,147,10,0,363,1,7,1,0.6923076923076923,0.16666666666666666
