account_id,summoner_name,match_id,position,playtime,kills,deaths,assists,totalDamageDealtToChampions,totalHeal,damageSelfMitigated,visionScore,timeCCingOthers,totalDamageTaken,goldEarned,totalMinionsKilled,neutralMinionsKilled,neutralMinionsKilledEnemyJungle,totalTimeCrowdControlDealt,visionWardsBoughtInGame,wardsPlaced,wardsKilled,killsRatio,deathsRatio
Ga4ymM1T0EI7tqna0dAJRv5zY5XfGTCr4YtqKYOtxoUOBUk,이름할게없다,4521410205,jungle,1478,8,2,7,10786,13102,12738,24,12,24768,10111,17,132,4,551,3,4,4,0.6,0.14285714285714285
mRsKYMZ0gYT26jTfaYSN9uBcjAuFuKRJzGpaigm8W91zvlwlCm4Vbn1s,고독한정비사,4521410205,jungle,1478,3,5,2,8403,9251,8434,15,11,21240,7819,21,123,0,145,3,3,4,0.38461538461538464,0.2
QQt4tl1YuG2w6n0eniHUP-i8kFygae0GybimhDS12DubyMHCNUbV8vdl,DRX CKM,4547678483,jungle,1344,5,5,4,8907,6125,17510,12,12,23846,8140,19,111,3,219,4,9,1,0.6428571428571429,0.18518518518518517
oxeat2ZXG-i4zcIr7OkrPZnM8i1esKotzoJDYtlF3Rc86Eo,도전 긍정롤,4547678483,jungle,1344,3,3,8,8269,10671,11830,14,9,22748,7660,7,100,0,409,0,7,2,0.4074074074074074,0.21428571428571427
Mmsk4PxJzv3HOeRy2r1b8iAWbpMlIV_QH32lHIvGWZobDDuWgPRZXfUK,죽음의 쉼터,4548259241,jungle,1259,7,0,5,8579,11819,10656,12,10,20509,8978,26,110,9,241,1,3,2,0.46153846153846156,0
7HFVHJPKB9luapywp1ByTzZjWk8HKuvfVu9v0v40MISl,광화문,4548259241,jungle,1259,1,1,2,2575,11621,10414,5,14,19875,6043,14,68,4,264,1,2,0,0.3,0.037037037037037035
euNfaLWmNtjh0k3ADdd7zhebZDMX4q3sbzOeC3bpELycvqY, 브론즈황제승혁,4431170068,jungle,1657,7,10,4,20740,14074,17391,13,11,33319,11571,32,104,8,186,2,7,2,0.5789473684210527,0.2777777777777778
SiGVbmw5bmFfH5v9_RpT0R6U8Gbqguk8OUo9X8qY288j,블루버프안주는놈,4533974386,jungle,1484,9,7,4,18424,7874,26187,20,25,29878,10211,19,93,6,393,2,9,3,0.5652173913043478,0.19444444444444445
XvVnMQQ-9LSUEAOCkLz0K3nJQ_TGh0rv-seb8rtiICvgy-E,뉴누와 윌럼프 ,4486677014,jungle,1238,6,1,13,7066,14113,12029,20,22,19050,8729,15,100,0,247,3,3,3,0.5588235294117647,0.125
rXQK7RUE8WaVEtYy3ujx8IWR9Dq9pn0g_ydA9eISnS3zGJQ,롤할거,4544831385,jungle,1483,4,4,5,11559,4755,9698,21,22,15575,9242,38,111,4,429,0,5,5,0.6428571428571429,0.16666666666666666
4qWU7r7R_kOZc4dOPK5ZZEOeXbe4G5OmvMPKsmGmchqSOdSOhcl5Zxgh,ComebackJack,4544831385,jungle,1483,5,3,11,6775,6800,17711,28,9,21231,9626,28,126,11,330,8,9,9,0.6956521739130435,0.21428571428571427
0zvWygChL2zGrTpO8cPtwQFsNns7FdgIXULqGS62Tx1BO-Js2HcunBAA,정글좀잘해봐라,4543029205,jungle,1751,3,5,13,12587,8387,14096,29,18,20553,11291,59,120,9,498,4,4,5,0.37209302325581395,0.25
C0IMxUXvC1vQzQaxKwoM62k7-DRXuXNV8-rXhFQmSYUaTXD9BGv9EKnl,후다필라,4543029205,jungle,1751,6,13,10,17419,5606,25192,9,48,29504,9931,37,92,0,250,1,3,0,0.8,0.3023255813953488
ONMtkW_9uW98CLtKXmrwGQvwJH7nM7apoASpiroHFRVO,A1B2C3DE4,4547570606,jungle,1738,8,7,1,16076,5974,15268,14,20,23448,12404,100,106,5,373,2,3,2,0.5625,0.2916666666666667
phWBp_wR0Z1CHgsluYI0_zvfseTBpAvxiEyNl_E5a8wU,꿀벌거북이,4532284425,jungle,2098,11,7,13,22420,11928,34112,52,23,34911,15313,61,156,8,389,8,14,12,0.6,0.2692307692307692
M2AQkx9MRNvnTXPb9mRGJkQ5J7uLyt6uda6M4yD5ll_Arxk,소혜님,4532284425,jungle,2098,4,11,11,21344,11923,32096,17,6,42478,11425,49,132,4,172,2,6,0,0.5769230769230769,0.275
VNeKPwB8LUACOG3mhv-y5MYf6q_ojt5mKyR1TTgEcYFqq7g, 박범성,4494491935,jungle,1920,6,10,14,19222,9657,38689,20,53,36795,11069,35,96,0,214,4,5,2,0.6060606060606061,0.17543859649122806
pWau7mF_jAZZM92-4dtm___LUSDArAfPIaFxmChH9bvzwjAMSKMc6wsu,Haddy,4547129343,jungle,1721,5,7,4,14959,12089,14664,21,9,28021,9659,36,115,20,326,1,4,3,0.45,0.21212121212121213
TFeDfmrzzwmTiZ2N82mqBlDjx2jTmvqbTmt0pkfd03AM3d0FLw3tnDvJ,삵가시시,4495640972,jungle,2092,14,8,14,33841,12370,21225,30,29,31273,18961,78,192,9,599,3,3,3,0.6222222222222222,0.21621621621621623
uAReVBhgR40OcCQ8eIUQ_YvoJp46QOn2FRpTRkqgUD1t,문화도시부천,4543605683,jungle,2650,4,15,7,21065,23346,33289,27,10,55853,14262,44,152,0,359,1,9,3,0.28205128205128205,0.2631578947368421
IlBSdvP_OoCvXQdG_1sayYbFbdO-zOirHwRjAxh-QGlyDkI,Yi Fang,4543605683,jungle,2650,11,7,17,26388,9994,77745,34,39,74096,16106,71,124,16,341,2,3,7,0.49122807017543857,0.1794871794871795
nFiu69EHAaJKJ_JbZV4OJmhjPOCZIf4iHwchX6kmR9z22tufxxWdYsNM,펩시콜라만콜라지,4537225591,jungle,1898,13,6,10,17246,7434,13499,23,23,26864,13610,24,122,27,877,4,5,4,0.5111111111111111,0.18181818181818182
V0mBafINpWWWzU_Uv4FYNZm_bDY2JDItfxancKFcnS-PIVc,스님행,4537225591,jungle,1898,6,10,7,14155,12577,15201,35,10,31503,10119,34,111,0,227,7,8,6,0.3939393939393939,0.2222222222222222
4rrPUjc1pxLpCQEXBG1L0plAjaR9e2T965VfRfqqi7F3gvc,선생님만믿습니다,4548676716,jungle,1421,4,5,5,13103,10365,10342,18,2,22405,9096,31,124,8,137,3,6,3,0.6428571428571429,0.125
6SdXLrllqk8jsoIsDOMJpc059f8i0mjoTzMAi9Ob6C9jUSvOIu6aY2fk,이번년도다이아,4548676716,jungle,1421,9,4,14,12218,8069,19264,15,18,24232,10526,10,98,6,321,5,9,2,0.575,0.2857142857142857
13ptMIW5qwfKmjVq3CZFdChN_aCS5vi2_zwG8D4oyjgT,날씨좋다,4523003865,jungle,1237,6,0,5,12145,11817,9544,19,6,19517,9396,18,133,40,207,1,4,1,0.4583333333333333,0
InsOyNw2-5rRh86EfL1JSskaE23sfLEDKaTHQhcvzOcfDzwGY85BdJRe,2013년생,4493570967,jungle,1476,5,4,9,11373,4601,13806,33,16,12903,10060,22,118,13,142,5,10,2,0.6363636363636364,0.3076923076923077
To9AaPpAOTYP19AWrXSDGzBOUXJt_qpyK6KJWCQbVGYb4mI,그의 변명,4493570967,jungle,1476,6,7,2,10308,12885,15494,18,15,30212,8588,21,111,3,394,2,3,5,0.6153846153846154,0.3181818181818182
C7JbVKoforG0_IDh5WPgBC3sxmb-QieoR0PhscektvrW,사랑할래,4451582175,jungle,1743,5,7,5,12843,5839,10697,41,22,22267,10975,50,116,11,704,5,13,3,0.47619047619047616,0.1794871794871795
Tv4aFBE_07ztBoUW9pCVUGoMizWZcKIsPN4RtkkLVJKEkhg,혜화동연의보,4451582175,jungle,1743,13,4,10,19766,16962,18132,29,14,29642,12956,55,104,3,347,7,6,5,0.5897435897435898,0.19047619047619047
MQFr1weT0ojSg-hHy3Jf1j-Pcd_LbcrOEjeMs6W8rTeRzk0,피엠 타투,4548693834,jungle,2282,10,4,9,24462,12246,54558,24,32,35727,17763,119,176,4,347,0,1,6,0.5135135135135135,0.11428571428571428
69PGAevdfmyriF-LUR2ZSYSDYLQxeApB7ae7iM8MGVSQzPNulnbRJvaS,윤탱차이,4548693834,jungle,2282,14,7,11,31145,16385,47182,37,23,41588,18262,52,166,8,300,5,17,2,0.7142857142857143,0.1891891891891892
SMOW8kE8YWrs4fUL68kSCho5iG1elZvKbyaUXablJU0,소노비트,4546176432,jungle,2758,7,12,13,29759,22169,81527,20,31,55699,18071,68,175,12,237,0,6,2,0.4166666666666667,0.24489795918367346
CkdGcWCfuXp2nx5v9YyHxK35iX8LTOt-DxDcS_OU-8ri,사상 정현수다,4546176432,jungle,2758,19,6,11,61470,26519,81755,50,48,53517,25468,133,240,12,671,4,4,14,0.6122448979591837,0.125
tuqy3byoZR4GBynQrU6VDxQbeG7Wt7Y2OUg6gukH0sSH,플라리트 버스충,4541186812,jungle,2172,16,5,8,26058,9591,47657,20,20,40166,15589,40,140,28,475,0,7,4,0.7058823529411765,0.17857142857142858
Z2YLVqxgOUTbdB4EmWikpg3Z_aQBcGtMWd13zxyFLE0EC81XfWLdhjgZ,얼두미,4541186812,jungle,2172,4,4,18,18155,39465,48821,32,56,50015,11779,56,117,1,465,6,7,6,0.7857142857142857,0.11764705882352941
JB2B9ONZUkOu-WbqD3OquEFG4mSZ4BG-4BXszZiAVM90YOk,벤츠e300,4536462927,jungle,1682,6,3,8,13399,16131,10703,30,2,23132,10922,29,145,11,107,2,8,6,0.3181818181818182,0.10714285714285714
6nU9wK0-t4NefNS3ZqQn-3eLKXM7vCOaIqfO18QNa8pZ,Moonlight Sylas,4536462927,jungle,1682,3,10,11,10138,10793,14971,14,16,28966,8309,22,74,0,229,4,5,4,0.5,0.22727272727272727
Isa24dFIVKyhsanjvUqmeaePIxUMIMm1SeQtIEIPIMQdmnko2ViEpPU1,scexy,4534165936,jungle,2288,2,9,10,11321,10428,32404,19,20,34866,11091,57,144,0,242,2,3,4,0.3333333333333333,0.18
2Q_nTDyzt26j0TqtOy-GLPBdAygWM5z02CdZK_-aT5U,명예로운앙리,4543118386,jungle,2169,2,6,11,11014,21463,26794,25,23,39677,10506,53,101,0,334,2,11,4,0.6190476190476191,0.20689655172413793
QwfoAAmFBylschJNSniGF0AepcLB0RYtUNFrtP7JM7qK,펭수S2,4543118386,jungle,2169,5,5,7,18797,13931,17555,37,18,31901,14880,97,183,17,665,3,5,12,0.41379310344827586,0.22727272727272727
tkAsWLpgRbVmfTO_iBmNV8Sy7uwCpWS7MkMJrPueZrw2hzk,chd65c,4548071792,jungle,1828,7,7,7,15977,9800,15105,16,7,25611,12298,54,160,8,226,5,4,4,0.4,0.2692307692307692
RMSZ7erh7BzBCF6LXvGvOJJlgTzmj-jS2RvY0jB8q7CJ,기어다니는낚시꾼,4526181542,jungle,1898,10,7,4,22713,15375,26794,18,33,45467,14233,41,139,16,330,0,7,2,0.56,0.175
-_vGaMhFV0FMw14-pORToFJ4IylquZRnBDqS-xjcII40uM8,꽃길만걷는사람,4526181542,jungle,1898,5,3,23,10210,17704,37848,17,31,32506,13127,53,136,4,376,1,6,1,0.7,0.12
peER5o5ZZpd1rz8sbfUo7rwDb6cEr40arwgYeW5qNCzPFwY,kangys5141,4545885677,jungle,1963,3,5,8,10014,12175,11385,19,17,27900,10115,43,121,8,319,3,4,3,0.44,0.18518518518518517
S9NN2kToibDoYx4buozlYb7FOn1bmjNID6qUBZaVjx0U,MNA GGyu,4536693786,jungle,1693,9,3,2,12752,12421,11080,54,13,22681,12429,55,156,8,385,6,16,9,0.34375,0.2
bn1fXvhcDKFj-tILuxYSvWNKgFi7vCZQYBN_AQdJFF8BhDE1RuHVL-v2,박금례입니다,4478623271,jungle,1752,6,4,14,17097,11978,23461,24,37,25331,12030,29,121,32,210,2,3,1,0.5,0.16666666666666666
eBHYNitpY4GHubW-vclm2evvtBPmfTrtFMpUdQHR_GJQ,우리집네티,4470159944,jungle,1289,7,1,12,12235,22818,14071,23,38,18591,10088,25,82,13,422,2,8,1,0.6551724137931034,0.05263157894736842
lsix7iOwrSVAVhulZH5ZACWqQw8RXm63c2FuTOFqsMMShfw,이름을찾아서,4382495875,jungle,1495,3,7,3,10045,8646,13125,14,5,25378,8587,36,117,0,185,1,2,1,0.5454545454545454,0.25925925925925924
T2wHlBZFrrMcMx_VFNbY4taJa69Gxwfe_QG1Il9JSKjQ1Jc,Got Bless Team,4547890155,jungle,1237,6,2,4,6837,6974,6198,21,6,13664,7970,13,96,0,250,5,5,6,0.5,0.15384615384615385
Pb9InwM8u-kJ4eLolXv6V2oF3sfg-RMfwrugwQbFAuJF,나도뉴비,4547890155,jungle,1237,1,5,2,4127,3980,13630,22,9,16415,5905,14,80,0,206,7,12,2,0.23076923076923078,0.25
fR2Uw1_iimVkji_tVVxkFU_JEGFV78UDxYy176pq2RiCorU,오늘은 특별히,4548722421,jungle,1232,5,3,1,6572,5863,7858,10,13,15474,6846,17,68,0,171,1,5,2,0.5,0.10714285714285714
GSAL-o3znVZBZlMmMDh6cqiqJpPGoAScaB01W5GxS-Mu3Ow,고긁종,4485379430,jungle,2047,10,4,19,19324,32183,56094,41,20,51012,14487,27,129,3,668,11,10,4,0.58,0.14285714285714285
JHFXS4DzH8znhshfaG3PPeW5Z63y-eZaEcf2-wpe_mQts0M,애니왕형덕이,4548716706,jungle,2173,15,4,6,28977,14522,37741,42,249,40497,18281,90,146,24,1091,1,1,8,0.5526315789473685,0.16
Gd6lOXE0Bo5xZsswPTMO3AqMgwjPINQhxp-R4KBNFUJ5hk1Kqa5DIX3b,믓째이토마토,4548716706,jungle,2173,3,8,6,20741,16667,23834,34,32,38542,11214,36,128,17,462,4,12,5,0.36,0.21052631578947367
BQFPNKMKck__rMKhfY76FKosEYA1wKsOhrsSTFroDHZy,6252,4546311668,jungle,2022,6,7,13,14641,11294,36347,46,17,34463,11788,23,114,12,348,10,29,4,0.6551724137931034,0.28
Hwlab0wJb6X8pJg9V8Hturyxi7hRlwFlRvRUT6Chi63H,MR SSon,4400745556,jungle,2040,0,9,10,9931,5851,38912,26,37,33024,8197,29,92,0,588,2,3,6,0.47619047619047616,0.2571428571428571
LgWVk3BbqAESFCQsn82desq8pxAaDygXFj_evQ8Aq2-V8Bg,신 애쉬 궁,4400745556,jungle,2040,9,3,7,16841,11144,28899,22,17,33191,14961,54,178,7,358,0,8,3,0.45714285714285713,0.14285714285714285
jU9QDJnhpvotBjs3IhiHGcq4ZI5RYeaFyOkKRxLh7wwc,KEB 하나은행,4547233592,jungle,1274,3,1,3,7217,12386,7640,36,30,17311,7720,18,100,5,575,1,1,3,0.375,0.06666666666666667
CN4df4kStCgdr2kNhFu95plxdDk7uDvKxKgdbypsp30ICBG_54YTxXUE,엄마몰래여친이랑,4520782284,jungle,2111,4,5,9,8942,10088,25697,18,18,30773,10699,14,136,0,408,1,8,3,0.6190476190476191,0.2
e_-tfqtcIKR1nSUVleESlyWD2fnZ13wumBnfmI1S2D51oMs,플렉스45,4520782284,jungle,2111,0,7,4,3991,12429,18023,24,1,28708,10013,46,136,0,66,4,12,1,0.16,0.3333333333333333
tsCtpTHbypeXanJXwavtpMSHWUKMK8zENrD5FnP57JRVShyyyqNiUhGl,yuyuyuyuyuy,4545681702,jungle,2141,14,15,17,43735,11808,19255,21,24,41845,15606,52,120,8,257,2,11,0,0.7045454545454546,0.2542372881355932
h8oX9wTnHJC5qhBzcGX7ZJ5b3UHo2PW2tbW9kIiZD6hWe65ShGxp5ViH,요네와 춤을,4545681702,jungle,2141,16,10,12,34076,10554,20980,22,11,39712,15251,39,144,9,237,1,4,2,0.4827586206896552,0.22727272727272727
nc4EKOf86CTnVQqwGH3GnoBiA9-Wru49KKoNMvO5H6q4,가랏혜수몬,4459662434,jungle,2391,12,10,16,43949,11487,49771,39,13,42861,16048,54,143,7,183,0,13,8,0.6511627906976745,0.22727272727272727
pbQHhbwMRIxvfmm6ZjUnXMZzTh2Dazy86fkXBr6EXfi1JE_ImhrJB0RG,트롤일지도,4528952288,jungle,1776,8,8,2,9853,10127,16125,13,20,25795,12374,64,113,4,240,0,8,1,0.35714285714285715,0.21052631578947367
dhdU7dU4Tl3AEGRaSbE83jNZEZqsjTX8vtOIomqexkNn,function toWin,4528952288,jungle,1776,13,3,14,25654,10342,23176,34,21,24915,15857,48,155,8,153,1,2,11,0.7105263157894737,0.10714285714285714
a5pd30B1iC2lfYmwfhN6Qx04MZF3yja8P4hMT1PockCF-Y8,Luthien la nor,4547769419,jungle,1643,3,4,14,11823,18793,25096,24,38,31522,10450,29,135,16,349,3,11,1,0.4358974358974359,0.16
idfT7PsKgAYStkJUEahSahBv24WcORuqQ6uJ-B-OvRan,깨새개엇이라,4547769419,jungle,1643,10,8,8,16170,9089,37128,15,31,37285,11302,36,97,0,377,7,2,2,0.72,0.20512820512820512
FlCp7ecyV1Un0ZiGU7jOzjwy0L-yAcLaSLU3vielmH7dqgY,나 베인 아니다,4548729533,jungle,1626,4,4,3,10463,11988,8299,34,1,22702,9109,18,127,0,50,7,8,6,0.3684210526315789,0.14814814814814814
oNkgOBckTIWypn2EGiyeuWfmUmu_xsZFdXWEM_GCorVktPYi2Hgmcage,한뚝빼기하제,4546786284,jungle,2435,7,6,14,19386,19348,64915,33,36,53179,11944,32,105,4,581,5,6,4,0.4666666666666667,0.20689655172413793
5axHgQ6PyYSt7XHlHqTn0p4b8XQwTu8OPUkUQWBYbu6awVQ,olrogi,4546786284,jungle,2435,3,7,9,18778,18822,23683,21,16,42318,14133,57,168,15,475,2,2,4,0.41379310344827586,0.15555555555555556
QTmuSVUwWUFuz1zQ3VzwhDFlivr6K3X7GFtWMO3jv2Za,봄농사,4528567234,jungle,1320,7,4,8,12165,15010,26166,16,10,23599,10180,24,134,14,269,0,6,3,0.5357142857142857,0.36363636363636365
FqkE1aWQH6NAMBpXQ57rAokWLjxbpHgR_mvjdbddLf-z,꽃돌이오너라,4528567234,jungle,1320,8,6,1,9978,6114,13389,21,16,20778,9803,36,84,0,239,4,10,3,0.8181818181818182,0.21428571428571427
zJHx4FB4QLURMl5O2h9RWbb5I2S1gyFdrTi8bx07h7bK2j4,닉값하는장인트롤,4544585425,jungle,1811,2,6,10,12523,17515,15423,47,30,28541,10305,40,128,12,752,1,2,1,0.32432432432432434,0.35294117647058826
6dGzXIUJBOJ9SRDCd2ntH1FTOd-EHEF6JL0FK_95zfnT2T8,BJ 222,4548057370,jungle,1267,11,3,3,14692,8541,10442,10,6,20070,10405,39,96,4,175,0,1,2,0.5,0.1875
51kBEoVypbfo92O_iO0tdUXPCKmM3AihzugNjCYb1qSM7BA,문도로비비기,4546843207,jungle,1867,1,7,4,6279,7883,16973,22,11,26364,7737,6,99,9,294,3,8,3,0.35714285714285715,0.15217391304347827
z85bx_pAaQPTCNOvq0JTvHRfuwR_Fwcw8EId68LukKZFSII,딜만넣는소나,4548487231,jungle,1952,14,9,7,33008,11044,21806,35,29,31133,16635,86,149,32,527,0,0,16,0.5,0.2
JXGtN2OeMW61ueq8gnZ1zA7xYe92KpjGaEcPdNB4JzvLcv35OhFjIXAv,포로로 잡혀온 포로,4548487231,jungle,1952,17,8,11,33784,11336,24948,10,7,35199,16428,71,120,8,116,2,1,3,0.6222222222222222,0.19047619047619047
KKrbX5zVvvvOjLmn0RXG21SkRy7HgNskQar0zHSIKcL5k9lkFxcU3oiX,장풍을받아라,4546865520,jungle,1514,4,4,2,6137,8340,17849,13,11,26414,8260,31,89,0,420,6,9,0,0.4,0.14814814814814814
pWLr1MMjSgziWkBPvHPQwfzoTvLzgQttJAADQwfpZg2o,동꼬호츄,4546865520,jungle,1514,7,5,4,13359,5904,21666,26,23,19090,11594,30,144,28,228,5,6,1,0.4074074074074074,0.3333333333333333
k_WZOrIloFljbYlZKnY-z3MOv6RRH-Si1EZiumCbyinw,국왕 트런다미어,4499767910,jungle,1740,9,4,10,21842,11571,15205,25,12,26522,13012,31,159,7,319,0,8,5,0.59375,0.18181818181818182
iEmEMyZCUb34GLIKwakIrSle-thI9BIrB9KTam8NMGuL,티팬티 스폰지밥,4499767910,jungle,1740,6,5,8,19586,20232,21308,20,16,39212,10471,32,125,9,379,4,4,4,0.6363636363636364,0.15625
fYgYpjorDpXejh3uqOY2H6k6p9x4DltgG6NushVfqx6yeXK9Fv_nlZKO,스리대지,4532750428,jungle,1662,8,10,3,22522,10057,22281,18,4,28365,11432,29,105,5,223,0,1,7,0.7857142857142857,0.29411764705882354
BLNJ-hPu3UAdEIzzSEYOwA1n1esNYY8d2VyU2fOykYc,원딜끝판왕,4532750428,jungle,1662,5,1,5,9401,11375,15538,34,10,18095,11265,62,138,20,283,7,9,6,0.29411764705882354,0.07142857142857142
6GdRn7_eFzKbiDoob9U-Mkua5zrbKpiaf1OIXO09xrAwVqs,현란한두부술사,4521040474,jungle,2089,10,6,9,25599,14838,39057,39,28,40306,14492,58,129,5,225,3,4,10,0.6333333333333333,0.18181818181818182
E-hvjAd00sR0DPVN-Jsa9_V-_s4ELTZJdPHKrjN-gSoLFhAgd-CVpT3w,못해도보듬어주기,4521040474,jungle,2089,12,5,10,22648,11240,42190,26,25,30992,15365,29,128,8,471,3,11,5,0.6666666666666666,0.16666666666666666
hhvYxKmLZ5Ms-x44NlcuJloXPhjNhkG-UgIiCmglU2WcSsY,롤로노아 조르,4548543745,jungle,1627,8,8,7,20815,14355,16312,14,23,32530,9864,17,108,21,372,0,8,4,0.6,0.25806451612903225
a38Le8kdzBLJQYTvdVG6JpZkn_ZPWOXOPvdARDGCEawMOnPeTLHRvoW1,종 성애자,4548707940,jungle,2023,8,7,7,22031,8599,32792,37,33,30263,12709,29,139,1,191,4,6,10,0.5,0.2413793103448276
wFt-1GzfgLvynoOw8OYUUjomn0Sfj3nMCe_IrBR5Puug,허정연,4543353568,jungle,1325,2,4,1,5261,9927,12581,10,1,21916,7011,39,104,8,124,1,2,2,0.42857142857142855,0.26666666666666666
qpVKceNQW6a7HfTwV4R5r2_NoHFRz8qSHRWI4EpaYry9RqVMDDr5mDOT,쌍용플래티넘노블,4543353568,jungle,1325,6,1,4,8211,10398,10672,19,4,19461,9312,21,126,20,275,4,5,1,0.6666666666666666,0.14285714285714285
Ie6mqMuckrmvpvXfcszGnKn0RBajHQQt5ir8OshqnBXD,zerosin,4523491342,jungle,2365,2,10,5,20494,10950,40119,32,42,36684,11987,27,183,16,253,4,6,5,0.30434782608695654,0.24390243902439024
W4VhpCHGXEQs092_8TXV_fqLArvgACGEhIV_W5-QNNp5,JustLikeThatn,4523491342,jungle,2365,11,4,19,24001,10996,39242,33,25,32978,16412,46,162,7,456,9,14,3,0.75,0.17391304347826086
hsvwU9d-pzlj1WC7JttZ8tMOow3Iw9TkU_3o5KD8GOYoeWs,결이 다른 정글러,4532769566,jungle,2850,8,7,14,19920,18366,68414,61,21,53097,18387,79,181,18,612,11,25,8,0.6111111111111112,0.175
kjtUivBARVnaezI7uJkbfNCQSTarTsUvifypMQGd5ObjaH7ZR7fLpChQ,오늘과일은,4538964425,jungle,1579,8,9,11,15132,6366,15687,18,26,26357,10416,45,83,12,484,2,8,1,0.41304347826086957,0.19148936170212766
zqKSN7XVZlv6eA6gMm0n2svSu-u4Dq0qpJLID9CuFbyAbBc,레어닉아닌레어닉,4538964425,jungle,1579,9,13,10,11687,11029,14429,14,2,29047,10940,16,84,0,41,1,2,0,0.41304347826086957,0.2826086956521739
rEGQn73Wf_rV4MwC9b__WLpc-19tURKKFh2L2Ww9Rz0yPYQ,NH새마을금고,4261160341,jungle,1832,3,8,11,11248,28306,27892,11,45,40467,9263,39,86,0,418,0,7,1,0.5185185185185185,0.26666666666666666
e2RisFemLbCXwiFKlaRhKABkB9lJW0aQ2L3h7muu67E3,내편이랑,4261160341,jungle,1832,5,8,10,14397,4602,21994,18,33,22836,10338,35,124,8,252,0,3,4,0.5,0.2962962962962963
r3fIF3xaULx50y7aMKBE6C9F4tLIga6wsu5TKscy8jxy,나따면인생망함,4347007244,jungle,1633,2,7,0,6091,9979,17213,21,1,28653,8318,41,134,3,153,1,3,4,0.1111111111111111,0.22580645161290322
45eMr3ReE6fSpvf0Ws1_kC4cbMMmx7gkO3ifqpI-L3RomG8,아라비안 그지,4347007244,jungle,1633,9,3,7,13462,13480,16655,26,13,26266,11714,32,108,4,191,4,4,5,0.5161290322580645,0.16666666666666666
HfRTZJov13rjSgS7tgnWUbf7jn-QbH4kc2dRvqSrbtE5FiA,공모양고양이,4544892032,jungle,1464,9,1,7,14993,9264,7044,16,14,14840,11454,62,102,0,149,1,3,1,0.5517241379310345,0.07142857142857142
DUYBEUxFalURDPRF7D_ozXDF8DRrLM4JmFzbVVdL0NOcPnkE73QSA4eu,길찾은바이킹,4547224917,jungle,1522,13,4,5,15515,10119,12002,17,6,23664,13772,40,156,8,291,1,2,5,0.5625,0.16
i35BoEm-Ef8pLkxXZKuEzMNpjtb4P9cgRQL-XFldBkza,지원핑오면킬이야,4547224917,jungle,1522,9,5,4,8830,5487,20009,23,19,19130,11969,52,87,4,180,4,5,4,0.52,0.15151515151515152
CJvGL70t5uUWu8cMus-WBhY5d6HonpP8jqRMUyh59Ezf,지금은아니잖아,4542166564,jungle,1563,3,5,10,8683,4851,8159,26,15,16663,9474,34,111,4,360,5,8,7,0.5652173913043478,0.16666666666666666
EY2_Feyj8an0aMyfgJdBkIrzuTHFtECFXCHSmRtniK5U,백륜하,4542166564,jungle,1563,7,6,5,10089,5689,17197,20,9,24814,9450,17,85,0,309,5,11,0,0.4,0.2608695652173913
bNVt4JOAtSU6Flh1wgDb4eW52cAtxKgEyRjc-WaRzGQV,안타가 사이코카,4546041015,jungle,1824,14,2,9,26601,6902,11342,32,40,22729,13668,73,99,0,676,4,5,4,0.5348837209302325,0.0625
CBfHZy-XE1v_pkBlNtDgoQi7cCG8sbnQW-VRtZWGzN8Q7pmdezBz_i2_,넌 정말루 착해,4546041015,jungle,1824,7,6,12,17465,8948,13214,13,6,23886,11575,23,99,16,227,0,8,0,0.59375,0.13636363636363635
j6rE6igtrPZxc3pGZzXhIoz38m21at_l0nvHzU2xGr6kiE4,뚝빼2,4543238774,jungle,1832,3,8,8,17406,12075,15398,24,38,34634,9942,40,126,0,536,1,9,2,0.55,0.20512820512820512
Iw3UwAZH2g1d8RV_Gza_ZjIeGe3sB2xyER_pEKw5Dlfrc6-7D02vUNOj,전폭풍,4543238774,jungle,1832,13,5,15,21974,9827,32675,31,27,30542,14144,56,112,0,406,6,16,6,0.717948717948718,0.23809523809523808
SMP_F0x-m2uetAhAsA4F_ywJCxDTAdWX8CuwZyWihJUq,고양이헌터,4532209373,jungle,1256,3,2,1,4287,7679,9549,17,21,17983,8088,58,105,4,547,1,4,1,0.8,0.11764705882352941
9rJe9Ge0xCQAoolyTj0Y2x5o8NsBJXhe0vF0Dsa4cUCDjNg,i am a the boy,4544883254,jungle,1465,12,1,7,18976,17638,19007,19,16,25225,12406,48,100,16,419,5,5,2,0.6129032258064516,0.07692307692307693
1SlLyWTahd_S4CIRHprlFZVVh6jUJrEw_ua7DL2W8DeXLYOVBSLQJSAM,천번 슬프다,4544883254,jungle,1465,3,5,3,10640,2990,10836,22,12,14083,7763,52,73,4,229,5,6,3,0.46153846153846156,0.16129032258064516
5RyCHhLZhdUwmy0yN57BbzQ6qKSdVFASEkPnAm6C-mUa,위에서내려온사람,4547760894,jungle,1988,5,8,17,11557,19489,38165,14,45,45917,10865,45,78,8,328,1,8,1,0.6470588235294118,0.1951219512195122
FdNn_Ry05LYYFsh8WV5a0lzv-qHDf1US4JsHZ74OWHc6GVg,포경술사PGSS,4547760894,jungle,1988,12,9,9,30817,11426,23028,31,13,31223,14459,47,127,21,244,6,7,6,0.5121951219512195,0.2571428571428571
k0hWkd_AfwDfLISY0EyUJ4ySLUyb3u8yjCdOfK9pFzgsxYImSxifbehm,GANZI형아,4548564242,jungle,1224,3,3,3,6245,9857,9851,18,2,19259,7107,7,112,0,134,5,7,3,0.75,0.15789473684210525
Zunvezp5N203J_LxaCQhxuN_ApBMTsHT_ft3xApP_Kp4789MxhZfHx_O,Kayn227,4547764261,jungle,1476,9,7,4,11101,7262,10233,17,5,19897,9894,18,112,16,165,3,2,1,0.3611111111111111,0.2916666666666667
ZnXRPWdbVgMH4VfNYE9veiMci9Z_G_NVoVZ0CPBsy6PDLUpifdUNlpIV,전부대가리박아라,4547764261,jungle,1476,13,5,4,14149,7516,25373,21,16,27802,12558,29,98,9,258,8,14,0,0.7083333333333334,0.1388888888888889
95DfycJJ7jeGzE37717j466F41lQbMe-IA7h67XMSKqFOs4,중국산탑솔캐리머,4527904535,jungle,1558,3,4,7,10829,12622,13060,31,15,23693,9712,27,128,8,199,5,5,7,0.5,0.26666666666666666
5ytF7HETeYj6VEjzGZoPQMcGhDqSt2hAHABuFiKIHQ2-2MY,경제중용,4546409087,jungle,2032,5,3,5,13984,11665,19145,45,27,25567,10881,25,144,15,127,12,15,9,0.45454545454545453,0.15
4QHwqXAH0_YkFymqUomXNksN679SxWnSWYnq4nIF8qk5,Anthny,4538601302,jungle,2259,7,9,8,20475,21116,35104,42,24,44130,14143,56,140,5,624,7,8,13,0.5,0.21951219512195122
E0rPnzgDLFPEk5V1PsQsyOCaaI45UZpA53hMZlxGfiAJ,뉘기미 시빠,4538601302,jungle,2259,6,10,10,19415,14151,25119,22,200,37596,12797,27,168,8,466,1,5,3,0.3902439024390244,0.3333333333333333
iZ2m_1cFVGaxIblDJPTOzGtgGdXM6S6jiIiRYnTMvgMot4AjFfgFlqef,당나귀피클,4547809144,jungle,1759,2,8,10,8758,11320,26471,29,27,31114,8637,17,96,0,369,6,7,5,0.4444444444444444,0.25
QlW21iCZyHU4h29INGpFcZpzqWm0uA6vWDJinO1bviZpXk3pJcqNdyKw,가봉왕고추,4547809144,jungle,1759,8,5,9,24518,20195,18614,31,19,35842,14098,55,160,8,487,1,9,3,0.53125,0.18518518518518517
Zk9jT-V3LRn3A88jSnU8GNvKXQxXNTiWoAea55E9K5GX,마 돌 앗 나 요,4506063278,jungle,2078,6,10,4,20257,15162,21639,23,21,41854,12422,62,128,4,554,4,8,5,0.5555555555555556,0.23255813953488372
lJriTLnotfIJeNGibO-mzt63g3c12MlZJKB3nWXPnMH9ryAOiowHC5C5,브실골 렝가 장인,4506063278,jungle,2078,10,5,7,24919,10982,22489,18,5,27521,13976,38,142,6,381,0,5,3,0.3953488372093023,0.2777777777777778
pWz9-GXh9sPSB3cYDeHN9BYIEI4cGj8mSLGS7MI46KMj,OQDCODQCOQDOQCQO,4539155211,jungle,2102,6,4,16,15934,10764,27542,43,32,31746,12920,39,116,16,399,10,11,10,0.6666666666666666,0.19047619047619047
710ceHQSzBqq9f_unzrLsN6x_o8V3gY2iAj3aU0WeiGuz17iv4UENCmR,전주 불판잽이,4378924554,jungle,1897,2,11,17,14040,24953,33536,16,49,47706,8734,45,75,0,489,6,6,2,0.5,0.25
3YjqPN1Q0qceiyvIaai3izRbE5sTa0YyERT6vkNsT-MmFQ46W55WT-uC,Jakealicious,4379240392,jungle,1798,6,8,2,13754,6826,29368,21,31,31120,10131,30,98,4,651,0,10,4,0.38095238095238093,0.21052631578947367
op0Am5rKG412WJYJ9Cnpz24xOvP7b2Hj5PLOdZQSmYno,내가박본좌,4379240392,jungle,1798,10,3,18,15248,6245,28927,46,35,24887,12801,48,72,0,399,12,22,6,0.7368421052631579,0.13636363636363635
OnBic9ijUdA77MRBXT3OTTXhLQB-tHx0G-jV0jknHxEiyxQ,땅굴팔갱,4469902330,jungle,2217,3,9,10,13326,8964,38089,31,24,35906,11565,28,169,4,501,7,8,6,0.6190476190476191,0.23684210526315788
kmKZdrSYP-4YdnFMwJB7dKXYE5p357dVAdOA5zi-nqcu,연희동불주먹,4469902330,jungle,2217,6,1,20,15348,11157,44565,20,37,41126,13888,57,142,4,363,0,7,3,0.6842105263157895,0.047619047619047616
dasPQRTQLI-A8-2Uhi_zcOhp6CqfVDt9WPtMpU0Rjaaq,mid king win,4505364970,jungle,2048,17,10,7,36779,17057,16963,22,17,38405,18266,82,175,8,262,2,5,3,0.5454545454545454,0.29411764705882354
POdt6UPZ2tHau1ImBZhoUhU4_J56oV--F4Y59ob3Ht2W,아앙메르띵,4505364970,jungle,2048,6,10,5,12968,10260,25718,23,2,36988,12134,35,138,4,181,1,10,3,0.3235294117647059,0.22727272727272727
COTUxHdwQG5Q8skNHhHaO2qOODq_WeYkap19qirOwwF8C599XIlXnyP_,행복마렵네,4436418883,jungle,1709,11,4,9,13415,7746,20376,19,10,24452,12425,18,121,33,281,8,15,1,0.4444444444444444,0.19047619047619047
cLdTGqKyb2RtNy5ymCNGjsMP3PvrjsNxS8wAOoIumXIGadDtFKRhf4sL,Alphalove,4536852830,jungle,1892,4,5,9,13610,6537,9872,31,26,22687,10526,56,119,4,187,7,6,6,0.5909090909090909,0.16666666666666666
eFOCfN79bFkDTFQVoMlPtvxp2QQAwhrT8iePda42J2y0Iaw,삼점일사일오구이,4536852830,jungle,1892,9,5,7,17531,11978,26657,41,27,27740,13430,40,148,16,153,2,4,8,0.5333333333333333,0.22727272727272727
0AcYLh6nspEGij_70wLaHs0I1Hd5-w8it81IRkcL4pll3CQ,지건 딱대라,4545757285,jungle,1643,3,3,3,11603,13018,13753,25,9,25347,8263,12,106,2,330,5,5,5,0.5454545454545454,0.125
L6hw-O5qbHuXgrJT5ZN4MrQql9xIUI3NrSMGZBKWv88TXAnt-Qgl8RYM,정훈몽,4540853936,jungle,2284,5,11,10,25083,16445,39122,27,3,45149,12923,47,160,17,239,0,11,3,0.42857142857142855,0.3235294117647059
5lFnT2WAvxGU1Jp2yOXscKf2emxGrV1mSkegucSeVcBqvmY,AD pro jin,4522368186,jungle,2171,3,10,13,23272,15536,33696,34,46,47360,11332,44,143,33,536,4,6,7,0.5517241379310345,0.3125
e2t91JBmC7I3eAGDeGtwtwQ25OOPlWavBzKUJn3bNekzQPk,황근하,4522368186,jungle,2171,1,5,13,14423,12279,15345,51,24,26635,12035,78,137,11,292,4,6,15,0.4375,0.16666666666666666
yBm2E-dG_EqaA3FC6JZw7W8IPOIO_71MbouUDdQ0R1H70O-Ty85DgI-q,rang bot,4537766289,jungle,1598,10,2,18,18974,7322,33916,18,36,31582,12830,62,121,11,471,3,2,2,0.6363636363636364,0.13333333333333333
8IZAHkI4mL7hzxygzTphaaX3HuilGQMMDhmOsdu3I4Nx,고마지,4548725896,jungle,1634,14,7,8,21448,7395,28489,35,13,28206,14730,29,132,4,295,5,14,4,0.5,0.21212121212121213
cv9hNtpAaz6QTI22Fdm-n54ZARoPkjDvKqq5fFkZH62yhnw,인우는곧휴가철,4538987157,jungle,1939,6,7,9,17626,7136,17984,27,27,30239,12884,88,116,9,392,2,13,5,0.8823529411764706,0.2
_DjlNTZkhJ4FTSbOXFGjLBFm8DtqS6o-1lubcTG3zuzv,너네웰퀘못해,4538987157,jungle,1939,5,5,11,14717,9163,17285,42,19,29203,12424,66,151,33,302,2,2,13,0.45714285714285713,0.29411764705882354
OglMQ_a_leFaRSxta-w9DHCVNw9R3olj-Js62Xi_H9dFnrumYXIBBkMD,peng co,4547492046,jungle,2104,7,10,6,14582,9426,17545,19,24,33152,11612,29,97,12,651,0,11,1,0.52,0.25
vB5k0NPGW4-lQMG162PkTqVsJBrognNE_oaa5h1qlc5d,Und2fined,4548707753,jungle,1257,3,4,9,7302,11461,10545,14,14,21892,7423,5,84,0,277,2,4,2,0.631578947368421,0.2857142857142857
gcIs8veHRTKRcWsTfM_gsaL37pUffPRSSwYIH5PV_t8oAxw8olrzjC02,jg도와 줘,4548707753,jungle,1257,5,5,0,8087,7302,8605,12,5,18437,7217,12,102,12,123,1,6,2,0.35714285714285715,0.2631578947368421
atkS0itzi8oLPx4qibH-G2ch0jqyiFMhrsx_a-TFo6Zg6oE,원딜 연습 조진다,4545681025,jungle,1447,11,2,2,16416,5300,18561,15,18,19038,12635,63,112,4,281,5,12,0,0.7647058823529411,0.058823529411764705
PnTwurRQ2Eo3Unu-8gYe4C8Tv4z2HBS2T0Vr7wBPXlGviyE,돈만주워와,4241988345,jungle,1639,7,6,5,13665,6595,23924,15,21,27308,11740,72,113,10,216,0,1,3,0.6,0.17647058823529413
fODh1Xoix4BUPEJ0Sv6QXiEx5H0STlDDPMQmuTHDe5Pn,똥꾸뇨오오옹,4241988345,jungle,1639,7,1,8,10336,17031,17007,23,16,26356,11006,22,118,4,257,1,8,4,0.4411764705882353,0.05
k4qk4SLTNXkmQma3p2e4XQq70YZ-OF666DTIW1RbGwk,꿀귤이,4425885330,jungle,2024,13,8,4,23071,14351,20932,25,10,39999,14321,30,169,24,282,3,4,3,0.6071428571428571,0.2
pqgdquJDraOgj485FcLwAVr3eOWN9bzqBFwIHwAB32b2,102 GON DO IT,4548734283,jungle,2043,12,6,5,19559,10499,42393,27,21,36753,16945,39,190,13,559,1,8,3,0.7391304347826086,0.16216216216216217
nBwynf12i8XGxzwIPoUansHa43OFnAmjLutrORDbU_NP,shjson,4548734283,jungle,2043,6,8,18,25821,8638,35763,17,37,31007,13343,22,175,5,210,1,3,3,0.6486486486486487,0.34782608695652173
NAy-o_P4EERJDkb2zUvnOl50J-HWi04T-8xyQwuXxUp5,닦이안경,4513509138,jungle,1563,6,3,7,8798,6133,20473,21,17,19360,10250,36,93,7,270,5,6,2,0.34210526315789475,0.15789473684210525
j3gNS8R_ksG3EShD2MqpE4PpYEj006F9OAU6e4IQe4Dj,혼꾸녘,4492356079,jungle,2088,3,6,20,14352,9040,35060,25,20,31572,12173,29,141,16,447,5,13,1,0.6052631578947368,0.25
FstVwCeJVoGkSBTfaXPYVf5qgiDLDfTvqnnXf8Yk9VKfLEk,Gong cha ni,4492356079,jungle,2088,7,10,10,15031,11482,38709,45,23,38192,12943,39,140,4,497,2,4,6,0.7083333333333334,0.2631578947368421
JOfJ9PcDvXgjB2lp5mGCecvdjvnpQ6VUBOh6Xs5sb3k2,대화나,4494109600,jungle,1403,4,5,2,7392,5630,16161,17,12,20983,8403,35,88,0,374,1,5,3,0.75,0.19230769230769232
K3juY5vUCD4HeuHrxjF6TAaTVKxHZwNTNVdbF-Qe0dBe,블라미드르,4494109600,jungle,1403,8,3,4,13024,10324,11859,13,6,22197,10003,35,128,15,229,5,5,1,0.46153846153846156,0.3333333333333333
8D-_GQmQ_t07AAAnUcsSDQFOW7Ww69A73pNWLLxA6x9eZeE,엘리스정인,4545107751,jungle,1311,4,4,8,8157,5897,5531,18,18,14067,7550,5,101,3,150,7,7,2,0.4444444444444444,0.3333333333333333
tQKCiW3wBq2xhpPYLemhIZQGne8Sh4I1dHW8BP9rXph0,잦잦잦잦잦잦,4545107751,jungle,1311,1,8,3,9590,9291,8885,31,25,21270,6476,10,114,8,720,2,8,4,0.3333333333333333,0.2962962962962963
cbQFUkfwPFJ2crGXG_ZYqLs2ZbDlLfJBo74QGs1-9M5Llx6C5T1AlXnZ,Offshore CN,4544528348,jungle,2191,6,2,10,24595,18073,29419,34,21,30130,15713,114,164,41,619,3,5,2,0.38095238095238093,0.0625
ufK1b8GmCTIGtnRTMQCkAkCqoSjFzKh635xGxQ-7FFJy,병쉰련아,4544528348,jungle,2191,8,9,8,15017,23849,38096,13,35,54077,13488,96,96,8,523,1,4,1,0.5,0.21428571428571427
tEUjj8Dy4z-7xIaL9ISgN8PfNQ9J1JcJ3cRNATL-Gwaa,me carrt sexy,4540387673,jungle,1654,15,2,11,34583,29509,26736,16,33,44173,15376,43,170,29,538,2,3,2,0.7647058823529411,0.15384615384615385
zYVyehS6cQ4lsdDqYyvcgDFD0bmgYPcHkq321pdJP84_,혼밥전문,4540387673,jungle,1654,0,6,8,10897,4298,11004,22,22,19139,7581,46,93,8,359,2,8,3,0.6153846153846154,0.17647058823529413
6MEQR17irjEZnDT-lafp8CS_hgK0zI71n2OEWvLY6lS1b_A,피르난도토리스,4544828285,jungle,2156,5,9,7,16890,20448,25091,7,8,41232,13212,22,169,8,181,0,2,2,0.3,0.2571428571428571
j2I6keusSQsZ4Ai65cn31c9RRfarvyV3zbVSo7VqQnoQZAQ,저리댓,4540193268,jungle,1754,3,9,8,13674,4677,18460,19,54,17394,9755,23,138,17,253,3,5,2,0.4230769230769231,0.2727272727272727
BCDQubbK4UP07b0-CKEN6Hclh-NyW5WwcjMyXbDQRR9Txw4,말파2번,4540193268,jungle,1754,7,9,9,15651,7528,13242,48,14,23897,11934,32,91,0,144,3,13,7,0.48484848484848486,0.34615384615384615
3yx0ykq1tQ29ZZ5G6hT0b7Ob0i-nW9xMlDgtHDFlFMpy,밤하늘의 별미,4500404010,jungle,1592,9,6,10,14853,10366,20068,23,26,26614,11142,28,100,0,286,1,8,6,0.8260869565217391,0.21428571428571427
7z4bLhptwa6kBAGnahRo7uucEyPPOoy_vymUVl7pI_2H,koht,4500404010,jungle,1592,2,8,7,5999,3519,17544,26,20,17821,7538,9,90,0,144,4,5,6,0.32142857142857145,0.34782608695652173
ZIOsouUVGcLEsIAqBuaupo_7boaPVUjK_L4nhE2k0kBZD6Tct3emevRQ,옥 BROTHER,4534492969,jungle,2108,11,8,4,18979,6826,15709,39,24,31779,14698,64,135,20,628,3,10,4,0.5172413793103449,0.21621621621621623
ALGNSVJ5Pfmlh2oL7MWsBj4eRvL4TM-dOC5HDWFnGCR8-ZOddUgh2ESE,예비챌딱곽정모,4534492969,jungle,2108,4,7,11,11924,18684,25397,27,16,33060,12822,28,142,7,316,7,8,5,0.40540540540540543,0.2413793103448276
oIGyVDmZVKSxkqkM2r-_ZqKPMPza2JyS_N40T_np0W8SFMhwEZrP2AgY,나 사움 잘하는데,4532725725,jungle,2067,9,2,14,22777,45949,31711,36,54,45089,14295,30,155,16,562,8,9,4,0.6571428571428571,0.08695652173913043
9hz7AOXxIC1uT-t0QqjMJ5AZ6UgZTMD0Y_JeShtNq5u6Exo,Full Contact,4532725725,jungle,2067,7,4,7,15012,13270,34693,24,28,40878,14075,98,156,12,566,8,18,0,0.6086956521739131,0.11428571428571428
RuXwiZo_dUBfYwu8QFfeiYxiwm4Lgedff4C9y8gtOKQV3hU,석민영,4539009405,jungle,1745,10,3,5,27923,11939,14102,18,7,23813,13179,16,180,31,295,0,2,2,0.4411764705882353,0.14285714285714285
gaCMfL61RKcO1CztVqcFXavZWlDBeLslXtSTad__3HlY-6w,4픽 모태솔로,4539009405,jungle,1745,2,8,7,6069,8504,22934,27,11,27742,8944,37,113,0,225,5,5,6,0.42857142857142855,0.23529411764705882
Gf83ubfOCELMrAZ67wPF_Slo_d4hHbGon4V84EaKvIDVcyc,전화하지 말아요,4470328519,jungle,1558,2,6,4,8006,4956,11015,9,18,21787,7604,36,110,0,620,0,2,1,0.4,0.17647058823529413
65e-VPt44HOxxEnB9p_umZYJB4KawMtUT3lyOo-2U8RH,대두박근,4454695190,jungle,1788,5,6,10,15141,6675,28374,23,32,39141,11574,65,102,4,410,0,9,2,0.5769230769230769,0.15
CuzHgtPMGGExdWDvZECEYCKgzB_TasyhGm_HPUqAbhnFAGZuWZZlFllP,URUGOT,4516611148,jungle,1253,8,2,2,6119,9926,10135,13,9,16908,9445,19,128,16,544,0,4,3,0.45454545454545453,0.16666666666666666
uDvWlSpykdenmOVkpxsHaX0H8xgjK143NtI1W3PY79Vi3E8,차분합니다,4516611148,jungle,1253,1,5,5,8417,5433,6074,15,8,17144,6349,22,99,4,111,4,6,0,0.5454545454545454,0.22727272727272727
zEV_VcJw7Sqh1ehKKZRjjmAJwQjTnpTFMJouVadPVCpMX2qx11uQvTMo,머리있는대머리,4543885626,jungle,2399,4,4,11,10554,31063,40459,47,38,51486,14198,30,203,13,595,7,7,11,0.5357142857142857,0.14814814814814814
wS5IVWi9W49zQRpH1g-lj6DBiP9fl6axoT0GlRKRs1kChvs,RichMind,4543885626,jungle,2399,6,4,4,20043,10372,22738,41,18,28478,15230,68,229,11,562,1,3,8,0.37037037037037035,0.14285714285714285
LaljcHOgxHKvzYy4ylg6k6zlP-Khk1gJUlf621_F3xU,롸 쿤,4472054469,jungle,1448,7,4,3,13701,10471,13273,19,21,23732,8275,56,73,5,424,3,3,3,0.5882352941176471,0.12903225806451613
HhjG_STGj_hzdIli1NNAcEZRk3a9QNUybhc60sdu8mhPLxQ,qufgpsmsqka,4541272708,jungle,1656,12,4,5,12638,11861,14222,15,144,23448,12651,49,110,16,505,0,2,5,0.5862068965517241,0.18181818181818182
O149LQjMwN4M7VIMxIan7cbfLLIkaT1stgta0Qnv2ZB3k3ffBmYUC3G7,Iron Shine,4541272708,jungle,1656,12,7,6,18483,7369,12840,20,7,23440,11111,48,90,2,174,1,9,2,0.8181818181818182,0.2413793103448276
6OFDutYdmPgp-Cd5ZhhR5AH_ND2xjqgqRMc1FZ-zWN56EaE,밍이거짓말,4547550275,jungle,1390,0,1,0,701,9794,9012,10,0,17323,6537,18,112,12,107,2,3,3,0,0.05555555555555555
ncyMPKE67DAkQLUzVqSea73zGgKeu5vXzkGOZy64Yec260TdTIRbJ8ih,아우리팀정글머해,4547550275,jungle,1390,2,0,7,8408,6457,6765,16,10,13785,8008,13,106,6,320,4,3,2,0.5,0
YGNgs46U4RJMPkUXDR0_ykqNEhNcWWwplFYAVJ8mqeqZ,개똥들,4543270686,jungle,1584,12,2,10,23039,23910,22931,20,23,31501,14341,57,121,18,315,1,8,2,0.7096774193548387,0.10526315789473684
K1e3oqaUBiVYuxENgp5XlhjWR9oSfp45VmQdcMlyuqtbyHg,티모장인석환,4543270686,jungle,1584,4,9,6,10418,6012,17924,23,17,26157,8405,22,74,0,435,7,13,3,0.5263157894736842,0.2903225806451613
nxQwNJajWhhEF5H6RGGE7pou-xnaFvwHsTvS6p_1VNSp,부캐놀기용,4483377897,jungle,2348,10,5,10,23503,12709,29904,30,27,31838,15363,104,132,0,584,1,3,7,0.6896551724137931,0.16666666666666666
0eTGjx-Njbtz3nA_UG9ouhPgCPd9PrPw8kLX3kYps_TC9pEODBPMqJ34,삼성메디,4531986331,jungle,1272,4,4,8,6744,5954,15324,14,12,17155,7579,8,96,12,257,0,6,3,0.41379310344827586,0.36363636363636365
eq0q6DX4LosE6lAKI9juTqdTYvfSOfzKlxKwf_eLDMonpUU239kH2bOc,민수야영양제먹자,4531986331,jungle,1272,2,6,4,7317,9370,11142,11,14,19394,7190,19,73,0,131,2,2,1,0.5454545454545454,0.20689655172413793
JP35HPYxCFB0HXyl6u4nIRFmP3tmxUbfvnJQXbzvv5JY,52없지,4474568967,jungle,1824,5,6,13,13007,7445,24102,39,33,26376,11438,47,104,8,282,7,8,8,0.6428571428571429,0.1875
uB1z3_uJdC8lFTsPq0uQf_EPmiSN6L6tT_sqXXo0J7mLZKMWvTOHqbGo,예수님목탁비트,4540556100,jungle,1213,7,1,4,7406,7662,11425,20,8,17648,8836,28,82,11,120,4,5,2,0.3793103448275862,0.125
pYaFyFf1M85TktTFS7PshM6h6pI-Z9fh9Odw3voxfFVFMZU,윤뿌앵,4540556100,jungle,1213,4,8,2,10632,9550,12919,10,17,25345,7898,25,80,4,256,0,5,1,0.75,0.27586206896551724
zU9mGxJw808m_2YleYYixBUVhCh0dOvb-aBOupjrYV4HWoc,에둬의롤,4530376204,jungle,2197,4,8,9,21595,15008,27715,75,56,35357,11376,32,128,4,876,6,11,1,0.325,0.18604651162790697
hGX3mfHWxsGSvOz1uHF13TApJy2ZHxvnUN5vFdmwzIZcu4s,카밀1등,4530376204,jungle,2197,20,10,7,42730,12353,20033,28,10,38586,17633,24,164,33,171,1,2,7,0.627906976744186,0.25
v6cpXdCXw0i19-1e3VuiRITCi5GB9_HfwHAsk54uUDLK,케인 달인,4548075156,jungle,1589,12,0,10,11942,9600,25420,27,19,24142,12836,40,144,24,301,3,5,4,0.5789473684210527,0
bvnBuN45Nf2303TnTQnTCfzZwqMQnG8JHheotGtxTrzv,남탓하면롤삭제함,4548075156,jungle,1589,4,6,7,11587,20317,25456,22,33,33298,9588,37,95,4,364,1,4,1,0.7333333333333333,0.15384615384615385
L6hw-O5qbHuXgrJT5ZN4MrQql9xIUI3NrSMGZBKWv88TXAnt-Qgl8RYM,정훈몽,4540853936,jungle,2284,5,11,10,25083,16445,39122,27,3,45149,12923,47,160,17,239,0,11,3,0.42857142857142855,0.3235294117647059
fojhdJcu7xXX5tVHmo0Az-Aj116cP4jkLD_Uzgx24xh1Zcg,9955,4539865224,jungle,1397,8,3,10,8673,5592,5307,36,23,14181,9352,20,66,2,122,2,7,9,0.5625,0.17647058823529413
jZvb7o6C2-dOzuHFNpfLmKbRi1epjTwCYjRulBRBZ5cMy990E-bF1mcU,뚝뚝딱,4547972996,jungle,1536,7,3,18,18470,22305,29980,15,39,35346,11877,38,124,8,378,1,6,1,0.6756756756756757,0.17647058823529413
pnKeCEnSiDUmx_agJLqY7_nZ9b9ZajSLqiFJfft5ZIPbmqG97Txv65Ed,꽃사룡,4547972996,jungle,1536,3,8,7,16528,11038,11915,31,46,26196,7598,42,80,16,570,0,0,3,0.625,0.21621621621621623
FdE9-7VznfYPGKV2opVjpB6PCp-TyxIBDU_UQj0i_DIxIvseDz8ej9DT,뿌잉년입니다,4540879997,jungle,1412,4,5,8,5739,12602,14588,26,17,27637,8806,25,83,9,251,5,6,3,0.34285714285714286,0.2631578947368421
TFaXcvRzpPkvml9ImUH2vQ60B0eqrT8EHpXoSROpvH88kjw,커l이온,4540879997,jungle,1412,2,8,5,8515,8869,12766,8,8,24555,6620,37,73,3,449,0,1,3,0.3888888888888889,0.22857142857142856
UcwfZdafsWzB5jXNGLzC-SzV9k2o3OeFZFwa-TKEWUoY,백점만점명사수,4507186995,jungle,2044,3,10,5,14150,14424,35693,16,30,38673,9465,34,94,0,474,0,6,2,0.4,0.20833333333333334
1O_3lLctq2_Jz-LjhfK5uBZoXFDcMNOW7FNAHpm_qFkmxcJoJlJKNGi1,킹갓종훈,4507186995,jungle,2044,18,1,20,37469,23743,42301,39,45,42626,20034,106,164,24,967,3,11,5,0.8085106382978723,0.05
uQSW1pkZ9VXsfnqTBtlSnvMQZGaXXTaIpvaCKjUfZhW5,HeavensDo,4510354017,jungle,1451,5,6,7,12820,6208,8468,22,21,20878,8888,15,99,3,237,5,5,0,0.6,0.15789473684210525
2AEEt3C4UcabZVdN0BzqMDPH1kbp2DR7kQ_6tD2B1dFb8i5Z5fxeQzDG,휴 복,4510354017,jungle,1451,10,4,8,14874,6792,10424,18,19,22011,11671,52,99,8,531,0,3,6,0.47368421052631576,0.2
odju2qKvB6k8OBo_QLUesn6Xe1WwmP1-r2r5EbqDgr7n,쵸리쵸링,4545931037,jungle,1629,5,14,2,9242,5347,20984,12,15,30796,8850,32,68,0,218,0,7,2,0.30434782608695654,0.32558139534883723
od5NUaPXNjA4s7a7JtI737APk5OfcA_g9R2B4EMtmGdpU25mqCtCVVEO,힐링체리BOT,4545931037,jungle,1629,10,1,12,21119,18256,15889,24,6,29112,12428,13,139,17,135,2,3,5,0.5116279069767442,0.043478260869565216
0DvDq_Z9ac93ALfH11yv8GXt-2WNcghLAzVhQYq1J3MW_0Q,미 드 컷,4286397787,jungle,2051,2,11,18,19093,6451,14259,18,15,29734,10251,47,113,9,418,1,2,1,0.46511627906976744,0.24444444444444444
OWVHF5x6t_EU_Bt8zkWvVhmsoTyNk2-_kuzNWfnSczLS_c8,울산 누누,4286397787,jungle,2051,2,10,27,11790,18111,50960,19,38,42361,10872,37,89,0,329,4,4,2,0.6444444444444445,0.23255813953488372
gF2V8zRkLprOmoE-WM-L_MkUCLBBK3xkCamZZ7gCDqeOtgE,AsherLoL잼,4542811330,jungle,2486,2,7,21,17908,12266,64230,22,28,46677,13803,53,176,12,486,1,3,4,0.4791666666666667,0.1590909090909091
d2_tvvJzY3BlrRVyVaOAl3DUjLUeAVsvMP-e5mdfU-Qa3as,마술사 문재인,4542811330,jungle,2486,13,11,17,43965,17209,24567,78,81,44625,16035,59,122,4,848,2,8,2,0.6976744186046512,0.22916666666666666
U_fzN3GG2HxxI8-Sn3Z3BCGQT-YLdRaUeZIY_8Sm0Iic3jU,준츄피츄,4526230791,jungle,1883,17,5,6,24163,8294,35574,28,20,30465,17104,50,177,46,421,4,11,4,0.5227272727272727,0.21739130434782608
8sjBKrlFtWDc4vI1hnOp0VQ59Kkmad_tzAFes0xkpN_hgKs,악어궁이,4546045310,jungle,1666,4,1,7,9282,10093,13595,43,9,19084,9697,18,120,12,167,3,11,6,0.4230769230769231,0.08333333333333333
rYeh66Z6oGwY3Z40TztviFa36__FFQoHLj8dVkCp_9FToiYLPDZRYh0i,정원주성노예,4546045310,jungle,1666,1,6,4,6501,5230,16112,17,17,24362,8312,14,116,4,332,3,4,1,0.4166666666666667,0.23076923076923078
P8Aglk6Tl_d2Vd--vdH_a09oKV4RAddujf_Kw1bmXG6n,아팰리우스,4315441647,jungle,2099,4,6,7,14536,40993,36967,15,36,45574,10734,36,140,0,536,2,8,1,0.36666666666666664,0.24
HmvjOvx6eSpiOm_pF8hKEm125SF9H2xURHIvblE04sFxAB8JJvTMkgAK,서경우,4547843054,jungle,1616,2,3,7,7128,10728,18632,10,16,27168,8634,27,112,8,253,0,3,1,0.3103448275862069,0.1875
KAiIdjQW38hC16e-VbthIPfx_QReAoNWT8Hsjlk-jn162lruyz6F-Pqw,ZUNDORI,4548689016,jungle,1797,5,9,2,11352,9304,15235,22,6,29634,9936,22,111,4,240,2,4,4,0.25925925925925924,0.2
iaNMsBbL8w1rNhhJv5XEIYjxdJR5N0PStwHTexHtiKAfB39flIdYzaC_,바0위,4543439399,jungle,2640,13,15,14,36556,20430,22502,46,6,53765,18121,36,226,17,171,4,5,10,0.6,0.29411764705882354
XH-az60nDXSOkz64e2NyhXxRekWA3KF0Z6o50aUo7rJ0TZg,고인 피들스틱,4543439399,jungle,2640,14,9,23,57566,30957,48911,104,105,58696,19033,94,147,12,1237,4,17,9,0.7254901960784313,0.2
DULC7DJYYy8nULJaA1zW93-2LTcHoOAaCLhCZqvm4DimF8E,김빼꼼님,4544096200,jungle,1497,8,5,4,12293,6180,11832,26,18,21573,10050,18,121,0,239,2,9,3,0.8,0.23809523809523808
SmQMhry8-8mT95ZidFtHN1r6BHCU-nN3oxo1m2uxWT09_HPVgK80UNg7,강타싸움이두려워,4544096200,jungle,1497,11,3,9,21522,15978,19833,20,29,29150,12646,39,118,15,470,3,4,4,0.9523809523809523,0.2
03FyqjCp1YS-gLL5uYWYuSviMw9trK7R0wmd4WPc88kks5Q,천마반장,4544399992,jungle,1709,13,4,8,27062,23785,44724,15,33,43181,16146,69,165,27,377,4,4,1,0.5833333333333334,0.13333333333333333
MV0ApcbeVnA1DURCFnmfYNjHFwG_Yyx31Vxv-Bg9C1s1,일단내잘못아닌듯,4544399992,jungle,1709,3,8,6,9851,6178,26677,28,23,26083,8481,20,97,0,312,6,15,2,0.3,0.21621621621621623
lNg1NX2pFxZFsVVI-f7kfQGmrXzq407xZrs47KOY-hWl-2oShd8HzoKQ,카톡문의naruto88,4514741241,jungle,2372,16,7,20,56992,18061,19878,46,21,39033,19066,59,208,35,252,8,11,10,0.6666666666666666,0.1794871794871795
C7J86JrK7yZa2NvnPBuDEvydQhcwi2OJ0Qv03O3PuiKKogxvnpHANWvP,미드야죽지마라,4514741241,jungle,2372,6,12,6,21442,16566,24970,23,21,47662,12616,60,149,23,529,5,6,9,0.3076923076923077,0.2222222222222222
PXLtsA0O_VxMJzRoxYMJ-3K7BBrGFgASio5uEZUjN8s5gqh8-SM2razZ,태세정한,4547665654,jungle,1745,1,7,1,4168,5366,11326,12,4,18407,7803,37,110,0,429,0,3,4,0.1,0.35
jDqR4tAPS6WlFUmvO15rBVAzUDB-r5XDgl-mw3_e6HWhFzyr9XmV4COO,박수양,4547665654,jungle,1745,0,2,8,7559,21423,19068,28,24,30412,9578,22,144,10,361,6,14,1,0.4,0.1
9p62bX1DkGhQkZzHfvqsBUA0fIK1LtK-tiJzb9ve6fwCRft2NQNDeJc2,정복자케넨,4548309540,jungle,1546,7,6,5,14319,16658,13468,24,3,29962,10052,10,137,23,215,2,7,3,0.36363636363636365,0.24
cHtnky2bvStsNei-yhUU_zf7UTcy3Bn-Q3g1GRvnCLMM,입열면던지는인간,4548309540,jungle,1546,10,7,4,16542,12775,14411,30,34,24802,11066,31,80,0,208,4,15,4,0.56,0.21212121212121213
ZQJQ8xj-tZcqHsPM89hne2HK9P2gn23u2JbHFdToJtDs5Dw,정글장인 병만김,4548704855,jungle,1332,1,8,6,7351,5970,10228,15,15,22009,6336,24,63,3,310,5,4,1,0.6363636363636364,0.4444444444444444
bSo9qeRNIuAU7MH3H08jQEtxNLVH_V6BCxV6g7LlfWu3O6xCbI_9lX5S,경 단,4543901684,jungle,1831,3,5,2,7271,7722,10184,16,20,20108,8501,23,108,1,443,3,2,4,0.17857142857142858,0.16129032258064516
RHEKavWMfuxNzcaDU3c-poqPdI7YtgsE-B6fygABKDXEhts,탕치기달인,4510659740,jungle,2047,9,6,10,35475,9328,15241,27,16,26470,13941,30,145,13,287,3,5,2,0.6785714285714286,0.21428571428571427
-47IM4NfiTNI8KcNRPnq4YSfWv62c8NjS0naud90ow5Z,푸다오,4510659740,jungle,2047,8,4,9,13601,7897,29261,28,33,31741,12593,41,117,12,387,4,4,5,0.6071428571428571,0.14285714285714285
kJPFjVFSQkFuM80Q2BMdmI1VMyuCXlS9i9rUY7_jP8vFbMM,성윤님미드가신다,4503326247,jungle,2052,15,10,12,30709,17023,27820,28,20,50957,15825,55,139,17,431,1,3,8,0.6,0.2702702702702703
V9dMYfI9eMjmGNMt9kKGw25iT6SDIaaYjC_K-C0LpJL9di9GgRVTfkvs,마루스,4503326247,jungle,2052,5,8,11,24530,14148,27065,8,4,40561,11724,56,142,4,99,1,5,1,0.43243243243243246,0.17391304347826086
8_p48givPj1VtdrKI70Z4jg-M5C2L5qVdZVayTFbvcFb,누럼프충,4547850889,jungle,1918,6,7,7,16734,11790,50782,41,24,42909,11965,41,139,0,300,4,6,8,0.7647058823529411,0.23333333333333334
4CyJgLVoXnq33OUxojVm2369_VXa-mwfHML2U4RtrEba,봉호1,4547850889,jungle,1918,5,3,12,19178,17068,23890,27,5,33813,13024,34,178,6,183,3,15,2,0.5666666666666667,0.16666666666666666
aTUa0hf5MnRyEU6Pny1eipZdV6P6hp35qm4VhqG1pVgLkZE,나는미친보노보노,4252746946,jungle,1728,3,2,9,8180,8385,20906,24,14,24468,10433,38,114,17,316,1,3,5,0.4444444444444444,0.11764705882352941
cS4wlHePy2hjumupzat8OXzdGruekCalM02f6IVVt_3I,hongwag,4252746946,jungle,1728,0,11,10,12194,9485,16196,13,24,30982,7506,31,80,4,303,0,5,2,0.5882352941176471,0.4074074074074074
yXv1RWjNY_qhI9qXK5X5hiNW-ouOTjG0XUJpmYQG20KxXd3NsA9kIBLm,BRADY,4420152817,jungle,1983,8,5,9,24046,11358,29229,32,30,31848,14346,59,126,12,491,8,8,4,0.4594594594594595,0.11363636363636363
1yepmV76kqTXK26K6FfniBiIbKvjdS2gmP2oatkZjPZi,대장 김수창수,4420152817,jungle,1983,4,7,15,13545,8970,16714,33,35,30986,11053,31,79,0,213,2,5,7,0.4318181818181818,0.1891891891891892
3q9zC_yvLV9hRJYsghGZ2g3qUVKElhrCWq2ke16fqdBnQqCBhEFxGv9T,I had a dream yo,4547099652,jungle,2186,6,11,5,21480,10941,38456,37,27,41643,11901,43,104,5,165,1,11,4,0.36666666666666664,0.22
ZrPFQOiCKEeopa-uQi6ZZ5mm9FRGhEfYMizGjnxbQehe,YKS,4547099652,jungle,2186,20,4,17,37902,19969,94980,25,46,44425,19811,91,142,14,308,0,11,2,0.74,0.13333333333333333
uil7948MjdgY4klYjnYF3Cj8xH8Zk0quRFrLItQYq9dIZOo,시바견 박모찌,4548696769,jungle,1697,4,5,6,12754,8729,13361,36,28,26701,8969,42,80,0,293,4,10,5,0.4,0.2
jqNyEDUh1gI1Gc4sRXPYIN9rBgpr3OtqKs9KxCcQVBKpFXfwpyRc4qZ7,닉 삭,4548696769,jungle,1697,15,4,4,16993,8430,13929,18,13,21157,15508,63,120,4,334,3,2,5,0.76,0.16
ENld9-GB0WnsrP27cfRwr1lMXh_a4wN5JU7tiWjJ9jY,기 억,4547798471,jungle,2009,4,10,14,15686,10919,10092,40,28,35029,10890,28,57,0,105,14,15,11,0.6206896551724138,0.23809523809523808
fEpZ4xOCpkEf1Zol53Vd8nF07Y2UZe-QB1FI9p8X3wnlVekgvLH2d22_,양갱이정몬,4547798471,jungle,2009,17,5,7,37836,9741,11693,34,8,25961,15862,16,158,23,375,3,12,5,0.5714285714285714,0.1724137931034483
PmyWXV3HEt9QO8xGUjszwsOpc7_nUP2zFnWoMqY1bOV3V6Q,LikeGame,4518440078,jungle,2059,6,5,16,10483,19860,33809,40,25,39321,12610,35,132,8,293,5,6,10,0.6285714285714286,0.18518518518518517
TdAO9oKTcjRg11I04Uq5UDVBunjlqTFy-9EmVwxGV-iy,섬유탈취제다우니,4546509073,jungle,2131,17,5,14,37771,22910,33794,32,27,44861,17556,54,156,14,523,3,4,7,0.7045454545454546,0.17857142857142858
TP56bfpU7J4uz9aJm1Y1sbkG1x-X0Opce57-PkHf3B10X9E,인천 룬의메아리,4541541248,jungle,2258,8,6,6,18978,11996,18262,49,28,29982,13698,27,157,25,171,7,7,4,0.3684210526315789,0.17142857142857143
62XpLC0twyPCv1kTOP8aviVC2HQos6X0YiBDEnjQ73NV,유동봉,4541541248,jungle,2258,7,5,8,20486,12507,49719,16,30,46867,12905,71,113,4,382,1,2,6,0.42857142857142855,0.13157894736842105
3MNYJ--SuxwHU4r-ximC97RCXStDWLW7ZSo-Lz9dl2xTMlj7haqo77a2,Elise Buff,4517131575,jungle,1610,4,7,9,10602,16643,12777,32,1,24530,10284,49,111,0,87,2,13,8,0.35135135135135137,0.22580645161290322
5Dss0pXtZtp6hHWWdE4XuWx0Coui9IADS9paaSca4g9A,주식장인 지땅이,4537439219,jungle,1790,16,2,10,34360,17378,26586,38,26,27829,16618,73,161,27,377,7,8,8,0.65,0.11764705882352941
LHAj830mGWj3G2URV-OrqrPJtsZCWGGKqs5AORfycWSVchHTkelZU7Bp,죠온잘,4542253763,jungle,2084,14,9,4,26820,10658,20184,28,22,31560,15196,94,115,12,553,2,9,5,0.5294117647058824,0.21428571428571427
ZCDbK9vljrGmSJLK2JScs3yXVi7obr0KPhCCuLF6SaZUd8c,행주치마 궈뉴리,4428099261,jungle,1393,4,5,5,9063,3976,21290,4,31,17277,7674,37,88,0,622,0,1,0,0.8181818181818182,0.20833333333333334
E_AAaGOLqr6EewdpyY8D5ZkdJPdnyYb6IWeCwD3FKEyF5cS5DjfJ6Wkn,찌꺽스,4548696926,jungle,2132,7,9,21,16966,24468,38745,28,45,52338,13198,55,86,4,308,6,7,7,0.7368421052631579,0.1956521739130435
IE_ziPVuZhadJtt0LG0zwsf7fS0Y8hIaN3r-23r3UKLsK0oLp8nZAEDO,호경 호 맑을 찬,4548696926,jungle,2132,10,6,18,27482,12408,41670,43,28,39303,15348,39,149,9,427,8,18,2,0.6222222222222222,0.15789473684210525
yTmYox2bUm0oiAITlhVtOC1NAi8Iy48jnioZzf_y4ZhE,스킨있는챔만함,4526293185,jungle,1295,0,4,13,4443,10803,10089,25,15,19383,7198,13,76,12,207,6,6,6,0.52,0.4
DI_NxxspH5DmpA1FPWtYUwEmRv4Oy1eXU4pDwXlY3qLI,요 광,4526293185,jungle,1295,2,1,0,995,3476,7316,4,4,10519,4984,7,52,0,82,1,3,1,0.2222222222222222,0.04
N52gOHzupv-SdxejCNqefb90_0AV8Z6ATOn1L-HP8PW9,종해시보,4548729244,jungle,1365,3,8,4,8885,5834,18701,11,20,24239,7358,22,80,7,230,1,3,1,0.4375,0.21621621621621623
D9XV2KL2feOEC41bpsWiBWUFAs0-jlX6SOX3hh1F8zfECc8,브실골왜삼던짐,4548729244,jungle,1365,5,3,12,14543,8036,11684,22,14,19573,9415,30,109,52,299,1,6,2,0.4594594594594595,0.1875
MHtyXhJwwCheIdEMVWMCQDKale1OlxW6MOcduR4DANNU,아이스크림멘탈,4527723939,jungle,2021,1,9,7,11777,8505,35430,25,21,43205,9353,39,127,0,416,1,10,1,0.4,0.23076923076923078
HWt0OYJWs_d2L-ULAyin1iW9W-50IuY-vK3bFOlVCHdsu93QbUbgOIv0,겜시작시전부차단,4527723939,jungle,2021,6,4,11,18576,17290,19549,71,45,29880,13536,25,170,14,819,3,5,1,0.4358974358974359,0.2
REAOQ1KroJ3xhg4_gafBteKv9v9IzZX0mSCbrCPUfFQjiiapdWafUsQz,삼청동빠른칼,4547546233,jungle,1603,14,1,12,18089,13576,16497,27,5,21046,14150,53,148,12,141,4,8,4,0.6341463414634146,0.038461538461538464
7_l-GHfKqmvCBWTMpdnLHReM_eQmLnU59nyOWBF4A3dqBQhi3IO-24UA,ZxxQxxP,4547546233,jungle,1603,8,10,4,12313,9288,11316,16,4,23801,10622,33,112,11,96,0,8,1,0.46153846153846156,0.23809523809523808
