account_id,summoner_name,match_id,position,playtime,kills,deaths,assists,totalDamageDealtToChampions,totalHeal,damageSelfMitigated,visionScore,timeCCingOthers,totalDamageTaken,goldEarned,totalMinionsKilled,neutralMinionsKilled,neutralMinionsKilledEnemyJungle,totalTimeCrowdControlDealt,visionWardsBoughtInGame,wardsPlaced,wardsKilled,killsRatio,deathsRatio
85ijSCxIVAq-ONjWEoBBYSZvXmRX5QjMHHHqprQXon1n7KI,tldi0312,4521410205,carry,1478,5,3,8,15075,193,3728,25,2,12419,9922,176,4,0,20,2,10,3,0.52,0.21428571428571427
iGCFsYW3nke9Lb-YwApV137FIvaHR3P_F9lBnLXWQQcK_Zo,연구진,4521410205,carry,1478,6,7,5,12072,3127,7614,11,3,16551,8959,122,12,0,34,0,5,2,0.8461538461538461,0.28
GPxAVPIgrPb3CVrSZRCmDVwXUNIx-GS3zb1lVyNTFdMWgXOIqFu3JPzR,ELAND,4547678483,carry,1344,3,5,2,12096,376,6840,16,0,14011,7591,155,4,0,50,1,6,4,0.35714285714285715,0.18518518518518517
cbr5tjScClJUdIN5MFJnlK0pzsAtrNjEeWFC41MR9LNIWNI,minimi00,4547678483,carry,1344,2,4,12,8772,1390,4861,16,3,13662,8252,122,4,4,47,3,9,1,0.5185185185185185,0.2857142857142857
reAZiAlQ3h7o7dlliB7SQNdlel11D_RdPG-vY-V5zjOq_is,쓰레쉬분리수거,4548259241,carry,1259,3,2,5,9154,1311,3554,16,28,7910,9196,162,12,4,630,2,6,0,0.3076923076923077,0.2
q1mPt-SEp4lKoTaOsD5py8_6Vi9vGJDunWiMG4pXu5PqdxcQc4qNOyoD,홋홋이,4548259241,carry,1259,2,7,3,9265,735,7414,5,1,14644,6683,130,0,0,14,1,4,0,0.5,0.25925925925925924
U5Q53P1SnJjh8OCfek9bS6COSyFha4GwJRC1XD8j4HiN,뻘거킴,4431170068,carry,1657,6,4,4,20699,4914,9342,25,2,18925,11474,235,17,0,22,3,10,7,0.5263157894736842,0.1111111111111111
iRt5GLGtR1VdZFOZSTwJzdbZ4_Hs6lm9fxKBJQHi-umR,ADL Shooter,4533974386,carry,1484,2,8,3,11890,849,6832,9,2,13826,8182,150,0,0,120,0,7,1,0.21739130434782608,0.2222222222222222
YIVM56OroXwhDcyqX8LpLXP3unKn7BV0lQtUEAxfiqQ,행운세탁소,4486677014,carry,1238,16,2,4,19542,1856,6522,22,7,11438,12258,151,9,9,184,2,8,5,0.5882352941176471,0.25
usaRsmX0cba_cQtNnRdtqjU7gFF0eUClKxNapG5DZ7NK5ew,사 원,4544831385,carry,1483,1,8,6,10908,382,5514,19,13,13928,7474,132,0,0,132,3,8,3,0.5,0.3333333333333333
RWIbLmZ5icguFjkVno1djuXHkBuo88jtvgw97KEY414-FWY,2deN,4544831385,carry,1483,9,3,5,15179,1607,7966,16,5,14816,10909,180,8,4,122,5,13,2,0.6086956521739131,0.21428571428571427
me9tHIuP8J1QRE2vjObimuLgfBE1MWCeMMnS7dB6f3n2jAP46YmsY_oR,민준이잡히면뒤짐,4543029205,carry,1751,12,5,14,29981,5235,9920,12,62,21598,13208,131,30,20,816,0,5,3,0.6046511627906976,0.25
rQXgqEW3hSLaF7IQhYB8hayW87LLYW8-jFIcSnBRcyHaZEg,아싸선생,4543029205,carry,1751,4,10,6,17805,2655,10256,15,3,22577,8816,130,8,0,19,0,7,1,0.5,0.23255813953488372
dyDLLo9EI0PMooXNSsUgx8yTXacJdDXH3081-9VGXhLgCxo,N1ggas,4547570606,carry,1738,5,5,7,14462,2627,6278,25,35,13906,11973,208,6,0,690,0,10,4,0.75,0.20833333333333334
XCUW3jAci7f7tN51Mr_koLyOIkfqKfBLci6NC-W0jRDg6ErJgWc0jUw7,인천효성고,4532284425,carry,2098,5,8,12,15533,2844,10081,31,10,24815,12540,171,14,0,163,2,12,7,0.425,0.3076923076923077
UYzV6GVdp3-YYRJMzPqSz7oQZYF6l-74GOzxZGhU4jp4Dug,진 원챔각,4532284425,carry,2098,5,6,11,23737,3570,8342,44,45,19353,13287,203,22,0,778,6,18,7,0.6153846153846154,0.15
UyQys838diFZzeOxS7e6uXJPSaXYpm09y__aQEhs0W5d,스치면어시스트,4494491935,carry,1920,10,14,11,24891,3202,11654,19,27,26557,13758,167,28,0,101,1,10,4,0.6363636363636364,0.24561403508771928
_yUtk93NyKkXnTiD5SukpsfRbi4gayn4IdvR_nD_7wr2w6hQIHtp5hNo,너 나쁜 아이구나,4547129343,carry,1721,1,9,4,9660,2494,6621,16,16,17033,9235,168,5,0,26,2,10,0,0.25,0.2727272727272727
AdAcXX0_wh_FZu2M23UeXaORGHWffaqMuD6b6lJ0JMrU,차가운밀크티,4495640972,carry,2092,6,11,19,22536,3466,14803,30,46,25550,13110,168,19,0,416,4,16,1,0.5555555555555556,0.2972972972972973
ljhur7e3aMRLXm5yGiJ8uiszqfTqcdwGR49iOzykbIDkdG4,가원아사랑해,4543605683,carry,2650,9,6,9,29435,6494,14326,21,30,27069,17691,241,8,0,119,1,9,1,0.46153846153846156,0.10526315789473684
GXGVfNeDHe43GtYGI04Sj_WYdW-K7efM4nw4Q-rJ4Bmi,살치살살살,4543605683,carry,2650,27,7,15,43522,9958,24252,49,55,41268,22511,207,40,2,894,3,11,6,0.7368421052631579,0.1794871794871795
k3HG22w1O5tJ6CV1g_1uNtTiUf8kZaQqxqiZ5htsgvFW,쭈닐쭈닐,4537225591,carry,1898,7,6,16,27095,2925,11355,12,16,21938,14100,190,34,0,109,0,6,1,0.5111111111111111,0.18181818181818182
rD5ES37-qppXH3PyAyZvg8X6bD8YVKxUVpZz7TfvO0sALZz1O5tC6-N-,하난보냈고,4537225591,carry,1898,16,9,10,30257,5471,18521,18,0,26765,17495,205,20,0,12,0,6,2,0.7878787878787878,0.2
WdZ_sqDlIg8caDl9SgGOM6HQrlyYWsTEN-1EWjVCTxWg,빠빠빠바바바밤,4548676716,carry,1421,3,9,4,11432,1434,7893,18,19,16409,7249,128,0,0,174,3,9,2,0.5,0.225
9A4OUGQ-eAIaYBKwu7YOOX3fD8C_HUuEyN807m1sSHq5LAY,앵두같은민혁,4548676716,carry,1421,14,2,14,26131,3376,6012,19,21,11428,13368,175,9,5,96,2,8,2,0.7,0.14285714285714285
sSmd282WbKHmIXDuH6V2RB0Sz927p1A_QkU5RcPb1LHUo6A,하프곰,4523003865,carry,1237,3,1,2,8648,600,1902,9,0,4561,8902,151,4,0,0,3,3,1,0.20833333333333334,0.125
h3KCa7nP3pUXIGrjpOL7ilIPMY9ksCO2WQjwlNRuZe56Nx-Pp_c9EP-T,군인의카이팅,4493570967,carry,1476,12,3,4,30601,3861,9886,11,6,16971,14500,196,28,9,135,0,7,2,0.7272727272727273,0.23076923076923078
vITrZDU2rXEg8WzFtHbbLJyZDm_0QPKfG_mekgiuV7RTagMji918PHDX,XaoQAQJD,4493570967,carry,1476,4,3,7,9692,3441,8206,14,0,13973,9604,194,9,0,24,1,9,4,0.8461538461538461,0.13636363636363635
8MnsxwqjcYWW1Q4QBGTTth7jcV9CGqdFlBaThUjeJsB5,EXID혜린이졸귀탱,4451582175,carry,1743,2,11,9,14294,1550,10325,16,30,21284,9906,173,8,0,260,0,8,3,0.5238095238095238,0.28205128205128205
jd9E4JKpK5AnjCsb6okdUhYssv7R_dfnJY9L9uJA13lV,블로웁,4451582175,carry,1743,13,3,11,28396,1089,10911,6,11,13186,16112,215,40,8,131,0,2,2,0.6153846153846154,0.14285714285714285
2a4EqFiCMHF2G4pC76-mmq3d_03kLqK5thWGZxvbHkdb,p형석,4548693834,carry,2282,6,6,12,17228,8172,22523,46,8,28757,15682,211,56,8,80,3,11,5,0.4864864864864865,0.17142857142857143
Vp3MWly32h_RMojtNjjCkT8D3cHDLJgz9DdKCrihQ_nB,오유석,4548693834,carry,2282,10,7,16,33659,2697,15824,22,23,24047,17232,276,19,0,139,0,10,5,0.7428571428571429,0.1891891891891892
h98v5nD4Fa0QTFVr3RzO7aqUjBP1UMFC9qZnwhCbaFtM,unwise lifetime,4546176432,carry,2758,10,11,10,45163,8414,40766,22,12,41889,19475,273,32,9,423,0,11,3,0.4166666666666667,0.22448979591836735
fZYDPdQlyo_MUg5EpT7Be1OY0UGDrkcsoAuQqKQGXR2y,Fut71,4546176432,carry,2758,11,10,14,45647,10997,31757,29,19,45726,21104,314,37,8,250,1,17,4,0.5102040816326531,0.20833333333333334
Pyq30B7Xdflgi1D_XaLOWeTy34roHs8Gfon1GoEI-19Poqg,Violet Thrash,4541186812,carry,2172,4,6,14,37473,3101,11632,42,20,24917,15061,258,42,12,212,1,13,15,0.5294117647058824,0.21428571428571427
gvVljJS9DjHxGsNDcRcQGBBa0x9veEpE8Pd6XACqtDV0,꼴리꽐라꿀리꼼,4541186812,carry,2172,7,5,9,28166,3549,19938,41,10,18584,13458,207,24,0,411,3,14,8,0.5714285714285714,0.14705882352941177
RcYzaNlgjgrpyf9iUA9hVtLsCcVPufxfHLgTU1L4W3DktC4,팔근아 물어,4536462927,carry,1682,11,5,12,30337,6511,10490,13,10,20782,15666,196,20,4,101,0,9,2,0.5227272727272727,0.17857142857142858
Rr_mCH0NNzhFsIZMM5CCzpCCIL7iki8y_u1ULJBQFWwXxDmuBrynjRtA,달을 닮은 너,4536462927,carry,1682,8,9,11,29556,5916,19743,16,5,25914,13361,199,16,0,248,1,10,3,0.6785714285714286,0.20454545454545456
IJpBEP-DUt-P4AntIUHhZZZtjwpsk8WlFzIfPpcYYUmlDykiadOOTRwb,EveryDa2,4534165936,carry,2288,6,11,11,21115,3628,20834,26,26,26878,14371,237,8,0,212,1,12,8,0.4722222222222222,0.22
p4xgR_e9MtAF0KkL1CbwjORkNz__eHe5dUeJ0MP2Ses_iXCZAS9EG9rd,오래오래행복하길,4543118386,carry,2169,6,6,2,17836,1917,8843,26,3,22531,13404,223,31,4,70,2,10,7,0.38095238095238093,0.20689655172413793
fK_rPj93lL0je8SpFPkT8xQNYqIY2jppdQAsaDCarSwqmfQ,권성준,4543118386,carry,2169,5,1,5,18488,2307,5756,28,0,15098,12611,201,12,4,2,1,13,5,0.3448275862068966,0.045454545454545456
L5ezl7UMQRmj7uE49Ko1uL0ZxiNR5dDogBK1882zc8zw,첫도란,4548071792,carry,1828,12,3,10,21214,2446,6533,29,40,13553,15673,196,16,0,644,0,10,6,0.6285714285714286,0.11538461538461539
x5S6j3L2-3aL3sfvuDybUtjUNMfy4lXinmdIfaoOMiCduVY,안녕나지영이,4526181542,carry,1898,2,9,12,25886,2539,11173,16,10,20943,10871,149,21,0,268,0,10,1,0.56,0.225
5Ik2Wn4T_o_M2on0gTSESW5wm8zpNvV1KHQ95i9zhCU4Tb5gBzB3XxDx,GGGGGGGZ,4526181542,carry,1898,12,9,8,26961,3616,12570,24,12,27163,13857,173,8,0,48,0,10,2,0.5,0.36
9xEIhqC9J0O5Yn4xvoP3waBXbtqi3vv78WfzzCeBw4PavTk,바점바점바점점,4545885677,carry,1963,7,4,6,17759,3094,5818,13,23,14802,14022,243,8,4,282,0,4,7,0.52,0.14814814814814814
e5DCSN4v3JttC8IBPl9-SjW0qF6amsyP6KGBliRXswPH,FKys,4536693786,carry,1693,11,1,4,28326,2436,6385,21,5,14411,14954,236,8,0,134,1,5,3,0.46875,0.06666666666666667
nYCad6Zwf5d1Wn7eqTnPY2v0ahxhtXK7PSAmPDRKwMs8OJk,승승후니,4478623271,carry,1752,14,5,17,24441,1548,9903,20,46,10967,15495,152,49,6,795,1,7,5,0.775,0.20833333333333334
22ohVKM6fwa4RHUbnwXCNNHAQo_kq1EJGUHsVNVgRilO6_E,RIBBON PIG,4470159944,carry,1289,5,3,4,6787,1589,9101,9,12,11506,8394,134,8,0,114,1,3,2,0.3103448275862069,0.15789473684210525
zBdCPoWyuDB7X05-lclW3TZCQwn9vyQhUpfY-aUVNMOCrog,우유와쵸코,4382495875,carry,1495,5,7,2,6294,1733,6175,14,1,13660,8414,121,0,0,8,1,9,2,0.6363636363636364,0.25925925925925924
VOZO4jc3CesMfaLQXHikBBC3Ojq5_KpSpPvNLZPwOFMi,소오털,4547890155,carry,1237,3,1,6,6433,765,4371,8,16,7161,6879,131,0,0,345,3,4,0,0.45,0.07692307692307693
7XldUdesRs0-fhediYSTIWwtzkoQgh_KWpGPH7mE3IGg,뷸알깨물기,4547890155,carry,1237,5,3,3,8021,554,4317,15,8,9886,10085,166,28,1,24,0,6,5,0.6153846153846154,0.15
bilCho-dF8IohmZxZ6djA_bxx7p5bXqLxSUvs3WJz8PP,JaAyP,4548722421,carry,1232,2,8,4,8984,1420,4989,11,2,12597,5910,95,0,0,13,1,5,4,0.5,0.2857142857142857
rZ3lvCEZIWwQxyNNKT5g2WPCuW8TzwgWp_7Fam6_PPeiSRwcApZbQH70,솔 루,4485379430,carry,2047,13,7,21,41147,5897,15197,29,64,29348,17507,233,24,8,868,2,8,5,0.68,0.25
tMzEvRC7gThNbFxZCKz38cbXNlOT7OF3QV4n9fME47k,ADis,4548716706,carry,2173,6,3,9,27466,2729,18365,32,8,25881,13784,226,7,0,268,3,15,3,0.39473684210526316,0.12
cekAl51wbapDeZN7c87KrlIKCHujl6ZI_4ZZVyssSYZMeJuucTLe1Duj,그만좀와새끼야,4548716706,carry,2173,11,5,1,32590,5422,16257,8,34,26771,15049,208,29,7,197,0,6,0,0.48,0.13157894736842105
I_Ayg_1NTc-eJ81iSNOIvQ0I59tCkoMZXS5XhCQbRm3Vz9o,베인 하나만 해봄,4546311668,carry,2022,7,3,10,26436,5974,13869,29,15,17700,12118,159,10,0,65,1,12,4,0.5862068965517241,0.12
BdLKrRF_kPeHgTFMFDCnxQ4e1MgZABeqtkU_sdKt7eOA,화려한번개,4400745556,carry,2040,4,5,9,20883,2843,8082,25,35,17584,13187,225,10,0,90,3,14,3,0.6190476190476191,0.14285714285714285
zwqc3YL1LQULWHJR-Qoin0J75nxE4ODBW-xpiU6zi7WCCSKihA-us5Mj,계정주인여친없음,4400745556,carry,2040,4,8,4,23440,2585,8730,22,3,22221,12008,196,4,4,46,2,11,5,0.22857142857142856,0.38095238095238093
F-TsNznkviFULhpxMTtKDpJakAPkPPRODSYuylD6k6M-,배드민턴채,4547233592,carry,1274,6,2,3,9891,1603,2883,9,19,6483,8900,139,0,0,44,1,7,1,0.5625,0.13333333333333333
NQMDQlMCq-N3rkL3C3q2QjMgw8XUMcy3S2s9Jd6Cm7E1pfw,powerjh,4520782284,carry,2111,4,8,3,16344,1644,8059,7,3,17664,10637,199,0,0,125,2,8,1,0.3333333333333333,0.32
ru2tK_iiho-ZNkC9OeESFNLsZtTRlqJNOi2oce9kjY8J8H5nsoUhxcYd,시로뿌뿌,4520782284,carry,2111,9,3,6,27599,1623,7765,33,2,16887,14542,203,29,8,43,3,15,3,0.6,0.14285714285714285
UkPAeohhGsylDq7VRGuUpxBAgp4j1BfE5YCNoMIkZ-WsOzY,POTG AND MVP,4545681702,carry,2141,21,12,16,59515,8044,47731,23,33,33254,21550,205,54,4,289,0,11,2,0.8409090909090909,0.2033898305084746
hwyP27Tu2rudeznLt-G4RP_QldZAiempff3jG7_MAI7hWFgIe3BJWIot,야스오와 춤을,4545681702,carry,2141,16,8,11,26860,10641,39404,19,24,29060,17388,214,16,0,124,0,11,1,0.46551724137931033,0.18181818181818182
_hEVb0Nd2lo-tuktp9cW4vt_Ix6hsOetC4oyzoHxpA5pFnRJsVARcj0q,악마라쿤,4459662434,carry,2391,13,9,7,47651,4072,12506,40,36,20725,21152,297,8,0,131,1,13,2,0.46511627906976744,0.20454545454545456
1pORgyZ3RXfSuMn4FlP_Bunr4SXKGrNTk6oWtsWdmLTbnIU,파란꼬물이,4528952288,carry,1776,5,6,5,17016,2975,8676,23,37,19780,12198,190,24,0,759,1,10,2,0.35714285714285715,0.15789473684210525
RShe5uJLKXTuleiSGzyncOKVJPPp38Dl6yp5HkMY3NPMEr4,멍탐정 호남,4528952288,carry,1776,5,8,8,12092,2229,6043,13,7,16269,11437,171,8,4,51,1,8,0,0.34210526315789475,0.2857142857142857
yyr_5X3Blbe-eIe2JDkSa_72Ne3iebX937WDEdS-gTSn,sex jungIe,4547769419,carry,1643,17,4,10,42333,4674,11873,37,12,23105,17193,184,25,9,107,0,9,8,0.6923076923076923,0.16
QyWGeEqKc9WLJMV8CsDdvw9eMeb5Zs68xJZYOIUaAyZeUTp1vsRsNu7u,Yoon소희,4547769419,carry,1643,3,7,5,12952,4059,9376,11,1,21670,9733,167,20,0,17,1,5,1,0.32,0.1794871794871795
FVj4bAefDCjld5DZgtxFpxj3ceID68g8wvxj5ZwnEHUc,FingerShotGun,4548729533,carry,1626,6,6,5,17155,2686,6410,31,50,18088,11396,205,12,1,771,0,6,9,0.5789473684210527,0.2222222222222222
c6HY7U2uuA9dUXnNAusSP77deQsyERgxUDc8mWINYTrm4YRoBsAyCWek,짱꾸어,4546786284,carry,2435,5,8,12,24183,7416,10634,31,8,30804,13485,195,20,0,87,3,14,2,0.37777777777777777,0.27586206896551724
zPGgN5x2EU34mBrHoG2N3-G-cWnfcepOOu106UAf340d1SucZApMIX2S,피해주면던짐,4546786284,carry,2435,9,8,11,27606,3173,15715,11,2,28160,17610,253,29,8,21,1,10,0,0.6896551724137931,0.17777777777777778
-fVcjuU6HOo03JYNnRbITeuDENYohj66SSsww-_yNlkQZ63tmxuWPK7c,내가슈퍼퀄리티,4528567234,carry,1320,8,2,5,17343,1143,6609,15,14,11829,9838,148,16,4,78,2,8,3,0.4642857142857143,0.18181818181818182
yOmtpEcdALxdJo4pnKDOvfkIvtlURgjASXlCfSaWfti-IYw,굥 송,4528567234,carry,1320,3,6,1,12429,2541,6365,20,13,11774,7326,148,1,0,116,2,9,2,0.36363636363636365,0.21428571428571427
ji09q1h6NggQ2XhnEZ2d7i1M3aCvEHZsI-KibScSitSCI_fyf_V-H_jz,벗방의귀재이대용,4544585425,carry,1811,11,0,11,36995,4328,12031,19,13,15349,15485,243,23,18,408,3,7,2,0.5945945945945946,0
0TJNMNTuRlWg5q2duiYIEJDKzEZZnbZVRPLlQxwxBV54ztg,닉네임귀엽지알아,4548057370,carry,1267,9,2,10,17449,2524,5237,20,37,11887,11545,158,0,0,576,2,8,2,0.6785714285714286,0.125
DisLkNsZ65ClNA3Q4ZG07l1TMEhlr-_z8jFDAyu6Qd60uaA,갱 쥰,4546843207,carry,1867,5,8,2,7443,3164,11022,14,5,19442,9619,152,8,0,145,2,6,3,0.5,0.17391304347826086
TwVih-eKplM5KfyPBHDEsdu087RMOlCvJ0RsyOc3LkzwMNOJs1KzZCgG,여탕에핑두와드,4548487231,carry,1952,9,8,8,21379,2925,8905,40,20,20661,14710,230,16,4,199,4,12,6,0.40476190476190477,0.17777777777777778
41ZUtQUFw7UCxVjIR3If7nLUwoMzk4rhBNT9ee2Fo2ww,이천효양고등학교,4548487231,carry,1952,6,10,15,20966,2541,7949,34,49,23438,11847,145,14,0,777,8,19,1,0.4666666666666667,0.23809523809523808
j8j3RQRMezhpheLCnwz3oN8NQ7XrEQunPkx-5fnopgjrlx0,한조의양궁교실,4546865520,carry,1514,3,4,3,9701,2619,6259,21,13,13187,8301,168,4,0,76,2,11,2,0.4,0.14814814814814814
w4L9siGJMdpBgvxpZNbjb6gSobQ3wJ-268CxR0r-D0J117Q,댕댕콘,4546865520,carry,1514,4,1,4,7770,2206,4934,21,6,10141,8965,141,8,4,23,1,8,3,0.2962962962962963,0.06666666666666667
iomqhJVk3WD4lI9uuReQNFntW5-LXHaGBsjXrxdAFQsQ5Lg,파란카드실수아님,4499767910,carry,1740,0,9,9,11460,2263,6143,28,0,16573,8134,144,4,0,3,7,16,5,0.28125,0.4090909090909091
2OEZjqVf1RwLmbdauje8rLCCByLzNVC6hnCzq8-RUVQ3DdI, ad 04,4499767910,carry,1740,6,5,7,25043,2351,9083,12,1,20298,10418,173,13,0,9,1,6,2,0.5909090909090909,0.15625
fF4YcMdsp_fKnZReVGZpPxBLWfsoryueDh-kHzhAM2vSuhk,서엉모,4532750428,carry,1662,3,8,5,17491,1894,8221,15,5,19352,9659,181,16,0,112,1,9,2,0.5714285714285714,0.23529411764705882
zfTk6Ko5gfFRMsr4h1YKzEvRHLoVAPz9xaD378ZogHEo,광견병조심,4532750428,carry,1662,11,3,8,24229,7364,8496,23,16,17904,12826,164,23,0,63,2,10,2,0.5588235294117647,0.21428571428571427
-EmLV7nI1bRlrLoSHMMN3xqc5INUzXdMWqhTeNJXU-4AdVI,원딜 일뜽,4521040474,carry,2089,10,8,6,24355,1496,11709,29,17,22737,14989,207,36,0,106,0,11,7,0.5333333333333333,0.24242424242424243
yV-yifslHnhQLH1UJi2ZTlhzz4o7qb3ApkGLWA-0U_WziEs,리상드라,4521040474,carry,2089,9,5,10,20880,4680,9007,16,33,19929,14683,229,12,0,130,2,12,3,0.5757575757575758,0.16666666666666666
P36rjWYCIIfFwXOOh9cP0ZVdlay3m02UgRZN_Pg1LSzd9EM,수박바지,4548543745,carry,1627,6,6,4,17946,2619,9599,17,10,22088,10046,167,4,0,151,2,9,2,0.4,0.1935483870967742
SbIiaHXgzsw9RerymaFWWKalOAg1MvfemJg1y05k2CuzdAAnjhzEMoek,버즈포키,4548707940,carry,2023,9,4,6,24520,4225,10886,22,27,21750,14328,199,29,0,217,0,10,5,0.5,0.13793103448275862
NBv3eJR1Z15qtCgZfJr67wP27Bn7d27UNN2DOHJ-h-nzDB0ej1C2Kxh6,민데렐라통금10시,4543353568,carry,1325,0,3,4,4738,1034,3458,4,4,8032,5503,90,4,0,96,0,3,1,0.5714285714285714,0.2
8a6HjUpoKLgwbyJlXHrH0QFnmYOFGzZhGpFMO4-DXcNp5x0,다시일어선다,4543353568,carry,1325,2,2,3,10843,275,3063,21,16,7235,9745,190,9,4,242,2,7,2,0.3333333333333333,0.2857142857142857
dgnNj5KSDPQfT6TynHKb2q42RXAjiJYUmn94IEE6FY2R,상남자김두짱,4523491342,carry,2365,7,9,8,27811,3653,14830,46,45,27038,15900,268,20,0,927,7,16,10,0.6521739130434783,0.21951219512195122
vaMqBa1saBC4n7rOoAJcCTNhnP8dn1cRLxFyoIPyuaJyYbXr5xmrVY5a,황지혐,4523491342,carry,2365,4,5,13,18015,3030,19795,20,10,19474,14556,231,29,4,211,0,7,5,0.425,0.21739130434782608
fsugbuLGDfkdPUb11Tdw1fw5OU-FMcvGXRq6-2WkT-XuhP0,메론콩,4532769566,carry,2850,14,6,13,65427,9111,31026,48,23,32717,20994,266,27,0,615,4,17,3,0.75,0.15
2Rsy3LP79GiLHEB68U-unY-zxePeaVjSdHMZhUXXQ5o8,제과재팡,4538964425,carry,1579,1,12,4,7236,2173,11175,8,27,24906,7849,98,49,7,600,1,4,1,0.10869565217391304,0.2553191489361702
mcFP3kYLbjVmyDAL6dlg6KCE9E2_BfC-FS5TPD1wcF4qidc,보고싶다 석찬아,4538964425,carry,1579,14,6,12,32732,2263,8935,28,10,16710,12803,142,0,0,159,2,8,1,0.5652173913043478,0.13043478260869565
Crmju7jm8z1xNtfKIKWJQ5VHLb-XOftsM5djTMEc4a7R4ck,달빛 악령 에코,4261160341,carry,1832,5,6,10,15941,1449,11854,19,4,23895,11315,211,4,0,65,0,8,6,0.5555555555555556,0.2
6oqhEzO-OeQzPP4EIScvp6eiSWShVzKgBKKnwU8cHXeN,지구별방구대장,4261160341,carry,1832,6,5,10,20848,2189,11548,33,11,14984,12239,194,19,3,179,2,10,2,0.5333333333333333,0.18518518518518517
x64w25LKh-LgY2M091vu6klpA3J7armwSJ6FcqY2SMxjzZAnt30BNzCo,포런쳐,4347007244,carry,1633,9,4,5,23092,4165,8896,18,0,17344,14180,239,16,0,28,2,9,3,0.7777777777777778,0.12903225806451613
qF4GOy5O3prsI9pKFsidj9JTMC1sciH0TJCwR8FYg1Ow,중국산뽀장,4347007244,carry,1633,5,3,10,18320,1401,8038,23,6,11195,10730,164,16,13,105,1,9,6,0.4838709677419355,0.16666666666666666
vHhXp1O-DL5Nf1NA8SdW-lFfWIxD2N9UKExvGkhXCu9k,LANELIA,4544892032,carry,1464,4,1,5,8983,1498,3585,13,21,8903,10640,201,8,0,589,0,7,2,0.3103448275862069,0.07142857142857142
WoBkiqMtVfn2o3iB1geNNALElAgzBGDlCPNUao8oArq3,꿀먹은돠리,4547224917,carry,1522,9,4,5,15304,2689,7132,16,5,13487,12202,219,4,0,197,2,7,4,0.4375,0.16
j52-Jv3NAy7ecMC2qiwrfFA0h_LZYFBmaaze-VR_wE5q,나김민수,4547224917,carry,1522,5,8,5,15712,2283,8796,11,0,17823,9260,167,8,0,0,4,7,2,0.4,0.24242424242424243
HExE4rGm-kDS6Qcz04TgygV_WhnZYEjhmU43oTG4m1Wi27I,옴뮴뮴,4542166564,carry,1563,5,7,3,10187,1521,6690,16,0,16750,8076,97,6,0,28,0,8,4,0.34782608695652173,0.23333333333333334
mw3vXHxVleVLOlSggzRDRchf8XPtHFNz96Y8jk5LJt5Qzho,원딜여신 최예림,4542166564,carry,1563,6,6,11,13765,2344,5377,11,32,14228,9727,97,7,1,459,0,5,0,0.5666666666666667,0.2608695652173913
1aUpKNsB4Tc7JPBOmvQtMGacYP86u8aB57dfhp59oNgooqc,초심찾으러미드감,4546041015,carry,1824,11,8,9,26500,5114,14053,12,1,22218,14325,182,40,14,47,1,8,0,0.46511627906976744,0.25
JfR7-KfLPek6bfeEAv0ysLGpaxDZ2lRx_Bi7WfPvQrfRvlA,구원받,4546041015,carry,1824,8,8,8,16711,5253,19427,13,11,27477,13717,205,10,0,193,0,8,2,0.5,0.18181818181818182
4VdtqOQamqCqx1n91_E7mDe6LtQ6QwGFSjhxPPyW083VBtc1OOzKtUXW,아이언프로잭트,4543238774,carry,1832,6,5,5,22744,4314,8770,30,32,19497,12775,201,22,0,82,3,13,4,0.55,0.1282051282051282
_95euuCMfY-4cp2MDDCXy3-KSrXlC6tybz_u5PXux77L,까불디마,4543238774,carry,1832,4,2,17,23494,5272,11399,12,7,12925,11834,168,20,0,163,0,6,1,0.5384615384615384,0.09523809523809523
KIUQI945bk2Ru5ay5fcVW1h0KNUQcRvb7yfAyKobB4OakPE,loljotgatda,4532209373,carry,1256,0,5,0,4687,634,2841,6,0,8179,4671,87,0,0,0,0,4,1,0,0.29411764705882354
ZdxwjJq2vxiqBq65E2lmlFLiHioozpmk_Bo3mZn1Y6tb,흔한 다이아 ,4544883254,carry,1465,2,4,10,10998,2718,7256,38,26,15041,10551,161,31,3,578,6,12,8,0.3870967741935484,0.3076923076923077
IchMaRzwaafZS4PNapGN0n4Y-yqcdrDwKzDdMTO_xCDqh_E,LIAR,4544883254,carry,1465,6,5,0,19153,1237,7055,17,0,20034,8965,147,0,0,0,3,8,6,0.46153846153846156,0.16129032258064516
wGrzelqA4C7QU9ed1YmPbuXOZyReik9stCEjTz0irq85u-RB0ruUGFi6,실버수문장l,4547760894,carry,1988,2,10,3,14288,740,8259,10,6,19036,9684,144,12,0,75,0,3,3,0.14705882352941177,0.24390243902439024
kkOmdOTB6zCPMFmmKDdMlxhDePZFniIru0rijdsitft3jEw,에코있음노래방감,4547760894,carry,1988,17,7,10,36819,3198,14382,16,7,26158,15876,169,43,0,110,0,8,2,0.6585365853658537,0.2
2oXNdTpGnAUdIbdZjVCeQOp856NYRu98Qj7umTmbIO_I,김치군고구마,4548564242,carry,1224,1,0,1,5386,585,2209,13,1,4924,6406,126,0,0,16,2,7,2,0.25,0
1EF0M_-z7ccX2bP6jA10kiUr7lT4y9yn8YHalKMaAfSt,Bush carry,4547764261,carry,1476,13,4,7,36463,2268,8653,14,8,12286,13532,181,7,0,163,2,7,2,0.5555555555555556,0.16666666666666666
PD1CsZvRot5EIbnoAfQvNj50E5xAhs4QBxSbDf5ONsLK,김취려,4547764261,carry,1476,2,7,3,6374,1743,6929,23,1,17060,6528,92,0,0,10,1,8,3,0.20833333333333334,0.19444444444444445
8EKyPCb0zqCqKf--xvTyUp39M5UaH1uzFho6PrL0H4bnOAQ,원딱몬,4527904535,carry,1558,5,4,8,17663,1641,6956,28,35,16432,11786,215,28,0,746,3,9,8,0.65,0.26666666666666666
vBRV06tEiWKARKiDfRmGE52dZEsun8extAe1TxaGOODET3zTtVfaWPRS,오준택패고싶다,4546409087,carry,2032,4,4,6,19416,2022,9386,19,46,15289,11680,205,8,0,759,0,11,2,0.45454545454545453,0.2
ME7s6J06ZVMgKEMbntteIBpXicg4_nBezAkP7Do9Rzs6_3U,앙 페이커띠,4538601302,carry,2259,4,11,8,27207,3624,20200,20,14,25713,12685,176,34,0,278,0,11,2,0.4,0.2682926829268293
fjI1D8j1IZKoV-Hdriz5gdQrDVth_7IdrXtPid9VxDMcvfE,잘이기는닉네임,4538601302,carry,2259,8,6,15,24973,4227,15678,23,5,31536,16428,250,29,1,81,3,9,5,0.5609756097560976,0.2
KHY4IW-x80SLEBUCPBT0vs5AVBBCtOZwvfkoUXjD9HOp0pU,2022CSAT,4547809144,carry,1759,8,8,7,23470,3463,11513,20,18,19809,12747,182,4,0,58,1,10,4,0.5555555555555556,0.25
otyrGvf4Z1dehlncNy2fLxbsw4iHaWRppBrkQNlbdS_dAW0,초심찾은 태혁이,4547809144,carry,1759,12,6,9,20541,3799,9271,20,4,17062,13253,151,32,8,75,0,8,6,0.65625,0.2222222222222222
DS_R6Ni1Z-tPgjKZYzac5XIdWyJaZrZipILCuiR1Gmi5g1g52GrUxhjR,ol츠리얼,4506063278,carry,2078,3,10,5,12974,1627,9949,42,41,30054,12907,257,23,0,1043,2,13,8,0.4444444444444444,0.23255813953488372
DnXQE2oOn55WYN4ELIVxmCCYSeQ6sDW9CoZOz6wH5VaoK_M,닥 츠,4506063278,carry,2078,4,7,7,17719,3217,10773,32,28,19461,13161,183,20,12,322,2,11,5,0.2558139534883721,0.3888888888888889
_MS-II-iBxtUt8w0shsY58yXTPwH-fc5H7tq-WsiKnbGhIM,메밀캉킁,4539155211,carry,2102,10,3,8,30288,3804,9600,16,43,20485,14076,174,34,2,159,3,10,1,0.5454545454545454,0.14285714285714285
zESt36lffwyM-aVBNP2B4icbbHa4ANzk2MwkUSN31L2KHdoUlOSSXtsZ,목표는첼,4378924554,carry,1897,3,10,15,17941,2026,11750,19,51,25617,10833,159,8,0,837,0,10,4,0.47368421052631576,0.22727272727272727
WDrkLM30saskmormSuTka37sQ08X-BQ7iPcoxWCEqPfy,처음해여,4379240392,carry,1798,0,6,2,11552,1282,11236,20,0,15844,9584,209,20,0,9,1,11,1,0.09523809523809523,0.15789473684210525
3MTnGUIpCEHmCmUX6TREggRop7Ui5pdIRpZggU3IZU4ufyk,스노우드,4379240392,carry,1798,13,4,11,23034,1664,8038,25,9,13048,14715,201,16,8,115,1,8,2,0.631578947368421,0.18181818181818182
pa8PRgvWYxJgecpRsTS2I4vzXO4cM9qk-w6ie9XB2SQ,Chen Yian Xi,4469902330,carry,2217,7,5,8,42082,3865,18720,46,21,18890,16246,224,10,0,434,2,15,11,0.7142857142857143,0.13157894736842105
zdSaXG0aQ-YcuUk5iXeXhy-JY2Mhvim1jihT1BD3C7z4,보는순간안녕,4469902330,carry,2217,10,4,12,27306,5211,9035,26,40,19746,15775,199,37,17,290,0,11,7,0.5789473684210527,0.19047619047619047
DCAOF2fppvEDOQbxwoY42bjgjqCqJ9Y6OGCxj8Nayoxb,꼼 뚜,4505364970,carry,2048,4,8,6,22677,5861,14742,7,5,20339,13094,223,18,3,251,0,7,0,0.22727272727272727,0.23529411764705882
loqrJWNEGHUsUMUCBlM6wj4wgcK_H4yEPj1g4yfwAVRv,http 원딜,4505364970,carry,2048,6,7,3,12702,3728,14377,26,1,26127,14416,280,12,0,35,4,14,5,0.2647058823529412,0.1590909090909091
gXivOOoaGMcNNEDisZSSP0YYlUGZ-RHCwFCHr7biGGpC,깔끔한아이디,4436418883,carry,1709,11,6,11,20803,2243,9525,28,0,21214,15811,180,52,0,14,3,10,3,0.4888888888888889,0.2857142857142857
77TkQ_qIFfccq_1E41kG4Y_nsgLx6dZ0_yALCImNeVs_,탈남마렵다,4536852830,carry,1892,7,6,4,18531,2182,8650,26,9,17970,11686,195,16,0,223,2,12,5,0.5,0.2
8yUeVf5NxpJ6H0VyvkjjnyjMWykUtHYl0QGaDSeUifrPQus,991003,4536852830,carry,1892,6,4,15,22363,2610,6795,21,46,15418,15303,237,16,0,895,3,7,5,0.7,0.18181818181818182
-7Gc9BimCvNHIn88pKYbPXu-IyCJWb3yyeouyvJ9ZQyhCZpX5B5NGsDn,꽃을 꺾어 오리라,4545757285,carry,1643,2,3,1,11062,3614,6805,16,0,15537,9516,208,4,0,0,0,6,4,0.2727272727272727,0.125
7dYZ6tD2Af7RcF1_zuj2h4JGzPADI9LtkuRGKfvIe3zGadI,liliillliliil,4540853936,carry,2284,20,7,6,59687,7368,22985,46,25,35553,22585,275,24,0,223,0,12,5,0.7428571428571429,0.20588235294117646
DUlKJ4v28vmvrLkPlPYA4m0gndCr27MxPFB8ejOgPLbxcPI,주사위6뜬사람,4522368186,carry,2171,5,3,13,33823,5572,19325,19,19,26861,13644,229,32,0,473,1,10,4,0.6206896551724138,0.09375
oaI-uLnXos89OK2sSta2I4TCTySOBRMpk2_R7B62PVvJ,준 위 박,4522368186,carry,2171,8,4,14,32182,7135,9412,23,26,20209,14465,216,5,0,699,2,13,4,0.6875,0.13333333333333333
WR1WvSb7d-p9j4bfQMFyMkCwgbLxwg4kyBW9Yy54sTs0,행복은도피여야해,4537766289,carry,1598,11,1,11,30300,1739,6790,10,0,16753,11368,166,4,0,9,1,6,1,0.5,0.06666666666666667
WIZeHk8OxRRSJv24skmJ8ojt3suPBPveg5x5-annCfXSc9xcKkD6lz-T,미스터나나,4548725896,carry,1634,1,8,8,5465,2322,6112,18,0,15476,8048,97,8,0,0,2,7,0,0.20454545454545456,0.24242424242424243
bZoNQPZNq-8Ab6xxqPnYTh6mAHmlMnpw5fy1U2CfCXjOFgQ,EB top class,4538987157,carry,1939,2,7,3,15549,2714,9266,20,1,19846,10225,204,12,0,26,2,11,1,0.29411764705882354,0.2
x55L9ZkC2X99t8EcdBO77R-Rvef1ApBn1wLaLAhait3pjH9CA-4x14gK,coffee맛 우유,4538987157,carry,1939,3,4,13,22950,1618,10852,2,7,21150,11234,197,8,0,250,0,2,0,0.45714285714285713,0.23529411764705882
koJeH3IkUFfJbTbdCp6JJOzXXz0SGbKv75kAq2a94Bz7,FOG SACAI,4547492046,carry,2104,6,6,6,12832,2098,12595,24,31,18204,13265,192,16,0,604,2,13,3,0.48,0.15
_3i4lO3UrxsN90CESkSyH9spUbisITmBLsLdUtmClikPnVAYNnzeh7Fe,난정열,4548707753,carry,1257,5,3,5,7376,992,2871,11,8,8058,7474,100,8,0,65,3,8,0,0.5263157894736842,0.21428571428571427
5EMxsxIJ3-B9hWzfLOTXT50xYS3lF3rCdSqg99_2mFA6,우유속의소주,4548707753,carry,1257,4,3,4,9899,1238,3494,15,27,8995,7834,133,4,0,421,1,7,1,0.5714285714285714,0.15789473684210525
giQ5KP21HxzdUKayUYWOAQJHuCyQQruedkEbeZ3dz4YX,스냅만커리,4545681025,carry,1447,1,8,6,10021,1653,7864,11,18,16700,6423,107,7,0,40,0,7,1,0.4117647058823529,0.23529411764705882
rkFy9su0jz-3ddFIKn4bWqS7_EbZfwjvSSZ-6k9Kw-T40Skrlk5NQhUZ,working control,4241988345,carry,1639,8,4,3,18994,3458,6047,14,10,17900,13846,194,12,4,50,0,7,3,0.55,0.11764705882352941
TZB9HE76hiRq3oMfml65KqXYJew_crsD4hvgV5B-qP36WNQ,  쩡 E ,4241988345,carry,1639,4,5,7,9619,565,6944,24,9,13703,9553,131,32,12,76,2,11,1,0.3235294117647059,0.25
GXZGCh_lf5aRajElkDPgJg5h-HLg7uAEZ7E-jezM-QTddBM,구구짱짱걸,4425885330,carry,2024,2,12,10,12211,4627,12545,11,3,26460,10322,164,8,0,19,3,2,0,0.42857142857142855,0.3
kHepcPWb1EnvLw_VlOCFQa9l9Lf19MZSQKf6WlydKVnq5nEV6OTvgpuX,신혜진,4548734283,carry,2043,5,9,7,13704,3474,7821,16,9,18067,11863,200,0,0,36,0,11,1,0.5217391304347826,0.24324324324324326
xmE_L91I5hcRXyrRJKEVp5AUVLSiYgCkG951NebO4r5f-AU,대깨봇,4548734283,carry,2043,16,2,11,37822,7716,9161,29,5,18612,17543,228,25,0,32,2,8,3,0.7297297297297297,0.08695652173913043
8Pg-ZXKPtJWt9HQB5ncoOgpC2JiYWA-82bu1QRKXLskt,blimild,4513509138,carry,1563,18,3,9,25881,2543,11878,16,4,16638,14583,160,25,9,110,0,7,3,0.7105263157894737,0.15789473684210525
A8MZLsHDXV9kU6fS5FBX6m9ifmGm-mmkPiRzUGrq9jdLGCX40jp0k5qT,Chocolate Candy,4492356079,carry,2088,14,3,9,37547,4153,14461,18,13,17571,16483,195,28,4,296,0,8,4,0.6052631578947368,0.125
bmP8yZfUOUFjsH_6BtzQG4KkhxTlFjXg6BCt7omGb6si,cksgml453,4492356079,carry,2088,2,6,5,10319,4363,11086,14,0,20374,10842,180,6,0,0,0,7,2,0.2916666666666667,0.15789473684210525
gDBbvKF1oPAhbwqUAnl5z41s06BcVA34ZxzQyB7xKWgP,게임정지삼십일,4494109600,carry,1403,0,7,3,7142,712,9743,10,8,16184,6004,109,4,0,68,0,7,0,0.375,0.2692307692307692
TWjqpZZNAJm0SpnBravHmBmw1RgpEU-4jhN7UVQLGlxQ,서폿제대로안하냐,4494109600,carry,1403,6,2,8,12512,1881,3386,13,0,7625,10358,154,4,0,0,0,7,3,0.5384615384615384,0.2222222222222222
WAHr7C_IJq5CuHnBa0hOGLAiwFHZdMAxXqc9osj55RtcK_E,상인상인상,4545107751,carry,1311,2,3,7,6057,2164,4042,13,0,9185,8655,162,10,0,27,3,7,3,0.3333333333333333,0.25
B6-WyaPO9I8PvXZZS-XHiYb9WHDGq0geKCsHTaPOtzPS,UNLV 2018,4545107751,carry,1311,2,5,4,9154,624,3627,18,29,9854,7245,155,0,0,467,2,7,3,0.5,0.18518518518518517
g2QahqZXG0lOkXz6zR0s6BDPp-WN9jt-aNLyGsc8UlRVqVstFLuwaLJm,넌지시한패드립,4544528348,carry,2191,11,11,13,40928,4082,20716,32,17,30250,15068,161,33,16,386,4,14,1,0.5714285714285714,0.34375
yiNTZ2fzXFR_L9udTyxPBDBR41y3N3B6P80yRQKdrLUl0fE,비전마법사박근혜,4544528348,carry,2191,11,6,14,34935,9420,19990,10,10,34110,17147,224,8,0,96,1,6,3,0.78125,0.14285714285714285
M18E29KXMcU6cRTBnQb-Y7yfBxSlRhWDAHsT3hSruDEauh4,틀  니  축  제,4540387673,carry,1654,3,1,6,11623,4319,7370,13,0,11871,10569,206,8,4,1,1,7,2,0.2647058823529412,0.07692307692307693
mDuaGKYBK9z-RAoO2cEqnjL1nQn34a8HHDZ-PhL1P9QgWUyMH2ssMUlT,Februaryy,4540387673,carry,1654,2,5,3,15987,1973,6436,14,22,18855,9528,210,0,0,39,1,5,2,0.38461538461538464,0.14705882352941177
HuIC2vEut3VrgxUsRjO3X3g1kukTKRhbT7ImHCQkNaJoOCc,흐릿한바깥,4544828285,carry,2156,8,7,4,20730,8659,17125,30,10,28917,14061,189,32,4,165,2,13,2,0.3,0.2
u92aPWYURHBe2HoHaqErQL-BSjTUYjEbw16KItVYx-kP, Reservoir dog,4540193268,carry,1754,10,5,3,13517,2175,7146,6,3,18640,12159,186,16,4,29,3,5,1,0.5,0.15151515151515152
G_DH-D3d0D0XldcNY7s3IQ--KS9SG-UVi-Ani5FXxZxRVCp2jvAJIykR,didwltjr,4540193268,carry,1754,8,4,4,18856,3934,11427,32,1,17521,12654,167,51,9,10,2,10,4,0.36363636363636365,0.15384615384615385
XANgnjwh8nNW7oVMFhtpUdMb0seTjc4yDdajqZb9VJI9,엔터키빼고올뮤트,4500404010,carry,1592,0,7,5,6843,1322,7773,13,18,17304,7685,154,8,0,44,1,7,2,0.21739130434782608,0.25
uT7xPaTbfZKpd_g5YDD3aPZPVmkhQR0iAoDPTfz0sjp0D2k,dxfrax,4500404010,carry,1592,2,3,6,19143,228,6899,18,4,10232,9670,196,10,0,127,2,7,1,0.2857142857142857,0.13043478260869565
UUexX09tqUJmhVu0lI0QOWUyqaJW1ryGHpoEwA_WVrjrcnE,마나많아,4534492969,carry,2108,5,6,9,29451,1043,12580,21,28,16279,16204,265,38,6,220,3,11,2,0.4827586206896552,0.16216216216216217
2VyzB-GX4gXFGxqT4dxogNBWEm9K8of1MvdBuB1QG4a3YLQ,twitch 고잡새,4534492969,carry,2108,11,5,12,24063,5958,16882,26,5,19809,17106,265,16,0,132,1,12,5,0.6216216216216216,0.1724137931034483
RIYVlikU6x2klQ3hEaE6s0ebob018-qEohXkBc-0BzumL4qiMuMBCcVX,구아바 구아바 망고를 유혹하네,4532725725,carry,2067,5,6,13,22496,3420,14472,40,12,19036,13661,218,18,0,164,5,15,10,0.5142857142857142,0.2608695652173913
dhQtFp56DfMMa9PpYl31pCOhiuLU2MlOwD73kaSWedoZ,근본이 되는 거점,4532725725,carry,2067,4,9,6,21439,4847,9112,10,21,23570,12855,211,22,0,150,1,4,3,0.43478260869565216,0.2571428571428571
6qIt07Em5KRmWEFBbDCnrIqrCd9kRhpJDeNj7865-hFZUKmBk9R-7eA-,차승우의 검,4539009405,carry,1745,2,5,7,10998,1606,6560,26,6,13290,11953,256,16,0,137,3,7,3,0.2647058823529412,0.23809523809523808
sXGpoqvGCrZBC_rFWMkWlSqiN0HB7Z2Ru4qZpge-TpfADJE,볼빨간SUN명이,4539009405,carry,1745,2,5,8,17125,994,6527,20,4,12913,9743,189,2,0,113,1,10,5,0.47619047619047616,0.14705882352941177
xAYFRt4FAmRbg-Ib0vPubDjp-_NFM4QQXmy1a3eh7BNG,펩씨H,4470328519,carry,1558,4,1,4,15457,1158,5300,13,4,9313,10607,220,0,0,239,1,7,2,0.5333333333333333,0.029411764705882353
DQsB7pZnRL_J4OS5S72G0giTkzpXh19PBmhHS9WDkn6j,닥총강아지양,4454695190,carry,1788,6,7,2,10559,1321,6130,29,3,18533,12390,186,18,6,39,2,9,2,0.3076923076923077,0.175
hdFGZmJAYcxJrZYlsqHBGPTHfCSYme2U2_2KbF6DvVK4O4U,SpecialDay1201,4516611148,carry,1253,2,4,1,12168,14,6238,15,0,13406,7397,171,0,0,0,3,9,3,0.13636363636363635,0.3333333333333333
DVMrS6G_zbV1d51fkT6dxNX4-tOKRPrbtbqp6NpcOwGV,바리톤테너둘다됨,4516611148,carry,1253,3,4,1,6109,1780,3949,7,0,10529,7375,138,0,0,0,0,5,1,0.36363636363636365,0.18181818181818182
bDBQAZX_gZ3W-vLj7YBwqyvKR0_IO0jEwVe9GFzn8_xg,석원아LG석유쓰렴,4543885626,carry,2399,4,4,7,23105,8674,29857,17,10,27307,15162,253,12,0,450,1,12,2,0.39285714285714285,0.14814814814814814
sa1jfVvF2igbJoL4btVf5a2lPLZIZgxFMfdTlzORiDAhPwc,팬타킬트롤,4543885626,carry,2399,9,3,8,35852,1645,20273,52,9,25151,17532,327,22,2,116,4,14,9,0.6296296296296297,0.10714285714285714
8euNuS0hqwSMM6uRVh32JSE_H3KO6AHmIIp3adK7xMbh,롤접어야함,4472054469,carry,1448,3,7,2,7986,870,7705,1,4,12475,8015,142,11,0,37,0,1,0,0.29411764705882354,0.22580645161290322
N3qLi3TT9T6ZF1l5aKsw1qF87x1Jdss2b_4T5BUg_-an,센스축구vv,4541272708,carry,1656,7,1,11,25558,3749,5294,28,15,12488,12279,148,24,0,116,3,8,2,0.6206896551724138,0.045454545454545456
logH2H02IKKJPKGiAi1kWXc1hmL2w4CZW9rSupxQnHtF,브레카,4541272708,carry,1656,3,6,3,11609,3880,10960,12,5,23369,9249,172,7,0,146,1,8,1,0.2727272727272727,0.20689655172413793
BM26-3Y91AfDq2LFP4YDOz3imkhisQxdi_tQ6qeSIkborns,똥참은지8일,4547550275,carry,1390,1,4,0,13121,803,5534,11,0,13735,7140,155,3,0,14,0,6,1,0.25,0.2222222222222222
qUsvqWcMQXbRzgFnPI8hWss_QnRqtj_hBDochHHXZTyD6B4,주유소개장,4547550275,carry,1390,4,0,9,12340,4706,4417,17,25,10928,9188,150,0,0,105,3,9,0,0.7222222222222222,0
MFCvMYHX7uWQIzkCYN0YU97M9lMXLv7NkjAM8mEbA0Jz,시비월치릴,4543270686,carry,1584,9,5,9,19231,3274,5547,26,16,15444,12226,129,26,8,114,1,6,7,0.5806451612903226,0.2631578947368421
DiyCcat9Vf-BuumGrTf2aWIU-oFsMLnF-ooLdGR7l_iamB8,전오성,4543270686,carry,1584,2,7,6,9979,1312,10287,9,4,16048,7193,96,0,0,68,4,9,2,0.42105263157894735,0.22580645161290322
-4pbQVOs4LPo_v3ofuNB6Xx9HB1yCDadHFJUlE2QHkUKycE,탈론파는탑신병자,4483377897,carry,2348,0,9,9,11841,3746,10775,28,37,22886,10641,177,12,3,727,0,7,10,0.3103448275862069,0.3
o3q77vTnnc5qEslGLmk2Efsoh0pb3g8Xje_qapi0D9oHmrRhhN37ncAa,울산달천아이파크,4531986331,carry,1272,10,1,4,16118,1096,4337,12,3,8710,10310,161,0,0,95,1,8,1,0.4827586206896552,0.09090909090909091
_0Nc78GPn4CNvbC0iI4DRHoHfUEcXQdqCnFjCQBlPcoIoxo,벽궁뽀삐,4531986331,carry,1272,3,6,0,9299,914,3811,12,13,9552,6903,142,0,0,42,1,7,1,0.2727272727272727,0.20689655172413793
dGT7_XlLt2Lixn5RsUeQJbSXVhQIv6tm3CO28vkB5tREz8g,오빤쉽지않아,4474568967,carry,1824,10,7,7,31018,4657,13820,9,5,22386,13162,186,20,2,51,0,3,2,0.6071428571428571,0.21875
Za2uivHGRfR70_Z3C3G4Zaq2PbguUBNDBbHkfq1qtsx2PHE,동성로이쁜이,4540556100,carry,1213,12,3,8,23774,3019,5176,8,12,15808,12544,138,0,0,58,0,4,1,0.6896551724137931,0.375
rAiuPn17t6IqzHBMFG7FVRwIzzMaQdzkTlU_kZ7U3NLO,ID문재혁,4540556100,carry,1213,1,6,0,5676,665,4298,3,0,10595,5420,89,4,0,0,2,3,0,0.125,0.20689655172413793
8j-FpX-HCQTmEyYUER2aOA_E-F6YDBnSCpq1l-VhHyJn,20사번,4530376204,carry,2197,12,8,9,35660,2123,15945,35,22,26578,15517,210,28,0,600,2,13,2,0.525,0.18604651162790697
BO7CYZQuRcw7fWSj-_GGhNQXHIpBDOJqS6wo1IdfcDiU,갓주일,4530376204,carry,2197,9,6,11,25835,7262,9189,50,39,25701,15599,211,32,0,214,2,8,7,0.46511627906976744,0.15
lgnXr4gyibHEVTQqKLFIObd5ABwjx4SdebLfT1swSTHlMSRLbsbkiTb5,못하면 욕해줘,4548075156,carry,1589,11,4,15,29888,4805,12035,19,36,17724,13325,188,16,8,800,2,7,3,0.6842105263157895,0.26666666666666666
C9pGYYzRYuekp2j016Ewx3DC9e067N-VIE6_Nl2jrxGe0qgwym-g6CzP,원딜들고 탑으로,4548075156,carry,1589,3,9,2,10375,1175,9559,8,6,15936,8381,162,4,0,104,1,6,0,0.3333333333333333,0.23076923076923078
7dYZ6tD2Af7RcF1_zuj2h4JGzPADI9LtkuRGKfvIe3zGadI,liliillliliil,4540853936,carry,2284,20,7,6,59687,7368,22985,46,25,35553,22585,275,24,0,223,0,12,5,0.7428571428571429,0.20588235294117646
yp56GMaAEs0qY3qd6Rg7PvNk2ZeDCIv7i5lKOoOwSUP5,RLY BY,4539865224,carry,1397,10,2,11,21822,1249,7018,15,24,13227,12098,164,16,8,132,2,5,3,0.65625,0.11764705882352941
OKSO7qg865TCwuP8zCw0fPVYog37U538Rt6gxHVsrh6JQNc,뭐했쥐,4547972996,carry,1536,2,5,13,16249,1843,5109,19,14,15044,9198,140,15,11,254,4,9,4,0.40540540540540543,0.29411764705882354
nS8iN84AsVJTajI5nV8pJUIFhBVSK4oA371e4je0ZE7ZAxhh8ZbOZSkW,윗집처제교육중,4547972996,carry,1536,1,7,6,11697,1897,7973,9,0,19763,7747,145,0,0,1,1,6,1,0.4375,0.1891891891891892
X7vSEx-YU6iSdYBUtLj6DhtJZpXQv0_OYYaQoxsdn1m__RmBruQs4Wfb,진주와단군사랑해,4540879997,carry,1412,11,2,4,20817,1014,6548,10,6,11093,12513,178,11,5,77,1,9,0,0.42857142857142855,0.10526315789473684
qQd_CYdrftSQN4uE8NshPEZSSAdUh95YO4YGMczYSUgcpRc,덕고 부회장,4540879997,carry,1412,3,5,5,8100,2460,6405,14,11,15430,8495,173,4,0,25,0,7,2,0.4444444444444444,0.14285714285714285
ZtzUTVNy_NdVP3I6G6M51taaVcHVbGguuIbzkNmVC4L9,rnrm,4507186995,carry,2044,2,8,5,13256,2690,8855,19,21,18787,11751,193,11,0,58,0,10,4,0.35,0.16666666666666666
_2oKvTLJFTDbwxyBlr0barT6VJL2Q9XrMoKfWBDkfD5o,널조오패겠다,4507186995,carry,2044,8,4,13,14458,3124,6645,56,47,14657,13609,182,6,2,679,5,14,9,0.44680851063829785,0.2
cVoswEI-Ehh2cc2lhiEYgFicKdDiLn9_570EeVkISaxVKIkE5CRHCjaq,설현보다놈현,4510354017,carry,1451,3,8,5,17960,2662,6126,19,5,14946,8461,153,0,0,119,4,10,2,0.4,0.21052631578947367
geegu12i-XePmbvBz18PCe5Co0IkMxvsF4Jh1R-DZ1k8,과잉방어,4510354017,carry,1451,7,3,7,12689,1681,6980,24,1,11901,10371,165,4,1,79,3,11,3,0.3684210526315789,0.15
lG3USCaAI8vaIwHVLQD7EaAirRcsvOZVddKVmKflasWz,신혁즌,4545931037,carry,1629,11,6,6,25431,377,15772,7,2,24248,12810,175,13,1,112,0,4,0,0.7391304347826086,0.13953488372093023
UpaCoekXDSWZ4r1UJlASUse6LcHM0IMegoWaLR0MLj0fZvo,창원 창모,4545931037,carry,1629,11,9,11,28324,2512,10140,8,41,21696,14132,171,22,4,705,0,4,1,0.5116279069767442,0.391304347826087
3gOL03WXdYQ-o2XSkfe2qVsU6l9hEQQ9TnJYFGbgZPmnF9M,Tommy Slug,4286397787,carry,2051,13,10,12,25085,4173,11518,21,39,29472,16196,179,34,0,842,1,8,4,0.5813953488372093,0.2222222222222222
UUtWTafc6UTc8gpQbtcDtZwCAjEsf6VDepdydpsECyf6,루팡핑퐁,4286397787,carry,2051,9,10,14,31341,462,9127,43,40,18844,14646,208,26,13,271,3,14,10,0.5111111111111111,0.23255813953488372
yEqtgotAh5wY0_gB_B_oQrtEKiBa-y4n-GOY0Neo8sbFp5k,Camila CabelIo,4542811330,carry,2486,12,7,26,36023,5712,12157,23,41,28418,19833,208,40,4,281,0,15,4,0.7916666666666666,0.1590909090909091
5c_qgsrt27GcXi81fNA1u8zLhzddMc4GLA5TYsgbZ_5kOvhg-3PQTv-s,CHDKSH,4542811330,carry,2486,2,10,17,17709,4167,12239,25,45,24556,11150,150,19,0,821,4,12,0,0.4418604651162791,0.20833333333333334
eYmfSmJk_6gZ5OM5QN7hZg_k0xNz_nTM9QlwceAWEDg,mr현이,4526230791,carry,1883,8,6,10,23008,3022,9237,11,2,17047,13366,162,12,0,40,1,9,2,0.4090909090909091,0.2608695652173913
TH4UbV6T-4bCejLM3NFwUQVBKcMdF3Xmyposw8HVL5xGbqk,자코지,4546045310,carry,1666,5,4,11,22707,2907,4939,18,62,12364,11400,175,24,4,928,1,8,2,0.6153846153846154,0.3333333333333333
SYpY5D_f6Tqie1U_GB-yjZyau3ZWkxW_wbvKWk992NaP,LG폰고쳐줄께,4546045310,carry,1666,2,6,2,11981,2469,8957,12,0,17080,9549,206,8,0,3,0,7,0,0.3333333333333333,0.23076923076923078
9eLWnnv0sOfqeZmGeAlgOQCgy3RaWr1EbgTVDN2AxSGZ,쓰레기치우는당번,4315441647,carry,2099,15,5,4,24979,10205,14806,37,12,30248,19017,246,28,8,90,0,12,10,0.6333333333333333,0.2
goUHyE03P8hhOQHXXKSGMFmg2iOnkbLWfWmaE2vA0rmY,쉔으음소리,4547843054,carry,1616,2,2,3,5416,2455,12042,15,15,13602,9764,157,8,4,88,5,11,2,0.1724137931034483,0.125
0fk0Buyp-NObVXYUSL7NQnoVDeWFroq4rS-t8J_2AUgm,아니하는순간던짐,4548689016,carry,1797,3,11,10,13442,3275,11888,28,0,25921,9251,145,6,0,0,3,11,2,0.48148148148148145,0.24444444444444444
xcMmKo2nqlecogRkO1wQODfX1m0l_qVvBBhqnO3ZhjaNNWY,전문고소인이병찬,4543439399,carry,2640,5,10,20,40384,2913,12233,53,84,32955,15271,233,26,0,1146,1,11,9,0.5555555555555556,0.19607843137254902
Xz2vyNdp_ykGPyBdd-GubcyyYgkbDp5a2Gsl6DKXBfmI,해든마켓,4543439399,carry,2640,13,5,10,30623,6354,25453,22,11,25723,18343,214,20,0,394,1,7,3,0.45098039215686275,0.1111111111111111
KxPLgZhtBOxKorlJePfXhbCBOZa_H4DmwiK5Z1NJcTDlPnIZmO_TCTfT,30페이커,4544096200,carry,1497,4,3,3,9956,820,8122,18,9,16250,8514,147,12,0,42,2,10,3,0.4666666666666667,0.14285714285714285
eUJjjzmxalEWNjSMPNKZNom75W0dIPbmCtdcinQwDUd6MAw,구구닥,4544096200,carry,1497,4,4,7,14067,4491,5157,16,24,12245,10506,189,0,0,64,2,6,3,0.5238095238095238,0.26666666666666666
do5WpLJihpCNDTI7suaSeWMBmRQ2T0f7kpHN-ELF1lfvNY8,천 휙,4544399992,carry,1709,4,6,9,12441,2699,7446,15,13,17475,10619,158,12,0,223,2,10,0,0.3611111111111111,0.2
e_5lSON5ZHM93bD3gFdNFpmo4HFeCgrQs7F2MsgHLHjv,앙기홍띠,4544399992,carry,1709,10,6,11,23431,4804,8759,11,13,19700,12527,191,12,0,143,0,1,4,0.7,0.16216216216216217
jE8keMFx4_HOCXt_QO_4P71G5NfnwaHw7Yzw6_6SLf60O1k,너만의 원딜러,4514741241,carry,2372,14,10,14,28886,19438,16431,46,49,31041,15808,152,16,0,229,5,16,9,0.5185185185185185,0.2564102564102564
rfHkCi7-MYw0sovJeiHfOTmUQCmGMYfw5GiJOOeDdppzq9k,딱쑤몬 OwO,4514741241,carry,2372,16,8,8,61070,12205,33134,22,20,41546,21788,296,46,8,644,1,13,4,0.6153846153846154,0.14814814814814814
6KPw9Ojua0gy0tWHjdILw6Bnlm1cBREIkbHRjFMXg3m856A,츄파츕스막대사탕,4547665654,carry,1745,8,1,6,16138,5420,10641,10,14,19462,13707,262,20,0,345,0,7,3,0.7,0.05
h4jnqaJ8F75j-zqQ6C73tnaleJ2nwwzHXM00rGjliYfeuP0C97bPr5Vt,느건마강건마,4547665654,carry,1745,3,7,4,14187,2161,8060,12,6,14583,8533,115,4,4,134,0,9,0,0.35,0.35
wImeTw3TEreOeJoqNgTMx8WhLAkncv5f9o1mIsBSoXfUmOkKaf2Vsevn,WOOPPU,4548309540,carry,1546,6,2,15,16447,3170,6976,22,41,16319,11049,162,4,0,618,1,10,3,0.6363636363636364,0.08
IMFedHSetY2xKcqXH7D-u1KZvsqazp3in5z2pKPX_dpi,뜨거운 롯데 빠따,4548309540,carry,1546,4,8,0,14730,985,7944,20,3,13864,8649,146,6,2,107,4,11,3,0.16,0.24242424242424243
KWoCSboGwX75fdIyCAhXkgWAQ_m0jq_YJhZ3HEgij3CC,렝가의기묘한모험,4548704855,carry,1332,0,0,1,2309,801,1489,3,2,2320,4898,88,0,0,6,0,2,0,0.09090909090909091,0
KljYd63BOO2Mi0j-h3C0DKOBSKVPlDzIu5twLX39135f,입털면진짜던져,4543901684,carry,1831,11,4,6,28067,4632,15416,17,5,19863,14958,237,8,0,238,1,9,0,0.6071428571428571,0.12903225806451613
kpK58X2wjgfPAqzvKdfOK8yCStdvW9Li8Vo1DqaDxu8k24w,01045208061,4510659740,carry,2047,7,3,5,22922,2224,7985,20,5,12000,12711,198,8,0,152,0,9,5,0.42857142857142855,0.10714285714285714
p2BylkOaTw3WPiEps_RS_TdqSQwPukkQImvTHGbPsuCo,미니맵안보는원딜,4510659740,carry,2047,5,7,10,18231,627,12419,18,42,22476,12177,187,23,0,692,2,6,2,0.5357142857142857,0.25
51Ib8jjAwJdSVxXGpe9hDOfxhmLwTdo4kZ0jLMNlzyfp,Pingshope,4503326247,carry,2052,4,9,11,17978,5220,18408,26,16,23976,12222,192,33,3,128,2,11,4,0.3333333333333333,0.24324324324324326
zoFf26l1FMxt_xyGIEMtRn9BFFEjU4Pz71sTjFQELgrA8lI,Galaxy Hunter,4503326247,carry,2052,12,9,12,29507,2905,12026,24,6,24435,16450,182,20,0,207,1,11,3,0.6486486486486487,0.1956521739130435
bKiYqcrUOopFj-u6-_gMD-6AXtEp0H5D5VsVX8LPkMvm,Karas Xeno,4547850889,carry,1918,5,7,7,19116,2827,13062,36,20,16079,12288,174,32,0,252,3,14,5,0.7058823529411765,0.23333333333333334
0PjmVctFv5-E_hxpFbdUWsCZ1_onnv9cj04ADrqjtoTYJofP38Lwr8Nc,개충일,4547850889,carry,1918,7,6,10,20362,12353,10334,17,3,23510,13087,166,32,4,46,0,9,2,0.5666666666666667,0.3333333333333333
9HEQZ-Vfh0Tuy_P2ZGbfImLUlN4Dqe8PkLci5wlgLSfv1rirxgVyixI9,코프트,4252746946,carry,1728,3,3,5,11976,2135,9206,16,25,10654,10708,166,44,16,189,0,9,3,0.2962962962962963,0.17647058823529413
eLqaHyEF0EiCPK6atzdga5m2SHTVuvw6bMDd9JaRa2DE,멘탈얼음,4252746946,carry,1728,6,3,3,14563,889,7048,23,4,13655,11509,184,2,0,204,1,9,5,0.5294117647058824,0.1111111111111111
X12qA3y0uGhI8zxoCvvjlr1VdkWqY709pwx6qeBWufEv,Be Hoon,4420152817,carry,1983,11,11,6,31087,5762,13499,27,30,29521,14263,198,24,0,143,0,10,2,0.4594594594594595,0.25
KNbb-fWRRWo2Ftn6sRq7UuLbd0vnNtKExwAKQckUAGxywgk,한타공황장애있음,4420152817,carry,1983,12,8,4,27377,3196,12680,13,16,25073,14494,169,24,0,203,1,7,0,0.36363636363636365,0.21621621621621623
3t5TNZQ0liSvTQBkYGcvzvL1BttknRuaWpp5gB3J2oSeBJ4,ricordare,4547099652,carry,2186,9,9,9,38015,1117,33552,39,41,30590,17377,281,48,4,420,1,11,4,0.6,0.18
a_9KwWkpyGgLKgA7px6aWZCrXsnBRAiqBaYTy9kR51S9FBVCdsZbYGH-,UC Application,4547099652,carry,2186,12,7,14,26398,6780,17245,22,30,27607,17494,242,36,8,160,0,9,6,0.52,0.23333333333333334
k4wGV1VFx9t--65kYDkck8JbYRCo1dSoDOKtfJqehafi,에일리야,4548696769,carry,1697,4,7,6,19154,669,11228,19,2,17321,9110,160,4,0,28,2,9,4,0.4,0.28
d_mA9WVMjxYxq1iFvrQ8SnNGj4OU_pKs8qIF44hj23ZtknixbDQ94vD-,TnTyuyuyu,4548696769,carry,1697,6,6,5,20064,1881,4737,11,2,16021,10951,206,6,0,48,0,8,3,0.44,0.24
ESgG-qiOrEy37-0QHI6fYIMCCKrX1YzGo-jx63mCKQgesxs,민찡짱짱짱,4547798471,carry,2009,13,3,3,30247,6418,12625,27,8,25156,16547,207,44,4,61,3,11,5,0.5517241379310345,0.07142857142857142
S6JCeLscPu8OH5Kr3CYM0WIJ5LBz2gjxFZG7CcZ_VO4iIKM,always 2v1,4547798471,carry,2009,5,6,13,29400,1763,8106,34,5,22329,12224,172,21,4,90,2,11,2,0.42857142857142855,0.20689655172413793
Tn3Im9O-1qpBZpYl3rfBDL8XhuBbYT1ISyPbFifuZmTDxJqJ26Na5iAi,난 원거리야,4518440078,carry,2059,10,4,9,40941,2372,8458,35,20,17375,15567,244,48,0,115,0,12,7,0.5428571428571428,0.14814814814814814
vjs091jhbSJXmUJTpiAL8TEkxdshIY3s6acbjnG-HA0JUZ7iAxO13DdW,what are we23,4546509073,carry,2131,7,6,11,22397,2353,11983,22,1,18968,13531,205,14,4,36,0,9,4,0.4090909090909091,0.21428571428571427
fab1UdFz_2C6d9o9JuJKCnNn8yDc3nq8ijie2zi6MX4FWN4,박쭈디,4541541248,carry,2258,4,8,11,21481,6113,15863,33,47,26328,14573,221,20,0,878,2,11,5,0.39473684210526316,0.22857142857142856
n9EuPihfLrullD5DIKhx9vz3DXolIlX_q9Utwn1q8jI,GooDE,4541541248,carry,2258,11,6,19,39882,6693,15929,29,33,28618,18619,265,28,12,189,2,8,5,0.8571428571428571,0.15789473684210525
aBXqXpiY4JnV7D5GGO0vJF6_f7ppaIAIfFBZlYBEGXSo,뮝 뭥,4517131575,carry,1610,4,7,14,13270,3570,7692,30,3,19115,10326,141,4,0,22,4,10,3,0.4864864864864865,0.22580645161290322
ooIg41nndGO-x-gbFUpuxPTpY--r-ASBw1xLSqCAzLBjagc,종원이동헌이트롤,4537439219,carry,1790,10,3,13,36080,3258,11777,22,4,19385,15958,230,31,5,120,2,8,5,0.575,0.17647058823529413
d2U7b52leibUzSFa2RSDAlBQxZ8bpcyjXdH1qF82WsrXRXA,핑퐁핑필,4542253763,carry,2084,10,7,7,31304,2902,11542,21,2,22192,15556,209,27,0,43,0,10,4,0.5,0.16666666666666666
WHI4bLb_kzZTzkZSZNXmU97Ss3PtXuvIorMIrbknOVRu4BeDLl7eisOV,lliilliilililili,4428099261,carry,1393,2,2,5,11883,1387,5774,16,0,15733,7761,172,0,0,1,3,11,4,0.6363636363636364,0.08333333333333333
DWRZwCRV8KXp8G5Yok0xUsV_DlUnym0bS3q8vocB-Z9s,세요나푸레,4548696926,carry,2132,8,10,13,29714,4615,14042,36,41,31745,13804,186,25,0,143,4,10,10,0.5526315789473685,0.21739130434782608
dgRrcbB7VSNo9o8Vql1d3M6UF2xYw1OKlEvsmGr4cSr9,토마토마토마,4548696926,carry,2132,9,9,13,33829,3790,13679,25,1,26867,12557,141,8,0,27,2,11,2,0.4888888888888889,0.23684210526315788
qTznFLOVqbV8jzbXiUwWxafekGZau4uZUfpT7XNWxX1a,특공대 애쉬,4526293185,carry,1295,3,2,7,12646,2881,4645,8,18,9820,8880,135,17,8,107,1,4,2,0.4,0.2
yYxaBn6i1HRDtyezXheTPMqk13XLvnozCQe-gDwzr-6WEZWVX964IWRQ,밥잘사주는예쁜너,4526293185,carry,1295,0,4,1,3280,858,4115,10,1,10739,5439,111,4,0,5,0,7,1,0.1111111111111111,0.16
5X-K9E0Ta5VeiibzK1woqN2DSHgr6cFC7US6BswmaSm4Mgk,진재시보,4548729244,carry,1365,1,7,9,7317,389,4474,12,19,11718,5840,91,0,0,44,3,9,1,0.625,0.1891891891891892
NzK_oieXvjokSrUsF0B_zIyxTLdZJumC_3QACyr54Q8,개같은게임,4548729244,carry,1365,5,2,11,14616,1523,6240,25,2,10672,10357,148,12,0,151,2,8,3,0.43243243243243246,0.125
kaPP0nD6bFdX0gdXJwxTGrzH8J3Ch9t0TQdqC4acanV8,동대구코로나,4527723939,carry,2021,6,6,5,19684,2320,13743,21,4,17863,12486,192,4,0,168,1,11,3,0.55,0.15384615384615385
L3CAyxjqjlQyi0CYHW35IQ0rweefw8dDGx7Hf5lR_gyx,황태호,4527723939,carry,2021,6,6,10,20733,2584,10716,16,43,25927,13967,204,20,8,773,1,5,2,0.41025641025641024,0.3
e2tg_2D7YqCNRKhqH877vvpbW98IvgGNbImDuXfXskewwcQ,갓0킹,4547546233,carry,1603,9,6,15,21369,2949,7762,11,2,14081,14176,162,18,10,41,0,6,1,0.5853658536585366,0.23076923076923078
iD8qmnmtxiwHeQBff0PSPBHKC4wklMCOlkQ2ZNDVPMUbrpg,흰머리임금,4547546233,carry,1603,3,7,4,11666,1557,5728,11,1,17966,8679,171,4,0,11,1,9,1,0.2692307692307692,0.16666666666666666
