account_id,summoner_name,match_id,position,playtime,kills,deaths,assists,totalDamageDealtToChampions,totalHeal,damageSelfMitigated,visionScore,timeCCingOthers,totalDamageTaken,goldEarned,totalMinionsKilled,neutralMinionsKilled,neutralMinionsKilledEnemyJungle,totalTimeCrowdControlDealt,visionWardsBoughtInGame,wardsPlaced,wardsKilled,killsRatio,deathsRatio
R_J2iS7AtuejUk1VeVo1BLpSz63rJRFaURF1Ci849eha0M-m2mHqJkB6,탑차이내드림,4506621708,mid,1897,2,7,7,14870,8718,17893,20,8,31146,10272,183,11,0,209,3,8,2,0.5625,0.21875
zgKh2NVl3Ts0yiZiaCUe7jIaayW62EPcbYb5E9DPLh8,백수사령관배성훈,4548005743,mid,1437,5,4,0,7638,2640,5808,12,1,12983,8778,126,4,0,9,3,6,1,0.5555555555555556,0.14285714285714285
wFFQEyHek9wEDwfkcDtb1c7dZKnIxlz4CFHswbTsPIO4XMsLQn4mrFUW,AFTV 킹재,4527596507,mid,2252,5,6,16,28233,6360,14383,21,43,27883,17394,242,19,4,181,1,3,3,0.7777777777777778,0.15
hregGqYzv8kzc8E0W_iagTmA9rn8XtTwWDhQ_klJyteFjKc,비를 뒤집어쓰다,4506422484,mid,1876,9,5,4,17955,2004,12069,32,3,22934,14456,234,16,0,26,4,15,6,0.48148148148148145,0.14705882352941177
eJCRsFoT5R1aRPJxSOjM64MI6X83fJIqZuDbNm7aRKE9A9ViDARsnH3N,머리빠지는수험생,4506422484,mid,1876,5,6,8,15117,998,10693,30,13,16479,12052,205,16,0,201,5,8,6,0.38235294117647056,0.2222222222222222
-rgEtfeoRUlG82-u-6G1L62QU0M4P6EFmjYyV6BGeMGv,잘가꼬마야,4548241373,mid,1249,2,7,1,8729,2529,6785,9,15,15788,5882,111,8,0,56,0,4,2,0.5,0.2692307692307692
gLRNOpL4pNM2iGE0VbsDx1LekYATE2Nuf_XuaFsmpdq2FTQ,피플 선임 작업자,4518286588,mid,2354,12,8,10,52309,64499,44045,42,9,70317,19995,269,32,4,134,4,12,2,0.6111111111111112,0.25
TeJJrzVruR3Rl98PeLaoYGescWeWMYOcVfMe-gIDcxHajEA,본인인증서,4450281188,mid,1899,6,8,6,24872,2398,10437,30,24,20133,10303,165,4,0,54,6,14,5,0.631578947368421,0.2222222222222222
OzQmdpiawm8cF9nL67XaVwUbYRsffF2XBuRjU0iBRWEpbco,EFS,4450281188,mid,1899,7,5,12,20580,9088,54439,26,50,25517,13556,165,20,8,585,1,10,6,0.5277777777777778,0.2631578947368421
lhaJoW4LqixETnYoMSoC15EuxaeCGECBNqxol5IGdSwT5bRlkwxV_MH0,아무리 생각해도 난 너를,4459745283,mid,2132,11,10,11,30487,2348,19894,36,7,30522,14774,209,9,4,66,1,10,2,0.5641025641025641,0.2564102564102564
M9xbQVY9VLHB9f5S2UfeipNTIIY7jPHHRqSZ6LeY54sulD8,바나나에코,4501680416,mid,1584,12,1,6,17390,7999,13782,16,10,17810,13150,172,25,5,302,4,8,2,0.46153846153846156,0.06666666666666667
9Y2r82puHNnI4gm9N5oDDwn0L7l9udOh7uwTRR1laVrZmvM,똥챔장인v,4501680416,mid,1584,5,6,2,13223,9886,24937,21,18,30199,12025,205,15,4,156,1,6,3,0.4666666666666667,0.15384615384615385
7sOA7CsN6p_YraCJ1GTJ4ryPP7yi0mM28la_eFLn6iF52nBjqjhifKC4,마판Rainbow,4546535656,mid,1462,10,1,6,16690,1968,6918,17,17,9670,13686,210,37,5,165,2,7,3,0.6666666666666666,0.1
sRnPZoGCo9h8722sxflo34oUtkDQA6rLAxOthFaeqG2sSXU,폰허브 fan,4546535656,mid,1462,2,3,1,7608,846,4822,18,3,10722,7377,155,2,0,93,1,6,10,0.3,0.125
tqRKWaHconTogajKxWtZsLQtyNEd8LmFzauLMU9W18g4aLc,챌린저실력,4307057833,mid,2216,5,4,7,16478,13763,12591,26,10,27333,11825,181,20,0,38,6,9,8,0.4,0.13333333333333333
TyFAIBHftlZmuhmOHyy_h3_c9yr8sCfZG2y1uTKYZZR-,병지컬,4307057833,mid,2216,8,6,5,26093,6205,9573,45,28,20468,13987,186,16,0,132,11,15,7,0.43333333333333335,0.2
KJnRYRpS-B0z569X5ZLS_RACpGwcnTCjAf30oTqp4tvT,우당탕탕 파식이,4541927646,mid,2307,7,8,17,25306,2912,14718,47,64,23399,14655,238,12,0,401,7,11,13,0.5454545454545454,0.16326530612244897
IVPknJL2J5n3ljkgsYq2W0H4Bn-_TQZdNKJT3oAoDkZUv_OnGpGSGBD-, 블라디미르 왕,4542258421,mid,2246,11,11,20,42202,9337,21961,34,10,40819,16977,201,41,16,165,4,6,7,0.5535714285714286,0.2037037037037037
SzXDkjuE2-OO34j53KZ0XvJsuoeks3IZXcFt8ka22oH1yBo,Caspi,4542258421,mid,2246,21,10,12,48877,9320,25881,13,18,42508,19606,213,30,12,225,0,5,2,0.6111111111111112,0.17857142857142858
BZD-OH9sJ8r-baX74tJvEd5IQJ_47uxJ1vlfO5jN8uhB,PYYOO,4542117046,mid,3129,17,8,18,60894,17012,65238,36,19,56524,22501,283,28,0,293,3,8,4,0.660377358490566,0.13114754098360656
c_ctb8uYtHbRtrh20pj9v5IsmlSmlLM0yUClWTU0qL6G2CGdIXdfF10U,난왜못이기는걸까,4540774119,mid,1306,4,3,2,7853,2163,4610,17,11,11374,8876,165,0,0,132,3,9,2,0.46153846153846156,0.12
jrcVbm174E49BZ3GRen3SnpkS0E3mWVowGb177KJosh6wIY,형곡고등학교,4540774119,mid,1306,6,3,4,14956,3709,4052,27,29,10349,9439,161,12,0,92,4,10,5,0.4,0.23076923076923078
zAFoMFVkqhoIrZ0dheLoBsy6HoYFe7SnPEMKMH1nstgiszdUOYvO2s-g,HaMin XD,4432495231,mid,1954,8,3,14,25900,3783,8186,25,33,17453,11626,134,12,0,267,6,13,1,0.5116279069767442,0.15789473684210525
hClzvtcy47h3-txNIYOGqCzQ_ixhu6Od1EkAjwDI78IQ1AHZ0T6U3hnS,야무즤게먹어야징,4548286064,mid,1400,1,2,0,6664,90,2409,6,1,5842,5710,97,0,0,19,1,4,0,0.0625,0.1111111111111111
9C3ZO0HHXRF1EoXFa87oxKeq73VEHU9W5RVjOkgvmFen,아들의마음,4548286064,mid,1400,4,3,4,8988,6164,10099,16,16,14777,8758,136,8,0,235,3,3,3,0.4444444444444444,0.1875
e9lks49ZObiAyMdd0Ntfn7oL4Uo-6sD6W6eZKgGvj4Qu,A si roug,4538953159,mid,1797,1,5,5,11243,5115,12621,18,2,25150,8561,170,0,0,161,4,9,2,0.375,0.21739130434782608
2Ilob-SC-Edp-PxEKyJ7Trk3wNYojF2d6ZH7K1mmOE3V7YM,최현우 fan,4538953159,mid,1797,8,0,4,32438,7225,12214,35,11,16035,14850,229,60,19,181,1,10,14,0.5454545454545454,0
EPmFK69Mkan5wrsREexcbpiJTQdmG-fCwEfbZ9VU4kPS0a0,01040298556,4113725617,mid,1210,4,5,2,9914,504,4590,13,2,11068,8290,149,0,0,15,1,6,1,0.5454545454545454,0.1724137931034483
_s_naXfWkcsMqfOfZzqiT-Eacu0MrUFK_gYitjZ_PUyV,Respeeeeeect,4216879208,mid,1292,3,6,7,8813,849,4332,13,29,12168,6749,129,0,0,127,4,10,1,0.8333333333333334,0.2222222222222222
U7rcUCjP2nhZ7fxHbXGn6o2a995PIjIQjjZUATs4Ol6iIH5sycmzrjjI,조이조이조이조이,4468395745,mid,2113,1,3,7,15900,4442,9795,43,7,19888,14381,250,28,8,77,9,12,8,0.26666666666666666,0.1875
tNDOzT2PsC6Oi0RSWZ3A266-bDsNmmwbXgwUno507NRS10XhOiXjc5xs,다딱이 수빈,4468395745,mid,2113,7,3,5,19846,5763,11152,18,16,16384,16445,319,20,8,60,3,15,2,0.75,0.1
aqD3g9sBtgyiug0UVlcehhQkWM220z2kVTSg2-91v2heepA,여신 서은님,4530623879,mid,1394,12,0,3,14374,5107,5640,14,15,11175,11569,138,12,4,45,2,6,4,0.46875,0
BadnVH0uiuU3S9KgtpzB1Bvlr5EASpIhfFJo_m_NpgJ0O_A,만게쿄 샤린강,4547537583,mid,1970,6,8,9,24725,25155,14994,20,5,34044,11611,179,8,0,122,2,11,2,0.4411764705882353,0.27586206896551724
1u9XqGretZd437clEcc07nrWWgNwRFXTPSjVm6UrOnEP,쎈영빈,4547537583,mid,1970,5,5,5,24199,6302,17076,23,32,24278,12260,196,8,0,430,4,6,3,0.3448275862068966,0.14705882352941177
bjTqub4zpmKibMxAFpiSTbypznqZ4LGWkiESwC-tBYZ-,감정표현없는사람,4422753565,mid,1527,6,3,16,15357,2508,7502,14,34,13531,10966,169,4,0,220,2,9,4,0.55,0.125
bAuAb8gCtoXseTschfK1XjLhGOsQEl853EttBQTo8wO3,백도만하는사람,4422753565,mid,1527,5,5,3,9935,2818,9723,15,21,17105,8900,153,0,0,167,2,3,6,0.3333333333333333,0.125
ABLnvw1dkvwgnxjBSwJ9QkKwt06ysqieKoFiqnaXba0Gjis,Hot GunBam,4547083491,mid,1238,5,2,11,14118,54,4593,24,36,6216,10262,132,5,1,269,4,12,1,0.7272727272727273,0.18181818181818182
tbKYIo5UntVSEIfuM8xUa3y22FbGEO4DRmO63tTt7SsJfh8AGFeBTMvE,사일캐리딴챔던짐,4547083491,mid,1238,5,6,0,11061,3737,11461,18,17,17544,8276,136,10,0,293,4,10,2,0.45454545454545453,0.2727272727272727
7y8LflJ162io_8FZpyuUMMKVaeAhLDet1Jnn5g4iIpC3zWE,본캐그마20점,4532004376,mid,1534,2,4,14,9571,2828,8358,26,25,11646,7985,106,0,0,256,3,11,3,0.5517241379310345,0.13793103448275862
yQc5b6V18N7gGQv7j5j8s4ou88a1VYmrKnIRRJXt4c77,혜원이이이,4532004376,mid,1534,5,5,5,16255,1087,6396,21,12,13279,9000,153,8,0,149,4,10,2,0.3448275862068966,0.1724137931034483
JcKsf4n21gXxHgeBXRAT1Q2Nya2JaPLzih3cuH5MCEx2pbsylwDngfYd,뚝 랑 저 격 수,4357878749,mid,1964,3,11,4,16084,2318,11990,10,11,25719,9205,145,8,0,113,0,8,2,0.3333333333333333,0.24444444444444444
BHi9rLuW-bRJEs3MPKMEq2YYuIQibq1gr0dweav7sm6t9Is,의미있누,4541566321,mid,1851,10,7,13,25194,1735,40978,23,40,25541,13624,199,8,0,129,0,10,5,0.5897435897435898,0.14893617021276595
M5i8FVZUWiQnMumTmsgSWf6KKX4l1RgkvOcbEZXqPeO2TCM,커피는설탕세스푼,4488047452,mid,1620,5,7,6,18456,832,28996,20,25,23451,9300,135,1,0,67,3,10,1,0.4782608695652174,0.14893617021276595
GNE6j0TqKDH2UmyyuSjyQuKSA8c5pyhXXADN8cYp8IB-U6oszm9hCyBc,오마이걸 효정님 ,4539160324,mid,2011,2,5,10,18071,4704,44141,36,30,33009,11761,174,0,0,191,4,15,5,0.375,0.14705882352941177
M66zeWEaiSjHLbuTzY09_sgrbn6Bwwj0jkBVX5QqGZO2PEhUmokTnd0q,옷벚꽃섹사고싶다,4531182921,mid,1504,1,8,6,10339,4085,6113,14,25,17766,6887,137,0,0,116,1,9,0,0.5,0.27586206896551724
vYUpxiIgCua6_ll-PFiWRlgZPyIpLoMg5STmANh2ivMWKsI,차민수,4541910171,mid,1739,6,8,11,18824,3739,23070,19,30,22237,12290,158,24,8,164,3,10,4,0.40476190476190477,0.2222222222222222
UsZUe-MYanN2qa-tEepOu19cqhpFDHHS4typ2NW3fqFI,아지르랑이,4539066855,mid,1677,5,4,3,18314,3534,10611,25,27,21052,8923,153,5,0,314,7,8,3,0.6153846153846154,0.14285714285714285
zA5J7oW5stRyxpw7_CZQPGKZiTwbLZYHhej_IFyBTz7QDZY,기득기,4547900598,mid,1780,7,5,3,14464,2685,11332,17,11,21909,12925,213,4,0,219,3,11,0,0.5555555555555556,0.15625
nU6la6RybpVfS0h_qSxYqoXlipgiAbyZQZIVS5fgUeHe,서렌안눌,4547900598,mid,1780,9,6,8,20298,4409,13557,29,21,22801,12506,157,24,4,162,5,4,6,0.53125,0.3333333333333333
4L0p-fWi7OYHLyERshnV5TwFpziJrCkdLg0y1SCyCBlqGxnPGp3mZ8kF,고스트,4548597062,mid,1717,7,5,10,18889,4895,12956,12,28,22884,12122,158,4,0,175,3,6,3,0.6071428571428571,0.1724137931034483
djI8XeRtmXpxWwNNCrnsb7ZpkMz7caVjhK6pqXN-HeI8ztne1N1YByJD,niyomniyom,4543220588,mid,1417,1,5,5,5708,2585,8890,16,21,15504,7945,144,0,0,135,4,9,2,0.6,0.15625
rlsICoF9TlOwAapzvQNtHLYOu9Ho4Aq_kJ87OKOfEtXADME,Postm,4543220588,mid,1417,2,2,18,10978,0,18714,21,24,11326,8270,151,4,0,68,2,7,5,0.625,0.2
7LijOChkvmSdD1p7S252bnEUNVz17OasRvzKBQIzwQUwUbOsrGxvcuw_,나 라는 괴물체,4127697217,mid,1700,1,8,4,12994,2282,9889,14,23,18192,10049,189,8,0,127,3,7,2,0.35714285714285715,0.32
QTlS8Rte4_aw2EotOFXeEdw2lA0BuE03ViOLuTLaTJHa984,분수남,4525246476,mid,2016,5,7,8,23610,2048,11964,46,39,20358,13111,219,16,0,184,1,8,11,0.65,0.21875
wL9na_eJ27_5MpO3Fsu9-XvOKPrlVKP0-yr-oYqppQN-,xcnvmaxovdyf,4525246476,mid,2016,5,8,18,18754,2615,38298,15,47,25986,11473,140,4,0,206,2,13,2,0.71875,0.4
srm3jdiDo--AeXVb8cW_OGriAptorabWpfOYeJ2xeZ2R,크게들이쉽니다,4468864368,mid,1457,3,2,5,12686,5631,14284,23,6,17386,9796,168,8,4,57,4,11,3,0.47058823529411764,0.18181818181818182
KmoTLy8nVGvZyZCSpeY14Pn_SRjD80bT3xCYMy2gDOuqlbw,얘미뇽,4543199557,mid,1560,3,6,7,13305,1132,4485,28,4,18275,8554,157,5,0,42,6,12,5,0.38461538461538464,0.14634146341463414
cbGOvhj7PZjdXzNv5LmjCG_H_hxex3lAWHSUyFvojz7ZnYdw7AFJyb8s,욱두리,4544634732,mid,2374,5,6,5,23472,13995,17094,31,48,29473,15027,205,56,4,884,4,10,6,0.47619047619047616,0.17142857142857143
w7rs25aRMNw5soibpRGSRXA6Oz1TwHww7UPB5B1KFmIyXFP_MN3JIa5I,Male Gun Diary,4544634732,mid,2374,16,4,9,36057,13228,10723,32,35,23250,17167,222,16,0,188,6,19,5,0.7142857142857143,0.19047619047619047
xrbdaj6BSDifs_d5O75_8GLXmHiCa8Jg3vIouAITCyF8,Airpods White,4384052618,mid,2002,9,11,5,17148,4773,22735,18,18,28265,14724,229,24,4,138,1,12,4,0.42424242424242425,0.2894736842105263
aueLJ410GD0Dw2rHJ42NhhMeZPk45It1hrS24BTkUyOgmIE,사랑과 후회,4384052618,mid,2002,12,7,18,26227,8822,12110,15,45,25559,14452,195,12,0,631,1,9,2,0.7894736842105263,0.21212121212121213
X9orrbD7rSOgwT2V2mwhlal1DL8rbejhC27jIm-n3Thh0gI,피 케,4265422782,mid,2174,8,5,5,27334,32408,21695,20,5,39060,14664,226,10,6,86,2,12,4,0.3939393939393939,0.21739130434782608
aVMS8-68uUv7fE_kTZYSamiysSftU3mcjlqwmtrNt0REMAI,뜨겁또긍,4368952729,mid,1306,8,1,1,16167,2230,20653,27,28,17358,12497,183,37,28,124,1,8,1,0.375,0.07692307692307693
soEkOMoR_DqwMbyImZpExrsInKDvFcJR_MoeOepTQrH-,상체겜이맞다,4419400667,mid,1690,5,3,5,18287,4212,7056,13,17,17176,11258,159,4,0,23,0,7,1,0.5882352941176471,0.08333333333333333
S1PE09HwwyKj2WUmqXfl6bYhKhOypK2VBRWiDZuT-3UEaaQ9g0sO_cFG,xiaoyu77,4528574583,mid,1688,10,0,4,22139,5084,5334,23,32,9657,12130,152,17,8,185,1,8,0,0.6666666666666666,0
gpgU8vqDmbJul6IdhmrGMdW7PpXLwN6SGmYDmK8_OpJM,칼바람과 돈,4528574583,mid,1688,2,4,3,7018,3495,6555,16,8,17181,7737,128,0,0,26,1,7,4,0.4166666666666667,0.19047619047619047
D4Q4pzJYzVkAYxTb5YZx8sOPwG0QvlxvCnxOwmO7_hJ4,귀요미창이,4477369579,mid,1317,1,10,2,11181,4034,12420,6,17,24651,4905,79,2,0,76,0,5,0,0.42857142857142855,0.37037037037037035
cQcWS-CtRQw5Dbo8SQLvfulI97nuEdO2CLkvbKOqBjbiR_4,재동임,4440650449,mid,1401,5,5,5,17551,811,4890,23,37,12280,8263,144,8,0,216,3,11,4,0.625,0.18518518518518517
so4iimqnuTQchBcgwPEj7DBtIOfMX-mCqMGPJCizTEbA_xs,악 력,4440650449,mid,1401,7,4,9,12434,2652,8439,26,21,14053,8960,112,0,0,106,3,7,6,0.5925925925925926,0.25
8khr1DBHV9aH6nIE14RIXR92UCcQhbe6iK6gCcATKcvu,나는플따깅,4547238116,mid,1681,7,5,4,13906,4862,14619,16,16,18573,11634,209,8,0,69,4,11,1,0.6470588235294118,0.17857142857142858
-k9vcg5dLGoZgdHLznVBOc87k4b-TvCgDU8vd7Wkc8fvy7wzJwjBd8kc,동환로봇,4547238116,mid,1681,5,5,10,20169,3274,9794,28,9,15438,12032,180,16,0,123,3,10,6,0.5357142857142857,0.29411764705882354
9ehUFcm9MiZXejihpDlgp5kzNVw7LcdLXark153KtgzsG9c,공감능력치료중,4465991305,mid,1679,2,4,6,9773,4436,8154,25,32,17331,11676,209,4,0,159,7,15,2,0.38095238095238093,0.3333333333333333
MZyZSgi-dry2_aamLe0AxWyGaVavdveSY_WpOcjFlmtukIo,진솔비,4465991305,mid,1679,4,3,4,11375,3787,10109,19,23,14633,10549,188,12,0,456,4,12,2,0.6666666666666666,0.14285714285714285
LuU2yR27qDeDerKmzqk1zPNSzQmvnQAQjRAHQzJUzpKE,iwokeuplikethis,4482388623,mid,1671,2,6,4,13357,4447,19248,10,22,28141,8258,173,0,0,136,0,6,1,0.2222222222222222,0.14285714285714285
21gwL6v9b53k9mjzdG3C6KBtHpwB3AtlGibCKBjhsLpPR89OSj4oIn47,Lucky    Chinese,4537759940,mid,1832,12,5,7,30680,10065,24465,13,15,32417,14619,206,40,0,140,0,4,0,0.5757575757575758,0.13513513513513514
klBZSnLT5g2jrZQVr8jxefwZFz6YQEUCiLYh5lVRCGN6wMM,무뱅간,4547752145,mid,1311,10,1,5,15358,3546,6487,14,13,11277,10349,132,12,0,289,3,6,1,0.6521739130434783,0.16666666666666666
Gom6p9SNP2xU5bZeHuos9lfGRaPwTHF1q3nIRShl_JbKE5Q,재원님짱,4547752145,mid,1311,5,4,1,14492,1229,4090,15,23,11985,8019,136,12,0,132,3,9,0,1.0,0.17391304347826086
Hpo70KPH0Mt4sdAlrS3X_35x3V5wSlzD8fRO1T7s7eWJfzM,수금용 300원,4476771094,mid,2172,6,3,6,12769,26652,11877,18,0,30302,13820,253,8,0,107,4,7,7,0.3870967741935484,0.10344827586206896
fkwJxnVQyZpBC-OeQrU0uy25xDNSDtzxwdsI64nJCLUT,국내최강캐,4467645975,mid,1728,8,3,9,22819,9880,16383,22,27,23239,13198,184,26,6,89,4,8,4,0.4358974358974359,0.09090909090909091
25jvd0BsbSw4mJt4RL9s4YXWk6UdBl9tcncRgFCVeqGqd3sMa43CRSzw,소정민,4467645975,mid,1728,11,6,6,25260,3824,13443,28,30,22389,12988,162,12,0,132,4,13,4,0.5151515151515151,0.15384615384615385
IUKHBGOmxhU3enfODnQVyMjG6cYs4lPXcA9dv1mLJQim4Gg,왕자님 미드,4548584959,mid,1796,7,8,10,20594,4582,34041,10,32,33482,12025,207,0,0,186,3,1,4,0.6538461538461539,0.18604651162790697
kXoJf8EEq39_1he43uFClYNi1XkY39ZVnC5XzJlsudrv,대충 고수같은 닉,4496270725,mid,1894,16,4,2,24739,3088,9467,39,3,20244,15029,172,11,0,64,3,8,15,0.47368421052631576,0.16
OOSgS2ihb9dCXrx-XL0GMdCRbpqhP8a9m5_jI5WW5E_c,킬따면신음내는개,4496270725,mid,1894,4,9,4,22322,3028,11521,19,3,26114,12516,206,12,0,24,3,9,1,0.32,0.23684210526315788
UYvYPEMsy2Hr7ZhM2BNY3FHO-LLPyZ8fH0LDZVaJTB2IBR4,메론님의강아지,4300607742,mid,1631,20,1,6,37461,270,3680,33,59,8986,17361,216,40,8,383,2,10,4,0.7428571428571429,0.041666666666666664
u5LcVi-1wrH3d1DH6kt-IWBeDvccfpIxVTHYmxAn1snRhxQ,말보루 흑두,4300607742,mid,1631,2,10,9,13681,1444,7262,19,31,20781,8236,138,0,0,168,4,10,3,0.4782608695652174,0.2857142857142857
RxkNTWHJ5kg6RDye0SABC4M7w9ST3tjWXLX_JE1_7gA8zE4,D점멸씀,4442212373,mid,1495,11,7,7,26857,12487,18864,13,23,32680,12303,163,16,0,340,0,7,1,0.5294117647058824,0.35
fyBF4g4bIRFoYrIdHdeMcUc1f_7cT4VGFjP9bsgoszyK8BI,좀비소년,4442212373,mid,1495,6,8,9,24036,6598,10349,16,5,24912,9510,138,0,0,66,3,10,0,0.75,0.23529411764705882
7rBSYtFqAGE0MdMFM1s5X4xPfK5siIN1iGMslKgMNrR9,양정고임영수효림,4546515882,mid,1708,9,6,5,25811,3918,9702,23,37,18666,11941,177,16,4,179,2,11,3,0.5,0.16216216216216217
CCGTqK-nyxmSrRz0LAyckIXntDHcFfQCp61UlTnKGQR6gNl3d-EkJ8z4,초애님,4531403669,mid,1919,15,7,5,31341,11293,17212,39,42,28809,18365,223,36,0,712,5,16,4,0.6451612903225806,0.18421052631578946
E2InrpQC8zeBzThKUStwXQHfOF_ftLL5skLkpXCW6Wutf60,현 홍,4531403669,mid,1919,5,4,6,16416,1521,5464,22,24,11890,11558,175,3,3,81,5,14,3,0.2894736842105263,0.12903225806451613
dl6RDAmupm8zucSPgCvwp_BkOtV5ziL2asySSK5XUMmj2ZuDrBVz44cM,잔소워비,4526331345,mid,2536,9,9,10,43340,2969,28626,77,30,31974,18795,280,52,8,112,9,24,3,0.6129032258064516,0.17307692307692307
KsCOVmJOEMJR37IKui9X9EjmMYM2booO1MaLB770RqSwl6LDfEBWG2Cq,meibao,4526331345,mid,2536,17,6,10,35688,19919,29813,32,5,43505,16625,184,24,4,140,4,16,6,0.5192307692307693,0.1935483870967742
R2IBXtGlqJIgVGIpYD_BiP-EkCzyBBMzqnqyJKHtgZWX,도라도라인가,4360853882,mid,1809,7,5,10,22897,13213,56019,27,47,36975,13271,208,6,6,509,2,11,3,0.4857142857142857,0.15151515151515152
NOq2Ki-eD9jcpYLHrMLGsiYwO5Po_leh3BCg1ZL8CGfP-JLfmaijhwWa,Faith7,4360853882,mid,1809,5,8,4,22878,5650,18922,36,20,27319,11442,219,14,1,136,2,12,9,0.2727272727272727,0.22857142857142856
dRU-R-RL7D0eo8Q67Lq-QPZpG78v5ZalQY9ZTuT4G0xA,7년만에복귀한놈,4382049584,mid,1210,6,3,4,12068,2200,5375,18,16,10056,8067,114,4,0,94,3,9,5,0.5555555555555556,0.5
sxvMGaU0iBgV8h25DWu852nS97dyomXg7oix1j0vWv3l-1I,Araishi,4539884278,mid,2377,6,5,13,27419,9860,45170,32,30,31388,15784,273,4,0,138,5,14,3,0.5428571428571428,0.14285714285714285
WiSkVv9vrhmEgk0zVeqYJFLuQ9vDiaARfJAiArvtFFLIrxs,수분감,4539884278,mid,2377,13,6,7,36132,17575,42971,35,13,40423,17845,236,11,3,179,7,10,8,0.5714285714285714,0.16666666666666666
laHU7TJCXp0PQrivbzKI4MNB6M-v4-llP8txMV8kqYnf9OQ,늦게시작함,4447151573,mid,1261,2,7,1,10781,3378,9735,5,7,20516,6460,108,0,0,160,0,5,0,0.23076923076923078,0.22580645161290322
-nAM0xGo8hNFgD2XYpGT7XuKBLTmfknywTycfnQQ8zUPf_o,TFBO,4385092776,mid,1471,3,3,11,14136,7731,20685,22,17,18796,9845,159,13,5,152,3,11,2,0.6363636363636364,0.3
rf7w5pCsUHY-6s7347wrYtJZseQlSMi_bc5xWxqb74MCAbM,사과했었,4488602246,mid,1629,4,2,4,11887,6871,11329,16,6,21284,9939,128,12,4,249,0,8,3,0.38095238095238093,0.11764705882352941
hbjVJkmSHoIGiaGlt0n8IY0puSxRGzvsXiEDiay2t_bQZLA,다음여친은너야,4488602246,mid,1629,3,5,3,8776,2011,6222,11,10,13831,8989,182,0,0,12,0,8,0,0.35294117647058826,0.23809523809523808
2FLBcnU1x9k3p23rige3PCpOGRiA0OzQotLsvLl48677,아빠오카이,4543590965,mid,1455,4,4,12,11654,3556,10105,27,43,14497,9144,162,4,0,402,3,9,4,0.5161290322580645,0.3076923076923077
7Cha6FQME9F-fKbsxZ53VMqfXVvXtJWUbjvJ3r2cklRr2oc,BananaRepublic,4422867294,mid,1883,3,2,5,16895,2671,10195,46,11,15306,12247,278,12,0,170,5,15,6,0.6153846153846154,0.06896551724137931
4u1eV4OMtFj9O2PNBP2LnYEiIm3eaZJcryIPheR4Y4hdFOg,삶은만두,4545726824,mid,1267,2,5,5,10992,2734,5288,20,17,11664,7476,139,0,0,121,3,10,1,0.23333333333333334,0.5555555555555556
GCfGI93QDagfVCuR-D-r0CGfU3fWQWViTF1bJf2gSyyTQT0,죽빵날리기,4545726824,mid,1267,3,4,4,9861,1665,6408,12,9,16224,7066,117,0,0,12,0,6,3,0.7777777777777778,0.13333333333333333
vHP1NyV-P7UvJWVIEYo6icBkcn1OYnx7uWgeyMvW4QD7luY,솔 곰,4497189650,mid,1912,5,2,11,23146,8653,16558,25,46,21569,13762,235,4,0,189,3,12,2,0.5161290322580645,0.0625
sL1kFqiJPqrP3AiVbx7vLIHW524gaJ-Z-azWdkE3akbaZ03wZ8SG30Jd,남성 박형진,4497189650,mid,1912,5,7,9,18140,12952,21255,16,14,31060,11639,176,12,12,305,0,10,3,0.4375,0.22580645161290322
4691oA3wy0JeT_XiBxja0qzjZ2SbIjvKxTYj0Mxx1c5NplA,암준식,4372311107,mid,1768,10,5,7,25049,5719,17607,27,11,24738,12265,155,23,11,192,6,7,7,0.5,0.13157894736842105
8RSzugeaFLopu3-cNpVTdloTO7XU1F9qvK-CVWoyLOaLacQ,신라호텔호텔리어,4372311107,mid,1768,24,6,6,43317,3746,12195,24,6,30711,18437,132,39,5,84,2,11,3,0.7894736842105263,0.17647058823529413
7UER23PSvcOrMjAnSrx-oq5uIW3Q3jucMrGcwEenD079,24시 짜짜루,4545918561,mid,2013,3,11,11,18804,2028,13117,33,4,23219,10277,159,7,0,113,3,7,8,0.35,0.22
ti6jjxo_84OXL2v5x27iSh3-kuRzsOEb4GDI-1aMaB7hCik,soulseen,4541482135,mid,1741,6,7,13,21271,7305,12493,18,22,21473,13670,197,42,8,114,2,9,3,0.5757575757575758,0.3333333333333333
MqtmGDaC_Hi09myg4559E1L34Ze3tQvXYzK7DdR9Ytitx-o,올차단임니다,4541482135,mid,1741,4,8,7,16614,4926,22079,20,28,23611,11784,211,15,2,115,4,8,2,0.55,0.24242424242424243
iMtNTg9iMR0plheFJr81tzel95ARgahiPnCyqrjVl95G,보노본호,4547914190,mid,1295,0,11,0,5041,1763,8907,7,9,19165,5152,113,0,0,101,0,4,1,0,0.2558139534883721
lisaAMc2WNWAE4s58J5hI9RQwFr2PoGrTm0SFIWUGX0LC1_G0It1CfRv,광스오1,4547914190,mid,1295,12,2,3,15777,3651,12200,12,22,13541,12694,193,9,4,112,2,8,1,0.3488372093023256,0.16666666666666666
x-8btm6MyG1o-AzctXbFsiwvwgMoJoHgGEVkD7JX4TUEfVo,ju3,4548509668,mid,1442,8,1,5,16618,8603,9854,23,19,18059,12325,217,16,8,321,3,10,4,0.4482758620689655,0.1111111111111111
bLDACKAvEOCKmjzc-Vyan_Xcl0mT-2tGMK5SWVB00Q3K,내 인생이 레전드,4548509668,mid,1442,3,4,1,10390,3712,7225,13,12,14655,8414,168,4,0,104,1,8,2,0.4444444444444444,0.13793103448275862
16X-2w8RjZmmtemZQM7VmyUSSTAS6upXI40q2DU1I0FFtfw,편의점 cu again,4548649557,mid,1259,0,3,2,20984,1656,5532,6,4,11427,7281,156,8,0,292,2,6,0,0.2857142857142857,0.11538461538461539
M8QtYr8r1Q1BuG9-GxKCRdKJOO-3qPzr5Hil8BSGaRAgVwbxiysw7Guw,APtion,4548649557,mid,1259,7,0,4,7465,2201,20362,25,13,20001,10532,174,4,0,256,2,6,4,0.4230769230769231,0
XS7siO_NYcYjizMXQSdNqdfwgyQVgZIoli25rEM7yZrQ7tM,삐삐로티,4271444311,mid,1747,6,6,5,19138,2078,9648,13,4,21388,12080,184,19,0,27,0,4,2,0.36666666666666664,0.2857142857142857
ba4a8Cgtf7KJ6y14ZZhBUQWfsz8VvSVrnxQZSrj7oAYt6UE,웅이딱,4271444311,mid,1747,7,6,5,25889,3015,13144,21,6,24516,11549,165,21,8,89,0,29,3,0.5714285714285714,0.2
XTafr18P6XGlx67UUOQFHgPTS-IpplGfck7t9sK8txfkaVI,Ar Tinu,4547242965,mid,1367,17,4,2,19994,3842,9051,23,8,16490,12831,145,8,8,132,1,3,6,0.5588235294117647,0.25
9DQI6IRDLsoMwMyua4mNcGSlXEumgXIVRF6fQzMDV7rAOwQ,친구야 나 유민규,4547242965,mid,1367,3,8,4,11544,958,5866,11,27,13980,7884,155,4,0,120,1,8,0,0.4375,0.23529411764705882
qXKWIQ19xBrk8jdpfDuPkpdrpo-CS0_wCIarzMVVsxRH,빡빡이파이크미드,4480507693,mid,1209,3,8,4,5727,1224,7035,16,7,12329,7180,70,0,0,75,4,12,2,0.3888888888888889,0.25
omccSw-p7dvGe_aqaA0EYtGwKVWzLYiUzg7Dzd19xXnb3Rc,리그오브레전드96,4507451644,mid,1714,2,8,6,10277,2007,13970,21,9,22967,8695,161,0,0,125,1,2,7,0.4,0.25806451612903225
pdOs2h09evyj6AMdYjU0vPz44XFm5KynZODJOgQMj8L4KOylyZdZr2PV,Sever Zed,4546811891,mid,1899,8,3,4,28672,3546,11739,72,10,20485,12314,223,2,0,145,3,30,21,0.48,0.09375
VccjUyVhuNXDIpfo_0CncpuDXwmIEKBF4MomXPEl1Yg1XgcPUwCubKmn,다죽여버리는사람,4546616451,mid,2092,8,3,12,17082,7019,11177,53,13,18776,15721,244,12,0,214,3,14,4,0.5714285714285714,0.10344827586206896
FAPWUHQohLIvnQ0nTbRz_lvK-s2u7xdCE4WCAUmATbrQ,JJns,4546616451,mid,2092,9,7,7,21059,1717,17598,23,6,20663,13596,220,21,5,108,0,10,4,0.5517241379310345,0.2
ESY6MBfVWaAagtnExE0AkZJfzjmrDVrBYJkLUzyZnRd921A,dhsjdhsaljdfafds,4537944265,mid,1958,12,5,10,25402,2924,11238,40,35,18956,13248,181,4,0,258,3,18,0,0.5945945945945946,0.16129032258064516
eS1dhReMbKsMfUEDSrGGNe3q2Xddr_Kigz9J1_h0X6IqG9zFGJlZZBl9,ajwejk11,4545417963,mid,1556,5,5,3,14628,2199,11714,16,41,17267,9769,174,6,0,386,1,8,2,0.47058823529411764,0.1388888888888889
z4XdCepXGiods7UQhQoPvAJ8y0b4xZWTpZ2LvjLX-7S_qyz2jqgu02wM,zhongdan99,4497065825,mid,1494,6,7,6,11940,2446,16182,8,24,15430,9781,137,12,0,113,1,5,1,0.631578947368421,0.20588235294117646
ZitGJhBchGKNNlawAWRQ2FdYfiejDblnUvA0ltBHoVm2Uic,이게나야멍청아,4497065825,mid,1494,5,4,6,9890,4859,14210,21,14,21938,10411,171,12,12,43,2,10,3,0.3235294117647059,0.21052631578947367
oR3nxxNq1uF_T70qgeeqk_9DE_VnAPipIEnmfVgPOEWQ,파장동 살아요,4404881675,mid,1300,1,8,2,10662,749,7099,12,2,14489,5585,96,0,0,35,1,7,1,0.3,0.32
hVkfyefOfVgMpFNyIy8l9PWSaNYiaHOexuG_uEqg5_kdNI7bLjkGy-GL,wvwwvwwwvwvwwvwv,4369474089,mid,1473,10,6,8,18683,2357,6412,21,23,14827,11820,154,9,0,116,5,10,6,0.43902439024390244,0.24
H0559UQO0rEgIqllQYB92GM1ZKWTOPIum06kL0MnZVOlV-rf0junP-Ht,롤롬스,4541483200,mid,1547,4,6,5,14969,789,7509,19,33,15119,9953,152,12,8,115,3,10,1,0.5625,0.2
opA1ns2KpbV9gvSnWOysmVetF4ORMmt_Q4AzyQTO_vVz,인생 무 무념 무,4500036926,mid,1321,1,6,1,8317,1522,6157,10,18,15236,6897,142,8,0,462,1,8,1,0.11764705882352941,0.2222222222222222
C3Yeyv4GvlzsKScdd_6r6P_mtrQEdPcXMXncW5uRHseoJ9yh1tK2I845,다이애나로마스터,4436210480,mid,1807,6,5,11,19636,5574,24242,27,8,26640,12205,170,20,8,54,4,12,3,0.6071428571428571,0.13157894736842105
3fZnX1L0GQhFaATNMMVDlwAd2_zbMeEwoyL2UHbs2kwk6cQ,동쪽의 마녀,4548601403,mid,1384,1,12,9,12776,2309,9506,4,103,21368,5857,79,0,0,215,0,2,0,0.43478260869565216,0.32432432432432434
1vYinPlJYaHx5pGtYD34afl1RrPrfcRFz2t8cjimsGfP,나하얼빈장첸이야,4460762144,mid,2583,10,6,15,48779,4744,14540,49,61,28318,18054,241,36,0,234,4,18,3,0.78125,0.14634146341463414
KV3QJX2ifVW3rnx8K5eL19rJZU0sNrjggLm4HHbrXr8n,소심한소심남,4460762144,mid,2583,4,5,16,19859,4403,16591,25,17,28867,13052,157,17,0,204,4,13,4,0.4878048780487805,0.15151515151515152
vNCz0uwNXymZJ7gF1H1HT0GojaspQWZKfwjjMX9aZTHzNbU,롤도사 정도원 ,4545595402,mid,1772,4,9,8,22953,6711,13492,25,38,23452,9046,121,4,0,137,6,14,2,0.4444444444444444,0.2
jCyM3v_ZihGWqETREDstAk_QJq-3BqWTcI4pzjyXuLKRuz8,적팀 탈론,4545595402,mid,1772,8,6,8,21216,8344,17231,30,4,28451,12687,154,26,11,148,4,8,4,0.35555555555555557,0.2222222222222222
kAQo7cjE0270fDs6Iwnh5IM-bzC93yHzbU-1m-3yCWXI6Z4,휘기닉,4501759249,mid,1503,12,3,8,25888,5839,15533,12,20,16874,14215,201,12,4,108,1,7,1,0.7142857142857143,0.21428571428571427
kANVnHSH__PbiT27q4zhOvkmiImzfMgYTPQSUDtK8csrM1A,목소리가안들려,4501759249,mid,1503,4,6,2,7704,2108,12290,22,24,13890,8593,147,0,0,253,6,12,4,0.42857142857142855,0.21428571428571427
pWDbPWOsrVcEyaNwLdc8_66f08qRRVYSAWt08hZNtpEH,Gen G Bclcl,4195266289,mid,1668,15,5,1,25983,2802,13967,24,6,21142,13127,169,16,12,146,3,9,8,0.7272727272727273,0.1724137931034483
5szM4xc5EfLAHTwCp84R1W88PPpp5MmVzzy2MYayyIBvNxw,두 건 당,4195266289,mid,1668,5,5,12,20558,9422,12248,19,34,20638,12867,190,20,8,695,7,12,0,0.5862068965517241,0.22727272727272727
j1g2bD-rfmU03J6LlmIlBOI1Ftw9KSPyzm8MBiFkTAhS,까미짱짱,4532399005,mid,1833,11,8,9,24910,2971,10949,37,3,25209,12917,154,15,0,19,6,15,10,0.6451612903225806,0.22857142857142856
Xsk773I-bvtdYDZzUw3sNpd0FzpFCNQrXWQw4BGHhzR7xcoJACSsB9Z7,힙합에코,4344306833,mid,1342,5,0,5,7392,1912,4313,17,12,6616,8818,127,10,4,120,3,10,1,0.38461538461538464,0
wNs4aDDjvLPtAeJrChLMXybzHXPq0eCQi_L3h8X-OgJ389Ed8bkqmY3f,우리팀은 개못함,4344306833,mid,1342,2,3,1,11329,939,3204,13,23,8149,7228,158,8,0,94,3,8,2,0.3,0.11538461538461539
KAWBM0AqzFdID5fzBZKduxJ47TQdQy5trDyqbaOF9ME1IMA,Crism,4415313769,mid,1608,2,4,9,11486,5201,10229,20,2,17578,10358,192,4,0,15,3,7,3,0.34375,0.2222222222222222
XZ8d1LpFgDhmgqBC6SCmy-OxTGIvja6e4Rw4oZr5As5cVr4,사이드돌면죽지마,4415313769,mid,1608,3,4,5,11839,4414,8995,20,36,18862,11831,220,4,0,75,5,11,3,0.4444444444444444,0.125
Z27csD_8_riGJ9DxKSDWhrS43HFTQO3bdCQvE16wEevKmNQ,언니거기,4538639523,mid,1571,6,4,6,15871,10036,14649,30,12,24728,10849,169,8,0,253,4,9,4,0.375,0.2857142857142857
OJoo7iTiPJxs4XuMQHJDVdgJQOrbPblCjChNxiGoUd1TdGM,Life is Lotto,4548653206,mid,1270,0,5,0,3610,2570,7869,11,9,14584,5661,137,0,0,37,0,6,2,0,0.22727272727272727
xpmihvf27pK3MiKdSgMeGQkPAAry816cPggnHmB618_vmWYXFklOEXSt,LoL Pro League,4547333296,mid,1500,13,2,9,25798,14169,18797,14,18,27903,12636,140,38,5,381,2,5,1,0.5641025641025641,0.11764705882352941
Z0uR-hvC0ZbViWBgkrtfT5YK_8aB8XWrpTYLSZMVEM0H,와 리븐,4547333296,mid,1500,1,7,2,9195,518,14600,17,21,17821,7672,158,0,0,88,1,7,3,0.17647058823529413,0.1794871794871795
4UNJ73ejeXBH4x39GZg1jZ74RaZVsQkwhR0_B531KZ14Up4,맘 모 므,4386041186,mid,1723,8,9,10,17701,9072,20442,17,20,34100,10715,149,8,0,288,1,9,2,0.5625,0.23684210526315788
Xkz_RFkibk9IhmUtwePLi8U0nIZsRD7q33sGZFUiWnA,나믿고해보자,4513838885,mid,1475,3,3,0,10328,4470,6194,20,16,13643,9297,157,27,0,207,3,9,2,0.25,0.1111111111111111
mmMaMut5ul8CAC5KRiknMe_y8N3D7oljC-iYpL2I6NXZ31Q,재야의숨은실력자,4513838885,mid,1475,11,2,3,14263,2402,5471,24,1,10257,11821,156,8,4,9,1,5,5,0.5185185185185185,0.16666666666666666
KfRsH5mcSLWGG7aOwmcYsp0UEwP-iGUNAklt80ihcw4mjFJsJVg5Z9WJ,키아 나 요네한다,4540277266,mid,1318,14,0,3,15814,3431,4840,8,21,10142,11029,109,13,6,162,1,3,2,0.68,0
rQ26pzvTjXx5YT9pUaEMKXp9-nL0PBvDXNX7F9ECZB8fcIM,애미야귤이짜다,4540277266,mid,1318,4,5,3,10554,0,6904,6,14,11314,8053,160,0,0,216,2,7,0,0.5,0.2
wXcYSn33JEKmsC6iZ41lvA-KnZCyW59rDvfp-QbRsLLnwbJsqpyD4IH0,잘 느끼는 여자 ,4517193536,mid,1658,1,5,1,3325,1865,11508,21,5,17704,8378,188,3,0,18,4,8,3,0.11764705882352941,0.19230769230769232
rMD_f_A6KDx_4ustru7dIExPUUW08mWGOXcvwvvuAYer,최 탁,4525007578,mid,1202,10,1,3,17644,3548,4372,17,18,11314,9256,131,4,0,40,2,8,1,0.40625,0.1111111111111111
PZe72D_hOVO0znHO-TNJKPu8vCGj_fCN_VYIafARcdnOyf1bzXDesYIf,스님도서나요,4525007578,mid,1202,4,5,1,8883,5211,8225,5,10,17999,7474,141,0,0,265,1,5,0,0.5555555555555556,0.15625
5PoDI0fWmnFzQ5Ih2CrwU0HpT340T-gMe-qzYMy2ToSCzdY,oTinus,4544190373,mid,1324,3,2,5,9237,2785,4396,11,12,8799,7792,137,4,0,49,0,6,1,0.4,0.18181818181818182
XcJxbKtgInl7KO6R-DP-MVtqOh9o3bGOH-YHdB0vdtOVahQFbNKQrs1e,우유먹는농구선수,4531457529,mid,1665,6,10,1,13872,5271,19964,17,10,29643,11127,218,13,0,125,3,11,3,0.4666666666666667,0.45454545454545453
cR15sMcHRRw6O9Af2t8m6Z2YsIdhQuC-epTcPgzXwmljXOc,빨간 링,4548256331,mid,1688,6,6,7,20732,953,8682,19,6,12455,12258,195,1,1,77,6,12,1,0.3333333333333333,0.35294117647058826
A8gJFUP6tR86qiOf0GE9nR43T5OMzVidSwb3_7AuYq0NHTuH6u9HjXG6,영등포불도끼,4548256331,mid,1688,2,5,4,10210,3590,26390,23,15,24070,10224,213,4,0,189,3,11,5,0.35294117647058826,0.1282051282051282
BqWb6M1jlPZ2sy_11tiVj4HYLyFSATtlpfnpef-OEM9RqU0,근본있는 원딜러,4542329734,mid,1672,2,3,12,10401,8050,14243,26,17,22478,10005,178,12,4,401,4,8,3,0.56,0.3333333333333333
N_uwZRlJz568-wNWp69yfAOB2QIGhm2PvzyrbBnh3X4iAA184IBh7gf4,게임좀못할수도있지왜욕을하고그래,4542329734,mid,1672,1,5,2,15414,1507,7125,26,17,13096,9616,232,12,0,65,2,9,2,0.3333333333333333,0.2
vzCgMcECOYGU_YnxCRUyFl2rRVnGeuQUOCntNj7Uun_6l_U,블링블링블링블링,4548598300,mid,1730,3,4,2,13377,7083,9434,18,1,17797,9892,206,1,0,10,3,10,0,0.5555555555555556,0.14285714285714285
6EpVhxReUt_Ve4DBwVrDK1rdrsSi_P2mnfh3T2vWt6mSl5Y,빨리빨리12345,4548598300,mid,1730,5,0,10,15683,4672,8170,27,10,13824,11130,195,8,0,150,7,7,5,0.5357142857142857,0
WVwbT9iwlB942UvXNqQ2DCqYZbaKBMdZn2G_bfyVvt0X,자기두판해,4430296674,mid,1863,11,3,7,29419,656,12233,28,45,12990,16382,236,37,9,554,0,10,9,0.5806451612903226,0.21428571428571427
YoXSpP9Oc9S_BXhpFmDwrI9iCT8KnIhUTAnNV_ecuCuh,새로이,4430296674,mid,1863,1,10,9,9552,6727,18006,23,21,25390,7418,126,0,0,359,3,12,1,0.7142857142857143,0.3225806451612903
XMLC8WC8nrp1lBGe1mjshZplKZ5xFUrrQPiz3E0DrFINKlQ,Go DivE,4544735855,mid,1801,3,7,7,11354,2122,8009,46,9,16473,10410,170,1,0,24,7,18,4,0.3333333333333333,0.2692307692307692
JbJqSqYuxP8S5tCd4Zm9bQcMaWKl373-R8_Usl7NVl1KGI8,피똥 노예,4483308235,mid,1770,8,6,9,16659,6937,45025,28,31,35020,11833,155,4,0,240,6,14,4,0.40476190476190477,0.17647058823529413
PsTmbz1WCmJzFo59CvcT7ORdI-5T0080DfqK1ceK8zdc,너라카일,4543423401,mid,1572,4,3,2,19419,9525,11638,23,41,22789,11090,214,8,0,397,6,12,3,0.2222222222222222,0.17647058823529413
Fpqoo1O5VfA1RVjOlYxkmLGniUidlwK1QZRX9Ox3vkivmws,종현아,4144300661,mid,2250,1,10,11,22777,5586,15399,19,37,28818,10635,173,8,0,123,0,11,4,0.4,0.2857142857142857
NtpQxWmKFtRQo2Ovl25rxViRS361efmEFZKSwK2Dg1pR,Huyutomy,4144300661,mid,2250,12,3,14,33520,61,16431,33,84,14966,16205,196,16,0,588,8,12,8,0.7428571428571429,0.1
gPqKmkZM9m-JP2CVlDFaQmehcqfxD61-YQmPS9hKipmz,막창친구곱창,4259491703,mid,1413,3,6,3,13057,5779,13089,12,17,22443,8092,139,0,0,139,2,9,1,0.42857142857142855,0.16666666666666666
nXbT9E4uR38V8nKZn3-_ZyjDP5UurnNwBBvOR1AZ7ICC,wlxh,4259491703,mid,1413,6,3,9,16830,1636,7925,24,5,16442,12549,208,17,15,70,3,7,3,0.4166666666666667,0.2
M66zeWEaiSjHLbuTzY09_sgrbn6Bwwj0jkBVX5QqGZO2PEhUmokTnd0q,옷벚꽃섹사고싶다,4543450873,mid,1752,5,6,2,11188,1624,11109,27,6,16841,9632,168,14,0,159,6,7,5,0.2916666666666667,0.2
6BGgSGeaTqxilWvsvXn0vO4Ib1SluBRaRurj0RVzyANa,까망하늘,4543450873,mid,1752,10,5,6,20081,4562,10866,18,158,19268,12490,165,24,16,345,4,12,1,0.5333333333333333,0.20833333333333334
UU0dz2oK6FNa-_Oy2B9uLQSwRw9IrBp0uI13dXWy3Sgg6UY,장야옹,4193277728,mid,1390,2,5,4,5804,1269,6967,6,34,11491,6866,129,2,0,71,4,5,1,0.5454545454545454,0.21739130434782608
bPxnk2zipfL7dHKM9vZJR17FpG_ULAmKCq7kwyCU6mJGRgHdjuAdPqdq,피여오르다,4540920701,mid,2099,9,10,10,26927,8333,21064,17,5,36828,15314,221,24,4,170,3,6,3,0.7037037037037037,0.23809523809523808
Wxq1zxUWTm_OY9vRr1KhrNBplZwhDT0OVuI7VDVnWGem,금수저의일상,4482412337,mid,1437,4,4,4,10470,3692,9552,20,0,17192,8694,127,0,0,6,4,8,1,0.6666666666666666,0.17391304347826086
v1p37WmJ9ugmrJgpEtKo1mocRKM41clqj3Z8qaBLkgRt,키 틔,4547305514,mid,2023,15,8,8,27776,14228,27656,15,29,37808,17380,220,18,4,584,2,3,4,0.4791666666666667,0.3076923076923077
TOo2pdhcrVFFayE6m2phlXKKJ_tyZO2HS82kvXQzuKBM,공격만이살길이다,4547849491,mid,1691,2,1,6,14125,3518,12576,26,33,22599,10799,229,4,0,185,0,9,7,0.5333333333333333,0.034482758620689655
XHWQ8Mv4eaHFoxPNFfRCogWD6Q8CBna4mf2BFqpmgocLj5WrnJSCEGR-,xiaosupu,4547069860,mid,2183,3,8,2,16696,11914,22813,15,19,41448,12323,215,30,0,342,3,4,0,0.2777777777777778,0.21052631578947367
owt7sRzxeHP4JKwW0QuaUIpfNZLHLUhsj-yMTXtnz2CJ01w6G8HyYd4l,제닐로,4547069860,mid,2183,10,1,8,21996,10425,26599,41,22,27105,15395,184,20,0,171,0,5,17,0.47368421052631576,0.05555555555555555
uI-nf1RIuU8rhB6yx7mqxXi2B1RhilzfJm05o8mhxSgbtOJS4BDTNcVS,IlIIllIIIlllllll,4548617765,mid,1719,6,7,2,15771,1416,19993,30,5,40756,11855,207,12,5,71,6,15,3,0.42105263157894735,0.175
Kc0i3YAjG-ou3UltN-kP7inQc849D0kW-T6f7aMxdggV,박준우다,4546453192,mid,1476,1,13,3,11572,680,10829,15,9,23931,6674,123,1,0,160,2,7,1,0.17391304347826086,0.40625
MXJqPxOErPb6tUiIQJ7p-N1KxVYA3jZpZnnLYHo_kYH1,햄버거세트장인,4548690335,mid,1623,4,7,3,12416,896,8222,22,2,14599,9614,173,8,0,59,5,7,2,0.4117647058823529,0.2692307692307692
b956WLwJeU8U2OaGVI808W2xON8buYIkvphDnUzoEIpvsEQ,        핸  찐,4548690335,mid,1623,12,5,7,20299,8603,18077,21,18,23275,14764,217,29,8,54,2,9,4,0.7307692307692307,0.2777777777777778
AjA4_fWxqaoWh-aP19RIw1W1e1FIQ1-elxe7va7ePCqC,내일은일찍자야지,4197397146,mid,1236,7,4,4,13291,2786,5424,23,15,12555,9208,137,8,4,85,3,8,6,0.55,0.3076923076923077
ILDgoq_WMYA0HKCFlJtWKyckaWCNUKmHsRF9yUPrPhtOoLMgI3ZfTO6R,EchoKko,4357577666,mid,1860,3,4,4,18879,9362,16578,24,20,26345,9784,172,8,0,223,3,5,6,0.4666666666666667,0.2
_HcbcUQMTG2ftWh_9a8WhkiBIItnacmk0b7KOGX5FZ54,등푸른김밥,4357577666,mid,1860,7,2,5,22848,4605,7601,32,46,14607,11630,182,10,0,349,6,16,4,0.631578947368421,0.13333333333333333
ivfWkB7KokXxjxtt2iuS6sbZfoUfT3jZw0k_HcNuG257Fng,벌레랑 대화X,4543577791,mid,2195,9,6,13,29124,5541,20466,26,5,34792,16198,228,33,5,145,1,13,3,0.5238095238095238,0.18181818181818182
XiqX6EnYNNsg5T3C7BEIOI_1Wio1BIQ2lCjcjrICDJ_OjgpbDIjqz8je,JG RPG on,4543577791,mid,2195,4,9,13,27711,6245,16915,38,33,30496,12023,172,8,0,148,3,16,2,0.5151515151515151,0.21428571428571427
wl4AkQW7d9-XSrZD5EeV6r7_9DoP5helzw1H-xB_aiFVBOQ,siiiiiiiiii,4547417176,mid,1409,3,3,9,16635,6096,6382,18,21,14652,7979,125,9,1,97,1,8,0,0.36363636363636365,0.25
0K8k-xmZmhuyjQEOBcHphVlOWVBzTNakbBXw3tr_YukCqVWk2tCPiwYc,Ravenda02,4547417176,mid,1409,5,2,2,18613,1136,6072,16,4,16571,8947,153,4,0,28,2,6,3,0.5833333333333334,0.06060606060606061
NaTXeg9yPaWwGVO1VJmDtVkkYmF5Ff5AouRWt993dumH6fc,20살 백수남,4543515244,mid,1504,3,2,3,5097,1031,4669,13,11,7178,6149,74,1,0,104,4,8,0,0.5,0.11764705882352941
RTKKIeZBc_AkpF2ZMlxyhL_npLJSOSEfxvubLHkn4OjG3uU,스누피를누피놨네,4548628428,mid,1892,5,8,6,16941,5636,24256,24,14,31318,12075,237,4,0,68,3,11,3,0.4583333333333333,0.2962962962962963
bQOKs6a11g5JaPCXLdUTiuCwLDsfGc8Pi4zc3rrK6viudRrZ3zsz5CIU,뉴런드릴시냅스,4541682190,mid,2136,12,6,18,44429,17527,27298,24,35,40751,16406,230,36,4,96,0,12,4,0.6818181818181818,0.17142857142857143
Vl21PrRW-0xzdIxeqC81mHunpha5lEaJ6lLWxc5bwxQT,ccccllll,4541682190,mid,2136,8,8,13,31263,9482,17247,19,42,33586,13836,201,12,0,151,4,8,2,0.6,0.18181818181818182
-i9gf17ZOmQ1yeL4TPK3LySA5QBiytTVkjyT010Z7BlYiP-dSMNUtGbT,키야 나 개쌤,4432028633,mid,2058,9,5,7,19674,7698,27693,24,25,36706,14329,213,0,0,192,4,9,2,0.5333333333333333,0.21739130434782608
0MJXAMdvdhHaNAsw2i_asFnnudJZ9leVYRIguwLJt2m3,GR4AND PRIX,4432028633,mid,2058,5,7,6,25830,2734,20708,41,24,23324,14065,217,44,4,646,4,15,7,0.4782608695652174,0.23333333333333334
2kpHNmsmQXh1ueQXF585aUvatqMzgGt-XGYtUG7Mysd94zw,이가은짱,4500754626,mid,2413,8,8,12,33283,1148,23232,21,78,23275,18646,328,15,5,586,2,12,3,0.425531914893617,0.19047619047619047
9VoUsWdwLsZ_GpY5hYFWpDdkIU2NVvdTZJAp4vS4xhk4u_Q,hyeok jin god,4500754626,mid,2413,11,9,13,33110,5608,23687,20,11,28985,16143,188,28,4,122,0,9,2,0.5853658536585366,0.19148936170212766
hqzLTlw-NUEucUplSwp9cfRWCaH3SXnsVuYFmz4io-1g9ZdTsrNxiEzG,그래서 널 좋아해,4474504621,mid,2043,12,6,6,25734,555,16943,39,7,26410,14800,215,12,7,180,6,7,15,0.47368421052631576,0.2
rXKvUoKSiYzvEbVTvoRyQgc6qrZSUP5jpKETDkzQQE4hia_D13Kbj8as,듀오형제,4474504621,mid,2043,11,4,2,21451,6252,17541,36,12,25450,15268,218,28,0,179,2,14,9,0.43333333333333335,0.10526315789473684
RxHzQAU0iE0Aix_2JmS6tVIT3KbEgVpHvRqAkcN5WMXY,니티카,4379008273,mid,1805,3,7,7,21605,2348,15773,27,59,18659,12222,250,20,0,654,3,11,3,0.4166666666666667,0.175
QJ0gxN0YIRKGN4NFeqkfKhWt5CKpsv78fepFo7QqrCEBrA0,MIDKINGMIDKING2,4379810338,mid,1917,4,6,1,20008,1351,10250,39,29,15727,12408,214,18,0,370,2,9,4,0.5,0.23076923076923078
j_Q2rO7vTJRY6-J4lcfqcJValZqLtgUaC9avLcPWkfyxdEk,봉구지런,4379810338,mid,1917,7,3,5,19362,13928,21108,30,16,31050,12112,163,25,1,319,4,8,5,0.46153846153846156,0.3
qwpwfpfWUP3JzE3ScTCPo9kwOx2duMVjbtirNOovH_aXnsY,도도는 귀여워,4546829824,mid,1880,3,12,8,17884,2037,9089,22,29,23300,9090,153,0,0,104,1,3,12,0.39285714285714285,0.27906976744186046
8QUFDGuojS9rh-KsZ2M0n6lvhE3XMtoX5EJAswkziebi,쭌둥말둥,4546829824,mid,1880,10,5,9,16163,9703,15565,24,28,26542,14151,162,9,1,238,2,5,5,0.4418604651162791,0.17857142857142858
9sE4QbUkw0X9AkXbhDbw__-uTwiJFx6sJIKUSjr84xOXkk0,애송이토끼,4539977687,mid,1240,2,2,1,8665,332,2810,15,25,7514,6128,100,0,0,171,3,9,2,0.25,0.07142857142857142
xNAh-yYInpLzaHGa6JDDheR6itQOHq9MTjgVarPPiBVFrV8,Twitch 김쏘우,4540286384,mid,1403,3,2,9,9522,4399,8327,13,18,13809,10283,165,0,0,204,1,8,1,0.3870967741935484,0.2222222222222222
U8dI4N_6mjw6KP_fuIdI5ClOlLKvr5E4TCkXmgQ8DB-z4xs,꼬손실,4540286384,mid,1403,3,5,1,15473,2985,8072,15,26,15606,9024,183,0,0,162,1,5,3,0.4444444444444444,0.16129032258064516
bmP-LIB7H_L00GgsI9h7qO6v-xTspCe-8k9JEYGZ24cgzb8,포도리고요,4548569175,mid,1604,4,5,2,10836,12047,6277,16,2,16814,9416,163,4,0,49,2,9,1,0.3333333333333333,0.1724137931034483
ouQSPjgSwRoYMI60HDR-5gufaSVX1mwybe3VcShTS0YIyoI,더 완벽하게,4190043420,mid,1634,14,2,7,19738,3222,4124,27,23,9116,12952,145,0,0,139,3,5,7,0.7,0.13333333333333333
c0FvMu68qN7pfP3Ty1uMwAxPNfynWHtk0cOqtgE7QLUR,야지민관,4190043420,mid,1634,1,3,2,5745,0,3624,10,15,8228,8377,190,4,0,207,1,8,0,0.2,0.1
HNnMIzc73iPleu6eKrcCq1T7wbwxFsex4Bo4181b6g--,채팅그만하고게임,4526135710,mid,2135,12,5,15,33659,4160,13501,28,37,20141,15927,185,32,0,272,3,7,8,0.6428571428571429,0.15625
