account_id,summoner_name,match_id,position,playtime,kills,deaths,assists,totalDamageDealtToChampions,totalHeal,damageSelfMitigated,visionScore,timeCCingOthers,totalDamageTaken,goldEarned,totalMinionsKilled,neutralMinionsKilled,neutralMinionsKilledEnemyJungle,totalTimeCrowdControlDealt,visionWardsBoughtInGame,wardsPlaced,wardsKilled,killsRatio,deathsRatio
RbM5iwTW2t-NPAEtlee3h150yN3wnsJpN7nlo5c9Nts3,Bibal,4506621708,jungle,1897,4,6,5,21416,7440,14788,35,24,22984,11625,48,139,13,439,5,7,5,0.5625,0.1875
hjZGfV5algVz40bO5xRdAmkY7I3dnRTZMqUPb4vyOaYOKo40-tkS2eOt,이렐 장인임,4548005743,jungle,1437,2,9,5,9200,4516,10613,15,17,23147,6905,14,78,0,296,2,8,2,0.7777777777777778,0.32142857142857145
5R8dZ-vvY0CK2o5-JQkUOVbu5IyiAVVrlxp4Vj20IKh_,feelmynuts,4527596507,jungle,2252,10,4,10,21522,10540,41258,41,22,37539,16038,68,165,11,375,11,23,5,0.7407407407407407,0.1
D6bK85MGSDAsI_pIuqFgNLEmnTcqIpeYVWdIVphTdTPK1Ag,양은진,4506422484,jungle,1876,8,5,10,30957,13301,19916,23,15,30257,13136,20,161,12,302,3,5,5,0.6666666666666666,0.14705882352941177
lgkPjDbKjjQo1BjXxTWydt9X5UynF3kc009UoRAlursd,블루사냥꾼문대혁,4506422484,jungle,1876,5,5,6,10171,18352,13843,42,2,28146,12062,29,170,22,162,11,18,6,0.3235294117647059,0.18518518518518517
43ucYXmYBq7YaqCVLkQOYXPgxWjeyMaT4TCWscinFzIYmDy55cISbwsX,못맞춰도괜찮아,4548241373,jungle,1249,1,6,3,6985,3862,12608,14,17,18148,5393,18,60,0,212,4,4,4,0.6666666666666666,0.23076923076923078
RpRyAw0VUpEso5QH0UT1qNm6O-nqljocpMTIvhvhy7ZzOTg,대흑우,4518286588,jungle,2354,4,7,14,20021,21053,40078,41,27,44201,15049,77,149,4,503,9,8,11,0.5,0.21875
XpLJPH2tbqzv1kTrbCUgT7pH4vNdAEbEq8bxmIiqRfCvuAdWGpko37tA,재능없고노력뿐,4450281188,jungle,1899,4,4,7,8900,6075,23677,34,19,25288,10274,37,110,4,460,7,15,5,0.5789473684210527,0.1111111111111111
seEPlnGVDmlgBl-advTklSeyUk9kX1h_-6n7Vt6WxbVb,나비찡,4450281188,jungle,1899,11,4,11,17719,11811,23277,22,28,26104,13745,31,140,16,277,4,5,4,0.6111111111111112,0.21052631578947367
YYFnyEkZuHF-6IYpnL12ReKmKTY8KgaK5IbecfYSjmvMUpEN_g-VdJc-,Im falling again,4459745283,jungle,2132,9,6,15,29290,22508,41919,34,31,48450,15016,55,139,17,365,3,5,6,0.6153846153846154,0.15384615384615385
nRYMOkXCWgEEKi11BdTT8_fTqRPDUv5xPgqnV8p9K4_oIqM,백정 해방,4501680416,jungle,1584,8,4,14,14518,6898,22772,25,26,21106,11319,9,126,8,258,4,6,4,0.5641025641025641,0.26666666666666666
h_fYknshuS7dAFByISVow5DcLM1zR4rjGm5CXqafqwIz,광교피닉스박,4501680416,jungle,1584,2,7,7,7201,4088,19787,27,21,24371,7714,24,97,5,164,5,4,5,0.6,0.1794871794871795
xDEDBJ9IIUwKRYVZIjs_xaxfmdEnJ0rdDoVo8TQDrOzs,노롱가,4546535656,jungle,1462,3,2,8,6752,9710,19894,29,10,21788,8673,18,120,4,314,12,12,4,0.4583333333333333,0.2
x0cx7KYOogVmDa9HmyxQAmHSugkXBlfuHHChcMg5FLO2Bew,몹쓸죄인,4546535656,jungle,1462,3,6,0,12212,5951,10041,15,3,21303,7820,32,88,0,146,3,6,4,0.3,0.25
kccTVoXa4DCi5GYRjxBXkhSLlwsXYYLZcy7mh7jQSrwjX_0,Jungle Cary,4307057833,jungle,2216,13,7,8,19476,14814,38776,34,24,43511,13105,14,113,0,361,13,23,3,0.7,0.23333333333333334
nV1QiZA9ky9sBOAcGYvM2L0bBF2xIismYH7__r8iE-Q2,적이랑싸워제발,4307057833,jungle,2216,1,4,14,14578,13439,41999,32,15,34698,12833,61,169,14,502,1,3,8,0.5,0.13333333333333333
LeyXxfLMeoNO9lVeUX2nVVX56FAE6VPJlZ3qHATT45e3Lwk,아임조렛,4541927646,jungle,2307,18,10,14,41598,14945,53417,18,41,51895,17904,39,132,1,439,5,5,4,0.7272727272727273,0.20408163265306123
G-l--MzOylNQqg3zZUgmfrO3fC6KPtT0fqZdffW-m_0JzEY,카사딘  King,4542258421,jungle,2246,16,15,20,64986,17364,25514,36,27,47349,18192,75,125,11,256,1,2,5,0.6428571428571429,0.2777777777777778
wLjJyd0dNYjULXyAlo21sBHCnMakDY_oecipgIWuYFUpDj8x3WNH3xII,엄마 이제 없다 ,4542258421,jungle,2246,18,14,15,39730,17205,29821,19,16,55315,17278,88,114,19,335,3,3,2,0.6111111111111112,0.25
S98rT8_N0U8kKzwJ7HEEM3uhDxwDaNIIxODSyR7DdGurRsPvg03JNIoH,YouTube 트런드리,4542117046,jungle,3129,14,9,20,53579,44545,108045,42,58,84752,22457,79,218,0,501,14,13,9,0.6415094339622641,0.14754098360655737
I4TWVzqq--8KKLT8etKj3BTtIpYv1XeQA_WL7pm9ub5K,맹수 김재철,4540774119,jungle,1306,4,5,4,11506,5016,13410,20,15,17779,8132,21,106,0,346,7,16,3,0.6153846153846154,0.2
BJ1WGZmhWUjG0mK3eS-3RwTO7yqPJMoA9eJhzgCk_8TqgEE,팀개못하면무무함,4540774119,jungle,1306,4,0,6,3338,7992,16645,16,13,13943,8857,15,119,3,198,1,2,3,0.4,0
zMEiPTBQ3wJocFqeP4MMkFsmE9Xugp63phOqCAjTlzxB,회기역아이번,4432495231,jungle,1954,10,5,11,23218,7871,45183,26,27,30143,14479,72,113,25,227,4,4,5,0.4883720930232558,0.2631578947368421
JVxYtNOPgVchW8aUdT3WnN8Dbt6FYB6iHK7ilea7auofAaE,THEREISAREASON,4548286064,jungle,1400,4,3,2,9354,12662,13968,20,12,23089,9917,59,152,11,228,0,1,4,0.375,0.16666666666666666
PUajO5Tcc1bFYdOf3pTwwSmNoQqEM0LWWSL7gBbWRty0,산뜻하고달달하게,4548286064,jungle,1400,6,2,6,9741,6431,8509,16,12,14985,10722,33,129,15,466,4,6,2,0.6666666666666666,0.125
MwLBOSw1GKGRXpIgxLBLsvvl5hM5t4dJ8Nf_NVyZdqUBLP5Wd0YxQtt_,북반구,4538953159,jungle,1797,2,3,6,8119,5403,6796,22,10,14894,9265,57,103,4,164,2,5,2,0.5,0.13043478260869565
a4nzF6jngnLUYsiki2Euf0lUqPtiIkR8FZ3g6b_ZZPK8,비싸보여너,4538953159,jungle,1797,5,3,5,9756,14161,13399,37,156,25679,10998,4,163,4,539,5,7,4,0.45454545454545453,0.1875
7n2kAgoN1u9fWwka_kKBbrgmhzFlKjOeREThd8hiCEticr8tUColUzES,01065096563,4113725617,jungle,1210,5,5,3,5865,4859,13636,11,8,17223,7536,24,77,3,331,4,6,1,0.7272727272727273,0.1724137931034483
U4M1Xkc5JDz3DDC28amOgllxMypkLXuEUZJZwTUgdW6fF3k,김준흐,4216879208,jungle,1292,0,7,11,5259,15876,13951,12,21,24445,5480,5,69,0,316,1,7,1,0.9166666666666666,0.25925925925925924
53nJX0H36kF8g4R2-j6uCovGEDdIZA1La6trGIELuvnpyng,취양임존중해주셈,4468395745,jungle,2113,6,3,12,15052,10032,40746,37,19,31487,14272,38,194,28,479,7,16,8,0.6,0.1875
Q16g-T_IOBP1Yy-WV1zH6X2qN0_QJGYu1WD-Iy4PfmegnYALpL9vAt1k,본캐 다1 계정,4468395745,jungle,2113,4,5,3,15357,8461,14746,53,18,21190,12454,52,182,12,335,4,5,17,0.4375,0.16666666666666666
7VA_Ev9Hp1cpMKn5lgoNwgxn4D2EEhz8-3DxAt8IhfLUa-M,믿는건내송이,4530623879,jungle,1394,2,1,8,3940,17657,13854,24,19,25298,9065,51,102,10,253,1,4,2,0.3125,0.09090909090909091
i-lJsWCsXa4b4CMM91pV3TZG6IG9d7Gr1kpKAVxR7j36,상혁잉잉,4547537583,jungle,1970,8,3,17,16399,44160,30909,26,39,37740,13247,64,126,12,484,8,7,2,0.7352941176470589,0.10344827586206896
wyXEoxcXp8lKH1_8lPfAKDcU3f6nLkh3Pputdbm9gzHBJNE,지금 나 진심모드,4547537583,jungle,1970,5,8,10,12848,8224,28323,25,26,31121,11586,28,107,5,380,9,11,2,0.5172413793103449,0.23529411764705882
w8reogrWFhbFPPVLcDdMZc4GYfu6XTcHgvSQ1gxf-SCmwyc,오뚜기 참께라면,4422753565,jungle,1527,8,5,12,18389,12699,12189,33,37,23921,11396,18,112,12,698,8,7,3,0.5,0.20833333333333334
3V4aEu-g0BmiGlOhwaQROOurin61xK86-6e72oI4pTIV,용인 1위,4422753565,jungle,1527,6,7,11,20738,11922,16015,28,18,28991,9566,29,101,12,449,4,5,5,0.7083333333333334,0.175
wkqBvqX-wIHgWtOFaxkNUAJBDGwqO1w1s-P_8NRKhT83,선택을잘못한사람,4547083491,jungle,1238,16,3,0,22983,8704,8732,20,11,20767,13553,62,138,24,448,8,4,6,0.7272727272727273,0.2727272727272727
9VjGpxhx2Kfs9kkDM6ytfuzFgY9c96otCBGwYENkDLeWTi41LIuwVLpK,no ping,4547083491,jungle,1238,1,4,4,4275,10179,11007,14,20,21364,5757,32,69,0,169,1,3,1,0.45454545454545453,0.18181818181818182
50NGBACr4SJtYHTCts1FLlaXRAHurTqPckjjZFDDFis9,메잠 대깨,4532004376,jungle,1534,16,4,5,23031,10216,26764,19,28,33892,15071,44,138,18,299,3,5,3,0.7241379310344828,0.13793103448275862
rcEBGvBcWYzwh__HJQDOn-43KB7cBxFy0K9IsN449kXtk48,Mafia 그레이브즈,4532004376,jungle,1534,7,4,9,15357,21865,12964,27,6,26275,12148,21,153,8,124,2,3,5,0.5517241379310345,0.13793103448275862
EBQ2eu0GPq0izgJQpbplT9a0_qP6ztE_reiBTnO7kIMS,Tusin Fan,4357878749,jungle,1964,5,11,6,18306,12802,14591,40,49,32444,9817,26,104,0,479,5,5,4,0.5238095238095238,0.24444444444444444
eVkpFa1SNfVSvSWRNu7qXI5ImndwzHTzfIfl4HFOUkiLSus,생사갈림형제,4541566321,jungle,1851,8,7,8,18255,14884,26775,28,19,38761,13289,74,135,23,396,2,9,10,0.41025641025641024,0.14893617021276595
SJpm11H3z6--8gHOC8hD_IsluTfmM666h-HEEByHIFw7,Great Man,4488047452,jungle,1620,6,9,6,17571,8170,11889,17,8,27021,8866,34,81,7,198,4,10,3,0.5217391304347826,0.19148936170212766
A9w2HS4C4klMY04Ae4-PK_IxkL-p7ieNX9DMSa3XsPH85AE,댕 셔,4539160324,jungle,2011,11,4,5,21530,21948,21357,26,4,29491,14019,38,166,23,134,6,7,8,0.5,0.11764705882352941
gcfn_SXirccEh5ILOML_uR63Pm3oCmXsTnI9iyGBIKGK,Cld F,4531182921,jungle,1504,8,5,0,8530,11932,20840,19,12,26756,10699,28,117,8,157,6,5,2,0.5714285714285714,0.1724137931034483
1e_mlma85MbdTl1L2DlTmS2k3iNIA6dBzqoJF5sMICU3-f2Yup_PO61R,봐주세효,4541910171,jungle,1739,11,7,16,26008,8158,17558,49,26,25968,13552,40,155,16,459,6,16,8,0.6428571428571429,0.19444444444444445
vJKvgDQg_BOolPn2fg73DqwlesR5feGU6vZ1mBC1X2TA,나는슈퍼큐티다,4539066855,jungle,1677,4,5,4,12426,4735,12528,34,12,18582,10497,67,127,3,265,4,6,8,0.6153846153846154,0.17857142857142858
3j-op3zsCKwCY5_OalQbUQtLpmubpWU21AQBJM4XJ0co,말린거야,4547900598,jungle,1780,4,8,7,13323,12006,19982,27,24,33488,10633,23,117,8,197,7,8,3,0.6111111111111112,0.25
x8qQSwsjAOc4STibsjcTcB87xtC5EIgM-DaWKBGbtyx-,다리떨지않기,4547900598,jungle,1780,5,6,14,26948,12378,12650,38,16,26174,12211,55,160,11,207,5,5,9,0.59375,0.3333333333333333
i1Ls6MNl8mYEBE-Iy2Vlevsd2oUrDGyLU0k9tduzMjTkpI4,자운고 피콜로,4548597062,jungle,1717,4,7,12,15591,12449,14347,23,11,26811,10250,41,102,0,507,1,9,4,0.5714285714285714,0.2413793103448276
m3Vwc79bLbc91EzP7d8CWZRzKkrdRrpSwy9T_xOtaLG7GdFiIidNOcHy,Ed Sheeran fan,4543220588,jungle,1417,4,6,3,12669,6107,6045,27,17,16073,8354,19,110,0,404,5,7,5,0.7,0.1875
8bqRbwuwAHnu0M_nsdmEda--xELMHJuhAjty0fRcp1xrqsFtNppHzqre,KIM BONG,4543220588,jungle,1417,9,2,14,11445,12621,12193,28,9,21828,10465,23,121,20,405,3,6,6,0.71875,0.2
0SGeQNsfFWVcQhIj7omUjZ44lamjrRDPIEe5JzBriGos,Tenic,4127697217,jungle,1700,7,3,6,17994,11256,13140,20,25,23153,9797,48,64,0,501,3,4,6,0.9285714285714286,0.12
JkWRijSLFBtqrsAKhijb1PCBywyol6jybMRGEKCa_zGVTAA,5EX WITH ME,4525246476,jungle,2016,4,5,10,20220,42899,40260,39,58,50708,10904,27,158,19,515,4,5,8,0.7,0.15625
rWH-4zVS1mbwIteBVqUH1CrqXtIBzkltqoL5H-Blzz_W_hcrgjc8JCoi,퐁퐁부인의 유혹,4525246476,jungle,2016,9,3,8,21503,12852,34862,32,17,34943,13533,13,165,14,592,8,19,2,0.53125,0.15
A-AUjuNHvV4KLp1UDPGHFHCHzxilhY4VXYAONYxuxNDC,Earth Horn,4468864368,jungle,1457,2,1,6,5160,13952,16616,32,15,20319,8595,36,124,16,291,5,6,8,0.47058823529411764,0.09090909090909091
DBtufldMtFbCtPj2HECLZ5H21qZAjQGSq-WyNoynKatIsgk,디코용,4543199557,jungle,1560,10,12,7,18151,5552,22589,29,19,30210,11729,55,87,0,323,13,19,1,0.6538461538461539,0.2926829268292683
Xse-NbhKdSvdi8S2IVWK4ckEohTqXZdPnmL_GNj5aZ2p,ART켄츠,4544634732,jungle,2374,5,9,2,22232,11101,23140,42,26,35646,15751,88,202,19,552,6,6,9,0.3333333333333333,0.2571428571428571
zFOM7hyjj3krxkyX_eMpX516r1cz_u1bqdsFRXejrnbguyAfaAtWk29M,태 팽,4544634732,jungle,2374,2,5,12,9996,10717,13776,39,19,26918,11888,23,164,16,736,4,7,7,0.4,0.23809523809523808
hsH5BSV0muyVygiQTttARm4Q4-hRZWgNXKJxiNlVTI2yzc4,쩌는랜덤,4384052618,jungle,2002,4,8,5,19318,20955,29923,31,19,39310,11504,40,151,9,232,6,7,9,0.2727272727272727,0.21052631578947367
2DZ1U4Nvwfk6WvDqwPKaOvOzlKo2W-6m6HK5QlmJXf6NClttAst22D2z,밧드 fan,4384052618,jungle,2002,2,7,29,15289,8493,37460,50,33,34457,13133,23,147,0,430,19,31,6,0.8157894736842105,0.21212121212121213
mksIzPe78YNKQnc8JrhVUE42X87goCzOZe7SBSbL7OSK,Wirepuller,4265422782,jungle,2174,7,8,8,18592,21770,29786,28,20,45418,11672,18,138,17,431,4,5,4,0.45454545454545453,0.34782608695652173
kVqZ6psrRatV8oI1BDANiKFMfkRQnRXumVj1xEffJuGRK0I,언제레볼레,4368952729,jungle,1306,1,4,7,8858,7587,12646,39,2,20000,7252,26,94,2,136,6,13,5,0.3333333333333333,0.3076923076923077
7tZrjAu6uqVg3rOctEnJAWL9kySWpE_XsP_jg3-cZ09AwR4,xio xian wa,4419400667,jungle,1690,7,7,5,15956,10759,15416,21,23,26522,11232,16,127,12,255,2,3,5,0.7058823529411765,0.19444444444444445
nTZ9BD4Qaj8RubFq5_6_IZ6l9w8sHHhzte17ftL_LaHk,jongjinism,4528574583,jungle,1688,2,8,5,7291,5436,18015,20,14,25753,7649,19,82,0,264,4,11,2,0.5833333333333334,0.38095238095238093
OBFSkCzrN7lpdAUxVH5KZPURkm-soZkLFkfiVBntL7LO,뿌링종뿌링,4477369579,jungle,1317,1,5,2,5581,9670,17892,9,12,25768,6348,26,75,0,353,1,2,3,0.42857142857142855,0.18518518518518517
M8-QCHtlW3Rhn_nB7ZKhdFtbFW72VB0M-mZ1q0SRp1u9QfF20rUqOM51,젤 리,4440650449,jungle,1401,2,7,6,8676,17981,18059,14,31,25124,6866,34,71,0,292,2,4,3,0.5,0.25925925925925924
btZITzrNAGfHiwTbEKLM40Y8H5p9D0wSHuR9opEjgZE5,징짱다이스키,4440650449,jungle,1401,9,3,8,14903,8406,8631,26,21,16495,11606,29,142,18,392,3,3,6,0.6296296296296297,0.1875
CyBANc3Q7AzOmzkyHRpL_xVeiZOqZiooD1wsGtjKZ0I9NSQ,HS Reta,4547238116,jungle,1681,4,6,4,8786,11323,12759,29,1,24826,10771,29,145,9,132,3,5,6,0.47058823529411764,0.21428571428571427
JnUMWN4636mbRI2_nHUpk5sQFk4EgtUSjV-q-AMzepI_GHO-q_hBpF-Y,BlackNE0N,4547238116,jungle,1681,6,3,11,10978,17295,17326,28,12,30686,10329,20,124,11,325,6,7,5,0.6071428571428571,0.17647058823529413
9DnS1Xq3Ezm9jghm5AzegI51seD1At-c_Q3n_CIhNb_1mIQ,장애인 라이너들 ,4465991305,jungle,1679,8,5,10,16914,11039,23782,35,21,27602,11742,17,141,0,178,7,9,7,0.8571428571428571,0.4166666666666667
uyyspf9mxiFbH3wDc5t1eIPom-FfO90R5ihCwickED6v,No Smart Key,4465991305,jungle,1679,8,4,3,12486,9001,16698,26,3,23058,11565,43,125,3,192,4,5,4,0.9166666666666666,0.19047619047619047
7YvWZgZVnMCxGux1AK-w0xtbWPTmgfC31ivURPjVnuY,권이설,4482388623,jungle,1671,8,9,11,17691,8111,15489,20,28,29308,10109,22,104,0,290,1,5,5,0.7037037037037037,0.21428571428571427
zYQTB9Fb1Sj-Ha_vsZ4leir4JrYGcStc_inh3qxZXhxKakA,스펠체크만채팅,4537759940,jungle,1832,12,12,11,30282,12495,20094,72,9,36433,13030,63,121,10,221,7,26,17,0.696969696969697,0.32432432432432434
UycZEsKJoK3aHvbAgtYx8WcdgA494GDK6rnhA_0OTn3o,동그란잠만보,4547752145,jungle,1311,3,2,5,6428,8625,13746,20,7,19535,7264,6,107,9,334,4,4,5,0.34782608695652173,0.3333333333333333
QeevT81BpX4qjREsm0EHK0JMWCQV-qthC3l1wSeqqSQqq-w,우디르OP,4547752145,jungle,1311,0,4,1,2826,8608,16768,16,14,17041,6456,17,114,0,133,1,7,0,0.16666666666666666,0.17391304347826086
R7Av69GISEH_X_Rduy0YPRIPBBt8LNbnPE90ihvUl8RM,LoveHasFadedAway,4476771094,jungle,2172,6,9,13,33619,18688,25720,44,29,44823,12099,20,136,30,417,4,5,13,0.6129032258064516,0.3103448275862069
SpKqAwGerAhP5CWjIAEun3JD-TWRs0dVg7cdlPfiTHXoKcY,하샛기,4467645975,jungle,1728,6,7,18,19743,6932,10326,33,30,21608,10641,34,96,4,169,8,6,5,0.6153846153846154,0.21212121212121213
kmzMNM2PXMtBPvCPwvjhEhzx0r2un5PnnuhHb88JDYKl,03 02 19,4467645975,jungle,1728,10,7,5,13597,9998,14335,21,19,28745,11512,25,100,4,256,10,9,2,0.45454545454545453,0.1794871794871795
M2WGV1aY_W6rR0zKIs9jLAbLK7YXJCfFSNKGLRI5JNNZ20o,황세훈,4548584959,jungle,1796,3,6,14,15460,14290,19364,31,21,32060,10579,30,130,8,409,7,9,4,0.6538461538461539,0.13953488372093023
kSMmlsliEXk8HLdeNXHXBLOBLGeW4KgRAmJA4o4imOVN,이기자중대장,4496270725,jungle,1894,4,8,11,14229,18858,31012,36,32,41556,11656,22,138,6,429,9,10,7,0.39473684210526316,0.32
j5WLmvMwxOB07paglqtofCGMSaFj9DWfgfCJxUOeE-WBOU2mxIYhsoa3,정보국장,4496270725,jungle,1894,9,10,7,23496,6679,13860,22,16,28626,11542,24,121,10,315,5,11,0,0.64,0.2631578947368421
9FiIB4HX9f8D-ITICDfvSGr__kpY8TPsOusvi5lYLNngmHw,종 씬,4300607742,jungle,1631,5,3,11,15368,16479,17939,15,18,29838,11195,51,126,20,491,4,5,0,0.45714285714285713,0.125
Z6WOKO4HT1iNRebLZMiXQ3uWKug-jdvVdaVohkW5JGz8,제초 마스터,4300607742,jungle,1631,6,7,10,9438,7060,29596,27,33,29971,9250,27,76,0,166,2,7,3,0.6956521739130435,0.2
kF7mDZp8517Bz9NU7uc9XOHFvi6hNUjn8OkjqapIMuEuf4w,개돼지정글의반란,4442212373,jungle,1495,8,6,11,11114,8011,22644,19,24,25913,11224,21,113,8,237,1,4,4,0.5588235294117647,0.3
N18fsOk2FHUeDCaEdVteJ_oUy9FoLCuKnU3tpmVOLGT9C3k,맛혜지,4442212373,jungle,1495,6,6,6,10847,9056,11423,14,19,22232,9016,13,111,1,333,0,2,3,0.6,0.17647058823529413
9bhtEtz7k7Mhr7lp13kmP5lApY70XgYB8eeKLPzwlm8,BIacker,4546515882,jungle,1708,14,6,5,20188,13163,23521,34,160,30075,16175,64,140,20,503,1,13,5,0.6785714285714286,0.16216216216216217
7Wsrz8wYhOKiVvHUNhtp6jINq3h9jpU-CRQVXQhcFP0bwCs,미친놈이네,4531403669,jungle,1919,3,11,5,7304,7681,26879,38,20,32347,9008,24,108,0,393,9,17,9,0.25806451612903225,0.2894736842105263
5VPdfeXeE_G-bGwcmpGpPGcUHpRDFAOaXVAOW-joDorQ,천사냥냥냥,4531403669,jungle,1919,9,7,11,26283,21826,48919,42,31,43537,14960,28,207,37,279,6,16,8,0.5263157894736842,0.22580645161290322
BvJP6jkOrPBUlc0zM_V_U0gn7M3S_wXWq4Rd-oxHb5-jeYLzbf6SeM33,오 BALL,4526331345,jungle,2536,12,10,13,25891,21049,61792,35,33,52647,17920,53,157,0,226,9,8,11,0.8064516129032258,0.19230769230769232
7Y7gM7aXrDnJwQELVdZP3e6-H2nYdHCNJtV7AnL5qacfPE-aCZPkmIDU,동선알려드릴게요,4526331345,jungle,2536,9,7,20,29920,26560,58364,48,38,61389,16022,89,159,7,513,5,6,8,0.5576923076923077,0.22580645161290322
8dpxkPRWQ3pmc1zsT7DdouVfw_HjUTL9oLL3XxHhPCNtd84,날위한승리는없다,4360853882,jungle,1809,15,2,6,36365,21693,29392,30,4,39739,16901,87,206,16,133,1,1,10,0.6,0.06060606060606061
HlM0Sr6bn91qwVKyO90jy-X8DhhGC6OMvqbDTdT25KNJsmke8A_wuk_D,2004 07 11,4360853882,jungle,1809,8,9,9,19716,6049,24555,25,22,31893,11719,58,100,1,374,9,17,4,0.5151515151515151,0.2571428571428571
T5KIFOfD_MZR9JGBK1LI7HgQAJGFmlJ21XrNYDDr26WA,미드할께요,4382049584,jungle,1210,6,0,7,6217,8679,7743,28,5,16220,8395,13,105,4,321,3,7,4,0.7222222222222222,0
EH4OIOaIiONkm7GK4EQZwzIoYoQMf95sUYOmmG1YbVokmqE,페턴원킬개어렵네,4539884278,jungle,2377,3,8,22,22631,9587,69396,38,38,53986,13287,35,118,0,344,6,6,8,0.7142857142857143,0.22857142857142856
3G3qCY6y1RuI14iv69oF2IgyDpEov4qQkD2YEOxmraz3jzA,푸 른 낫,4539884278,jungle,2377,6,11,13,21975,23192,51151,45,39,57254,14115,46,168,33,391,7,9,9,0.5428571428571428,0.3055555555555556
JiYVjfMwzSQn1nsBAqCXv8lOwG0x7RebQ7MBihqn8NZV6P8,로또1등로또리치,4447151573,jungle,1261,5,7,1,10871,9585,15317,16,12,24472,8819,36,99,4,253,2,8,3,0.46153846153846156,0.22580645161290322
EKJ3r05X5qJYwzx9PwWCnUooA_dE-ADmLrVQkjUudkHl,우연이 봄,4385092776,jungle,1471,4,3,8,7464,9084,8860,17,14,16093,9707,23,148,12,90,5,3,2,0.5454545454545454,0.3
bxVUPoym-6_iZmycHq-pnXiLQGmQTcgLNKPoPpsWsUHjiUHwFr5mlMTR,정수야 사랑해,4488602246,jungle,1629,1,4,10,7934,8180,17999,28,14,24516,9608,44,142,30,552,6,12,6,0.5238095238095238,0.23529411764705882
bljO-DnKEHn1XBgMY8d8YUZYOPSaiu8Ob4iy7GRyIE_j,탈을 삼킨 례오나,4488602246,jungle,1629,5,3,7,15258,7662,10236,24,19,22129,9400,30,101,4,153,5,9,3,0.7058823529411765,0.14285714285714285
MAbzZ7oA3eeY1sl8xLqQhuy38vcqW2PpWCQ3SzQKwMdjQco,Mimic AD,4543590965,jungle,1455,10,1,13,15453,10017,11380,11,9,19588,11093,13,148,16,294,1,7,2,0.7419354838709677,0.07692307692307693
7K_-HgzFwZorcBiKbPDWLMxABvJpKolBAG3bmAqoqV6B,철수의은밀한저녁,4422867294,jungle,1883,6,7,2,8880,6024,27508,22,9,27719,10067,12,134,4,330,8,15,3,0.6153846153846154,0.2413793103448276
FBFSze0CMha_UZ3of3sbVDUzaz9D6BWWsNHUZa93i4bLT0g,송민종,4545726824,jungle,1267,7,1,2,10155,9309,8463,22,2,15342,8750,26,110,16,173,4,4,5,0.3,0.1111111111111111
3rOfFv9iETzqCmi17oR8BVmQq0DQIClSQ8wr1wleHeASHTU,황금이,4545726824,jungle,1267,2,5,3,4926,5426,10187,16,2,17702,7425,32,82,2,154,0,6,4,0.5555555555555556,0.16666666666666666
MBPXUHOxje8wwm1DKDerIKvDiGCgshu5OjHtsvUHGFYyliQ,EJU,4497189650,jungle,1912,10,10,7,24553,13337,29842,41,35,39618,12085,21,120,20,324,10,9,5,0.5483870967741935,0.3125
_Js0IpvhRt0jlG1rQf_TUj6xeH9bP6x6aH_--HktWQsSraE4-tqlA1En,샤코로 어디까지,4497189650,jungle,1912,10,3,7,16489,8086,13835,19,25,21949,15974,55,171,24,668,2,4,4,0.53125,0.0967741935483871
9xBrp4I0kKN5qpef1tiwUvB3xTSOw4VdHnC5zpZGWfV5TO9EQomkTet4,Dua lipa fan,4372311107,jungle,1768,9,10,7,21684,9199,9830,32,17,30976,11718,31,106,12,522,6,7,4,0.47058823529411764,0.2631578947368421
Q2uCJpKP5071zMzfTj526fTl_VgPIe10WIcSMqb-qiceFHY,어그로핑퐁전문,4372311107,jungle,1768,2,7,15,13115,6645,9505,39,27,22545,9031,38,89,0,69,14,13,8,0.4473684210526316,0.20588235294117646
a1sC48pCwMg_YeJsFZPxvwIDcufjvSv7vzHfOOV0RhYI5RM,부천사는고수,4545918561,jungle,2013,20,7,6,38968,26568,34644,24,33,48657,16337,38,135,17,431,2,3,4,0.65,0.14
xPl1BdBL3QZlHoWN8Iz7uVCMGX6SmkHWuYJenTv4uR7fhCDP1QIoDTbJ,니똥참굵다,4541482135,jungle,1741,9,3,11,20203,10086,17220,48,22,20519,14026,76,144,21,433,2,3,22,0.6060606060606061,0.14285714285714285
LJoFsYK3BydeFb04yYsRiZC10ChTZeShcQdkh2YBVR3-,코우가,4541482135,jungle,1741,6,4,8,13093,29760,31654,31,33,35214,10870,50,100,4,367,5,5,8,0.7,0.12121212121212122
n2j11Ra2OpAHFRg-yLY7Tb6axA3jq7synSjYS1Z4d1CcLHc,모하스현,4547914190,jungle,1295,6,7,1,8747,7189,11473,13,6,20645,7929,9,107,0,196,1,4,1,0.5833333333333334,0.16279069767441862
0PPmXdrOASWm0zuLj2IrMj8vRbeDB6rfERsCjthQdn8DOmE,용권야스오,4547914190,jungle,1295,4,1,14,11331,28481,17043,15,26,22989,10175,33,136,9,494,1,1,3,0.4186046511627907,0.08333333333333333
GysieaSZn06zWL7CH8RX3wNkwSr22FEQ638psKK60n0ic8CJWuohbyLe,진짜로 뒤진다,4548509668,jungle,1442,4,0,13,9953,10339,26022,18,18,21300,9489,13,109,13,398,8,8,3,0.5862068965517241,0
IuXUFswPjOckuJfCrQkaW_GX1dhkjlQ8bHpOALjkuaka2bo,절뚝이제드,4548509668,jungle,1442,2,7,4,5590,10022,15303,21,16,26013,7769,16,111,5,308,5,10,0,0.6666666666666666,0.2413793103448276
HzTA2iLHgatzgjrWcfXvHH4sKxwdYoLzK_xb4CQ-vnBxl0g,SKT Ti bang,4548649557,jungle,1259,2,5,1,2430,5063,6416,8,6,11557,5401,2,62,0,172,1,2,0,0.42857142857142855,0.19230769230769232
o5odR5qLDGb2Hn73YylZ0uyK4pBZtptiDDl77Gfbc2dHfYZE3HGMMnya,kidsz,4548649557,jungle,1259,7,4,7,11089,5899,13624,21,19,20262,9560,20,76,9,291,5,9,3,0.5384615384615384,0.5714285714285714
Y4tLu4aubZKo2AOZ95VbOpV_y4VTLIVFq_G_FBAAy1V2,국립한방병원,4271444311,jungle,1747,6,4,13,12828,7363,23839,37,21,29250,11212,29,97,1,334,7,15,7,0.6333333333333333,0.19047619047619047
08j_WQ8lpiYiXHyZv6KCIFc7crS6pS3qRf6a7qanRlHa,자기야침대로와Sy,4271444311,jungle,1747,4,6,3,9166,9213,36847,25,20,34292,10028,31,144,8,406,5,5,4,0.3333333333333333,0.2
a_NRJmuV19E5yVrbQ4D1vuwOzYAANoP2BhTcaGBT9F4,1098,4547242965,jungle,1367,2,4,11,7610,7840,19656,18,15,21281,8353,8,116,9,302,4,5,2,0.38235294117647056,0.25
B6LZdcavyDN6v8hY6QjzRmFNZ1uF0Uuzuv-wN9F2dBs2,공주는유미할거야,4547242965,jungle,1367,3,5,4,7523,18693,15205,19,21,25334,6804,32,76,0,309,2,4,2,0.4375,0.14705882352941177
726lrN-XoZSJ_HsjlT4AB38XHC63dHhpVms3nBeE3LM,오소나,4480507693,jungle,1209,4,6,5,11287,8848,10146,26,35,19441,7687,39,85,8,407,0,0,0,0.5,0.1875
gJ4VNA5glPdYpjXdacBQqyKLErFwbb3OC3R2WiXi2WMc59Y,삐약아꼬끼오해봐,4507451644,jungle,1714,4,6,5,16108,8806,40802,16,31,34829,10182,49,133,0,264,2,2,5,0.45,0.1935483870967742
VONOgkcCkKyEjJCBvHSht8nGVxzgv2YIFCE2i4s8rCgg,마만쒸,4546811891,jungle,1899,10,4,5,17887,16213,31422,36,34,37279,13782,41,112,4,206,7,9,8,0.6,0.125
QX74J5m6oFRI2jtbqiLsZ93qOrjfjkuq9UsrE2tS0nej,초원초원,4546616451,jungle,2092,2,4,14,10184,42590,28212,54,37,36157,11174,43,128,8,486,9,8,14,0.45714285714285713,0.13793103448275862
dNvalv4T2WTaU7AG083TaanRz8sNA0RGUUKMWfR36oLE__w,1031맘보,4546616451,jungle,2092,6,6,12,19418,8553,16401,41,21,24765,12543,39,145,2,117,4,6,8,0.6206896551724138,0.17142857142857143
i3flmghrGc_a1nGWyenpFeH9jueffpwLZCSzP6SWeW5WDvsbB1aXHixh,나랑르블랑,4537944265,jungle,1958,7,2,12,16004,51055,48450,46,38,43257,13363,32,152,4,433,8,10,12,0.5135135135135135,0.06451612903225806
-KPRnUoT2cQIhxtJuVYtcS7KARJNw_wP4XHXK90Po-9oeto,내로남불제일싫어,4545417963,jungle,1556,0,11,5,4528,6115,8241,29,4,21014,5683,20,48,0,134,0,9,6,0.29411764705882354,0.3055555555555556
O6ry-l8FVPdTJ2sEZkga1DmMT325eNmKn14Oe4b-5VZCXfiCbiVuwrKV,Void0,4497065825,jungle,1494,6,4,10,16733,9814,15316,19,26,23524,9647,42,98,2,463,5,6,2,0.8421052631578947,0.11764705882352941
fENbwaed0BYMuxgcBHI7QaZzjV4bgYFOXMThRQJ4rcrG,큐브C,4497065825,jungle,1494,6,4,11,10186,11507,13409,28,18,21367,10729,15,113,10,225,4,6,5,0.5,0.21052631578947367
dEaobJgyyX0m9nSykwbya9rXp-81ets7T9zgw6k3zsZPC4noTzXvgAct,Oh nny god,4404881675,jungle,1300,6,3,1,11687,4818,9787,19,15,15965,10483,77,101,5,351,3,5,3,0.7,0.12
R78dCUQQ5XvQeCUyRfxJ2YeUk_7q3KsXG7xa4UcOnfnjxis,TOTOSCHOOL,4369474089,jungle,1473,14,6,10,21708,18581,23554,21,20,32109,14067,40,118,8,204,5,7,2,0.5853658536585366,0.24
dyK0lbkOHJBCii8cdOGslWTAs0o2LijbzhY6OXSI3yV3G0U,참을수가없는사람,4541483200,jungle,1547,3,4,6,12618,5459,9892,22,7,16797,10387,112,102,2,377,7,9,2,0.5625,0.13333333333333333
UL4zDNdg0lgdbDN7sjQYlTP1l9C7o2Y6NzF35Ur5YAI0Res,나는 섹시 용석,4500036926,jungle,1321,5,5,4,8513,9125,12773,9,5,21356,9980,55,120,19,153,1,2,4,0.5294117647058824,0.18518518518518517
vawHtWdTSzKLS01SS-66DWL5g93FRGDaQx_Tk_31gNSb7cc,지원이는 지원해,4436210480,jungle,1807,10,10,6,19277,9867,27796,29,33,33400,13336,42,140,13,263,3,5,5,0.5714285714285714,0.2631578947368421
ab8tzFMDg0k3ygbnQOsNst6RhuV0vyiyS34Ood0uvPfr,곰잡는김병만,4548601403,jungle,1384,5,7,11,13615,5762,7647,16,23,18652,8235,22,96,4,76,4,5,2,0.6956521739130435,0.1891891891891892
uvCXmdYSROVWIquWptyK8q4QYZqrJHTjomYwevvIG5AN,누누좀그만해,4460762144,jungle,2583,3,11,20,14204,19822,83583,65,44,71365,14605,49,169,12,545,3,16,10,0.71875,0.2682926829268293
ehSaymQ1sI3gqUravYRdtkJQHErocjAoDFox6tCoOJ6opIo,시   니     0 호,4460762144,jungle,2583,1,11,29,11905,11253,63401,60,27,52562,12787,25,167,8,310,13,28,7,0.7317073170731707,0.3333333333333333
lgEfSGlQC-cdMLtTfV2pbwkZwTvizGf-udRBccS5sfckVXA,동탄19변남,4545595402,jungle,1772,9,9,5,23722,15645,18308,31,8,37770,11349,21,140,29,216,6,11,2,0.5185185185185185,0.2
CwzAIw4yMVho8f-AsWy2xLLowUTO_-OA5c_OAwp7zqqmRFe5VaWkzMy1,   Lunanox,4545595402,jungle,1772,12,10,15,31074,4873,10002,28,21,25855,12551,21,108,4,355,2,3,8,0.6,0.37037037037037035
TYW-3_iL1MCZe011NXufiCbEyQ9tlrquUG2Ikgl59qJN,또멘붕,4501759249,jungle,1503,2,3,13,6762,14916,16927,34,16,24524,9501,29,126,26,268,3,5,9,0.5357142857142857,0.21428571428571427
rrYdbxvuszNud_s2gk8d_34JY-Apj_Y1Tvxgm5mWRk5fql8,한 규 범,4501759249,jungle,1503,2,8,4,9760,24733,19040,25,34,31886,7240,25,100,0,367,3,4,5,0.42857142857142855,0.2857142857142857
Qo99fLBBp6xeprl_V0i5fU3z4S4GONORTKHpz9PvIaIsELM,직업     마법사,4195266289,jungle,1668,3,6,12,14403,6439,10025,18,24,22299,9254,14,78,3,97,4,5,2,0.6818181818181818,0.20689655172413793
KLpUxfzB6V3heKT-kG44MknWaMeC8AycnzAYSWQy5PytFFQ,상록수,4195266289,jungle,1668,1,6,5,9725,9813,15141,30,14,24428,7813,47,88,0,307,9,8,8,0.20689655172413793,0.2727272727272727
ZzGdwrl72g4XAGOP-QH4M0de5PLufI7omTSFEUlo0rzsFpg,성질고약한자,4532399005,jungle,1833,7,5,14,12494,23904,41274,24,24,43430,12440,46,132,0,364,2,2,6,0.6774193548387096,0.14285714285714285
z8Z7VSMCMOtVgH-IGHEFIzTCtICVTuujyqgE6M1KGUIyIDA,AF Dread,4344306833,jungle,1342,6,1,8,11654,12322,12791,19,15,21807,9242,20,115,8,496,1,1,7,0.5384615384615384,0.1
Lhg4aqvMaGNx7EEdiSyUZVsUdjjinCIlKDrF4l1XOPQV9x0_p9jYQUE_,정현심,4344306833,jungle,1342,4,3,3,5794,10476,16643,15,16,24672,8083,22,84,0,234,6,4,4,0.7,0.11538461538461539
FyB6GP1IlpFJ0sLPb5NwB87zexV2MRa832T5PyQK9e8J,ZOTAYA,4415313769,jungle,1608,12,1,9,26355,10279,17716,30,6,27564,14339,57,131,5,168,5,8,8,0.65625,0.05555555555555555
jSUFVuuT-lEQYNZaBAg98xWeVyJJusnlLXqZ5e2VttfXheQ,chocoDige엣,4415313769,jungle,1608,6,10,4,12707,7848,19121,20,13,27407,10197,30,117,9,442,6,6,2,0.5555555555555556,0.3125
S6pMgrUm7HkKhjznSXyPxPJaLg6-_Hd57xsafNNBeNR-NLU,Only JG Kayn ,4538639523,jungle,1571,8,3,7,15688,17320,16997,39,15,29271,11885,30,142,23,242,7,8,6,0.46875,0.21428571428571427
unFBTmxGozdxqRNR7D6bilmbMhGPQ0RZxlPiSAjrQ42l6Jw,고래밥귀모링,4548653206,jungle,1270,1,3,0,3460,8651,8687,14,6,18899,5440,9,84,0,281,4,3,1,0.25,0.13636363636363635
3bfq1TH4ZRcJs3aGUmg3K0F-8d6QdpqTmeYdA8X_6YIU,박 팥,4547333296,jungle,1500,12,2,10,11906,6906,14477,35,16,17086,10663,26,68,0,269,9,14,5,0.5641025641025641,0.11764705882352941
MVJm5WXtR2RAPpo2IjLRmaDNH3QquY7OqxZmCHe8qTgEunmD8DF6wLhR,고구마먹고싶은날,4547333296,jungle,1500,3,6,3,12226,6745,15095,20,20,21783,8813,40,115,4,369,3,3,4,0.35294117647058826,0.15384615384615385
T_FzQdlUtbqCGBg6Zl5RCiv7TuE6AhXoUIThnk84gp2r6QE,땅콩왈왈,4386041186,jungle,1723,9,7,11,20252,22794,13888,32,3,29973,10989,27,116,15,152,4,6,8,0.625,0.18421052631578946
dCgoxz9izIvnbFJJAK40jWO2wZBa79Xdb2o37ZMl9wS-gXpi8PjxUCpM,전부차단하고해,4513838885,jungle,1475,4,7,6,10044,4881,14357,18,22,19381,7139,14,72,0,312,4,8,3,0.8333333333333334,0.25925925925925924
TCh6guG4Ctsw1fAATdxfsXiAhA9p3tziESZCRz4iips,둠 블러드,4513838885,jungle,1475,4,1,9,8539,14885,11620,48,25,19336,10535,33,135,12,618,4,4,1,0.48148148148148145,0.08333333333333333
5t4Ck8mKvXZoIsCknLMM2sHsG-dch9UWVkc03vb_rccl,해군헌병대대,4540277266,jungle,1318,4,2,5,14848,11500,15263,18,3,23045,9955,45,146,39,126,4,4,0,0.36,0.14285714285714285
lYVdwZQYMcrYdxA_q0n-KzwuMiCFVyJCyJktXy3svEvB,예술가,4540277266,jungle,1318,2,7,2,4498,5295,6413,2,3,15485,5851,28,58,4,52,0,1,0,0.2857142857142857,0.28
6JQU7DwJSffBcnCABiNk2qFmykOFRYRzeB-RMAZyEXwppEA,대산물주먹,4517193536,jungle,1658,11,6,1,9999,6163,23150,21,10,27893,13583,34,165,47,353,4,12,0,0.7058823529411765,0.23076923076923078
I0AtQbbWnZpVs6dwT4XyrhXftLUCtQGtHXhQKxtxbd7R,협재게스트하우스,4525007578,jungle,1202,6,2,10,9539,12948,8981,34,3,15947,9162,24,101,9,142,3,5,8,0.5,0.2222222222222222
B4mHeTgIdHT1NwCkniGTtzH5b1nGgDdHq0yx0KEP9T9g,국산일본서양,4525007578,jungle,1202,0,7,2,2446,5143,11298,7,9,18014,5024,6,81,0,372,1,4,0,0.2222222222222222,0.21875
rOca-IJ835QIbCacFLZRcqZYak1usKR6Dk9peto9Eh6nvb8,김흥수김태현,4544190373,jungle,1324,7,2,5,12793,17506,15012,12,16,27735,10195,4,151,16,457,0,1,1,0.6,0.18181818181818182
O8QwlrU4TGFD5srufV1P56MnZumABo8NFO6GhNCSFO7QxQJTuRiiuEF7,김가영 캐스터,4531457529,jungle,1665,6,7,4,13553,11863,16801,26,44,28672,10117,18,106,4,557,4,4,1,0.6666666666666666,0.3181818181818182
M-w_hhnHqA8BfQ5TGTtqE8lo5bJJ8Gk-m7F9IcPit5cdSppwjBewZHFF,눈먼악어,4548256331,jungle,1688,17,3,13,20791,7638,24305,22,13,21652,15350,23,159,25,262,7,13,2,0.7692307692307693,0.17647058823529413
BH2hwynhjvB4KQL18Du16cVj6yod701vopa0m7xKH8XMZec,No die plzzz,4548256331,jungle,1688,6,9,6,15576,17397,24026,25,23,40526,10033,42,96,8,412,8,9,7,0.7058823529411765,0.23076923076923078
LmfQXJJNYW4FzOxqMgoj66oWccbp-xe_7al80d09eM1x-HE,돼지띠,4542329734,jungle,1672,10,2,9,12824,9241,29086,15,13,23909,12436,13,162,14,384,4,10,2,0.76,0.2222222222222222
JXEqz0kNzE049CruQyFhuX1dBUd2sohjLqdgq-1G25yo,매력남학빈,4542329734,jungle,1672,2,5,2,5433,6069,23107,14,15,23010,7817,16,109,0,344,2,3,2,0.4444444444444444,0.2
ejZp619cWBSJnfdmL2vKqRHIf7W00Uku2ru3ufwHW06n,즐겜유저 강빡구,4548598300,jungle,1730,2,5,2,9888,13755,14719,30,11,27397,8808,28,126,0,451,7,7,4,0.4444444444444444,0.17857142857142858
uzlkCmI_T1pnY4enrHOanpeOlf1fpJ1eB8nH1fIDjN1J,트위치인장,4548598300,jungle,1730,13,2,6,20103,12174,22333,18,24,24547,13184,19,146,15,353,1,2,3,0.6785714285714286,0.2222222222222222
z-xlL_WVvrPJtopRmOGpUrLX9znptx7xz6ZOdjhhXoTNyeY,panda1kr,4430296674,jungle,1863,9,3,8,15067,8584,24744,42,17,27951,11619,12,133,14,440,8,17,6,0.5483870967741935,0.21428571428571427
jc8TD5-BvX1qZzXs9dq7dOd00Fwd78kzzS063KcgJZTKNy4,Soldda,4430296674,jungle,1863,2,10,7,10230,20425,29021,25,32,48902,10266,44,151,0,437,4,9,6,0.6428571428571429,0.3225806451612903
MCPvz0jZ8E715gjj5LzW0Fsp8DNob3pA6gnFJ8HuuOXS,HAAAAAHAAAAAHAAA,4544735855,jungle,1801,14,2,8,30445,9517,14032,31,25,25923,18292,98,156,4,661,1,1,8,0.7333333333333333,0.07692307692307693
LLWIKzddx7lXomFXCkmkNTV-FvjNcmycRJBpTsjz7MR9Y4c,하 늘 색,4483308235,jungle,1770,24,8,1,30146,11203,17562,22,10,29678,17482,57,124,5,179,1,1,6,0.5952380952380952,0.23529411764705882
WcNaZ3p1SdawWe7sqwnHSGbvtdd9GuJjp89FOJ6sKXgryj9ntHT4SBwC,넌지금이렇게닉네임을보고당황했지,4543423401,jungle,1572,6,4,5,12426,14460,17692,21,19,26480,11087,40,123,11,366,4,4,5,0.4074074074074074,0.23529411764705882
lcYBy8FFtOYVG7VJNG9e917FEaEAoyFotIy2y6F8Bllu,Bekje,4144300661,jungle,2250,7,6,11,15003,9508,44769,40,22,36155,14601,35,175,0,500,6,14,8,0.6,0.17142857142857143
7R1aVuk9e-x_H_cwThRfMw2ycXq03YcOLAjhcnYKwPm2,이번겨울은누누랑,4144300661,jungle,2250,2,3,22,14554,21468,38733,32,40,38028,12857,51,155,4,522,8,13,3,0.6857142857142857,0.1
0wApnbBYJNnE0tr_2q0V-jDljSBuiOb-oHXcpHvjTfaSbFc,쩡병희,4259491703,jungle,1413,4,9,6,15140,3869,9871,29,15,20492,7645,38,76,8,211,4,5,6,0.7142857142857143,0.25
F2Y1IbUk4TtRuzyPVDF4wpQqBihkQYW4lSLIiFM5iL6fxUw,Solo Rank 1,4259491703,jungle,1413,11,3,14,16711,13490,11873,17,4,21296,12580,16,142,24,157,1,6,3,0.6944444444444444,0.2
M1P5be-OPyvESBfUrQj559StnKOg3uaTZX5xPuo0VOMO9LYseWGB7X_p,지금 폼 미쳤어,4543450873,jungle,1752,5,9,7,12956,6320,24947,12,20,27811,10188,30,115,0,410,4,8,1,0.5,0.3
xR9BKLEMPYpQt8kRi8PZPDM7jsc-9etkBg5JcQtxiTp4,자르반 할게요,4543450873,jungle,1752,4,4,22,11486,8663,38605,26,20,25863,12131,39,136,0,525,0,1,11,0.8666666666666667,0.16666666666666666
xdtWIycOcuEy8voILrHQl_JRgJjZcYKp0P7tUDb6gK4xz4U,핑크색하리보젤리,4193277728,jungle,1390,2,7,4,2254,3535,12325,12,3,16486,5993,12,70,0,207,4,5,2,0.5454545454545454,0.30434782608695654
LdD_fl_2-3q_iQ3rggx3Z5zutZ00-Z9aD2RztSZFY0vjbHc,소카마,4540920701,jungle,2099,7,4,11,35197,11369,23479,44,7,33444,15115,58,213,32,149,3,15,7,0.6666666666666666,0.09523809523809523
lHBe8WVnkRTty6SmA_xLAgzIaXzTgIWTpMEkAOdW4AQ-KhW1ZFpwz1gt,모든사람앞에서,4482412337,jungle,1437,0,5,3,3998,3351,9271,10,21,12667,5602,29,53,0,141,4,6,0,0.25,0.21739130434782608
qbkU9Z20XuoHXQmP1fEJcOEyz_LwuPhm-jHby2N-yOlM,Nmb AKan,4547305514,jungle,2023,12,6,14,20960,13646,45298,35,14,41218,13846,40,106,16,341,9,16,7,0.5416666666666666,0.23076923076923078
gZGaZTd1OZd4TQ5zn0-sa3BiQoB4Gt5bMF_qQgdPjbW4ZJc,SSAAz카림,4547849491,jungle,1691,5,10,6,14698,6235,23578,10,19,36060,9538,28,86,5,314,4,12,1,0.7333333333333333,0.3448275862068966
IhxN7BC5fbMt0IYUoMqhrdWe70NfzPmfXPjPtt9BOPiGNF0A32cQgs42,봇라인구멍은2개,4547069860,jungle,2183,4,6,4,16976,17757,20215,32,14,37286,11909,47,140,17,406,10,11,3,0.4444444444444444,0.15789473684210525
qubB8MXaZtWnEHdUTdawkAN52jRO6DPrhN07GC5dxPHyHhjUySOdUrbb,FinneyCounty,4547069860,jungle,2183,8,3,14,31001,26173,29760,67,4,38217,15181,42,201,37,123,16,36,11,0.5789473684210527,0.16666666666666666
5Dy4FcZEoSdVfuuvtwLXUmaVafUJx_OYOqbRQN4Ght5mvljYPgBXCDaW,Daisy Andrea,4548617765,jungle,1719,3,9,2,6998,4943,13827,30,20,23347,9652,43,125,0,388,2,2,10,0.2631578947368421,0.225
wmmsT-J4lUU_yKo4uM0X-qQ9mCw0QDOryrjOyDhmPp16ASM,Rudegallery,4546453192,jungle,1476,10,5,7,18359,6602,16732,26,17,21779,12972,35,99,5,272,5,6,5,0.7391304347826086,0.15625
o4t8Q6O1QM0gpF5tm4A-Ohy2HiYwmxdjJpzhvW6j2d_Y,IllIIIllI,4548690335,jungle,1623,4,5,8,10376,4823,9417,27,19,16598,9695,20,114,0,176,2,3,11,0.7058823529411765,0.19230769230769232
KFiOcC2U2MaYG0wtqvprEXxHYhst4dVI9iRgzWM6-e__wB4,MIIIIID,4548690335,jungle,1623,5,2,12,7249,8160,27029,42,13,19905,11107,17,134,15,349,9,9,14,0.6538461538461539,0.1111111111111111
-v4tAYKh-4eEX94QQqly1uHuzR8aRct2429ZSdAzxesb,노인과 정글,4197397146,jungle,1236,5,4,5,8718,7965,11898,10,6,18323,8251,32,86,9,152,3,3,3,0.5,0.3076923076923077
TP6QXVxPKuzW26dRrens5NOirC0ggt9CZiMPgWJS2wdp,구 뗑,4357577666,jungle,1860,3,4,3,5319,6340,6661,30,14,15889,9024,20,132,4,173,6,6,10,0.4,0.2
jbJ2W42C5OcJYCpB1PfczrRYLiGuR8tG1ePZVn_0a1Rb,저튜브충지환맨,4357577666,jungle,1860,6,1,9,19435,14709,7973,59,4,18340,12284,42,158,0,100,6,21,10,0.7894736842105263,0.06666666666666667
ywYWh-th1nItAI74d_3qb9nhikIj4DDZ_R2tSodqda0cm4aauufpEMRU,근본넘치는정글러,4543577791,jungle,2195,10,7,14,32485,17146,17724,45,15,36319,16014,52,194,20,127,9,18,7,0.5714285714285714,0.21212121212121213
7xYR3UBbdLtGnTyilDWi4deCMEIDaM1Z1IW04g9NbReOhjE,정글탓하면완두콩,4543577791,jungle,2195,3,12,8,11415,11945,23056,33,4,35092,10930,54,92,8,61,4,5,4,0.3333333333333333,0.2857142857142857
etOT7UtWDU9v7wm6TkXXx3JxbjMoxLyHXPapBMPty_ARmqFQfocn73rB,YOJIRO,4547417176,jungle,1409,11,2,10,17067,9838,12947,18,13,20500,10991,48,73,20,378,3,6,1,0.6363636363636364,0.16666666666666666
jv-qRd-xduNIrnDC5A62AEn8sQIoMAz0KL9o1d-fSW2W,콩한쪽도뺏어먹자,4547417176,jungle,1409,1,8,2,8018,7324,10670,10,11,26287,6109,18,77,8,245,3,3,1,0.25,0.24242424242424243
lwZOrFHZEeCbJwj1fqhbQWBBWpI-jfEZbCVahYQQX_Ic,진순부먹민초펩시,4543515244,jungle,1504,1,0,7,6409,18813,16304,19,19,27155,8377,43,141,4,286,1,10,4,0.6666666666666666,0
tabYvq7-bJav4FHxUpdlp-02h6u1nkgeSmNENrjx1CPYjWM,SOFQ,4548628428,jungle,1892,12,4,3,21486,11597,12697,43,26,29566,14934,31,161,21,175,11,21,8,0.625,0.14814814814814814
tepPf1nQhTh5SB2IzxtxHibAxh35C6xVscf2qG0Xc1w9,DRX Equal,4541682190,jungle,2136,5,9,21,15843,7597,36720,47,32,32172,13086,50,109,1,237,8,9,10,0.5909090909090909,0.2571428571428571
UJcOE8Bdo6wTG2RAT--r9wVl_aw40yFCA_E9ZVYxrowFwEzWugapnUzQ,1l2l3l4l5,4541682190,jungle,2136,6,8,17,12551,8687,39390,21,15,34205,12072,17,107,12,287,6,14,2,0.6571428571428571,0.18181818181818182
8-u9K-LsvC0lJ620JdhnUV6-mvS2T27lhwAN1qbfMG1L,정치9단소환사,4432028633,jungle,2058,7,5,14,20811,16500,16744,103,41,32044,13396,48,156,13,907,12,23,9,0.7,0.21739130434782608
HN6RCKX-T7nETYaNOBPwloUoS9upxy9iMiRTPjXqcPi8,꿀렁이한솔,4432028633,jungle,2058,4,6,5,16389,19849,23265,25,18,36489,12082,52,150,20,562,4,4,7,0.391304347826087,0.2
bXkszYDva45sBRdaAFMU2qvhPrghDxsGknyEFDs-vfJk,가두찬,4500754626,jungle,2413,16,11,15,45208,21490,41980,33,49,52980,18262,84,135,28,681,7,14,1,0.6595744680851063,0.2619047619047619
BAsW6UaYzMueH7QGIokPQ11qa3sMHWG8ip_RAlKshoxn--PBezdwHupz,혜지사냥꾼 형론,4500754626,jungle,2413,6,9,22,24071,23301,68589,41,39,55535,14545,30,167,28,419,8,8,6,0.6829268292682927,0.19148936170212766
O6pRhoOgmdoHHFGnAZYY9WtLmaw2RC14hvGQRqvdUXij,걸스데이 김아영,4474504621,jungle,2043,13,5,12,36356,15380,18560,32,19,36040,16873,46,203,4,224,1,4,6,0.6578947368421053,0.16666666666666666
PFlB-zwPHNZRcmm_Y3hu8QYlBd0RtqXPne4ZSjWzjSv2f20,트롤유저꼬갱갓,4474504621,jungle,2043,9,7,11,21882,11661,40910,38,27,42313,14415,40,152,4,471,11,19,6,0.6666666666666666,0.18421052631578946
l34HOC1k6qaWpOet0g9Kt8EeC6bUmofgm2t0GQaR4B4C,야 조규남 넣을게,4379008273,jungle,1805,9,8,3,15131,12177,18468,18,21,29629,11543,15,126,11,291,2,2,3,0.5,0.2
CMVJ4mfyMRpHLhyybeZBsbUurt4r7SSIQ2Ouah8jkUBKsjg,BIBU,4379810338,jungle,1917,3,3,2,12208,6987,32467,18,12,29331,12046,53,183,27,449,6,11,2,0.5,0.11538461538461539
oZNVkBoxxvEL4J2NlOD0fIduwUfWwh4hnZdkw1M1uYVU,Cember,4379810338,jungle,1917,6,3,3,12423,15254,17446,32,8,25028,12201,38,153,10,360,11,13,5,0.34615384615384615,0.3
eWNJksNAJ7UV-9bUCoofzC5tL8MbKvv6ZTEenRDz_dG6lTxOTJlr52wS,정글류저,4546829824,jungle,1880,13,12,4,28192,9562,20326,28,7,32381,14559,58,111,13,89,2,4,7,0.6071428571428571,0.27906976744186046
XFJ-d_pDwUxeYb3ygU_i8Zl9CT24nUdZjVtLCV8xptfy0EI,선강타,4546829824,jungle,1880,12,6,20,30585,21718,16580,34,16,32838,17481,66,214,36,159,5,8,3,0.7441860465116279,0.21428571428571427
IaE9RuPC5o9AdJfz9RRSzU8Pqebmepzjf5ss743naCA-,나 소,4539977687,jungle,1240,1,3,1,1632,5482,11260,10,6,16310,6365,37,90,0,330,2,7,2,0.16666666666666666,0.10714285714285714
wY5KnpbcQrGeETyDtzk-g8UFTd1hsR11d_4qFPUleKXESsA,협곡상사 fan,4540286384,jungle,1403,3,3,9,8483,9434,23573,22,18,20693,8848,15,119,11,356,3,9,3,0.3870967741935484,0.3333333333333333
_V2xxDRstDDqklUWlhEoIUGeKhCi_u9p2Mrnbb9KB8n5DGI,cyny,4540286384,jungle,1403,2,4,3,9444,9829,11788,20,11,22526,7632,23,98,4,415,3,4,4,0.5555555555555556,0.12903225806451613
RI8PEfmTK-2wOKUkT5iQAP8QNSVs0L-SxLdWFsPlQJ4F7us,구ri구ri너구ri,4548569175,jungle,1604,3,5,4,15790,11357,16692,42,6,28784,9285,28,139,8,74,5,16,10,0.3888888888888889,0.1724137931034483
3y72nmF1EaBl-vHY2YWD_-ESbTe9SC4My7seqDYWGqr5,꽃 송인화,4190043420,jungle,1634,3,5,18,11926,8426,40216,22,46,24692,9867,23,104,8,545,4,4,2,0.7,0.3333333333333333
2W0mmWW-lWdx3TsI6wPJn1YO6iWoW9Yl7xmOfI5z0319,마스터찍고사망,4190043420,jungle,1634,4,8,7,7948,6038,24525,15,19,29285,9536,20,117,0,447,6,10,1,0.7333333333333333,0.26666666666666666
GN3ueWbKGCSMyeAn09toZNxMlrcB_O2qbvsInQlHVm0,플레이어01,4526135710,jungle,2135,6,7,13,23081,12998,33062,49,15,30744,13719,85,119,4,419,2,4,17,0.4523809523809524,0.21875
