account_id,summoner_name,match_id,position,playtime,kills,deaths,assists,totalDamageDealtToChampions,totalHeal,damageSelfMitigated,visionScore,timeCCingOthers,totalDamageTaken,goldEarned,totalMinionsKilled,neutralMinionsKilled,neutralMinionsKilledEnemyJungle,totalTimeCrowdControlDealt,visionWardsBoughtInGame,wardsPlaced,wardsKilled,killsRatio,deathsRatio
el_pEhfKgP3Rl74ywXz_i7OE6xq63XH6Dmtn2lWrvG0Tfgs,장난없는타압차이,4506621708,top,1897,1,7,2,15798,5782,24642,11,21,35114,10568,200,24,1,67,5,8,0,0.1875,0.21875
-yk94DwQ9NgEZUSEVGStcZleFAo76Hj13D4KY_ScOKckJeUK2_XNcYpj,cute kitten,4548005743,top,1437,0,7,2,9125,5753,9569,11,13,20220,6511,124,4,0,210,0,7,0,0.2222222222222222,0.25
kUH0pLYA4GhRJ9Exiukm0CJXNetnrCQifaZV9yjYA3VhYv6MGrwX7oI-,못된두꺼비,4527596507,top,2252,3,10,14,20435,2119,32951,26,41,32577,10345,134,1,0,566,4,8,4,0.6296296296296297,0.25
FDhZI0tptGb3f5w1FZ01RAZuy-Ps4vkSOF97gnVy9IYo,킬따고 펭귄스웩,4506422484,top,1876,4,6,4,11248,3575,26479,19,29,26427,10830,194,12,0,130,2,7,2,0.2962962962962963,0.17647058823529413
MY7zhjX3mqq9dDEm1BwH434jUPtsYUfl3gOqkkpk_2SAoCs,Master Top laner,4506422484,top,1876,4,6,12,20020,11927,47244,13,66,33986,11231,163,6,4,460,2,6,2,0.47058823529411764,0.2222222222222222
ged-7OPac8t1pdKTa5fluUAUA9rCQhP3zPW7CzLEOQF1gbA,Change khan,4548241373,top,1249,2,4,1,3581,1261,8933,9,6,14476,6163,119,0,0,32,0,5,2,0.5,0.15384615384615385
1hV6RxLZ-wB_RGAcYgzPmTEjN5lOsGQorI99d7fuP3-T9tM2pqllQiu0,구리시 불주먹님,4518286588,top,2354,13,4,5,38532,17081,65149,20,26,46752,19222,276,17,4,213,0,4,5,0.5,0.125
t7UqXtFd7effBDAGBMCXr8rgCJDDAO5Z-uA-Npu_SFsRS9cBhSPTEGmw,피지컬단계,4450281188,top,1899,4,9,5,18830,7565,22736,27,17,31897,11922,244,13,5,100,4,7,5,0.47368421052631576,0.25
-5eM2yIJrCIkR21DVOCE-rH2KpY3ONUv4ucglKLA_gZbiXI,파이끄욧,4450281188,top,1899,4,3,4,10219,3378,11419,9,30,14957,10150,153,4,4,450,0,6,0,0.2222222222222222,0.15789473684210525
KRRangcs4F0o6G9vw-DDvgmJJo9-hCQbCItPUEORTeUo,삐대하게생김,4459745283,top,2132,6,6,11,15619,3134,29908,14,23,32138,13206,213,12,0,234,3,6,1,0.4358974358974359,0.15384615384615385
Li_r-J2VDC2wA1Kpn9_dyv8YbLz-3SSdk5qCcLlS7yE-Y4JZnYdYDd-u,린바라깅꺄꺄,4501680416,top,1584,6,3,12,19233,3947,17407,20,37,21150,10784,169,8,0,309,1,9,0,0.46153846153846156,0.2
LlK04dOkZ5QUdDy3suu5MKGEfPjkPmvW2WEu4gKqGxtNN3MBrM-lfuiW,생선보다 비린년,4501680416,top,1584,2,7,3,12324,6536,33450,9,51,32264,7616,131,0,0,392,0,2,3,0.3333333333333333,0.1794871794871795
uNf5n6O6UkCDLWBOGRCVCeZnejyMRMOxaKgc9K6pUHJ2,르크르르르크,4546535656,top,1462,5,2,10,18369,19982,16171,8,4,26705,9475,151,7,7,83,0,5,1,0.625,0.2
OV6uVvmiBIlaVnyBh0MHNyzfOsH7Jvrno_gihy9WXa0xLek,롤좀제발그만하자,4546535656,top,1462,1,5,4,16601,3630,8576,18,11,18061,8217,157,0,0,372,3,11,1,0.5,0.20833333333333334
tNQYn7JFlK9AMOwKVksbrlah4xByEiB0fhjOAUJKtqqH,MOTOROLA,4307057833,top,2216,4,4,15,28812,10909,13223,21,43,30498,11357,137,4,0,780,1,5,4,0.6333333333333333,0.13333333333333333
VIS1dRgMcVRZRbyz9eDoUxX3OfQeDt5-XoQQlBBoKTki,용사님,4307057833,top,2216,8,8,7,39119,10582,25259,38,23,36930,14922,213,14,4,300,5,10,4,0.5,0.26666666666666666
IdEFk9JidU0GozSTJGY3jq-RnXpLQC0YaFk8g8PCzacNu93Mwk1TO6uX,zvcxvxc,4541927646,top,2307,12,7,11,33574,6547,51880,38,37,42689,16607,199,37,4,320,5,14,2,0.5227272727272727,0.14285714285714285
BpgZ8nMQM0mDssjw-P56ZHXy4leYxh780kmMduo8e0xq,이얼싼쓰우,4542258421,top,2246,10,10,14,29208,11058,54756,34,24,50012,16732,194,18,8,208,2,14,2,0.42857142857142855,0.18518518518518517
B4EeOR_iLgDdSkoagDVuJFdMer2n3M1_8OqZ5YW0Vl3B,종남갓,4542258421,top,2246,4,13,14,21402,7767,56414,28,47,48158,11539,153,12,0,566,3,13,3,0.3333333333333333,0.23214285714285715
EsmH3pGbJRrHOna6EvMTANBXPwvWUyjUTnXGs1L6AoK-Le4,아진짜요,4542117046,top,3129,5,17,21,38469,5706,72549,37,38,65184,16318,219,7,1,229,3,14,2,0.49056603773584906,0.2786885245901639
Ioc360QH4i19Blcx2KVRBgT_MTiU_h2I3yFGLyS8QTrkge3FjbjkyCIq,호계2동 박인섭,4540774119,top,1306,3,5,2,5936,818,3301,9,8,8901,6463,95,4,0,128,0,5,1,0.38461538461538464,0.2
NH9wVlTdPj2xdgU6bd8aqKjejclghip-uh24_dJUjyy2myo,귀염둥이아짜,4540774119,top,1306,7,4,0,11204,1842,6945,24,2,9407,10584,177,15,4,25,2,9,8,0.28,0.3076923076923077
40SJZvb5ZuQrTA9ozCd3s-c05ReYbB5nkGhZD3SvijADsnw,쉔 감 ,4432495231,top,1954,6,3,16,28829,1909,48218,15,40,29569,14032,221,8,0,313,4,7,1,0.5116279069767442,0.15789473684210525
wLJ56tSBDGvfXUn43jd-oZmePskMZeNwV-__V_N8m-IJSlE,주사위형탑라이너,4548286064,top,1400,10,6,0,23621,9940,20289,9,12,25497,13483,192,4,4,105,0,4,1,0.625,0.3333333333333333
xanxoKJnw0LN9yUJ0PYfa7cIDVXh8uEs6qex-ngolsF0Gi4,탈주닌자 박찬호,4548286064,top,1400,3,6,6,13338,3224,17435,7,51,25929,8519,133,0,0,630,2,3,0,0.5,0.375
ZO18McgxICKu42mdxBP_6Fce5kzyFk5czZTMxlEO_sjOYYA,봉황고 정보현,4538953159,top,1797,2,2,5,10316,1306,44303,12,29,24149,9125,171,4,0,531,1,10,1,0.4375,0.08695652173913043
BYTcXqnvzU43sfUGOd20lXWBqcrbZxGNU_eMWYownDjqrzk,가붕이 거릅니다,4538953159,top,1797,4,3,3,14308,5327,35762,30,29,24398,12665,204,16,8,95,2,7,3,0.3181818181818182,0.1875
6M0D5GAsxfO2eVJobR3Jjn3f7_fQSI_Y1sD4-7y_mVnnwMA,허수찬,4113725617,top,1210,0,4,0,8084,7147,4962,6,3,11536,5628,109,8,0,92,0,3,1,0,0.13793103448275862
G-pb0G6YmOry3uN4TsgS785qEL1w357vJ3pD2GUDz7lPJi0,난양산,4216879208,top,1292,3,3,0,6513,1170,9629,15,13,14350,7644,136,0,0,204,4,8,1,0.25,0.1111111111111111
1gOAbosXjPNvvTOkwn2wmI-jhTSkNJcANyTO6npNwTHsWrLhrSIyNI7e,두호고팬티도둑,4468395745,top,2113,12,7,7,24755,10865,46570,28,25,35861,16547,222,0,0,172,4,15,3,0.6333333333333333,0.4375
f_xtjf25pb93Dg9_86-ofwiNPlP13TaLeTby0LDBEUYbG_8,요쿄의친구,4468395745,top,2113,1,10,6,11981,6151,24159,20,8,29276,9596,172,8,0,105,5,13,4,0.4375,0.3333333333333333
5rQ7N9TER30ENeAVtaoD_6EFPTr4oDGOLOc6THJ27uxn,도동구,4530623879,top,1394,9,4,1,21432,3656,10433,5,19,18517,11583,163,0,0,244,0,3,0,0.3125,0.36363636363636365
iEC8dPJoLQddr9hhvPBu2x-rHnFWeqgYT6XJEDWZNZYUVi8,950828,4547537583,top,1970,9,4,22,25081,7003,60668,31,45,31527,14716,165,8,0,368,3,12,7,0.9117647058823529,0.13793103448275862
SP6e6GH2TqLKLh86kVJ0m6zE04IZ8IaoHUhRp9159NsozQ0,Teddy 봇,4547537583,top,1970,6,8,5,17393,11068,22936,24,32,35289,10645,148,12,0,360,2,6,3,0.3793103448275862,0.23529411764705882
RfATjccb0i_zX2ikLZ97vEttPR7s7iDqeSFzvgusWVLi1SElXbYBLSQd,Sorry Nochat plz,4422753565,top,1527,10,5,7,15086,8832,15509,16,16,26910,13724,192,10,5,104,2,6,1,0.425,0.20833333333333334
shmCAdmcyM44-ns0h3NfZQqL2moS6_VLF05D6MGxXp7bCF_zEaLu8KkI,J에요,4422753565,top,1527,3,10,2,15428,1086,17618,17,23,21675,8939,139,12,0,153,3,7,3,0.20833333333333334,0.25
BQdo3_bhha_CXKQmj3KG-dxQ998nwAUq6qiqOmFYpmpB,반짝이는 별빛들,4547083491,top,1238,1,0,8,11682,5867,17601,9,44,14319,5983,76,0,0,331,0,5,1,0.4090909090909091,0
w7YC97b7VmMkFvIYx5AKNboYyCx6axUFw4okkq_a03TKJGIkKXFNvvad,꽉밥띠,4547083491,top,1238,0,5,0,11188,4047,8911,20,29,16778,5707,142,0,0,117,3,9,1,0,0.22727272727272727
TR6PLGtefXiydKpHwKnCegmEZvxuVLd5KccqIL-8p1vjJVk,동영이꼬삼,4532004376,top,1534,0,7,10,8855,1242,20608,17,32,21699,7882,130,0,0,58,4,10,1,0.3448275862068966,0.2413793103448276
bpu4rISLMHyKg5w8JCYCeAWu4HZiVDC-4vqHSNTC0xB8zq8,흐긴노예,4532004376,top,1534,8,6,12,25091,5583,28666,12,33,23298,11720,114,4,0,157,0,7,1,0.6896551724137931,0.20689655172413793
9aYi_eUpaS48IK4v04Fdtj1hqewFwY3VK7pqR5oE9JsB,문어재앙 문재앙,4357878749,top,1964,1,6,2,13737,2693,37465,22,30,24350,10365,223,4,0,663,2,11,3,0.14285714285714285,0.13333333333333333
wBXcvTXRN1KMxguM1U1zqKsZq-fw0Rz5Xisaudl3_gQC,개강자,4541566321,top,1851,5,9,11,16664,3087,17782,16,10,24139,10615,156,8,0,41,1,6,4,0.41025641025641024,0.19148936170212766
iQkBeGHrgsigJ-zRxPef-_zSEMh_2BK5BjZf58UopGVO,원주귤돌이,4488047452,top,1620,5,9,5,20312,9558,23091,14,19,35282,9063,140,0,0,110,2,9,1,0.43478260869565216,0.19148936170212766
JXOzTjY42-bAe9CUEdDrmIHHIDvfG329chXgbqNCAEot,훈벨롬,4539160324,top,2011,10,8,6,33073,2579,15982,28,12,21626,16203,226,15,9,160,3,14,3,0.5,0.23529411764705882
r5Wkty7gJmfpG0RnHEXregRxluDefLtMxz1mNdri3XmfGqv2IbnFB7GL,뇌비우고하는계정,4531182921,top,1504,3,6,1,13586,3627,11543,24,9,18425,8912,188,2,0,106,2,10,4,0.2857142857142857,0.20689655172413793
gtHAT_d-3nmfsCPnTBfc1IHIzwiUfpTeuAVLu022vVZevN54SSAi36_V,옥수수미남,4541910171,top,1739,8,4,11,17407,6866,31469,9,40,25410,13470,202,30,11,513,0,5,1,0.4523809523809524,0.1111111111111111
OY7ipk6NZa6i9QQeTWDQEUtbDN8geTQILXTmvnfJgwnpBCc,귀욤이태산이,4539066855,top,1677,2,9,5,8676,2804,20330,7,14,28045,8219,128,2,1,68,2,2,1,0.5384615384615384,0.32142857142857145
0NDqF3xcSAVHTxFrWoZsNQWcQ06BFNtVLIbdYoK7L7zKpRQ,Delete ADC,4547900598,top,1780,0,7,6,14501,5749,22706,25,19,29225,9877,225,1,0,261,1,9,3,0.3333333333333333,0.21875
AHdnM1-_V3lM9vCk6x2IJO22EFmcUsFEJpfrvR49kGLwIaw,따가워,4547900598,top,1780,5,2,12,14962,4251,17771,14,24,15011,11947,181,1,1,270,1,11,2,0.53125,0.1111111111111111
l0Xs9q9ZRn7paFswcBvdNo1sREmM_B2gE9yUo1H7tJQOJWM5UsOfrnOV,axcv,4548597062,top,1717,4,7,8,18381,2297,17886,22,29,25428,11154,181,4,0,176,1,9,1,0.42857142857142855,0.2413793103448276
tePN5c7Eo7amUwUgVgVlcEqst2BJf_fUqofpWUHl5Xfy7Lk,발가락 무는 모기,4543220588,top,1417,3,5,4,7987,1211,15725,11,11,17911,8629,149,4,0,154,0,7,0,0.7,0.15625
FFosCGacBSUZLvuGyZONzy9veve26lNd2LK-w66kJIcR,복돼지3,4543220588,top,1417,9,4,7,12748,3537,8720,13,14,15633,10790,148,20,0,57,0,7,1,0.5,0.4
zAfn7fxytMdT4IlkafyoVdsjZwZWLBpoLx7SgyTKQZyUWWM,CooL si,4127697217,top,1700,4,6,6,19091,2924,26928,33,23,26485,9958,168,16,0,93,3,11,4,0.7142857142857143,0.24
BKvJpOec95hvWKMyR4qzO2-dYpQ8DRUauY9Rxg2JruTD,24k반지,4525246476,top,2016,3,5,7,17403,6137,44226,37,42,31633,11333,181,12,0,259,2,11,4,0.5,0.15625
jXw0XWJRcFLkf2RYl8a425KVaRJmtPqEgoYp41PCJtzK1FQ,거만히,4525246476,top,2016,7,3,8,29028,35892,19222,25,4,35355,16265,279,4,0,104,2,12,0,0.46875,0.15
GB0Od9F7sKwxnozLNKIZn0Tr6oOduPmSBkixpUZo4WQ,개빠가재욱,4468864368,top,1457,8,3,7,17817,15481,18316,36,16,27466,12135,141,15,5,274,2,8,5,0.8823529411764706,0.2727272727272727
xiYXjbPjNHuXX9L86IOtsC2y72zY6usvavY-xcXrFZE,비루스,4543199557,top,1560,2,9,5,10933,624,18434,22,23,25982,7481,104,4,0,157,2,9,0,0.2692307692307692,0.21951219512195122
0qryfa6svkybTWVfy8YnZS2tW6f1r_adgIECHJgTlw9E5nA,8Black5Mamba24,4544634732,top,2374,8,7,4,27733,14850,51432,34,19,39873,18066,279,12,1,183,1,15,8,0.5714285714285714,0.2
ZLO7kchLJP-GmW1JnxeDkNEK9bNrOgySLf89UxDYrTadacSeNxdQ10cu,ROEUN,4544634732,top,2374,7,4,9,24810,12677,74710,37,37,36658,16275,267,12,4,1236,6,17,6,0.45714285714285713,0.19047619047619047
RUhYkXvXan_SS1FUVjUenwCDk4XqjGkCe6XYgQnLyoKsKcc,가 매,4384052618,top,2002,8,7,6,20219,9416,17392,20,16,27572,12821,160,8,0,277,3,7,2,0.42424242424242425,0.18421052631578946
uLEW-Xw14pP_7a7zvVKXLMXGA_bv9-mmFJS_wft6waIyzFY,IU fan 1,4384052618,top,2002,8,6,12,27286,9261,26578,25,9,27905,16928,228,10,4,84,1,11,3,0.5263157894736842,0.18181818181818182
EubfF_-SFu1YDkE5YUzloZnwPMOMFNV0yWX_lRd64wBc,BETOCHU,4265422782,top,2174,8,1,2,22152,12889,27356,16,15,27709,17620,330,18,0,152,1,12,1,0.30303030303030304,0.043478260869565216
NWu9sxfRKX_of6ZLwFFA7VUg7900PAPddOHa6LTNSIE0dWY,존야의 알람시계,4368952729,top,1306,8,2,5,18725,8152,16335,10,23,23780,11715,163,4,0,51,1,6,1,0.5416666666666666,0.15384615384615385
VgEjgrZ2R_69-CHHxCofi6Dp5_vZTuwLVHfBxLZvYJ9U,buk,4419400667,top,1690,2,9,4,10208,5081,18542,16,17,26910,8609,155,5,0,118,1,9,1,0.35294117647058826,0.25
n5nraDvqkapj_sKQaq5aDA_fUxS6zDmM1Aru63wdKGmVezg,권명호,4528574583,top,1688,2,3,8,9516,1071,27619,23,17,14177,9418,140,0,0,403,5,10,2,0.47619047619047616,0.25
lY4nMFZBkERHFttucMBBa5NbDa3jkWXYirbRlED5CzANAglGzu6frRsE,재 털,4528574583,top,1688,4,4,2,8130,4053,13549,13,20,17697,10566,199,13,0,127,0,8,2,0.5,0.19047619047619047
M_BuaQTLUaohNW-df-30hVr5j9hi4QRYdkiAdld0uKPA,마하라지,4477369579,top,1317,0,9,1,6218,2224,5946,8,4,15203,5536,104,0,0,207,0,5,1,0.14285714285714285,0.3333333333333333
yvkjJHakf2QZk6wZWj7Lg1vzmevLjVvwFVD5tdmpshd0GDI,회복포션,4440650449,top,1401,7,7,1,15464,1233,7521,14,28,17596,8190,111,8,0,133,3,7,0,0.5,0.25925925925925924
LVk1SGP9-U7KIvLgOXZseltpi_tjagnmt0seSiP8T6IcStQ,돌곶이,4440650449,top,1401,5,1,12,15255,13569,35413,16,54,27150,11455,181,2,1,398,0,7,4,0.6296296296296297,0.0625
OTZk2mTvYNJEiZV932b3_qxureLH13vPPEUK88EtyiKpjw75kbyMe9Ng,혁수크로스,4547238116,top,1681,5,4,5,13914,5329,12942,14,10,17633,11723,217,0,0,216,0,7,2,0.5882352941176471,0.14285714285714285
GO5XLIcJJYXReAYiTnyQku9S0mOAQ3cAHEvlAb560-73PXpEQtMzTD9s,노부릉,4547238116,top,1681,3,5,8,9005,1566,13329,14,21,13200,9036,126,0,0,405,0,7,2,0.39285714285714285,0.29411764705882354
jTxdKNO8cP7a73z83i7ENnSSvzVTEoN0PGHbOOq4M7mrrb8,똥이의 하루,4465991305,top,1679,0,3,7,10846,3277,15728,26,25,17186,8856,179,4,0,416,1,10,3,0.3333333333333333,0.25
P7qCeM06RTA0TX_FPVsZdOxOHORzhBFABciGkPRzAEd56eQ,내도구는와드싸개,4465991305,top,1679,0,4,6,13228,27022,22514,14,35,33527,8609,183,0,0,281,1,10,1,0.5,0.19047619047619047
NhSQvMQNXD0a9NeY3MH53kmu6c-uYXoEtGMSnHilT-E,swsw,4482388623,top,1671,6,11,4,15076,3111,18182,14,20,25546,9542,148,0,0,64,2,9,0,0.37037037037037035,0.2619047619047619
xgfTirrolD3YPhFpEHZ-7PxKCNF3wPqyoqEtRxVuht1N,Burwood,4537759940,top,1832,1,2,13,16311,6415,12786,26,11,15424,10743,192,2,0,271,3,13,5,0.42424242424242425,0.05405405405405406
u7duJzMLQMy7J9NhnBgMTnznN8qXrFwQCdziTtV5pa5sSfI,나 우렌이야,4547752145,top,1311,5,0,2,13308,740,19125,12,29,17030,9050,158,8,4,78,1,8,0,0.30434782608695654,0
VN63bjoFCPDlk-PC4FtYFla7w8KJVuxpDpkXA1kfaUrJdroKgWMltqkz,송리신,4547752145,top,1311,0,5,0,8314,745,8348,11,12,15183,6485,149,0,0,70,2,7,1,0,0.21739130434782608
2xCL9Neyxc0LzceWd0NlByI-tUli2iahFZdN1fLMl9GloE4,슷응이,4476771094,top,2172,3,5,2,15536,1809,9560,32,12,19395,10938,191,24,0,194,5,17,3,0.16129032258064516,0.1724137931034483
AOKdR5aFIABNTZnf45_awbv_tg_5rCZ6jkcsVVRxxsZUerq3Qf5YvgBC,과천의아들,4467645975,top,1728,9,6,11,17174,2214,17769,21,16,21333,12206,150,4,0,132,1,6,4,0.5128205128205128,0.18181818181818182
gtGapk5gUjQWCl12ZfOY17_zW2p7wCeRY03RVoA6m3pmgUg,PowRo,4467645975,top,1728,2,7,4,12174,1031,13326,24,27,24058,9092,177,6,0,344,1,8,1,0.18181818181818182,0.1794871794871795
KSE8FhdcUPSSQ8U1mxkVXWowYwRUSOaKSMXaSs1p1dG_OL4,돌아왔다  춘식공,4548584959,top,1796,6,10,8,12488,3143,23161,24,12,25309,10984,176,4,0,29,4,14,2,0.5384615384615384,0.23255813953488372
YniW3tMQTEZoXSdETqWJEvykShSJki_OtI2tbeZAhsz_odw,능곡동사나이,4496270725,top,1894,6,4,10,22584,3404,45655,25,45,29342,11447,170,4,0,468,3,9,3,0.42105263157894735,0.16
5fQYLaGRVt8djjsYXjy54bKOKoVGZLPe0qvm4YmQYQ6l,캐리어짱,4496270725,top,1894,6,3,2,16672,3094,40051,28,43,29256,12191,201,12,0,109,7,15,3,0.32,0.07894736842105263
6IVDYfhTA4WJ9yRGaczShLwRiyEvsxKbulpAyha2bgmg,박상진여드름,4300607742,top,1631,1,11,8,17421,2598,22334,10,30,30594,8462,134,0,0,152,1,6,1,0.2571428571428571,0.4583333333333333
49TeZWZPPe8KHIgzcRW1_roEgSG2_9JDEAqeJCUeBIMzgxYWi954UpnQ,Kanavj,4300607742,top,1631,6,4,6,21453,2965,29602,29,36,23830,8701,133,7,0,401,6,14,2,0.5217391304347826,0.11428571428571428
_nUd3_2vUjnr25vpy6eOMoFcOIlHhZy3q75P_nz7wAOmaIE,솔선생의 선생,4442212373,top,1495,8,3,7,19966,5893,17181,10,23,24536,13076,161,12,8,50,0,4,1,0.4411764705882353,0.15
QeG9K986zA98iW4l62-l7kmRGG8ULztnM55eBNcvgEMnhiqW3vtB0i6D,빈 챌,4442212373,top,1495,4,8,4,13140,1804,12359,13,28,19302,10246,166,4,0,298,2,8,0,0.4,0.23529411764705882
x-fRkJbwI1l65bWygeJ1qH8pI6Y_aaeBQyNRvcNMvTwO,에이월,4546515882,top,1708,2,10,2,12249,2940,24432,17,15,27138,8659,164,12,8,81,5,8,2,0.14285714285714285,0.2702702702702703
FQt7FOiTI7UPFbwhc_VZEs5bG07Tyzw4kSRtjnqlauSu,시즌2 그린데이,4531403669,top,1919,2,3,17,26516,15948,43214,17,89,35428,10999,186,0,0,527,0,8,3,0.6129032258064516,0.07894736842105263
BCTsMXH3Ppc27Q35bbYMzSdDJV0sKq72KpL5H5ysFxYi3Lo,느억맘한테롤배움,4531403669,top,1919,11,6,3,27470,4801,32399,15,24,28088,13907,216,8,1,103,0,8,4,0.3684210526315789,0.1935483870967742
x5Faw6scyTWHHn2VU_cEHTePsTbKrN4_UT28LaUHh5hC,굵은남자,4526331345,top,2536,5,13,6,27468,2442,63827,44,36,48210,16979,283,18,4,192,2,7,10,0.3548387096774194,0.25
_1btuM8SbT0GbjtYIP6LUVBRzrIrZJMp2JSWzhmM4gBp3u_nVvPe1SbO,meibaoo,4526331345,top,2536,6,8,15,24310,6970,29855,34,30,33656,15040,225,8,0,235,6,10,6,0.40384615384615385,0.25806451612903225
jDRx-G58IXXtBHtVfWj4GHJWFyTOPkO2ZmyENuY2MHQ5RQ8,니 알아서 해 좀,4360853882,top,1809,0,10,5,20888,5837,25693,15,12,31535,11571,230,6,2,90,0,6,2,0.14285714285714285,0.30303030303030304
oKDx5u3i2kMG9tCxdv-B_0dkWu14pRTGKB-wcAFm7nCAH0E,zz bot onIy die,4360853882,top,1809,11,7,4,33574,24376,56101,10,25,49109,13271,190,16,6,400,1,4,0,0.45454545454545453,0.2
PlDTrjVMUZJFtce5C-MJkZBeYTbLCcsafDb0guvIm1yxQCrsHqXX0hWh,xaker,4382049584,top,1210,1,1,7,7697,958,8576,14,9,10993,7249,135,0,0,68,2,7,1,0.4444444444444444,0.16666666666666666
w7SUhHhtjFa-ZS-d5sai_DKrlONoa2rVhlynkCXTil5iPSI,앙메르띠,4539884278,top,2377,7,9,6,35179,14805,72299,11,14,40849,15646,249,32,0,344,0,9,0,0.37142857142857144,0.2571428571428571
Vki5EueDZI4NTThjAfxIXGs_VU6RHbELc6qCuXp7fMLx,숏다리 뽀삐,4539884278,top,2377,6,7,9,26386,9630,79156,21,61,40153,14004,201,16,9,783,4,6,6,0.42857142857142855,0.19444444444444445
cPEwZVz8rJby31mZVMqkahas56rTprj7ngahXSQsMxlU,GaQp,4447151573,top,1261,1,8,1,8489,4206,9735,15,13,18587,4863,82,0,0,179,2,6,0,0.15384615384615385,0.25806451612903225
vBkLm1m3jRJSFmVHvlvtmeAVhQk1LfQPqmQsvlKegOVw,흑인호랑이,4385092776,top,1471,2,3,9,9401,18686,17572,24,27,18366,8804,149,12,0,229,3,11,3,0.5,0.3
mOL0YkZ-3BXZhgrI84aiBcff9HB-e2EXLLeh0oSZFZRfClc,절제잘하는하빛이,4488602246,top,1629,7,8,3,18276,2693,21646,11,15,24915,12114,216,14,1,55,0,4,3,0.47619047619047616,0.47058823529411764
rY031w2bgpcXVD1nKw_IlRNt5RybwSR8TK5E7MQ01hVYxho,도 갓,4488602246,top,1629,3,6,8,12018,6782,27962,22,10,21729,10063,178,4,0,814,1,9,2,0.6470588235294118,0.2857142857142857
HaYWg9UFMPk53DcoTd-tNdXFvvmwkPtbPOQ-1rME-EJZ,못죽이면내가죽어,4543590965,top,1455,6,1,12,16129,3123,30928,18,34,15818,9588,159,0,0,342,2,9,1,0.5806451612903226,0.07692307692307693
MeWnz45riW4i-S2di9y7tcCcBQkTV4F2GrcatOTAScXG4ZE,초심부터다시시작,4422867294,top,1883,1,6,2,11735,3046,21430,14,20,24052,9722,189,4,0,61,0,10,0,0.23076923076923078,0.20689655172413793
mu90_USnuHFjHHf2QdpKMsTt27fwuOLJVJjRyh4QeQUY,원핸드,4545726824,top,1267,11,2,5,18478,3069,28161,19,37,16266,10898,137,4,4,394,5,9,0,0.5333333333333333,0.2222222222222222
2ydSkUdGFTfRhKiynXiq4WufmhsKaqHeaI9zr8vjzKW8P6k,안지수,4545726824,top,1267,1,12,2,4759,1200,14956,5,7,20489,5170,83,4,0,60,0,3,0,0.3333333333333333,0.4
91f-aUTH7vPCBkb76-IxheUaZMiBmKMMQ7qjuuz9cjkJN1I,크헝크,4497189650,top,1912,8,8,4,21800,10494,35816,12,15,34679,12535,195,0,0,161,1,7,0,0.3870967741935484,0.25
vQM0-TikrHYOzvlT2nRPCEn2Oce-gWidW-QkpO8NrWDR_AM,마법사오른,4497189650,top,1912,7,8,11,31740,6381,45409,26,39,38379,13788,174,20,8,302,1,10,1,0.5625,0.25806451612903225
cYZPRgUl3eiwiigu4iym0zHsgkHofEiioEXyPVlcZxM1,로비대기중,4372311107,top,1768,4,9,7,18401,11296,28202,31,21,35482,10307,142,12,4,204,2,11,4,0.3235294117647059,0.23684210526315788
vIvpR9S3WDeCbV2tGdNeb_lpUpTrSUPW_XBi57eQ8Hih,붕력장,4372311107,top,1768,7,9,5,20262,8002,26125,13,16,36174,12016,211,4,0,105,1,6,2,0.3157894736842105,0.2647058823529412
EHXfiOZk3Evs9F2JE2iiu69fROJA-Djw0qD0DH64KG6G,말걸지마자용,4545918561,top,2013,10,9,8,29611,10312,48679,15,25,33442,12396,130,25,1,1126,1,9,0,0.45,0.18
oX786zvyINYBahM2nE3upO5cEYoJRhqp-UBT5psFfpVY,한국롤,4541482135,top,1741,11,2,5,28489,12323,42467,22,6,26044,15099,224,11,6,151,1,6,6,0.48484848484848486,0.09523809523809523
uzpAdIcpr-gKfCq79lS3JLvGdvXD9-aJ5_VnQtPRoVnI,졀진타마,4541482135,top,1741,3,12,3,16808,2159,25305,12,33,30632,9392,156,8,0,182,3,6,2,0.3,0.36363636363636365
u1HDE-JChDAztKp1MQgmoMoXJMrDMpeYWFm0rD52hOjQ,편하게들어와1,4547914190,top,1295,0,7,3,9890,2412,10309,12,17,20167,5632,126,0,0,220,1,5,1,0.25,0.16279069767441862
Ln_BhJXjhmn-DOtoMpHhQAygJFHDfOCUTUCZE6kSm_-gWew,자가치료,4547914190,top,1295,17,1,6,24782,5061,32724,7,41,26131,11467,116,0,0,301,0,4,0,0.5348837209302325,0.08333333333333333
nfShzYswwFGDu9oBY8FIWHzEKhNWmkjjhO2qbR349ayk7UY,팀운으로 마스터,4548509668,top,1442,3,1,9,13463,2597,14356,20,18,12845,10475,155,0,0,84,1,7,2,0.41379310344827586,0.1111111111111111
Yw_RImk3KTrm6y31H3OBcImPRJQ_X1hCpj6dOeAED8E,Aheader,4548509668,top,1442,0,5,1,11960,3355,10696,13,12,17001,6811,147,0,0,260,4,7,0,0.1111111111111111,0.1724137931034483
n-MJp2Gt3DAijl_v-_VXUh2u4fL6Vn9esYxeA6ZsMkaCJ90,Solarbacca,4548649557,top,1259,4,6,1,15053,1210,10914,7,9,18824,7876,128,8,0,102,0,5,1,0.7142857142857143,0.23076923076923078
zTvTBrJeCvACf7AGMLfLGw7zwEvH5aUSZXA0XGfdsHU,채팅 안봅니다만,4548649557,top,1259,5,2,3,13387,15776,10683,10,4,16682,9482,181,4,0,87,0,6,0,0.3076923076923077,0.2857142857142857
R3U_FrgLxMYAE_b-GLc-hByHh1Opv1Xf_OUYpLfL5MFN,A Matter of Time,4271444311,top,1747,9,3,9,33937,5911,17767,27,32,22934,12188,178,8,0,129,2,11,2,0.6,0.14285714285714285
yE2-tqLQBm2kQoJj7vsdaySYFC-OadD8WPjzR2IqTDhC,나는안뺌,4271444311,top,1747,3,8,2,10767,4754,12246,16,16,26588,8593,131,0,0,227,4,7,3,0.23809523809523808,0.26666666666666666
qBD8pqgJ5hpY7J_mwCmFhIc9H5C1tcOlBupF7ruDKyF0_d0,뒤틀린 성욕,4547242965,top,1367,5,2,6,10643,4265,16994,19,27,18398,7638,102,1,0,356,1,8,1,0.3235294117647059,0.125
iu8VgaTFEi_5fdCdowCfmC5v1tPyB-3FutUkmkTfAfY6,나는야븅신나영훈,4547242965,top,1367,4,8,5,14211,272,6976,19,26,16195,6999,92,8,0,87,2,8,3,0.5625,0.23529411764705882
XyZ3fg-XNToHiZIgTXY-qpKRjHc-JaqytuA1gjc5rUvsSD7qtJAFmcH3,Mag1c,4480507693,top,1209,1,5,2,4537,2077,8170,6,4,12555,7765,137,7,0,87,1,6,0,0.16666666666666666,0.15625
Ur1NfPy0VbEu07KNdGUOAJj92XsrQY89yJPQRKZ_8wMV,정글차이 맞는데,4507451644,top,1714,9,6,4,17699,9023,25533,14,22,31868,11529,189,4,0,199,3,8,1,0.65,0.1935483870967742
htmcEySx-t4Y9eKc86MgeNmV4-IjCa-cYhUdvidwTJyXGXo,챙타니,4546811891,top,1899,3,10,7,16271,4260,29924,29,4,30838,9723,130,0,0,25,2,10,2,0.4,0.3125
Riz75hjyWfXXgvpuX6iF_lCCePCK5oZyGP3Us1ROjBnTluyNcHP5ry2g,카 달,4546616451,top,2092,12,6,8,29029,10363,39667,21,18,35920,17289,215,51,9,105,1,9,2,0.5714285714285714,0.20689655172413793
OgH3rzWIrWSZfv23xqIhl-qVcFfsvHXePb0VhfKYvCTs,퇴계동고기방패,4546616451,top,2092,8,7,11,33668,4391,76650,31,39,33900,14775,211,21,1,282,3,12,5,0.6551724137931034,0.2
yspF_oxpmIchN3g-XMZoGNCGKAphG8KO0d7RSO_Av1sM,김 재 도,4537944265,top,1958,7,5,9,19055,10349,55513,27,16,48120,14472,213,12,0,490,3,13,5,0.43243243243243246,0.16129032258064516
fM-UuSA4NboOaW9_AtdWIKq7amslT1LO4i98Dzhs4owrlUAOK8dlJQJl,흠 싹,4545417963,top,1556,6,8,1,14271,4458,14159,13,30,28129,9150,136,6,0,221,2,5,4,0.4117647058823529,0.2222222222222222
z180jk31AAvePvkRFWwCt52SjnguaFm-pDAKkTUzLcPH,황모예,4497065825,top,1494,5,5,3,9203,3867,12637,16,10,19779,10931,203,8,0,74,3,9,3,0.42105263157894735,0.14705882352941177
SW1XnNYRGvQdCjmev2WEIgcOv33EtVJwMUNuJviB-WKD-N5PCFBFrOpR,유분대장,4497065825,top,1494,5,5,6,14963,2335,7693,19,9,13051,11193,193,2,2,249,3,8,2,0.3235294117647059,0.2631578947368421
tzJusp5ZKIFAfOP0BVDKLgZ79_Y7TET-ljWRyLK8bYQdUFc,니 방어력 개무시,4404881675,top,1300,0,7,2,7951,1453,14820,11,17,18287,5999,128,0,0,56,1,5,3,0.2,0.28
j2fkO_6yq_VLD9IhgSdRY2UTUKmVQST8quUbCYs5j26OyLU,유기견 송이,4369474089,top,1473,7,1,10,15488,1252,10584,16,21,7856,10112,94,8,4,367,4,6,1,0.4146341463414634,0.04
IqFPBIi2hpS8Jcki33XAEhIRawFrriLzoWMOHPtgwO5vFmE,야수의혼령,4541483200,top,1547,5,6,3,11663,367,24033,10,31,24588,8535,110,0,0,409,1,4,2,0.5,0.2
39cYmgq9gCzkYIJY5nt-ag7hQQZCDvNZrzpapHVJZVGv,조심하세요물어요,4500036926,top,1321,9,4,1,16813,816,8222,11,16,13863,9681,158,4,0,86,0,4,3,0.5882352941176471,0.14814814814814814
Q5mbKJn5ghZCZFm-urZszsU0iX8sbnTNlCF5Vbb-807Y8PkMjwCspRuF,twitchTV이치로파,4436210480,top,1807,4,6,11,16836,6969,42463,22,36,27236,11064,183,12,0,921,5,9,2,0.5357142857142857,0.15789473684210525
lWeWrKlo6rerpwwt7Gelti4U5b_EtyHpK2HniXUYTtA2,탑신병자입,4548601403,top,1384,5,4,5,13045,2000,14651,12,19,18776,8749,142,7,0,101,1,7,1,0.43478260869565216,0.10810810810810811
TpnlSeIhlXXsECy45jv39regSJSI0nsnPDYjZuN1Nd6QgnQ,사자는못말려,4460762144,top,2583,9,8,9,26674,23518,87095,30,21,69805,17356,237,15,6,164,1,9,7,0.5625,0.1951219512195122
cfLnAA3HFTihtrfL6PI40OYYjgZ_ymtprYLM2Wtu3hn0,도랄랜드,4460762144,top,2583,10,8,12,44031,1237,15137,26,11,25778,15906,211,13,0,136,2,7,6,0.5365853658536586,0.24242424242424243
AJNPdR03lz0QmOuDIaUAim93Jxb4qG7OP_xOKYZxJyuTeVQ,가렌맛은데맛이야,4545595402,top,1772,4,10,5,20948,10705,16909,17,38,37271,10254,164,4,0,193,3,7,3,0.3333333333333333,0.2222222222222222
iiBLhzX901yOmkhtBwgMrPBfk4_04SCZYqtzclWwdH81,벵달이,4545595402,top,1772,5,6,19,19081,5480,38168,36,46,30733,11406,148,5,0,497,9,12,7,0.5333333333333333,0.2222222222222222
1in3HXOgDvdUBNR8XLWxlfHSsb1TyeiA4je7Fuf_vAwUPv8,그냥꼬라박는사람,4501759249,top,1503,8,2,8,16338,5937,16192,22,3,18227,11271,157,7,3,29,5,9,3,0.5714285714285714,0.14285714285714285
g0jPcnGAtkfHIEbdtUYsmurJPCnYma17kIdop4LU2CHFTlI,xZI존다크현우x,4501759249,top,1503,2,6,3,12472,1204,10752,9,42,16280,8489,182,3,0,506,1,7,1,0.35714285714285715,0.21428571428571427
4bXAzotpCvwSKukmoXcNlmYYX-rjbcermDMRZYGd-iBK,시르비아,4195266289,top,1668,1,7,7,22134,13023,39571,22,85,37265,7437,117,0,0,447,2,11,5,0.36363636363636365,0.2413793103448276
41znkNVeIf0gzRdhJE-bTMxSXH-ga6XO_U75alW6iQJnSss,Nodding Man,4195266289,top,1668,6,5,10,25051,4866,39041,13,51,30778,11956,153,0,0,497,3,5,3,0.5517241379310345,0.22727272727272727
bWKz8a3SWpp8iiMSws7aNWT0JmtvLMiFtZa8fhIqMRyk,Xiang Mei Fen,4532399005,top,1833,2,8,12,21155,13907,49945,19,68,36682,9672,164,4,0,437,6,10,4,0.45161290322580644,0.22857142857142856
7WUvPeJYbNKoi7QgJht2DauIlkA5lLmRjCJspK9y5zrA5xc,chi bar le ma,4344306833,top,1342,4,0,6,17159,3394,23839,6,37,16506,9111,166,0,0,346,0,5,0,0.38461538461538464,0
R2ECMfP3krOBmBWb0y5Oe4fMQ-3rJoicQ0zWiekf-ln9Pv0,김다미누나이쁘다,4344306833,top,1342,0,5,0,9836,3442,8644,21,24,15977,6347,154,0,0,126,4,9,4,0,0.19230769230769232
Hzt6SIxKeaex7jApcUUzEY9Xk70YPouxfP_Vp3UGfnLG,버스쟁이 이성훈,4415313769,top,1608,11,8,11,28826,6475,20476,24,26,27787,13921,162,9,9,155,1,9,1,0.6875,0.4444444444444444
euoKcJ4oCZcfgvZ7A7UJb0CYWVmqbT1gMUIpFger3cufYsc,멘탈쇠약,4415313769,top,1608,3,7,3,14529,7359,25136,11,4,26339,9167,166,0,0,40,0,7,1,0.3333333333333333,0.21875
lCCQGy0eqIHnY52raVpTC6Q5684mwmW-W4PvhMPibILe,깡태영,4538639523,top,1571,7,3,8,15793,6251,12847,27,13,20674,10704,116,0,0,32,3,10,6,0.46875,0.21428571428571427
qQevdRDvCu3vO5fNBicPYTKj8hr3OTzAUyji_DcjsDGV,NoBs,4548653206,top,1270,3,6,0,11319,754,13895,9,26,13797,7927,163,4,0,343,1,6,0,0.75,0.2727272727272727
_R4dqM-Rh4ZqYEGkEJ4E2PD5bJR96Q7QL-VJ0A8XBqEelN4,USB니꺼,4547333296,top,1500,4,1,15,16488,10593,40267,25,63,24282,10095,122,7,7,446,3,7,6,0.48717948717948717,0.058823529411764705
58R0v6NoEem6Ebbcs4mOr2zf9PrNiqifOiIZQeLxOitSqQY,xhlanfehtkfwk,4547333296,top,1500,2,8,0,9591,587,17927,22,28,20676,8065,139,15,4,108,4,9,1,0.11764705882352941,0.20512820512820512
GgHkazQlysfvFqYhnopRtSvRcZ6YkI6yPgyF7VImnZYP,복어팡,4386041186,top,1723,1,9,5,11329,4349,28446,25,30,23779,7162,101,8,0,301,5,10,2,0.1875,0.23684210526315788
8cOFYqE5jCpG7eJ-uUIdAxHHlDl_sbIe4SMsJ-tgrOJdk0LLy7U3xaI2,송우돌,4513838885,top,1475,3,6,5,11796,944,8757,22,4,17177,8985,151,4,0,66,2,8,1,0.6666666666666666,0.2222222222222222
s4_rDEy08LjTXYWdgzPczAw-_6H2IN6pah8oT7yqxMTn,고졸공익모솔아다,4513838885,top,1475,2,5,3,7864,2178,11519,19,3,15438,8934,145,0,0,24,2,8,5,0.18518518518518517,0.4166666666666667
lIh1WZFgRYviKc1ys9ZlYv36mvrqDLGbFanPus5P9OXulVM,벌레우리같은정글,4540277266,top,1318,3,5,3,8516,2266,12627,18,14,15895,8415,109,8,0,109,3,8,1,0.24,0.35714285714285715
E5Syx7tLkRRvEptyEUun-gAzj1FSa_F9SduoX73Z0sgJ,서렌칠빠에떡침,4540277266,top,1318,5,2,3,12611,1734,22184,13,34,18176,9408,183,0,0,528,4,7,0,0.5714285714285714,0.08
N-uV1H12L769IJNnHVfzCqp6Q9EUZ1iq2YkFSi0pP6wo,에이디베이가,4517193536,top,1658,3,4,3,11533,12516,24579,23,5,33142,13256,236,43,4,48,1,8,5,0.35294117647058826,0.15384615384615385
WEHvvy6u35Q4jd7dc1yRgC-6j9rHbyWoLOeU4N_oI3C2,박 탁,4525007578,top,1202,3,1,9,13129,1855,10351,15,8,13270,8560,134,4,0,18,2,6,2,0.375,0.1111111111111111
9poRHEEw7ChLp9a-pJmvky1STHXr6x6MjGYDnt0YYGP0Wps,어둠1234,4525007578,top,1202,2,5,1,6730,432,10432,4,10,13962,7386,139,0,0,93,2,4,1,0.3333333333333333,0.15625
qHypZMwtFAJZmQ9_DhEpxCFf3p4MiNX-hQg_W3fXYFXc,복숭아 인형,4544190373,top,1324,3,4,3,7880,1570,6256,8,4,10645,8553,167,0,0,32,1,4,0,0.3,0.36363636363636365
quHUOWbykRN8AYdYUyJXBwNVbykH2OXeiUQazluDz_n63mg,얼굴원탑실력원탑,4531457529,top,1665,1,4,7,10126,1262,29727,22,28,23491,8961,177,0,0,470,3,11,2,0.5333333333333333,0.18181818181818182
IbJRFV3YR8qcbmbCXJfF7-7TSAu-b7D7XeOMWNGYIy3W_ps,너구리보고배움,4548256331,top,1688,7,4,10,26337,3856,30383,19,24,30640,11875,179,6,1,160,2,9,2,0.4358974358974359,0.23529411764705882
1u-n6u8x1g3fnfdMliD9aSF59CaHdWtORxgNiI32G0G4yso,나는 김태수다,4548256331,top,1688,3,5,0,9191,3230,14699,5,15,19406,9097,183,7,0,99,0,5,0,0.17647058823529413,0.1282051282051282
x6moc8svdu5H3q0Qg7a9jZI_WZ96TwFGOIo1f5syVa-J,Pasteis de Belem,4542329734,top,1672,2,2,14,13001,10352,36241,24,42,27600,10127,178,1,0,368,2,11,3,0.64,0.2222222222222222
YNv__Ku07GN6n_Z0lU6uWAlmu6EhODBxEqwHxXhzbdut3N8,펜타가 꿈임,4542329734,top,1672,0,5,2,13401,1300,24190,14,39,20847,7435,152,1,0,399,0,9,1,0.2222222222222222,0.2
vqQo9LQHwL7zE4_UDSLaPs3DqzfIBA-ghfd3t6eC_gZZNs1fKVIiKrE4,swisskiwi,4548598300,top,1730,0,7,4,11199,3007,23263,15,14,23953,8163,149,0,0,114,1,5,4,0.4444444444444444,0.25
hixp-c-Sl4GbWdlGbxYx2QEO4b295wR5-JqxBlm7qJqE,행복하고즐거워,4548598300,top,1730,4,1,3,15992,11866,17794,15,20,24870,11998,192,32,8,224,0,3,4,0.25,0.1111111111111111
qVw6VbPIZVYYz8ebyQbYET01h0hQKtUThHn_-BGKNd6q,조이하세요,4430296674,top,1863,1,1,12,12353,4217,31343,23,38,21758,9750,163,4,0,489,3,11,3,0.41935483870967744,0.07142857142857142
dj4MVlcs85hvj9HnBqY5irbQk6WyPbYumpzPOhTo6OFbvis,서폿은 가축이다,4430296674,top,1863,3,2,7,16710,9948,12502,29,12,15961,11646,222,21,0,303,6,13,4,0.7142857142857143,0.06451612903225806
hRMDjriI0EwwsWW5svcstgu2ZRXFwc2eNWk_SjClMe7sgV7e1JYSWvSY,채팅안치고수련중,4544735855,top,1801,7,5,12,26552,678,11216,17,70,16281,14408,213,12,4,747,1,9,2,0.6333333333333333,0.19230769230769232
4VsMRS4zmI9gOhfnOEZzi9hnYr8m7roftAQyn1TPLbsv63Q,페이트제로본사람,4483308235,top,1770,0,4,16,18405,9003,43592,18,57,27461,9482,143,0,0,374,3,11,1,0.38095238095238093,0.11764705882352941
2PnR7j6nxrMNfnzPaHs5pX8SQSGDK4bAMG9ItR2wLG4r,더럽게 ,4543423401,top,1572,2,3,4,11268,7089,25703,17,41,18824,8929,154,0,0,664,1,9,2,0.2222222222222222,0.17647058823529413
63UR0HkrgrvJeW_uzbsD7u2-LyCEU89qdcfiCD667S2lDUg,Solo Worriors,4144300661,top,2250,10,5,4,29632,6871,80660,24,42,43344,15978,240,12,4,129,0,8,7,0.4666666666666667,0.14285714285714285
DmFexWBtneIbDC8PXFLc-F8ixQ66iVVNFyFslIqwr0nDJFqiKRUCt2dh,새벽기도중,4144300661,top,2250,4,8,13,29935,3388,48773,38,33,40810,13231,218,8,0,144,3,16,4,0.4857142857142857,0.26666666666666666
CdCVkUk3Xw5FjmllKXoPduPAIGifH0uS2gwlin1wihaAvoE,총검뜨면 캐리함,4259491703,top,1413,1,10,5,13228,2476,8085,10,1,20440,7110,118,0,0,7,2,9,0,0.42857142857142855,0.2777777777777778
lqpymJHm9ojRYcS2-lXf6mjMnJPh1m6ypoMMTI82KQuBaBA,프듀48 조유리,4259491703,top,1413,12,4,5,24788,12788,14428,31,15,28028,12584,162,16,4,273,3,10,5,0.4722222222222222,0.26666666666666666
Z34zTC8uzvUgNzJg45fTt5xi2FPjLWOWq0ADm88RxrDDpU2FKJZYJ_K0,찌질한블라디,4543450873,top,1752,1,8,5,11593,5874,22687,18,14,30525,8272,169,0,0,29,4,12,2,0.25,0.26666666666666666
if03jphkV_iCNGEN0CaWEsKAdWIjpSaRXNEGIQZVGRh6xaQ,역씌 너구뤼야,4543450873,top,1752,9,3,11,28859,22272,18663,23,8,21612,13486,200,8,8,151,4,11,4,0.6666666666666666,0.125
37M4r05vR9n0hcEYNrX-5mTfgsEl5kDeSAUw5ydqtBO08OY,쩨르시,4193277728,top,1390,0,4,4,5146,1919,7856,10,9,11744,7148,162,8,0,81,1,7,0,0.36363636363636365,0.17391304347826086
-xMdgjlIbCuvH-B4H_dBnOHUKswBRPbGJP3t__Uh-Pqo,You Chang ,4540920701,top,2099,3,8,6,22781,10696,66798,24,38,36568,12219,212,0,0,544,3,13,1,0.3333333333333333,0.19047619047619047
FkHl4cJaRvoecfRKXmdOK6goCr4AUHg5vv1e0P0ylIP9EltLBEumYZqn,mavrk,4482412337,top,1437,3,5,3,10330,1349,22014,9,30,22598,8114,149,0,0,80,1,5,1,0.5,0.21739130434782608
ZKBJ8t4iJtm9k-UhFymmmFBotBxNM5RNN9l8bFpUy8V6ZRAoXVBOa7tP,칠이갓,4547305514,top,2023,10,5,11,22190,11998,33368,33,13,33310,16060,217,25,0,121,7,15,3,0.4375,0.19230769230769232
IT_q-X3hwiGxdnGFoYpC6vfDAHuAJYWMTcvtmaYBGKzHA8w,바람 앞의 등불,4547849491,top,1691,3,9,5,11732,4083,12649,12,8,22568,10386,196,8,0,280,0,6,2,0.5333333333333333,0.3103448275862069
akZ7S6ozwP1J_86QMzzTn3NBxNhIzTaEMvy3X0d2ACmfip2jqfjI_uMN,부캐양학하러옴,4547069860,top,2183,6,7,4,23428,11605,40905,22,11,38842,15025,242,19,1,199,0,12,3,0.5555555555555556,0.18421052631578946
MrlVKLTWvcF6w9n3r4fEQY4_K7aqMkHp8G4cWyWD6YAR,와정글맘에안드네,4547069860,top,2183,6,7,10,31733,2228,17992,43,11,26961,14781,241,21,0,143,2,13,4,0.42105263157894735,0.3888888888888889
6E2Y429PWrxp21N0jAi8SKaI3IZvZkgQ2xpopx7WAvgi4Gdu98OsUkg0,xia ling pulg,4548617765,top,1719,6,7,2,19918,8060,26476,8,9,32939,11681,159,12,0,68,0,4,0,0.42105263157894735,0.175
zZbUh0j3x88xZjuZLQTpdZ2duz98-9PKCaCt4cYVgbD6Suw,Your a money,4546453192,top,1476,6,2,7,18715,7317,22182,7,31,17770,9802,128,4,0,336,1,5,1,0.5652173913043478,0.0625
LP7eAlTIprQ_bJXPnbE6xEvn9oXraPVRYA_lUKgX5Kh1o1Y,내가뭐하는중이지,4548690335,top,1623,2,6,5,14667,957,31497,13,26,16192,8654,178,0,0,434,2,9,1,0.4117647058823529,0.23076923076923078
Ymoa5Bdl5FIFuB8HqOfTyqAMqkV0Alk5KVci5vhsHzgBnN4,도끼한방에피가,4548690335,top,1623,3,2,3,9128,3055,13007,18,8,19076,10316,193,4,0,47,0,9,2,0.23076923076923078,0.1111111111111111
RiO6IaIrIQdbdj-o38_A-cKlnMsGVdXp-NOC3v3MVWBF,해우미,4197397146,top,1236,4,1,5,14721,1474,14062,14,29,7146,8973,161,4,0,542,1,6,1,0.45,0.07692307692307693
elmg0k2VbAkApUwmbAmaHcdhjf2bKi9wsaQcMCqQVlpaJbeeU1ySkjGm,눌엉몬,4357577666,top,1860,5,3,0,12269,1508,13776,34,13,19351,12657,248,17,13,153,4,12,12,0.3333333333333333,0.15
KU6hZx-JSJ2C5de2PiczxKQn-WRh0swqX9U6Ro7Im2YEWs8,딸따리우스,4357577666,top,1860,2,2,2,7938,2997,12586,21,14,15386,11490,220,12,0,73,5,8,4,0.21052631578947367,0.13333333333333333
zUnlQg7gmwJa3nuM1CT-jNTNgf5cBvkQzWn4z52WOQbmzE8,짜라WW,4543577791,top,2195,5,8,5,21289,5387,37371,33,17,37338,13982,212,12,4,141,4,13,5,0.23809523809523808,0.24242424242424243
GgsOeAhq-gvHh6ktkWg6TNNvF01vN1AHHgW0oUChLeTBxncPrRY36A1K,지금롤해,4543577791,top,2195,12,6,3,29120,14664,40267,28,19,39188,16538,218,8,0,227,3,6,6,0.45454545454545453,0.14285714285714285
Zp5ESGOsN2wCksuiK6-zH0V58fHkqh0csuH8HR-4rOtUTeHxjx8hT7IA,Top The Boxer,4547417176,top,1409,8,1,2,15604,4463,11225,21,18,16895,12624,192,28,12,178,4,11,1,0.30303030303030304,0.08333333333333333
RkpQ4KwjSfXb1IqLR4XvwJ50z9sAaBkRdsMgREo1tGTTXno,솔킬따 광석,4547417176,top,1409,1,6,2,9332,172,28677,8,23,18314,7027,136,0,0,949,2,5,1,0.25,0.18181818181818182
4USYBodyfBL-RPOzObefGtrPUjkdStv4A9zMjqhJtZF6PldKEtgcA9TL,우리팀탑버스츙,4543515244,top,1504,3,7,1,10782,3335,10227,16,1,15862,8943,173,0,0,55,0,8,3,0.3333333333333333,0.4117647058823529
P7APnoZUTSPF0jq2zXJl7oV4nxVOR1UCcy1NVGsDdAwzf2vnQMKgjHDy,민트초코맛 칸쵸,4548628428,top,1892,2,3,7,14941,1111,9866,32,4,15327,12087,254,7,0,69,6,10,7,0.375,0.1111111111111111
nRvNnHgq3hIGC5rZsao4tuzQW1FUP8BlRiYM8qW-58Elgco,탑 금성제,4541682190,top,2136,14,7,12,32669,13423,42496,27,24,32125,19425,253,17,8,177,0,11,6,0.5909090909090909,0.2
R57ypMyN6wK2SV5GgWAmK4HoOfq8NzFCPssQuG6xXHbPWBQQXpXX7NRs,Nugurl fan,4541682190,top,2136,9,7,14,33741,14483,36618,24,35,42897,15493,212,45,3,571,2,11,2,0.6571428571428571,0.1590909090909091
WmmFNBHqQrsaVdanrvpRwTcLoxefVj1wrQEHFBAwfpEO4UE,솔킬따고지는사람,4432028633,top,2058,4,7,7,16076,2083,34421,28,28,37587,12525,192,18,0,153,3,13,6,0.36666666666666664,0.30434782608695654
TfYtVkW6r67jCd_m8_ljS8bo_cZzLiSeayOYw2pfUTQ,하루카,4432028633,top,2058,5,5,6,29562,7400,16871,33,13,24496,15546,266,20,0,205,2,13,5,0.4782608695652174,0.16666666666666666
9o12x4txDGk70L_mc4p-KZ3RUt9khdepV1rki8jN0kHGmIw,POCALO,4500754626,top,2413,21,9,13,53200,11662,99936,31,48,60447,19960,173,22,2,328,0,5,12,0.723404255319149,0.21428571428571427
bfvSEd-KXB8B8sJbag2VHQAJSQYXFE8JJxrdp1wvpNsC3u5696A9vw4T,Master1NoByungHo,4500754626,top,2413,6,13,14,22739,4360,37415,19,22,37421,12630,139,22,0,327,1,12,0,0.4878048780487805,0.2765957446808511
i7O2RCJUHHsf-bCLulCIxDmYIag4yWp0vAoTOweGYdFqaN0,vbgs,4474504621,top,2043,5,11,6,33940,6198,33421,10,31,35412,14713,226,18,4,166,0,6,1,0.2894736842105263,0.36666666666666664
SzHYYihWkwU-VbmOreo63Turat6CBVacd1iPzBvpcJY,West87,4474504621,top,2043,5,11,4,23374,8994,40120,21,27,48893,13152,205,0,0,83,2,12,2,0.3,0.2894736842105263
lyerKXFsKxZM7oaYGwQNainDvjtOA43wKZiWcfL860Qg,무지개라면,4379008273,top,1805,7,6,2,22699,1808,11091,20,70,17629,11791,180,8,4,449,0,9,4,0.375,0.15
nOPWPUeE6JhAfHP6H2uFHdJzTrwg2jiiMD35Ok7RcUUgDVk,Heria,4379810338,top,1917,1,7,2,17505,2781,27824,13,21,30530,9228,178,8,0,160,1,8,1,0.3,0.2692307692307692
V_tiwRiN9bAvsOt5bCPrdZ3SN2rNisI_LPP-vNv9wNRm,Aprilyn,4379810338,top,1917,6,2,3,20653,9258,22185,35,20,28902,13383,214,16,0,53,5,14,3,0.34615384615384615,0.2
snf9vnUoYKodXIvwxXGeHliwYIKChmKo1EGCpwNz_W6evNA,Debility,4546829824,top,1880,6,6,5,17110,4513,13274,17,3,22830,12060,199,4,0,56,0,8,5,0.39285714285714285,0.13953488372093023
sWc79N2cJ7x4Hi2QEPjzpFn4XXsPS19UaEzUmRfVtpYI,기도중인탑솔러,4546829824,top,1880,9,6,9,18135,7911,44762,28,39,30602,14973,165,16,4,172,3,14,2,0.4186046511627907,0.21428571428571427
i8adYfWiXtkfBC_LN2g6d_v2feoqRqrWA7a56pdg79nPACXdGJJ35TyI,멍뭉이마루,4539977687,top,1240,3,8,0,6575,1153,10024,9,9,15877,6625,125,0,0,31,0,5,2,0.25,0.2857142857142857
MMl0m_LlRVjqcIDq0juon1izgBxu9YeSJIygLqN8aYgrDwscfcdAZ8hc,유아독존탑신병자,4540286384,top,1403,8,3,5,24713,8996,18977,12,20,24623,10497,136,8,0,121,0,7,1,0.41935483870967744,0.3333333333333333
yJtBxT6LIn1UTZ_fPnvNC7F-CTeoz0KMDqGeD-5FKJwBsKA,Pain or Death,4540286384,top,1403,2,6,2,11006,5521,18339,15,9,25979,8623,164,2,0,25,1,8,0,0.4444444444444444,0.1935483870967742
6iarB13WlW43EzpDYKfM-NNMbPz7tEffHNjv3J6IUBk5dnM,nakano nino fan,4548569175,top,1604,2,8,2,13434,4710,18298,9,7,25773,8532,159,4,0,91,0,6,0,0.2222222222222222,0.27586206896551724
U9KTrncwtsFg4u2dx_HRBX-LUSj8QyAEnhE1HS366heO0r0,엉덩맨,4190043420,top,1634,2,5,6,14424,5499,8861,13,20,17042,9720,172,24,4,65,0,6,2,0.26666666666666666,0.3333333333333333
kYZH-u1KhxtqSYBnIYck4csJf_tIcu60LCqP8K775AV-Obd3N6x2whb6,TF bIade Fan,4190043420,top,1634,7,5,2,15296,19105,14111,14,4,23067,12132,206,15,0,109,1,7,0,0.6,0.16666666666666666
TR6PLGtefXiydKpHwKnCegmEZvxuVLd5KccqIL-8p1vjJVk,동영이꼬삼,4526135710,top,2135,3,7,6,14197,2023,42828,31,20,27640,12116,210,20,5,95,1,12,9,0.21428571428571427,0.21875
