account_id,summoner_name,match_id,position,playtime,kills,deaths,assists,totalDamageDealtToChampions,totalHeal,damageSelfMitigated,visionScore,timeCCingOthers,totalDamageTaken,goldEarned,totalMinionsKilled,neutralMinionsKilled,neutralMinionsKilledEnemyJungle,totalTimeCrowdControlDealt,visionWardsBoughtInGame,wardsPlaced,wardsKilled,killsRatio,deathsRatio
HePVeh9PryCKYQb8GVz85rxBjYZ4SH9R1Z5LU2DBzmQPta0,충만한 사나이,4506621708,support,1897,5,6,5,7398,2392,26639,63,26,18272,7869,38,0,0,111,8,28,8,0.625,0.1875
hizl14RDU2RVwpIvFXx-Nq7_pDpO6iukyXbfOYnb091k-bPg3ODEi6xJ,한을 풀고픈 전용도구,4548005743,support,1437,0,6,3,4293,209,21337,37,25,17670,4793,29,0,0,41,2,17,8,0.3333333333333333,0.21428571428571427
fwlPFyk073r25DxUFOQuR6WIr4UBHXQFeEhs-bGdrXT5L1U,께르륵,4527596507,support,2252,1,12,12,8206,1614,43200,60,77,25757,8504,43,0,0,341,3,24,8,0.48148148148148145,0.3
ZiOfMqbRzeGt52da_cWaIYvb21HpGmF4HdpVghhKkHkT,방파이트,4506422484,support,1876,1,9,12,13311,6551,17798,59,28,24988,7749,35,1,0,272,9,29,7,0.48148148148148145,0.2647058823529412
DdNG0vOhgnLuWzx-E3goxjnUCpHNCHq4ErJXkcz3PTCu,stwhy,4506422484,support,1876,9,4,18,23863,16202,12871,77,46,19943,11883,33,6,0,201,3,30,17,0.7941176470588235,0.14814814814814814
MWJg0S7NRby53kaistn7ZV9OKVhGm6fP5AUN02_OW-YGnY4,DRX Seria,4548241373,support,1249,0,6,3,3865,302,7033,32,24,10764,4067,26,0,0,62,10,23,6,0.5,0.23076923076923078
ix2TWhvEK03hh2zhHhMqM5_T5ERX6Aaxp0TMHGCNgVOX,구리시 꿀주먹님,4518286588,support,2354,3,4,18,10460,22603,45811,73,59,26675,10497,32,0,0,139,15,42,5,0.5833333333333334,0.125
QsBxB6iP7Mzml2s4cBhwW4tylHxxyzfz8huhb17whGj0esk,JJoonsDog,4450281188,support,1899,1,7,7,6360,824,7432,72,30,12928,6739,9,0,0,235,16,49,4,0.42105263157894735,0.19444444444444445
uagktS6ee242xkLMxUzKQbGaIeIW9HgQWjtpyDnhs-9DEv6UwmHuuRDq,권충오,4450281188,support,1899,6,4,13,9903,2660,31288,95,17,20014,9960,43,0,0,51,11,37,19,0.5277777777777778,0.21052631578947367
QhCymcB_FsxNe0P7p5OCkk_11XqtaMemgqo_u8t1ZFWgykg,그만뒤지자,4459745283,support,2132,0,9,23,8646,9257,16211,104,35,22157,8273,37,0,0,250,10,51,9,0.5897435897435898,0.23076923076923078
5eCyKY7mAl2VUvZY_gjCFeRKrqVm_HTgttVViIcTXm7bnhKq8ecvhpcR,호나라,4501680416,support,1584,2,6,23,18969,400,9515,49,69,13142,9235,30,9,5,289,3,21,8,0.6410256410256411,0.4
3fe2Kfj38BlNMIbtHX3m5C_ySqAkosQcEo-9K47lDJBx0pniVuuA1Tk8,MGGRNOSWKS,4501680416,support,1584,1,10,8,12900,6121,13776,49,54,19679,6069,30,0,0,236,5,27,4,0.6,0.2564102564102564
JgBtBwOK2kXUdzOYMqhl_M4v9BNGL8glBJUfEzCIlts-FwE,한번만 바드 림,4546535656,support,1462,1,4,12,4867,3835,5946,67,26,8837,6224,32,1,1,142,8,28,10,0.5416666666666666,0.4
dNLy8XFSykR9L3aMzOcAfQdPOj0YO2tEOWnRPYCHicWM,빨간마누라,4546535656,support,1462,1,5,5,6484,607,20572,36,47,11917,5492,28,0,0,240,3,17,5,0.6,0.20833333333333334
RQHifgKoYuOd2IMEUE5I3STIIfrxrMx1mvr7XpS5_w-t0h8,M0MZ,4307057833,support,2216,1,10,14,14019,11249,7530,69,15,22845,8506,38,0,0,105,8,29,5,0.5,0.3333333333333333
ZCZS2vJ_slopAQFAXJRNEuXNOyh8ta49ptCM07br82AT1cw,쓰레쉬도구,4307057833,support,2216,2,6,19,10328,3006,36021,91,40,23933,10514,41,0,0,114,7,40,11,0.7,0.2
7SShy_t0_0L8RJf51F3g0eapw9y97AV-wDp9QfUPcUyld_4,Miss Fortune TOP,4541927646,support,2307,4,11,14,26929,1535,11527,108,18,23270,9726,37,8,4,28,14,52,28,0.4090909090909091,0.22448979591836735
V4fpy63nzoAgEMmyicVwwt2P8CnuCr3J0sdAxHthV6h7,사월 그리고 꽃,4542258421,support,2246,7,7,27,15307,25359,8230,63,25,13517,11964,8,0,0,61,6,27,2,0.6071428571428571,0.12962962962962962
P7uIbs55294nxI1sy1lmy9ZXpYiZ4o735O-lVf3p7aPjUak,우리같이올라가자,4542258421,support,2246,3,8,36,8538,15337,14103,65,36,30885,11088,41,0,0,212,7,39,4,0.7222222222222222,0.14285714285714285
ZkgIyU0yykbv4-u3e4o0etlYgbtuBqVv94hnA8qpxLML,이 봐,4542117046,support,3129,8,15,22,20618,24816,17638,137,60,38385,15776,44,16,0,214,9,76,27,0.5660377358490566,0.2459016393442623
6S5HUbWd35gM1VZUpf04zTIokT1FiYNjTVRyVVbtdy8qSuk,예블린 is,4540774119,support,1306,2,6,5,4230,0,4332,33,19,8510,5000,5,0,0,141,9,23,3,0.5384615384615384,0.24
TYcuJBgDWgIy83J6908FD_JT6wxl1yzUpXbw95rBrXJWO6g,리로리 젠킨스,4540774119,support,1306,4,3,5,8184,2466,4357,34,19,10981,7037,34,0,0,74,4,14,5,0.36,0.23076923076923078
F2uLh45ioueRdkKbduvv4F2HnHCZ4-bbfx_-x_e3HU8A,   밍  뿌,4432495231,support,1954,5,2,28,17779,24136,5865,36,25,8006,10292,3,4,0,58,3,16,0,0.7674418604651163,0.10526315789473684
VzV82iMUwrq1J4QKrEH4rvYEoW71pzT2A7iY_szRwuW1Gx4,김빛남,4548286064,support,1400,0,2,6,10257,4957,5780,25,30,10448,5562,21,0,0,74,3,11,3,0.375,0.1111111111111111
37npWW_PsQhukiFYWpQX2FjtKccj3GMDrAA3xrL2rkUR,twitch 규팡,4548286064,support,1400,1,2,8,5022,7314,14408,28,25,12524,5412,21,0,0,37,4,11,0,0.5,0.125
eiDKVoXAAHihb1jYoe6khTvY-a34favtPsBnhbQGHOfdqQU,as a grandmaster,4538953159,support,1797,1,6,10,6023,813,10299,54,28,16614,6608,11,0,0,235,8,32,4,0.6875,0.2608695652173913
-4no9TFCSpKq8eVLuVPYXzJ_ws3GPvbVGHaBG9kr2zrF,뒤통수에 세트궁,4538953159,support,1797,2,5,6,9683,3473,24727,63,23,22083,8607,46,4,0,103,6,23,9,0.36363636363636365,0.3125
HS4vb6k4aMAVy1tofOwxupFdttVcT5xB0chHUPuE1q-c,쓰레쉬한다고,4113725617,support,1210,1,9,3,10450,0,4462,31,25,10074,4761,14,0,0,85,4,21,4,0.36363636363636365,0.3103448275862069
pqjshXbnbzfqH4pNsvB77SChTJrN32Bkt0r12U1KSKt8sO4,나는야영후니,4216879208,support,1292,0,5,9,4644,160,8830,22,20,10000,4620,30,0,0,47,3,16,2,0.75,0.18518518518518517
oIftev9kbwc5_bjBKatY4s7lsIHpduTwOpy-X9t3DPaCabY,라운드걸 엄준식,4468395745,support,2113,4,3,13,12657,2762,9024,80,17,11469,10495,34,0,0,277,9,38,8,0.5666666666666667,0.1875
G_tR1BuQrNA6OTPxo6MiYKoRKrj9fBxAmzLuzkyIJT4v,holymolyshiiit,4468395745,support,2113,0,6,7,3499,959,13633,87,16,15764,6889,33,0,0,55,13,40,9,0.4375,0.2
VX8f4CRPsbjdNqagnjDy-x-7khrhSvnsVvQhERZIrhbUMAY,리버풀우승할꺼야,4530623879,support,1394,2,2,10,5408,8668,3866,24,6,4833,7173,2,0,0,32,3,12,1,0.375,0.18181818181818182
Rahy3eRSPplwFKMcgnVY1E2E2ewGQLAq9fV_e92w7R-7,해포리터,4547537583,support,1970,2,6,25,13526,1997,31502,48,70,22744,8985,40,0,0,159,2,20,7,0.7941176470588235,0.20689655172413793
HSSLKBxQaeRqG85s_oKFyUIelOn8bbSquQA7gBY5ypO8OaPLYsrcadB_,탑차이수고요,4547537583,support,1970,5,7,14,19234,1445,39403,61,37,29536,9281,40,4,0,157,5,25,8,0.6551724137931034,0.20588235294117646
izF0tnAgM36VBxPESqLKp-VagD_ZRdW7ae8olXiIhs6_5Jlk7U1W99cp,7승12패,4422753565,support,1527,4,2,20,10485,2099,21196,24,61,13398,8453,32,0,0,245,3,10,2,0.6,0.08333333333333333
n1pGDji4t9lDzcaN45m5SpyxneQ_RDmJdaW1xwW7RJ1Q,앙찡몬,4422753565,support,1527,4,8,8,6092,246,18902,18,28,15842,6983,29,0,0,129,6,10,1,0.5,0.2
V3lVlbdediYVaC9sJ_86cypmw1whW-_3_q-i21pUREKT,명준이2,4547083491,support,1238,0,1,6,2617,1194,5092,30,14,7890,4985,34,0,0,193,2,13,3,0.2727272727272727,0.09090909090909091
orgzpVx6u13mrDRaAypIsP9F143tkDunoAKkvbTo_vmf,Shantae,4547083491,support,1238,1,3,4,4167,0,8596,31,21,7798,4611,20,0,0,60,6,18,0,0.45454545454545453,0.13636363636363635
Vxk-Tt24U4cFgbMj7uv-iIAdoq_mYJzed8jXc5IGig7J,아이니드백업,4532004376,support,1534,2,8,11,3275,5272,16138,46,12,18440,6637,24,4,0,41,7,19,4,0.4482758620689655,0.27586206896551724
st_z6JHk1llDij9-kvwnuIV6zFj9mRXWzBcb9P7CQ-EA,자야행,4532004376,support,1534,1,9,19,7507,1246,21620,54,31,19512,7826,29,0,0,113,8,22,5,0.6896551724137931,0.3103448275862069
wfCJli45LZRAlrHDcveA8Dqn8Ut_kjuoAZZt81-dvWdw,납치된 성연이,4357878749,support,1964,2,9,12,13076,10867,13283,66,44,20716,8768,18,0,0,172,5,37,12,0.6666666666666666,0.2
VKbzBBLk9Ovp16F4M_mmOaTg0rJIj2OKvVnexFirnPmI,몰락할왕희건,4541566321,support,1851,2,12,19,10475,1163,37726,53,64,23596,7886,31,0,0,297,14,32,4,0.5384615384615384,0.2553191489361702
-5ZBZjxdwTJyMnTdvcaFZPR2Ct3xLRX-5ADVlCi5Y0ySaSpZbt9mXrxO,강형욱 사랑해요,4488047452,support,1620,3,11,10,5993,3957,23425,30,38,24358,7081,33,0,0,81,6,15,2,0.5652173913043478,0.23404255319148937
vO7tmqpw32mDoLNBv5hocdStsB_ZTPnWhLVO01kuhsKt,Nugamoredo,4539160324,support,2011,1,10,13,8109,2583,36716,76,58,25062,8509,29,0,0,96,8,37,8,0.4375,0.29411764705882354
haoICHAvDq4iPd6Ce79RH51rGXzlhaW5T8q4FNOKySg9,방금먹은,4531182921,support,1504,1,5,8,5359,4771,11087,46,18,14878,5531,27,1,0,126,8,28,4,0.6428571428571429,0.1724137931034483
hbi692tQBomPBZ8T_GdXoixja60p6M0q-e6msMjNamzDGLA,추 의,4541910171,support,1739,3,9,25,13434,2322,22918,43,61,23931,8586,29,0,0,184,7,20,4,0.6666666666666666,0.25
07lnvZTCcLQueq5vFPLMsXK-c8YP0CKbgfqh4Nh8b1dXOFA,carriage return,4539066855,support,1677,0,3,8,7537,5458,13995,111,30,18413,6082,37,0,0,153,10,56,15,0.6153846153846154,0.10714285714285714
eclwWp6ira1XiO8LBaD60bSIWFG82kOOhb1PhyyXaNHG,곰돌Ol,4547900598,support,1780,6,5,3,8888,5205,8631,69,28,18847,11305,50,0,0,121,3,37,12,0.5,0.15625
LRZy6wLH8W670hW5jzIkEQNXHBaWj-_8WQncK9tjRw9oWauL01i-sgxT,도구는입다물어라,4547900598,support,1780,5,2,17,10142,8604,20225,47,48,14873,9215,35,0,0,111,5,23,7,0.6875,0.1111111111111111
67SIU-fWBPCLiYiFHX8SxUlAnY3r06TjUI_DReychPqm,givemesurrender,4548597062,support,1717,1,6,22,5741,3739,8566,53,32,17167,7695,30,2,0,266,5,25,6,0.8214285714285714,0.20689655172413793
jrpjU0YqMdia7joeKwW5c0c4vyJdbkjlMN4P4hYHLUVA,picnic500,4543220588,support,1417,2,8,1,1989,160,8941,39,13,16168,6253,27,0,0,36,10,26,5,0.3,0.25
J0-6OAJvycnzpPwGMG-ETNwh3Nzx77oqhsI8J1eEpsC0,슬픈 뱃사공,4543220588,support,1417,1,1,24,5898,1144,2346,60,23,3886,6777,30,0,0,175,7,24,8,0.78125,0.1
TWrtsLYfAaSDinOoADOnpDoAva3nw344uERVyqihv7e6,15살피지컬,4127697217,support,1700,0,4,5,3703,578,12873,41,24,11734,5628,31,0,0,62,4,20,6,0.35714285714285715,0.16
M5_ZfOtjAycphQPk5nL_FXoq-leKl-XQVrLZhReMdbTn,yuchun hanguo,4525246476,support,2016,3,7,7,8624,770,9553,63,18,14382,8352,21,8,4,171,1,24,7,0.5,0.21875
Jy16KmD2Flqqo8P3TkJtj93QPKA0WlIkxflTUG7cfzZGEzQ,야마탱이,4525246476,support,2016,2,2,21,5663,2224,9084,72,34,12285,9351,37,0,0,183,13,34,12,0.71875,0.1
SByd10xm0kQR0pQY7i53K1a4_m1HTW3AMYccyVOO9KJDxoQ,양광순,4468864368,support,1457,0,3,3,3208,731,8825,40,17,9767,5530,29,0,0,63,8,18,5,0.17647058823529413,0.2727272727272727
4ceBIIq4HoM-oEEbXrtZQ6UX9WlDAVGskXi-mD03Z6Q1ndb2inZtFq0L,여자발냄새맡고싶,4543199557,support,1560,4,7,9,7927,975,19195,41,29,16454,6872,34,0,0,91,5,18,7,0.5,0.17073170731707318
3XzL5mZ_2EpOloSQ6KbbHaNDUltWtagWtVDatZrFytuE,크루크크루삥뽕,4544634732,support,2374,1,6,11,7609,2830,22693,104,37,19413,9336,49,0,0,125,14,50,15,0.5714285714285714,0.17142857142857143
SM0yfYW6OreSV2K5VFUPCY-MjfjkJ2odMhRzlFfqaqQx,흰단풍,4544634732,support,2374,1,6,16,5817,3490,31140,103,38,22565,9818,42,0,0,68,17,50,14,0.4857142857142857,0.2857142857142857
0PO2FctZmUS7xGXR-inMa5RT9bDbb-NQV_p7lG0MCpk_11w,룩삼과공혁준,4384052618,support,2002,1,8,22,6379,2147,26780,80,44,20788,8915,47,0,0,90,14,38,21,0.696969696969697,0.21052631578947367
8L6ON97Pt_-d6TqYE2hCfuzVEAVne9l5RICD90RJUSJbAR8,겜            땅,4384052618,support,2002,7,5,10,9988,3781,12642,99,28,16987,11832,50,8,0,123,11,31,26,0.4473684210526316,0.15151515151515152
H6GJ9atY9VFZGau0LKqcl8XkaBkVMyWiHvxkRPfQkOJ4,둥근산을화려하게,4265422782,support,2174,1,5,18,8512,9198,10863,95,41,15433,9425,27,0,0,179,10,43,15,0.5757575757575758,0.21739130434782608
1noldRzLgK0rl1Mdrb0tTb7RdlrPhY0teehQrofxQ1-Ew_Q,진  No1,4368952729,support,1306,4,2,6,5598,362,6887,48,25,8055,6598,26,4,0,111,5,17,7,0.4166666666666667,0.15384615384615385
CoppNDgNTxBkgvvP59Hg-L5heyIHiWLslB9GmlNItK-9,돌아다니는프레이,4419400667,support,1690,2,8,9,8404,736,17697,88,19,19434,7304,50,0,0,76,17,45,17,0.6470588235294118,0.2222222222222222
J5_QN0HIzawExPYNHNowhbsKpyCZ7C2gC4bysMgipdfr,73039752,4528574583,support,1688,2,2,11,4774,753,4284,59,12,7012,7591,14,0,0,119,5,22,9,0.6190476190476191,0.16666666666666666
OQew74_Bs4l1EHXh54QkHcTfKcElRpWRI7QuvNgez8kKZbbDBScF5nGz,퍼블 내꺼야,4528574583,support,1688,3,5,11,16356,13977,13299,49,5,22305,12165,66,152,28,161,6,12,13,0.6666666666666666,0.4166666666666667
JMeLq12lWLzRkOvHHcZuiZuBeCOuAE7N0DiBR-wHp4Fj,쨈 치,4528574583,support,1688,0,2,6,2144,485,5626,47,11,8640,6045,35,0,0,181,5,25,9,0.5,0.09523809523809523
JtDylXBQrGgIdahk2maVeZIie5VeMeFGSauKZLoPm0Mvdxe6ubRXsDCc,아이스달고나라떼,4477369579,support,1317,0,0,5,4054,8716,2878,13,7,3248,4441,2,0,0,40,2,9,0,0.7142857142857143,0
8R31CTvXTIovvMaBlNgp_gHcsJ5M9DwtdhgtFnf3l9RUifM,1000RR,4440650449,support,1401,0,5,8,7308,407,21680,26,47,13299,5263,33,0,0,195,3,14,3,0.5,0.18518518518518517
NIdQQQqrZl_KEk-Cfc1WAyOTAUEgtDLDF37RT39YDlZADvQ,이덩규,4440650449,support,1401,0,5,10,5831,1548,13508,35,29,14575,6096,24,0,0,85,5,21,1,0.37037037037037035,0.3125
nlnGVsA4z4VVKF7nbF-yssdThHpGnFrkgTlymWlvLs9HSyqVmfj2zFIF,늠이씹팔,4547238116,support,1681,0,9,6,4384,758,17676,50,21,17970,5969,36,0,0,38,4,18,13,0.35294117647058826,0.32142857142857145
WzY1nyOrofQU3yNZSEp34XuYHUMMjGurvsMBbFMy0SLx,잉런장인,4547238116,support,1681,1,3,15,4274,68,8989,56,19,9095,7647,33,0,0,57,10,26,9,0.5714285714285714,0.17647058823529413
d0d_xmhyRphDFRI2jQ0cLd4I78KzggLYQHaJrUJlQMHi,볶은 콩,4465991305,support,1679,0,0,16,5970,7057,7271,74,28,8773,7270,10,0,0,120,6,27,10,0.7619047619047619,0
-FJg9V3U_SDTezFhdcneLsU4HXNU3z2NYwagApjQfjh3,AIRGIN,4465991305,support,1679,0,4,6,5004,4520,7209,47,16,11288,5767,10,0,0,21,5,22,4,0.5,0.19047619047619047
hfzDf2B3C6IUXdg5YzKDVmEDFgNr8DOM9RxBNq4L0vPl,닥치고날개뼈,4482388623,support,1671,4,9,15,15475,1462,9082,45,77,19255,8469,31,0,0,112,3,21,8,0.7037037037037037,0.21428571428571427
e0DjS0ZoAN1XsLUck_AQe5rFMlzh9N3RXnHNyIc5Q3Lb3G4,소라카는버스챔,4537759940,support,1832,2,8,16,5337,21279,9139,73,25,12955,7285,13,0,0,131,11,42,11,0.5454545454545454,0.21621621621621623
oAYcLT-IH1v9awwYXXW42S2f-s4RxFlfkAxs3dJ9mVZZ,띠덜이,4547752145,support,1311,2,1,9,4978,4317,12518,40,20,9602,7125,41,0,0,65,2,15,7,0.4782608695652174,0.16666666666666666
9bmNxR8Smnlg4nWZBPjrZzOTKl6aq10IX8qOS3uqcvNTzZjI5qsGudZK,우갓테explosion,4547752145,support,1311,0,6,1,3773,2203,6581,31,15,13198,4146,24,0,0,64,3,19,4,0.16666666666666666,0.2608695652173913
rchGocoOYs1_t5AalrPNyt2S32ncLe2bMfsywvqcI8iDTas,발락 클라라o,4476771094,support,2172,3,5,15,15980,14798,8543,106,29,24410,10490,41,4,0,122,6,34,29,0.5806451612903226,0.1724137931034483
SG9HMmiH6omW05VaYVNMnZxxHSCd2J3aEcGc56hZT0xt,벽과 기둥,4467645975,support,1728,7,8,23,11717,19283,48487,51,35,40201,10965,35,0,0,389,7,19,8,0.7692307692307693,0.24242424242424243
6oAlmVDLbbTbnJiAddxoxyLXiwQYuAIng47A8QZn5Hbq,코그모파,4467645975,support,1728,0,10,19,11370,494,25164,56,45,21149,7525,31,0,0,158,8,28,5,0.5757575757575758,0.2564102564102564
V9Jx88fnoxaPcr7tgjFZoogKozMeUg6Ni6VqHm8au5hwwl4,09 01 1999,4548584959,support,1796,0,12,12,8439,253,20877,66,38,21957,6644,38,0,0,139,8,37,9,0.46153846153846156,0.27906976744186046
g1Jb0HrAZnhMexdqPWBcDE6PEyLUVixEctsrdeTyEOuQ,두둥 픽스 등장,4496270725,support,1894,3,3,22,13998,21980,4380,56,25,5927,9615,10,4,4,64,12,29,1,0.6578947368421053,0.12
92PQxdvGLuQ7HELB6auP550ogF6hozhtG2wMGvCjRMop,RuN HunTer,4496270725,support,1894,5,7,8,9639,5434,12777,70,25,24254,10798,39,6,0,114,13,36,10,0.52,0.18421052631578946
NUcm2ZzoQ6NX_5-tmtBy-KDa-YKUkuOd87TXloqmlr-9IRs,메 론,4300607742,support,1631,1,6,22,5893,8781,7870,66,26,12473,7469,30,0,0,100,6,22,9,0.6571428571428571,0.25
FH2skoTp06p-dmsDJikMmB4FAkNkdyKL1T2wucd0L8_q,말보루 핑두,4300607742,support,1631,2,9,9,6950,751,25327,24,35,23219,6374,34,0,0,134,6,10,3,0.4782608695652174,0.2571428571428571
AHyPdSQUc-uA8k-l6CYvBq51tgUbkdRC46A75gZgcp1l8RI,I찰스I,4442212373,support,1495,3,3,17,5482,5594,13181,46,26,9594,7980,28,0,0,95,6,25,1,0.5882352941176471,0.15
Ib4lXkP9kvzEp90TNkMUThXPWxvCphS0_4k7b_15SBQb4HI,Blitz a crank,4442212373,support,1495,2,9,6,6948,193,18909,36,48,14053,5983,31,0,0,192,3,26,4,0.4,0.2647058823529412
twauav4xQTo8tA3im-1lX6oPsP0atCN6ShKyCPb7B1Ly,니 세나 쩔더라,4546515882,support,1708,0,9,13,9068,12435,15063,43,13,20583,7260,11,0,0,24,3,24,5,0.4642857142857143,0.24324324324324326
bP820z98kAmEAb1ZgrcpQWwlTQyHtgfOQRwVpMJ5iYuOr4P00ZsxzYEg,데마시아루시안,4531403669,support,1919,1,9,14,4441,16156,12849,76,10,18983,7527,42,0,0,124,7,47,12,0.4838709677419355,0.23684210526315788
ewQd0Lv06txYBHOVxnpMP6gXNXdxrIsn0dLT5Mhe1N-DatHn8BtG89ZC,ilovedanchu2,4531403669,support,1919,2,7,17,8159,1904,18716,81,47,20262,8870,34,0,0,137,8,29,16,0.5,0.22580645161290322
0n6KZ15xsjZzBrOAHc-P8gM8hsCn6mJ6MGxzys1_RsZC3Gc,조소연 마스터,4526331345,support,2536,2,9,18,10250,3329,43391,112,53,27240,10684,50,1,0,159,19,55,15,0.6451612903225806,0.17307692307692307
hHQM8TLPeU5yh4fEk-a0F0T7bhLiZYj-NrvUeYLFaDUffsajPSneULIJ,정글말을들어라,4526331345,support,2536,5,4,27,18182,9624,17199,94,39,17806,11802,30,0,0,293,15,43,12,0.6153846153846154,0.12903225806451613
ATSDhJg8VaCpxow5G4oCOYW9boiJzcKkEvEs6ZOcj1c_rB8,챔피언쉽 갓레쉬,4360853882,support,1809,1,8,19,12653,7061,9012,75,77,24253,8821,29,0,0,110,8,34,11,0.5714285714285714,0.24242424242424243
zfJ6QvTrLu8_ih1D8EOZQzSfAHtWwRJeu2LktOdpDsWr,아들이보고있다,4360853882,support,1809,5,6,12,18329,2998,13585,63,28,15961,9660,32,0,0,194,5,31,7,0.5151515151515151,0.17142857142857143
VF9_JpiRcbNt9lUBQgcldN0qTRwKNlfafMHtyx8R4nPy,철두철미,4382049584,support,1210,0,1,8,4104,95,6752,26,24,4708,4856,32,0,0,113,4,14,0,0.4444444444444444,0.16666666666666666
jH2EY4l33tE2HcBkSTDq9sAxd0IvBEVL5xdstiLS3Xyql0U,채팅 도발 장인,4539884278,support,2377,2,6,22,9361,8265,31732,86,40,22642,10804,44,0,0,117,8,42,18,0.6857142857142857,0.17142857142857143
8w9Km8lpCVRw0paoNWzdONXotkqx5uAWN6hv7k1YcrYt,패배자 샤코,4539884278,support,2377,5,8,5,35001,1956,13248,78,59,24912,10646,64,0,0,491,7,38,10,0.2857142857142857,0.2222222222222222
OjnvyQ7xfA0TiM1rCQXrEj14W7qolqM0rGKVUP2PiaXHBaA,쵸비비디디박창완,4447151573,support,1261,3,3,4,4535,1705,6684,33,15,8914,5329,26,0,0,85,3,14,4,0.5384615384615384,0.0967741935483871
9-NuQlTTlF6_rzvzBrZ69nCIXDQG04S8n89-jlcDg89b,그랜드듀크,4385092776,support,1471,2,1,14,6201,796,18463,50,36,8622,7550,32,0,0,166,11,26,7,0.7272727272727273,0.1
C0VTq8EJEcPzp3nTE7s281Ya9cxJd4-abHdTi_cJZU2N,짜증내어무얼하나,4488602246,support,1629,3,2,11,6354,10463,5546,46,11,7611,8216,20,0,0,25,1,20,6,0.6666666666666666,0.11764705882352941
ZcCiGKOoE43VmU1Dwht5Dwd5ugVmlav_wVE3wNX4IZgnJwk,괴물쥐5,4488602246,support,1629,3,3,9,14308,7460,5880,39,28,11533,7424,22,4,0,146,0,18,4,0.7058823529411765,0.14285714285714285
195Drr6-iERBS5sYL8rPH0QmTE8vqlkSnTcBzXsQBcA2jBE,한녀 서농,4543590965,support,1455,2,3,20,6173,8779,8969,33,10,11154,6736,5,0,0,21,3,14,2,0.7096774193548387,0.23076923076923078
ZR8p5ae58Wcd6kzqASYPK7EL_CPtWPG-C8c4agC4UpIgbkDtY_D-w18E,dasda231q,4422867294,support,1883,0,9,10,9175,2383,18195,62,21,28579,6884,33,0,0,72,10,44,7,0.7692307692307693,0.3103448275862069
0UtaSCeNPLjXpBgqIpbn_CeAnXlHtVA5QRko112-WdN9,필 환 찬,4545726824,support,1267,6,0,3,11541,4250,5592,42,46,8359,7594,25,8,8,374,7,11,6,0.3,0
S01vHP60XwxF8MWeFIOii1_aOtG5NQjnix7mSR5H0eFB,니 퍼,4545726824,support,1267,3,5,3,6045,3563,7735,25,20,11708,5311,27,0,0,117,4,22,3,0.6666666666666666,0.16666666666666666
He-JMrWQSLXWv4a7muPYt-JVn-H58HHRixziCfRqPdUB,호저통메구토,4497189650,support,1912,3,5,9,9392,1820,31555,49,63,20626,8551,39,0,0,111,8,22,6,0.3870967741935484,0.15625
eGCr_O02JO5zA5hP3y5h79nKn3BtI-zxMfaFYorogOx_,소화가너무잘되,4497189650,support,1912,0,8,17,10739,3993,10977,50,29,19268,8185,23,0,0,164,5,20,8,0.53125,0.25806451612903225
f_dXsjnL8Cmc7zfQ1zOGYbmmseYbT2Z1ew2RRSUL5R75,훈련병 김지우,4372311107,support,1768,6,6,14,11004,6777,7213,41,19,20138,8971,31,4,0,122,2,20,1,0.5882352941176471,0.15789473684210525
9DXtBklrr2krTAplwn2anN6EItrQRPrYP_iwgSIsw3iQHrY,투애니원,4372311107,support,1768,3,5,27,12694,23994,5830,53,13,9207,8952,6,0,0,46,7,32,1,0.7894736842105263,0.14705882352941177
atheMBmDph627NTwXVXa_ciXJ3Af2asfACVym4sroPVE1W4,팀운 마렵다,4545918561,support,2013,5,12,14,19491,2405,20469,66,44,33983,10509,51,5,0,108,5,24,9,0.475,0.24
1WBcLHDZu_Fte0lN5O494NyN7SehlGUIfLY7TMIwOdC_,명불허전우리팀,4541482135,support,1741,1,6,15,6419,3315,26871,51,39,19769,7595,29,0,0,54,7,35,9,0.48484848484848486,0.2857142857142857
g2xw7ODSuupSEhy2umpnrXdhrtQXzZsnR4aEMRivkRdS,IM NOT A HERO,4541482135,support,1741,5,4,6,8859,2875,7219,93,33,14183,9706,53,0,0,129,3,54,20,0.55,0.12121212121212122
yWfwUl21GMDOa5RCVIlRECDhGddgb6JIKrQ8FlBWW1V-7bw,vwwvwwvvwwv,4547914190,support,1295,1,8,10,3459,0,7712,25,22,12325,5431,28,0,0,137,4,16,3,0.9166666666666666,0.18604651162790697
aeFVuPswOPTpO5BK9giGIGWONu8-nJbIkX6CvZlheLwHwZE,헤롱헤롱클쿨방울,4547914190,support,1295,2,4,14,5349,2998,5955,46,12,8804,6154,21,0,0,102,6,18,6,0.37209302325581395,0.3333333333333333
ZuYEdaFqP1BSlmQkQ56FOrST5UulS9xOItdflGdRoGPT,버스냥이,4548509668,support,1442,3,4,20,5965,2305,14039,47,32,13750,8175,34,0,0,114,4,17,6,0.7931034482758621,0.4444444444444444
_-KtGvVbowZLRreAYwFsuvN6hcnUq96-rLOq3bjYjwvsjGI,gold feathers,4548509668,support,1442,1,7,5,5528,473,6916,39,19,11484,5641,36,0,0,127,10,20,7,0.6666666666666666,0.2413793103448276
1d5frpou7HNNcWNCet0lh-iRTr9Bq2JdK9mzQ_MHzJFz,탐켄치즈,4548649557,support,1259,0,6,4,3843,241,11202,19,23,11648,4282,20,0,0,102,4,13,1,0.5714285714285714,0.23076923076923078
NsWMi9NFv8ffjNmHvCovnvv7S4pqFm_4G4yBqN0lt4qj,닉변한다,4548649557,support,1259,1,1,12,4688,724,9446,33,22,9562,6601,29,0,0,87,5,13,2,0.5,0.14285714285714285
gD_dcMTS1WPEGP_FFWzRmMimv6eIboNo9E3ETtG96qqArE8,지잡서포터전문,4271444311,support,1747,2,2,17,9230,17983,5751,70,31,8950,8626,40,0,0,85,6,28,12,0.6333333333333333,0.09523809523809523
cgE82n1SUv50sdCdTtRhQ-_EAzK6dtVerUkETs_jqJ8PcOw,봉풀주 룰루,4271444311,support,1747,2,3,6,4367,753,7870,58,42,10992,7285,28,0,0,304,2,32,7,0.38095238095238093,0.1
Po_VnpWpI_yKaepV2NotgCY5rcndiSfqcOKcKbt4ks9wW0FQLK47VLdw,비뜰쯔,4547242965,support,1367,3,3,13,16723,548,3328,32,31,7403,8319,45,0,0,133,4,18,1,0.47058823529411764,0.1875
j_DImw4DjaRGlUgsexKuBHLd-OhUJkFmE2X6rkHhr4V7,국화꽃한송이,4547242965,support,1367,4,4,5,7313,2908,6978,48,19,11486,6922,30,1,0,81,2,19,10,0.5625,0.11764705882352941
3nxaYyELapmpbWoCxZECNTsk3T_uUwr7LFHFO6daY_4k-DKU7Sr7o8dW,팍시티즌,4480507693,support,1209,3,6,7,11844,0,4155,24,27,10958,6627,20,0,0,125,4,11,5,0.5555555555555556,0.1875
fCWAmLd9R0GShIhUPNePTdZCCVHxNFL3Hp4v74DRf0L_,싱싱한과일,4507451644,support,1714,3,4,9,8007,11935,3925,28,24,6360,7030,6,0,0,46,5,17,1,0.6,0.12903225806451613
hsGZ-wrkwlornj0UTXpnhE147xtMqXFAUN1NLWj6wLjh,4강딱,4546811891,support,1899,0,9,13,5801,3257,25925,70,43,25916,7441,28,0,0,158,10,41,5,0.52,0.28125
1LHUhsvnrxv5NFtsoOtsPEBbeHzk7gwZIle46kXpvdo5,착하게살게요,4546616451,support,2092,3,8,19,7154,1240,18588,91,34,22938,10915,36,0,0,96,7,32,13,0.6285714285714286,0.27586206896551724
7xjniNPtrTJagmpwEfXSeKh5UB2r3Dt70BE_SOwZrB33H6bzjFg6gTz7,2020 eight 에잇,4546616451,support,2092,3,6,14,10745,120,14798,72,24,14092,8166,27,0,0,176,9,41,2,0.5862068965517241,0.17142857142857143
69v7JokP1tGMXPk1c1exzf4MjRsSMe9fHW8etKRL7E-7lWM,수 매,4537944265,support,1958,5,12,11,20168,1230,9127,67,20,18475,9426,16,13,0,156,9,45,3,0.43243243243243246,0.3870967741935484
Bt4NvZIMZ3Iloh2iHL5_fLm_KncpjNt8beiycBvvkYmO,박둘리,4545417963,support,1556,3,6,5,7556,8929,5319,53,33,16888,7851,32,0,0,90,7,31,12,0.47058823529411764,0.16666666666666666
EpgY2XAbwemsIiBkZnpZwRJIsRem3SxWRIBDD-3pVjbDf8suA-14kQS4,송해인,4497065825,support,1494,2,5,10,12416,7564,7132,57,42,13640,6630,27,3,0,133,4,24,13,0.631578947368421,0.14705882352941177
dyJcBnzwqP-Qwbu4nh3Ggx1djshqSEE0xC219O4lCogpODg,탁탁1초토끼,4497065825,support,1494,4,2,19,12130,11516,4609,24,21,4233,8241,5,0,0,54,6,14,1,0.6764705882352942,0.10526315789473684
spP3eo3YOvgO6bv4SjwrPjJTps9eUq3btpz1WRa3_I4c,개백수모테솔로,4404881675,support,1300,1,5,2,3893,2696,14654,24,18,12458,4651,30,0,0,37,7,14,10,0.3,0.2
PAuozEIvZ_SMPEXKV0yEnmtIqRXq46HELzuJYAGvVEa90wKxEc7xTPOI,충무공 신 이,4369474089,support,1473,4,5,14,12195,4174,7847,46,24,16018,8416,31,0,0,90,8,18,6,0.43902439024390244,0.2
e3dTT2yA86IT7BQJF1L1yyIyNwr3alBdBZwOf7LwcNgF,원딜텔들면나도텔,4541483200,support,1547,1,6,10,5901,6371,4931,32,9,8151,6340,3,0,0,35,6,14,3,0.6875,0.2
mvUwyD4w3w4t53xycJbDtqiXd175O3ElbenOvl-WrvuNE3I,올라갖,4500036926,support,1321,0,6,8,5900,3503,8527,33,13,12942,5424,24,0,0,25,9,26,6,0.47058823529411764,0.2222222222222222
hHAccaLgjyjLqJpZ78r1Dk3p7afNKrk7XF2AFxMm_YzH7ZM,JG휘멩,4436210480,support,1807,3,6,15,11755,7031,11536,75,36,18427,8011,40,8,0,271,6,33,9,0.6428571428571429,0.15789473684210525
8rqCsU6iZLphUWvUnHiE7vBB-L2GPMevvGwPpkKSgTv0Vbs,잘하지않아,4548601403,support,1384,9,6,6,13797,1001,9654,32,25,18340,9654,44,1,0,85,4,16,5,0.6521739130434783,0.16216216216216217
VrO9NcmKUnoJEWSo1nHA0q8B0UoGA2wVygh2e-4boZd9AaE,소나년,4460762144,support,2583,2,9,16,5357,29315,18521,116,37,20099,10270,23,0,0,261,9,49,19,0.5625,0.21951219512195122
2yq31wQPGm0hJxqvdn1SIsTVil7tQ0mCpAefvUja_zD1eXw,지붕위의바이올린,4460762144,support,2583,8,4,27,27978,36553,23870,100,36,24811,12883,29,0,0,51,5,49,19,0.8536585365853658,0.12121212121212122
sZkJA42q1d3wJW1vk4gbwfLOKGbTKbQvoIjkd4k3XEtR,qhd57777,4545595402,support,1772,1,7,15,4277,2663,12658,60,31,15564,7716,33,0,0,193,6,27,6,0.5925925925925926,0.15555555555555556
4PehPsuKfolx0cVyzgPKEehII_Rb-F-H0qTo2DOR-jI5B64,ELLEGADAN,4545595402,support,1772,6,3,17,12473,2506,27159,64,36,17649,10362,36,0,0,116,6,27,8,0.5111111111111111,0.1111111111111111
SmtpZxrFeONO2uGOf4B6Px8ZDZJZKG_Wat8sgeNWKizLcoZ0D-oYzJNv,한주환,4501759249,support,1503,3,3,9,5445,50,7539,54,30,9913,6653,28,0,0,77,7,30,4,0.42857142857142855,0.21428571428571427
693aD2lr3glLkbkBqJF7rphojIH0v431n2KyuzbP_EgV41c,정명진1,4501759249,support,1503,4,3,4,9553,1351,20815,44,18,16123,6638,27,0,0,76,5,22,7,0.5714285714285714,0.10714285714285714
qPDUh1xnLfVGIOdxe0LNAKNoXAoOJm9t2ULK3v1GCS92jO8yo-qKsxdC,Minpport,4195266289,support,1668,1,5,11,10165,9779,6432,41,11,12570,7805,21,6,0,20,5,15,7,0.5454545454545454,0.1724137931034483
AUEzFZ0pBI_jT0Wqji4Sp3jiDwseO2Fk0zWI4kh1frMSjgA,catunzoo,4195266289,support,1668,10,2,6,10076,6002,12166,53,17,17872,13323,35,6,0,96,3,26,9,0.5517241379310345,0.09090909090909091
Agfxys6vBAgwDy4kCqSwz-vpqMORagXAK9y8wcgNkyjDG_0,꽃가을,4532399005,support,1833,2,8,15,9910,2328,43033,62,66,20586,8378,34,0,0,316,8,38,4,0.5483870967741935,0.22857142857142856
ynkOgoN3TbUgXjOuSB5CE_4yIiaJnym_75A8sQAQtlwMCaQ,상관없음으로돌림,4344306833,support,1342,2,3,13,8133,17000,7988,57,36,12470,7647,22,2,2,153,2,30,7,0.5769230769230769,0.3
FjfSQtNiPhnK10RSM08t9WGTCqG0-zYAoN3eQwjajPkK,사고하기싫은사람,4344306833,support,1342,0,7,9,6845,2139,8520,37,28,15440,5596,32,6,0,120,8,21,6,0.9,0.2692307692307692
_wh7gh7eX64gHHdsSVRLBMv_stO1yMs0DEzXUOMkvgh0,이섹규,4415313769,support,1608,1,2,12,4048,1072,9126,67,22,8575,6938,37,0,0,71,9,30,11,0.40625,0.1111111111111111
I0t3mwhcLjGImluujVIF7MWIkODK-2I7YLnTL9Q8ABymX0Q,지나친휴게소,4415313769,support,1608,2,5,8,6833,1611,33404,40,52,19427,6806,23,0,0,252,2,25,0,0.5555555555555556,0.15625
39calS6frJmj8hJBe5lnpNN5E9b4s65FXGGZyN82XIbK,우디하이,4538639523,support,1571,2,3,11,8949,3004,17609,50,30,18176,7874,39,4,0,98,6,28,8,0.40625,0.21428571428571427
BCqOeGQdx5IkERs-87YzEl0ELHqHc6drLbwKUtVNKTcxFEM,무리만하지맙시다,4548653206,support,1270,0,4,2,2038,3671,1853,4,4,4563,3958,2,0,0,11,0,8,0,0.5,0.18181818181818182
7v7NczzdO4EvPuLqEwupXzYdw15gQwbJqVvlfJoRCWhw,눈사움 대장 직스,4547333296,support,1500,3,6,15,10836,3842,6205,45,17,10869,7867,34,4,0,89,8,20,7,0.46153846153846156,0.35294117647058826
I-_HA5OZpWifAROuW5Au9OoNsTAu9Wq-Kef6o0KbIPZ2,ad1208,4547333296,support,1500,3,9,9,13524,1215,5961,33,27,17362,7203,46,0,0,78,3,16,4,0.7058823529411765,0.23076923076923078
Cdv54m9MAH8E3Qm2dzIi_m3GItqR487QgghyCoDVP7Ylv6Q,Hild,4386041186,support,1723,2,6,19,6486,11375,27285,76,47,29619,7689,30,4,0,294,6,41,10,0.65625,0.15789473684210525
qLnbOfky58NmHcwCxOq6cHuDLqrz3VIXzeyEEa2SFHUCQ-k,CrimeCity Graves,4513838885,support,1475,0,7,5,4911,757,13947,33,14,14178,4825,26,0,0,30,12,24,4,0.4166666666666667,0.25925925925925924
cswdEMO1YxWwSa043W_uIFvBMKg-0KjPB8TRr7PaPfbzjso,Toilette,4513838885,support,1475,6,2,15,13341,11226,9502,45,28,15632,9997,13,8,0,127,6,19,7,0.7777777777777778,0.16666666666666666
CxYA183VuaJkQQG53gEPah1ZMdn8cMna9v5T-kYAIEBZDFkTSmib8H66,저오늘떠나요공항으로핸드폰꺼놔요,4540277266,support,1318,1,4,10,6170,1846,5807,37,14,12027,6182,22,7,2,39,6,16,2,0.44,0.2857142857142857
hBvyjz4b9C2AYPXYOtGv-T_Bj7lmdC597LY_-lBB0AhTXfnUZQAGdFvn,서폿계정2518,4540277266,support,1318,0,4,3,2945,0,6462,19,25,9583,4632,27,0,0,137,2,8,1,0.21428571428571427,0.16
rMSw6RKiTyIvqg9J6ucuxr2t7YyDVYuERqVeW6RBrc6e,엄마배,4517193536,support,1658,0,4,14,12788,3432,7702,46,23,12421,7322,28,0,0,163,4,19,7,0.8235294117647058,0.15384615384615385
RZP9etEaIv4dwMMFaFTUwNUmCpLGLfevhhEHsY9TT9vLuTjF58FoQyJq,zl 정 현 재 zl,4525007578,support,1202,2,4,14,6521,10487,10121,19,27,15424,6263,20,4,0,181,1,9,0,0.5,0.4444444444444444
gzCdtuWqQLM_c4DUvEMO8f6cE9kvl_TmnvAL52RnWz0i,뭐든주면다먹음,4525007578,support,1202,0,10,6,6399,349,17442,14,42,16182,4576,27,0,0,248,5,7,2,0.6666666666666666,0.3125
9TJl26lwhL3Beu-ixFNa4O6jjKMkD7DW3sqPm8D2yFw,하드로녹스,4544190373,support,1324,1,2,11,5424,2119,12409,25,28,10639,5543,26,0,0,64,1,15,2,0.6,0.18181818181818182
gUdqEO-K04E_izKIbHVioEbxAhLadSOcGFjUjYE7AKwy,너구리에요,4531457529,support,1665,0,1,8,6550,8508,2710,34,23,5267,5485,5,0,0,42,6,19,2,0.5333333333333333,0.045454545454545456
yx5L_OIjL2yyzcGzBYFQ_FUZyrYsY-KeCQyoYGlK33U_,울팀상체10벌레,4548256331,support,1688,2,3,20,8211,915,24282,73,38,11939,8575,36,0,0,74,10,34,11,0.5641025641025641,0.17647058823529413
fD1iVqMKEjyP2T_hBAJuLd-SECCiLLSuKT_Tw43gKvsI,트린다미어깨깡패,4548256331,support,1688,0,14,10,7793,1961,15034,38,42,23119,6186,16,0,0,73,1,18,4,0.5882352941176471,0.358974358974359
EpgY2XAbwemsIiBkZnpZwRJIsRem3SxWRIBDD-3pVjbDf8suA-14kQS4,송해인,4542329734,support,1672,2,2,17,7474,9507,11081,70,29,13341,7719,40,0,0,215,4,33,8,0.76,0.2222222222222222
kLk1I67-fcvrsB0AXZ6iWdY_g8-mpacQcumtxx4ugjWB-iE,용별휜혜,4542329734,support,1672,1,5,4,5037,757,6856,56,27,10519,6045,30,0,0,161,13,35,7,0.5555555555555556,0.2
F8nc7ec16dgNMKGXQB4OpHY7shaLsSmUqNmnjofmWaqZBVI,핑와샀어,4548598300,support,1730,0,5,2,2322,1890,11589,54,13,13863,5611,34,0,0,43,10,33,8,0.2222222222222222,0.17857142857142858
s_yUo9MQRA40Tij4RC21yjFI1n-7Qv8WE-kls_NNBX8L,노스킨장인,4548598300,support,1730,2,1,18,4821,570,8501,60,31,9310,8043,30,0,0,194,10,25,7,0.7142857142857143,0.1111111111111111
5ZWP-bbHa4va_gcGU2qkCoRaRDjaJZbvvCutjb4cKpwT,가지대장군,4430296674,support,1863,2,2,14,22479,2189,5068,70,39,10687,9021,34,8,4,137,7,31,14,0.5161290322580645,0.14285714285714285
tZ7Mgia5uf3l-JSRQ3BOQC_xply-6UUQ5CPfGEL407mb_3E,새벽제세동,4430296674,support,1863,1,7,9,6333,3570,8470,91,23,15615,6949,34,0,0,140,6,46,21,0.7142857142857143,0.22580645161290322
SRcjl6GpmVVFzjeckhswG6trZR_47FrH3kFqNFrXehufJOw,이삭맨롤,4544735855,support,1801,1,7,6,4848,0,22950,63,42,16336,7023,33,0,0,150,6,25,8,0.23333333333333334,0.2692307692307692
HydqPpW3TTZTh11CcD9BAx0RA5jprLkaAruZ4qLWX973rRdqFz2pd-nN,찬탈자,4483308235,support,1770,2,6,19,10127,9538,29587,65,46,20803,8178,30,0,0,137,7,42,4,0.5,0.17647058823529413
fiaUeGyJtL_ICVzytwMnaCaSt05SC4TSVOzc3nBZ1yuamCgR3N_nHMO_,Mie Mie ya,4543423401,support,1572,0,3,19,3532,560,5786,49,21,10464,7832,28,0,0,245,4,26,2,0.7037037037037037,0.17647058823529413
AIMTcp8ypL3ewOYoHc-3Hkvanu-vH9tWJ6xifvAXPiVOcCQ,리쿵따,4144300661,support,2250,1,8,19,9425,8011,24683,86,36,30550,9510,48,0,0,110,4,32,14,0.6666666666666666,0.22857142857142856
v8wSDRU51Z5z7jeFyhV8Rm8sVK-V8Pw3PY_J9YiBvwmWCGw,승철이의 주인님,4144300661,support,2250,3,8,23,16939,11384,9857,90,26,17050,9318,13,0,0,40,11,48,10,0.7428571428571429,0.26666666666666666
GOC6sxArlm0ClTga10S_VWSNtm7EseSr3VXLexO79jKR,헤롱냥이,4259491703,support,1413,0,6,8,4781,4537,7871,38,16,11429,4613,27,0,0,107,7,21,8,0.5714285714285714,0.16666666666666666
BvxHVrhDfr4YT6JIyEicQ7P1S57i2WzRwAX-ytWurgc,보오찡,4259491703,support,1413,5,2,8,6913,2293,16402,46,25,14634,7635,38,1,1,98,6,19,10,0.3611111111111111,0.13333333333333333
MeUXy7LBGTFCUXqylPFqFbOtvfZeHH3PiLAtgzQOrYOGwACzbWop1YSz,바나나 먹는 나나,4543450873,support,1752,2,2,16,15559,8089,7948,58,47,13028,9373,26,0,0,165,4,28,8,0.75,0.06666666666666667
Ipy9orPFh2SJDq1XU4JGlk5v6VjAABFsTmLfADbwuV8XorY,핑와 항상 2개,4543450873,support,1752,0,6,17,5872,2014,14763,65,30,11974,7313,26,0,0,68,10,32,5,0.5666666666666667,0.25
Ve4TRl3weR2O98u9TfteL9QS4iUoyY6X5CJ5pqcWAT6-pATQjZVTHwr2,탑신병동환자 SHY,4193277728,support,1390,2,3,7,8542,53,3490,43,26,7698,5584,17,0,0,116,5,23,5,0.8181818181818182,0.13043478260869565
3ESTFiuH7k_Psgen39rQhzFWG-msPAnx9KrzYwykIHOIxSTeDuBbgr6a,도착지점,4540920701,support,2099,1,11,11,12194,4252,54323,35,19,36958,8368,57,0,0,107,0,17,4,0.4444444444444444,0.2619047619047619
Gy9WbdZfLPYSLydTBMycCZcrVgL7qY0K1bM5BOSvoryDSkA,LunaDevil,4482412337,support,1437,1,5,7,15001,7,3826,37,22,8199,5733,20,0,0,154,4,17,4,0.6666666666666666,0.21739130434782608
ocKtf96Ti3d_NgBNXg5NVwj92jQGbUyS6dNifFOs8brA,꺼우져우,4547305514,support,2023,1,4,25,11467,16089,5175,56,15,10702,9680,10,4,0,42,12,25,8,0.5416666666666666,0.15384615384615385
m507P_TaQtWkgfqxgFb9p7i_V2qz4joTe7i2gKlfr0JJdaA,마진콜,4547849491,support,1691,1,4,9,4817,16567,4116,25,13,7325,5833,1,0,0,31,5,20,1,0.6666666666666666,0.13793103448275862
X_0BpYFmiVY9qAbn5So1T4vWsfYEpU0R_y5ODguP8rWE_cs,Lifes like Swain,4547069860,support,2183,3,9,6,9435,907,24777,82,41,20903,9338,41,0,0,135,13,46,16,0.5,0.23684210526315788
qq_NwpHekmkIaLUFNIrl3wB5seKkBaBkUH2mrk80Gi5wOxI,주이레놀,4547069860,support,2183,3,1,22,8808,1719,8212,87,35,9463,10475,40,0,0,254,9,44,11,0.6578947368421053,0.05555555555555555
1FayvxKom8Nl23JvwA07x0sPlf6RTK8tyP-2VR_E9278,시간도 길을 잃어,4548617765,support,1719,1,9,7,8204,927,10213,65,27,15711,6906,16,0,0,188,11,36,8,0.42105263157894735,0.225
uRUFnJrD_RZF616YyhoxaxriCrkOCjdsXMVyoxYAIE0e,닌니왕자,4546453192,support,1476,1,6,13,6853,1767,10820,34,44,15076,5829,26,0,0,77,5,18,3,0.6086956521739131,0.1875
roGKlbWAXuCIP7DZF8OszCp3Tad2QlQ_blcM0L2DP9FsC4Ug2ojBK75q,레오나원챔도구,4548690335,support,1623,3,4,8,5499,1006,23439,52,37,19103,6671,30,0,0,63,6,22,8,0.6470588235294118,0.15384615384615385
dhL8AkbePkp3N9f_X_IQ-B3GbR4F1ozzIAAJg51vT5Tb3Zc,나도그거할줄알아,4548690335,support,1623,3,7,7,10329,671,5585,51,31,9249,7288,12,0,0,236,5,27,1,0.38461538461538464,0.3888888888888889
oCreY4YgcPzK_-AcNfabDq2uYMspqw2dzoZPUCM1Y5CYLlg,핏 제,4197397146,support,1236,2,4,8,5389,700,4786,42,18,7749,5876,34,6,0,78,9,21,12,0.5,0.3076923076923077
xGPGf8Q5i4kl5b8OIXj1iS_6RoJfkItT0PmaS6bARkSLkTM,입털어봐처던져줌,4357577666,support,1860,1,5,10,5722,1195,12254,70,31,13502,8178,62,0,0,53,8,37,10,0.7333333333333333,0.25
PsLWO8aFo0rborwWiv78qIezOyLRe1-1WgflAeIrrYxq,독한이,4357577666,support,1860,1,6,9,2783,2543,18525,59,29,14046,7493,40,0,0,55,8,33,9,0.5263157894736842,0.4
SRgE5EutWJXUCxfrvsqGpBrO_W0I7M89uCKjxzn6ahBP,검은 세포,4543577791,support,2195,1,6,20,9556,1745,28836,82,32,21082,9677,33,0,0,119,17,47,7,0.5,0.18181818181818182
1q8drGa6WD-3B3GPqpu2BrfJi0uqH92NHCPnWniDJgs0cp8,서핑맨,4543577791,support,2195,1,9,16,13519,13400,14248,123,26,27405,9338,39,4,0,54,9,38,31,0.5151515151515151,0.21428571428571427
3MdxNQg_5wk5fOnLvq0EyXyjampNqHthBvTugnnqaXJF,베디야 또죽냐,4547417176,support,1409,1,4,15,10797,4261,5507,38,31,14118,7300,48,8,4,174,3,10,6,0.48484848484848486,0.3333333333333333
l6mcEpXhmzqNT7dgHV2vOWADJAaYjwbxo7ihVRjyxY_A_Lg,2ol6년,4547417176,support,1409,0,9,6,6977,9339,9695,31,33,13311,5335,12,0,0,206,0,15,5,0.5,0.2727272727272727
UVoNTl3isxzZDloAYGV0DMtBvx8PyXzv9Z6E0pObyWFYZSY,내일이란선물,4543515244,support,1504,1,2,8,6822,5897,3241,39,17,7734,6212,16,0,0,55,6,20,12,0.75,0.11764705882352941
M_m1zrnvp-X75ByV2lAg_Pl8QSRITkLOQMGETacnsz9T,신당동떡뽀삐,4548628428,support,1892,3,5,5,9255,1438,12371,69,31,18741,8271,80,4,0,231,11,34,15,0.3333333333333333,0.18518518518518517
MkKRorzj88JWGctraZMyIKwQ_CzQ8RbgXXSHpGkxcyCdtio,Savior Bomb,4541682190,support,2136,6,4,27,16396,6558,10019,117,62,20052,11590,27,0,0,381,16,51,20,0.75,0.11428571428571428
-ab62BnjZ6o2aH4-e_r4t_w4n05sxLUEbq8D1Qvb09MLup0,와꾸성애자,4541682190,support,2136,2,13,14,14327,911,39766,115,23,35198,8353,46,4,0,77,8,43,23,0.45714285714285713,0.29545454545454547
5vStwp0dPa3T0ewM4eRRBwvbFLPb52EQ2ZEnmMGVcr_w,소라카 정점,4432028633,support,2058,0,4,19,3821,28523,8827,106,38,12273,8768,54,2,0,175,5,45,22,0.6333333333333333,0.17391304347826086
PsU5jHyd-kwePPia3IMIb5C62j72F-epbilBX4CBLFI28sTGLM6kLKP2,Escapefromher,4432028633,support,2058,2,5,9,5597,4633,31552,95,35,21548,8512,53,0,0,66,11,42,24,0.4782608695652174,0.16666666666666666
lub16rdPiwcMF-xPgfeYGQqZJOwMm5JjIcV2nk_NL9zmLu2fGrOeoBfs,엔터 뽑은 보살,4500754626,support,2413,2,9,30,13949,27392,10734,88,38,14793,10433,13,0,0,70,5,48,6,0.6808510638297872,0.21428571428571427
NQumsAtk_pSLYkRTc5BYgjR3Wr4cA1Ajszd049nayuI4,찢지우,4500754626,support,2413,3,7,26,15451,6891,36717,107,60,28066,10488,32,0,0,156,14,52,11,0.7073170731707317,0.14893617021276595
FhMq0WoeUSzi7XbIczlXljgilLG674Q5xYe0LNerB9WjDsU-ISFYZLnQ,춘자야 시집가자,4474504621,support,2043,2,4,21,5140,35719,7655,93,23,10235,9708,15,0,0,152,15,47,13,0.6052631578947368,0.13333333333333333
RbciHMACcQoUNioPUfQmRkMLYcbTkON2WChL3wA7vBuWPW0,동구아빠,4474504621,support,2043,3,6,9,18251,5089,19476,71,52,21021,9442,58,0,0,89,8,48,7,0.4,0.15789473684210525
eHH2bEgUow0QwU-yBRNdt4a85h-7FoJjgt5I2fQRD0QWwWo,lvaD,4379008273,support,1805,2,11,12,11298,486,27055,68,31,27420,7443,36,0,0,107,7,32,4,0.5833333333333334,0.275
Y1UODG88NecYJw0IBxltdMImkdtmNwfP4CvrN0iCNdr-KLk,뒤치기 옆치기,4379810338,support,1917,1,7,3,5473,3236,13953,71,10,19728,7351,43,3,0,56,6,24,16,0.4,0.2692307692307692
IomNgjosNjxhIyrlG7-ed4LoqmRD89gVp4RXPfr40go,눈 콩,4379810338,support,1917,4,1,11,5918,16123,2112,38,13,3302,8848,3,0,0,26,8,19,1,0.5769230769230769,0.1
M6lAomPd_jszD5bXH9aZxeOjnE5ttiCsjeGQFXY9d_fjgOc,Kreuger,4546829824,support,1880,1,6,5,6186,539,12752,56,24,15014,6896,40,0,0,192,12,39,12,0.21428571428571427,0.13953488372093023
5f1mdeSnH3ZCW0ClMyehMhsik2L7JDgGYpoR5yI24tLu,밍기저기,4546829824,support,1880,3,7,22,8057,5294,8946,85,18,18226,10342,48,0,0,86,8,57,21,0.5813953488372093,0.25
qgVAZwXuydZyxy8pNe7IcldzJT_pCqx0HkuNMbiO4JGa9wY,Jelly TV,4539977687,support,1240,1,6,8,6600,5286,5773,27,15,10130,5258,3,0,0,49,7,20,0,0.75,0.21428571428571427
SAUbxZsrpwBi9egmwPDxtra1NqYkeXjJsRt4aY2jY7OJ1yk,fn2,4540286384,support,1403,3,0,16,5196,1835,12277,39,23,10151,7798,29,0,0,96,6,19,1,0.6129032258064516,0
-ndGlz_3_c4cpGnC7V0zTEzSZQbcrnoat4PuEiKHmceL,3OvO3,4540286384,support,1403,1,7,1,6432,1147,6901,22,26,12475,5380,17,0,0,118,6,12,1,0.2222222222222222,0.22580645161290322
mDnbJeB4HKZUenF5kHz9ZFOpKlo6CWBJTRlZ-n3Bqgso,qab,4548569175,support,1604,2,6,10,5812,377,11375,50,26,12736,6981,43,0,0,89,12,27,6,0.6666666666666666,0.20689655172413793
SWbKWBot4tuS5C78kYemxZ9pgiyGjTWR_dF4nhAk56o_,고 별,4190043420,support,1634,6,2,13,7234,3652,2487,54,21,6532,8868,25,8,0,126,6,21,6,0.6333333333333333,0.13333333333333333
C31VUZQKkvIfFrlGjyZp6P40aVTNzoDjqgtSqOQle3kY,도도해,4190043420,support,1634,1,7,5,3502,367,5796,35,26,10964,5943,37,0,0,139,5,27,3,0.4,0.23333333333333334
arlstjAJzb7SbeMs6yZQO4MMi4R2m8dDVMk4eI3ywHhE,나를 좀 구해줘,4526135710,support,2135,2,6,27,13383,6336,17419,81,49,24326,10087,35,0,0,76,12,46,5,0.6904761904761905,0.1875
