account_id,summoner_name,match_id,position,playtime,kills,deaths,assists,totalDamageDealtToChampions,totalHeal,damageSelfMitigated,visionScore,timeCCingOthers,totalDamageTaken,goldEarned,totalMinionsKilled,neutralMinionsKilled,neutralMinionsKilledEnemyJungle,totalTimeCrowdControlDealt,visionWardsBoughtInGame,wardsPlaced,wardsKilled,killsRatio,deathsRatio
4DlBIMhxYLgBOgxvjDgljrNKDo8OS4UzgjhzYOOEmS834jaU0i3Gux33,못한다고하면울어,4506621708,carry,1897,4,6,4,21059,2268,12315,30,44,20481,13488,256,4,0,1008,2,11,6,0.5,0.1875
yus_E2kw9ExkPzf24JoTwl3tes02wRdvrOn7MdLhF_xm,울산노잼시티,4548005743,carry,1437,2,2,2,12133,1496,4134,26,17,10358,7951,181,0,0,99,2,8,4,0.4444444444444444,0.07142857142857142
AzWJ3md46By9oajEIuNGmLdKPBtQDdxI0np9GiesPMDSgo8, Kwon Gumayusi M,4527596507,carry,2252,8,8,9,32937,5872,12995,30,5,21919,15329,198,27,0,96,1,14,7,0.6296296296296297,0.2
iyGf3_0v5wpkj14_WfU7Tr2lrJ05RAe3TABaDp7JLSIX,내일자살할사람,4506422484,carry,1876,5,9,8,21673,6270,15487,21,1,23561,12271,225,5,0,15,4,13,5,0.48148148148148145,0.2647058823529412
PhcKbiTa64ilL4r2yU-Wy_ThGtFyZpXK-v4w8NQeg6PB,vilz,4506422484,carry,1876,11,6,13,33967,6518,19618,21,14,26781,15325,232,18,4,426,2,12,0,0.7058823529411765,0.2222222222222222
Kattzkd1cxfETd_FGqsYuP-msJ6uMo0Z2YaCthxhra71,김성수팬티,4548241373,carry,1249,1,3,0,12140,704,3533,18,36,9044,7185,150,0,0,603,1,7,3,0.16666666666666666,0.11538461538461539
CiCu7c0VI8BIghgixty-PKXWodqK9gsZ21w5yzJqewsmSg63imJdXqc4,전설 오공,4518286588,carry,2354,4,9,10,21661,2695,13438,25,48,25298,12915,210,12,0,790,3,8,6,0.3888888888888889,0.28125
xU4A0wu3NdYdd6T-BEbdIHRGBBv3FJNMBzhz12NnmnKLBEM,응암핵주먹,4450281188,carry,1899,4,8,6,21163,1684,11425,28,2,18223,12199,207,9,0,24,4,11,8,0.5263157894736842,0.2222222222222222
SStBxI8rmHNpj5rN_PfaiMy2JqTFa6YntmadB9JroMIOQP4,오빠가갱갈게,4450281188,carry,1899,8,3,12,29317,4360,24045,28,9,18838,14949,223,34,4,372,1,10,3,0.5555555555555556,0.15789473684210525
Jxt8SAurXWRTBRX1R4bbF4fPMRvrzAzyU8Y20FgO5tWBueM,jean genie,4459745283,carry,2132,13,8,11,31853,6367,20246,43,4,30749,17012,262,26,1,82,1,10,4,0.6153846153846154,0.20512820512820512
oowoGonv44587TPmmt13Tk-U6ucwhBc5jhPSIeZLIpeN,노형석형석,4501680416,carry,1584,11,1,16,33114,1854,6892,13,8,10040,13034,150,5,0,196,0,8,4,0.6923076923076923,0.06666666666666667
0AX84rg5ajNzkERs6IrfIeVZejDeTWfJqlSXUBY0_UKg,아늑한 밤,4501680416,carry,1584,5,9,4,8234,1625,9534,12,18,20993,9601,126,4,0,52,1,7,2,0.6,0.23076923076923078
AeXhP6XiVspJBM7GYSIEgdggFCJicGJzzceseKS4Uo-e,입대예정인사람,4546535656,carry,1462,5,1,2,9001,1692,3885,21,27,9245,10048,190,16,8,620,2,11,2,0.2916666666666667,0.1
nMTlsl9zEp4I5DryDAKJ7nm6C_3cU13CByNb5NAOe6UO7Qw,우헹신난다,4546535656,carry,1462,3,5,3,10408,1959,5929,18,0,12705,7808,159,4,0,1,3,7,4,0.6,0.20833333333333334
0MbuDW3X8lBLQ6Whm62C40XkMjYzCVmNvKsQyPo_6UhF,언 인,4307057833,carry,2216,7,5,11,24894,9637,14433,35,50,29748,15192,220,48,0,938,2,14,5,0.6,0.16666666666666666
-LiOfKN675brSaYSpVGbsjpjpj2JD_rj_qCXlyvZEsMhhIo,칼날B베인,4307057833,carry,2216,11,6,9,37316,3898,23871,38,18,19052,18423,264,28,0,101,2,14,8,0.6666666666666666,0.2
wzxuENEAaGG1q__o1oRBc01j6RZFSUZDA13Nh54-yUOjo20,aweefd,4541927646,carry,2307,3,13,12,22002,2539,11984,46,2,29138,11019,149,28,0,33,1,14,12,0.3409090909090909,0.2653061224489796
kv-RHE5WvU_KregRJPjzA3701kF-DwWSbMADDSiOOoby9PFUSbR4IoYo,1 love uzi,4542258421,carry,2246,12,11,15,31827,10142,38482,35,7,39294,16692,223,25,0,286,2,11,3,0.48214285714285715,0.2037037037037037
T6gI8xLPloRS4to7StklkF2V_sTyEqp65jk8bOEOapMz,qi fei qi fei,4542258421,carry,2246,8,11,26,29639,4308,17590,51,51,39876,16713,198,35,4,928,0,10,3,0.6296296296296297,0.19642857142857142
r9VplgtF5YSPiro7wJrKTxX6mblu3kQAFADxLoTlElGQ,N0 Chat All Mute,4542117046,carry,3129,9,12,22,65917,2957,16009,33,32,36916,19602,302,24,0,498,4,19,0,0.5849056603773585,0.19672131147540983
MXpjtXts5eZhDi5fURZ0bAoqCQ5qpKC57OH2cIp1rYdU,박쭈원,4540774119,carry,1306,0,6,4,6676,1220,5359,12,3,12074,6575,133,1,0,23,3,7,1,0.3076923076923077,0.24
u8VDI47workPOw-30Up6AT5ywZF_WfCSZ-Fkp7YL3lZ9xPXuecsL4ZiH,보고싶은밤하늘,4540774119,carry,1306,4,3,5,7320,2555,4719,16,9,12638,9754,177,16,4,48,0,6,4,0.36,0.23076923076923078
lVwobyeKGyTtnWfw1AHGp_-qznr6PXP3EPVlQTsN6p8-,도레미파솥라시도,4432495231,carry,1954,14,6,11,30051,2705,21260,27,11,26758,14769,176,40,8,153,0,8,4,0.5813953488372093,0.3157894736842105
pQiwtSw7mMi_Gvg-Ms-hz8pEyMGDs1v0Y7YXvzBbwusJ,훈도람쥐,4548286064,carry,1400,1,5,4,10599,1299,5461,16,33,14314,7256,147,8,0,533,2,8,3,0.3125,0.2777777777777778
Q86TUSHibLqUgzdZlGlPpakRySRHTs4cjahrzveDAPYhtCc,이스카란,4548286064,carry,1400,4,3,5,13314,1920,4914,26,16,10165,8923,180,8,0,276,4,10,5,0.5,0.1875
x6rE6yMPSy5fU4MYT9JKRRWseH1TO4e0fW5H3IAW7hlOGgs,반만줘요,4538953159,carry,1797,10,7,2,27845,4216,13462,19,10,21715,14105,259,0,0,275,2,11,2,0.75,0.30434782608695654
s9l42l_amUcEkQfDk_4gzqNu5SJUmT_ZEeYpnT9dTh1IfMQ,나는벌레 욤욤,4538953159,carry,1797,3,5,6,16156,3311,5837,22,17,14662,12837,221,10,5,109,2,7,7,0.4090909090909091,0.3125
pS1Wsl4snWZfbnJHm7pSky5_jPYvke4mQaxjCd4U-OIE,김 원 달,4113725617,carry,1210,1,6,4,7019,1457,3143,10,11,9088,6129,99,1,0,30,1,6,0,0.45454545454545453,0.20689655172413793
lXRaKba530H3aGfmlbhiof_YsMO574w5lE8UeshqtiaRN8w9wlkv8lWy,밍망맹,4216879208,carry,1292,6,6,2,11789,458,5247,9,2,12536,8691,145,0,0,19,0,6,0,0.6666666666666666,0.2222222222222222
X7eRUJ68xFb-Pm-MRttmNp7ektsz70iasCHUkvbH9m6heY0,힐이필요없는사람,4468395745,carry,2113,7,0,4,10176,2689,16736,40,4,10159,15791,253,42,7,74,3,11,13,0.36666666666666664,0
xfGaz2DyrZFJOkTRo7NJiU5f2oX7ZYNjHv-ZAo1EfTFMjoU,디노님,4468395745,carry,2113,4,6,6,20464,1841,10852,28,7,15464,13956,255,20,0,320,3,12,7,0.625,0.2
9fSAm1kdHB4k2ha-4XpsWc8zbIx1OP0oRbupvJU08h6D,Deean,4530623879,carry,1394,7,4,3,16421,1246,6224,11,6,14641,10453,156,15,9,62,0,6,2,0.3125,0.36363636363636365
cQ1qZ42__2xDkZhyO4fvXWAihyo9pAIdtiJluByNMevmmJc,유리수네,4547537583,carry,1970,9,8,13,29216,6837,14467,24,1,24409,13962,211,20,0,16,0,11,1,0.6470588235294118,0.27586206896551724
KOT8ndp1OAkKjx48gnoIOcByK4sFmC00yO6Ii8ik9BFH,노란색주전자,4547537583,carry,1970,8,6,9,44203,7893,18837,17,18,28975,14072,189,42,16,244,1,9,3,0.5862068965517241,0.17647058823529413
lE4IYywR-L8ZUOFJ-fN0hEauhFp4NFWcM8h-ouV9ishLfgM,bouffee,4422753565,carry,1527,12,9,15,21456,2738,8101,22,46,18153,13543,160,4,0,599,3,9,5,0.675,0.375
IMKzBU2TlPlo2kjvHEkN_5X6nDqc47ae0nXIFIw1Igo4NNh3JLPWHihs,혼자다패는사람,4422753565,carry,1527,6,10,8,19734,939,8627,19,18,18487,10946,161,24,0,193,4,9,3,0.5833333333333334,0.25
yFg0nfV1A39PBloGCFZUSP6EpV3cS-aORzfC4_-DNwdw,E용주,4547083491,carry,1238,0,5,3,4125,1515,5199,10,0,9316,7551,157,12,0,0,0,3,3,0.13636363636363635,0.45454545454545453
Xt8sTHcAFJoM4dVLQOZeFam1hQNtPQDYjlWT4-OoKvqghm4,또 윤 이,4547083491,carry,1238,4,4,3,8482,1549,3602,8,2,9192,8684,151,4,0,47,1,4,2,0.6363636363636364,0.18181818181818182
si9bTVqfvfZ9LompdsnThuHrBVgacVzq1jnHb4aP2XGAdpUJ7bnEHshB,ALLKILLBB4K TV,4532004376,carry,1534,9,6,5,24596,1416,8502,17,56,15864,11516,170,4,0,773,1,7,2,0.4827586206896552,0.20689655172413793
Y2DoexXaE_4bXOCyln6e2SZlkFjIyMp7jtkSpkWnq6on,WONDPER,4532004376,carry,1534,8,5,7,16650,4919,9433,20,14,18811,13156,207,8,0,283,1,8,1,0.5172413793103449,0.1724137931034483
drYE-JG0uCEDF-6Sb6KhTqr7RCKv4WyZlY5QQ7DFNEx4N0ozXkKbIdXx,lllIIlIIlIIII,4357878749,carry,1964,10,8,5,33970,3967,14766,16,26,22029,15323,230,15,0,230,0,8,1,0.7142857142857143,0.17777777777777778
Vmlf_bynaNiUKNj1nddxlYjYtW7gmpGAJ8L7b0KRaLLW,뇨 기,4541566321,carry,1851,14,12,12,29086,4265,17180,19,1,28986,16764,190,8,4,34,2,7,5,0.6666666666666666,0.2553191489361702
CEtBpnKQzU0clFEyC_o4oOZK7uOM23C9G0PEtQ2cLnsQ,아모고또모다조,4488047452,carry,1620,4,11,10,17892,7296,8877,25,52,23246,8716,102,4,0,152,4,7,8,0.6086956521739131,0.23404255319148937
YhTAC61EFcfg3pIaEBh_xWBr5HYuFu0hQG-z175xvD1_ydKhd6aLAFmL,야한게좋아,4539160324,carry,2011,8,7,10,24771,2660,13567,31,3,25029,14606,210,33,4,38,2,14,3,0.5625,0.20588235294117646
U4a3aErMfxGT6AMGoexdFEKZDjEtCG9DVDDglXNvNm5t,구웅몽,4531182921,carry,1504,1,5,9,11284,2439,6931,28,34,16726,8149,169,3,0,594,4,9,3,0.7142857142857143,0.1724137931034483
R5GZliPFwsqUiyKbKYTrvLJNCSGxNt-JkhLKLD_U9EGg0Oo,모든챔다함,4541910171,carry,1739,14,8,16,38045,2556,15314,29,11,21062,15841,172,24,4,114,3,12,9,0.7142857142857143,0.2222222222222222
ALzX4cJ2GVWvyIMjm7TE2HUJY-zP90bxK6pjoPQYKtlh,바람의나라사과귓,4539066855,carry,1677,2,7,1,10335,751,10773,10,2,19770,8236,167,0,0,15,1,5,0,0.23076923076923078,0.25
ovboNPA9wjxxbwqmrdpVRDJ7iiuV2OaF_yPE4l-1aTZY8fCxHImlYnyW,xG Altrus,4547900598,carry,1780,1,7,4,11623,1992,6736,18,2,15462,9929,171,0,0,17,0,7,3,0.2777777777777778,0.21875
HT43u6uf3TxYSEg1GKgnpzEmzW1KCE56odsp8kDjIUmtrYU,오염성,4547900598,carry,1780,8,2,13,19097,2381,6344,22,42,13324,14888,203,35,15,813,2,8,11,0.65625,0.1111111111111111
JDmVajyOQcFHk0OGOFHdyQmjZ7bkNCF4PLD92192ODWfwmhsIpH6OXsn,쁘미얌,4548597062,carry,1717,12,4,8,26577,4469,10353,19,4,17579,14758,191,12,0,68,0,9,3,0.7142857142857143,0.13793103448275862
nExg5a1ARUOOsj7YQryvnVFFA6GaDGgy3a7ZNX3mHsxTr5k,Kaisa Carry,4543220588,carry,1417,0,8,3,7177,245,5773,14,8,10705,6530,132,0,0,113,1,7,3,0.3,0.25
aCTBELG71KE0MgG6R21qr3NYz1FnemGXw9lxe2ISAMcx,킬은너네가다먹어,4543220588,carry,1417,11,1,14,18226,2630,4803,22,34,9397,12443,190,9,1,595,3,8,2,0.78125,0.1
UME4kxjOy_STu2zpgFIQ-R3NUEAT2Ep2tfcHQrzV052D,찌찌빠빠,4127697217,carry,1700,2,4,2,10437,2092,5360,13,18,10867,9447,207,7,0,106,2,10,1,0.2857142857142857,0.16
E9sF9caNNpdMFK7iyw4-JU43tmuN49z7q6DINKyB2Lg,항불이,4525246476,carry,2016,5,8,3,22467,2352,15139,29,14,18539,12777,207,9,0,338,1,11,4,0.4,0.25
bV2KjLuGykVwbhrrRjh_RHzj6kYHhICQtQY3Ew2zPDSb,불로장수,4525246476,carry,2016,9,4,11,30834,3340,9569,36,51,19334,14702,232,24,5,976,3,12,3,0.625,0.2
PUKhFX6gUU7-r5McFJZMDJBTAsWYcP5wPDU2oSgLlII-E4hhFoBe-9XC,닥터 스트레인지,4468864368,carry,1457,4,2,6,13349,1838,4589,16,7,10837,9676,147,8,0,23,2,7,3,0.5882352941176471,0.18181818181818182
madHVQEteWHWbmyp_Vsv3xts2hJf1O4LAvDZNutyiXqW,도와줄사람,4543199557,carry,1560,7,7,7,18493,5198,10023,20,0,20661,12135,201,13,0,0,2,8,2,0.5384615384615384,0.17073170731707318
hregGqYzv8kzc8E0W_iagTmA9rn8XtTwWDhQ_klJyteFjKc,Little Poor Me,4544634732,carry,2374,2,7,5,23172,6043,11852,37,4,21128,13825,244,4,0,300,1,14,6,0.3333333333333333,0.2
9FgYP7HbqpF6MrvxE8ESOgtmMxCrlFY1pPSRm_7H2Gh0fQE,쉬 즈,4544634732,carry,2374,9,2,12,32134,5267,12227,55,35,20798,18510,289,41,4,186,1,15,11,0.6,0.09523809523809523
2NuW-S0L-EFKwxhbXktA8VdGLQzgLRF9p5mg74GJt7Zd4cctS2SeSMPI,봇은 걱정마,4384052618,carry,2002,11,4,11,32818,3891,8318,32,8,18989,15111,180,28,4,108,3,12,6,0.6666666666666666,0.10526315789473684
5lQ6Z5P0JVPQW-qTbEd_EOrrpyWvTIVvzi1eCus7f5FZ,물개는야옹,4384052618,carry,2002,9,8,13,25547,3679,13621,29,11,18929,14027,169,28,4,273,3,13,3,0.5789473684210527,0.24242424242424243
axmZCytImTMmfcnQ5lvJ9Oh54Tu5NlGqpQD_xQk5cd1b,xjcl4,4265422782,carry,2174,9,4,6,24625,3771,22498,34,8,16409,17471,282,24,4,120,0,12,5,0.45454545454545453,0.17391304347826086
pCVsUYiMdOrvbeIv4WuULPeDPgSwiMtt5ZWL0Gc0_alwf60,사쿠라주먹,4368952729,carry,1306,3,4,7,13809,2694,5034,9,4,10390,8452,133,8,4,36,3,7,0,0.4166666666666667,0.3076923076923077
pdR-BW0AAG-kLESRpPPTexyjQy9AJ_OnKUHooKuaQmeIdBs,XoY,4419400667,carry,1690,1,9,7,12619,2428,11441,17,9,17985,8447,129,4,0,216,1,10,3,0.47058823529411764,0.25
GzF6S-OCw1TGwZybAHmXwCDhR6wroMQLj7jeejh51_y9ohiOSw4rTl9F,JUNBBB,4528574583,carry,1688,4,2,8,12529,3550,7782,18,2,11002,11354,174,29,4,87,1,9,4,0.5714285714285714,0.16666666666666666
KhLX5zf7Fl-mMrUgZXhXvMSMXs4kkPzR3pmXpwz6fsqT,돼지사육,4528574583,carry,1688,4,3,5,15358,3051,9317,20,51,16935,11750,239,16,0,1113,3,10,3,0.75,0.14285714285714285
oT5Xxhp2r_XG11iivlWI4pHEXn5btB1eOTrF89qCI0Pn,vRM,4477369579,carry,1317,5,3,0,15379,179,8246,11,0,17686,9637,157,0,0,0,3,6,1,0.7142857142857143,0.1111111111111111
xjcyOBUD-3ytXUCCVoBo_HFepS5wCIxYU85xceWiV9el2IQ,다리는현수교,4440650449,carry,1401,2,3,2,11604,2019,4903,15,0,10184,7534,150,4,0,0,3,9,0,0.25,0.1111111111111111
wQqfRd-372-lZZOV8AdXSpU7JxZLozjxB6w3tZ7aYqP4,예쁨의 시작,4440650449,carry,1401,6,3,2,12187,1336,3133,19,10,8754,10020,161,4,0,57,2,7,3,0.2962962962962963,0.1875
7MERrRqPesWBH2mEPnIxVWICr3fu6lG1dJDgcGKi3N6Yk2YGha-dPjKG,Deftfan98,4547238116,carry,1681,1,4,3,8132,2454,9381,20,27,16565,9142,207,20,0,861,5,11,3,0.23529411764705882,0.14285714285714285
CmRuI3e-paeFun03NG_V6Q5aV1wGxsVMek0_mMORd9C68JPmyx1fvC4c,미니언제발주세요,4547238116,carry,1681,13,1,5,25963,870,10411,30,4,13583,17382,255,57,8,88,6,14,2,0.6428571428571429,0.058823529411764705
F7ww3bSDBalxl2njJDx_BxNJuBGucTmb2MEwVp_p2uVaJl4,Tl Gumayuxi,4465991305,carry,1679,11,0,3,27211,1651,5481,24,15,9264,14484,210,31,16,83,5,13,3,0.6666666666666666,0
0r_7-kRi5U_xSnXwq3hJfiU_61IZMIJRHRMDvupQGASNcZY,현상민,4465991305,carry,1679,0,6,0,10300,1773,8480,30,12,17918,8076,185,12,0,25,4,13,7,0,0.2857142857142857
1Ub7qheGYpjORYETbElcGNox8yqlEUCtWJS9oUCWYon63Fo,심심한 원딜러,4482388623,carry,1671,7,7,11,18557,2197,10376,20,21,22299,11494,172,13,0,453,2,10,2,0.6666666666666666,0.16666666666666666
vtVudnU_1mj8Y6SaeVkaQIwecZ-hn0gNGNgKUeCVcbQWAd-EUQHa44OJ,bestjojo,4537759940,carry,1832,6,10,10,17890,2447,10600,21,0,23832,12664,229,12,0,39,0,8,4,0.48484848484848486,0.2702702702702703
ZdxKIxLp0TVgQLCJaMsWSD3JClKIPtSrBR9XngIbPo_0,쩝쩝쩝쩝쩝쩝쩝,4547752145,carry,1311,3,2,5,11024,1551,3506,16,0,9779,8016,145,0,0,0,0,6,4,0.34782608695652173,0.3333333333333333
ghuweE0tNH_W3jp9FBZYvwJo6XGRuOYLWkq8kGMZm5olsxDdg0LTMn-a,채팅안치는피오라,4547752145,carry,1311,1,4,2,13793,1443,4628,7,2,12618,7090,145,0,0,12,1,5,0,0.5,0.17391304347826086
c3p4Wm7G9E0FTcDCXU_ArVZ16v63pTdu-MQkBwIiS9OyC44,부계양학죄송,4476771094,carry,2172,13,7,4,33638,7573,16669,36,2,34205,17936,267,21,5,50,3,10,9,0.5483870967741935,0.2413793103448276
1OHMP7tVLBMQBpAv1WGZt9tkaIuMS4XviN83YdS1RBUDvB1ckfs-humZ,상 뤼,4467645975,carry,1728,9,9,16,26867,2351,12556,32,7,17994,12324,168,12,0,212,5,13,2,0.6410256410256411,0.2727272727272727
C0v8Na8oDbvdxsaXgttGRSeyC0DVM0YgqDXa-iYzwrBStK90ZZUiMMP9,Doreen AD,4467645975,carry,1728,10,9,12,37607,2008,8645,17,18,20083,13086,179,13,0,40,0,7,5,0.6666666666666666,0.23076923076923078
E51DchbMLFDJbYTuM-xbhIsixiEAO4s_VwDx79ZVMsow,SKT TI Daddy,4548584959,carry,1796,10,7,6,19858,3093,13673,17,5,17249,13192,211,11,0,230,4,10,2,0.6153846153846154,0.16279069767441862
O-Kc5beGqjDQ-pvACNWT-FzpcfmyNfFUadfvbF-Zi5XcLYb4HZPoSZzg,우두머리 탕수육,4496270725,carry,1894,9,6,10,31113,2518,14427,21,11,23770,13875,207,10,0,230,2,9,5,0.5,0.24
jXC1ijbBLbRiBgeawoOIf9g0oZ59EAQ5I-2oV7Q8QpfE,세 삶,4496270725,carry,1894,1,9,8,15143,3445,9833,21,2,21568,9302,152,12,0,33,2,10,7,0.36,0.23684210526315788
9X3tketvN8vrAwUTbzNHfQ6a0xoLlIRwZi7jFkPYhHJJ36E,선진리 원딜간다,4300607742,carry,1631,8,3,13,21181,1742,10184,27,23,18331,11866,174,8,4,288,1,9,6,0.6,0.125
fvFSaphCW8I4pjZnpwUoJC3hksOrhtKdxdeR6ez9yzY,세나와 영혼들,4300607742,carry,1631,7,5,5,14698,2515,9411,23,3,20302,11174,191,12,0,81,3,11,2,0.5217391304347826,0.14285714285714285
aPA9RoAGWxiM_Doq37vacNzNET0ADvLP976N6Z7fyzAt,노로시,4442212373,carry,1495,4,1,9,11204,2479,5073,21,10,10779,11211,175,20,8,126,2,9,3,0.38235294117647056,0.05
7HQQvLRNOBIBw4z8hvwPnO4l_4nq0d8ZRrQcX0uMB574,U Artist,4442212373,carry,1495,2,3,6,17841,1806,4959,12,7,11543,8572,178,0,0,179,2,8,1,0.4,0.08823529411764706
quVhM-voAR_1oWEGqsS2XZH7KScMfGV2IEX9F_l3vR9J5xSGoAIqic7w,단식왕,4546515882,carry,1708,3,6,8,21763,799,5085,12,16,14371,10034,175,4,0,173,0,7,2,0.39285714285714285,0.16216216216216217
57R0XFRUO7Z7L4uTKHB3troIRZHehUXp4xwL5d5DtDQK,Hello Fox,4531403669,carry,1919,10,8,8,28839,1520,18215,24,8,21239,12209,162,12,0,234,3,11,5,0.5806451612903226,0.21052631578947367
AmVsx7cMr1OHuNxV5cdKwM1LxevjKrO8Tx1HK7C8M2p4nPFFtJ8RgelU,유 재 균,4531403669,carry,1919,11,7,7,28934,5982,14271,17,6,27179,14910,206,32,4,90,0,8,4,0.47368421052631576,0.22580645161290322
oekM5-6a4dJoUwp8Yv833ZERzbTiYbgotFb-_ALX5bxA,지금 갈게,4526331345,carry,2536,3,11,17,37906,6167,20845,16,8,28281,15608,264,12,0,386,0,9,4,0.6451612903225806,0.21153846153846154
Md-q0JqwIUSPeknhvj4_39fLnYFUSS15c9fiYYWOc2Yd,첼 시,4526331345,carry,2536,15,6,15,44031,7686,16773,37,35,28911,19432,280,52,12,220,0,15,7,0.5769230769230769,0.1935483870967742
hJ5sICAnHrWo9wiYEc201Kp2UOMif97j0AcvAH1xHfyF,cwdliepqoriqrie,4360853882,carry,1809,12,8,3,21048,4049,10911,14,19,20885,13962,160,14,2,135,1,10,2,0.42857142857142855,0.24242424242424243
J2R2276307YmVtBiz-jrXjNEyNJQB0dAcZI4pOeDQjdA,축하용,4360853882,carry,1809,4,5,10,27828,2949,6083,30,20,16806,12256,214,4,0,252,2,13,2,0.42424242424242425,0.14285714285714285
nsyauL6fpbhUseKPYU6Yx2luqnrrdpFxycnPzuSwPt0tbNE,차늬차늬,4382049584,carry,1210,5,1,4,9334,1075,3813,26,12,5908,8984,184,9,1,122,4,7,7,0.5,0.16666666666666666
b6BMSGtSzluZT4RCBV4VXuvf9vBsikISOV3V9PZMTOBcYM0,원딜인권보호협회,4539884278,carry,2377,17,7,11,48805,9399,21584,45,5,29593,20932,294,8,0,39,0,10,10,0.8,0.2
lZ0L6gNmK2utvJH5_HxPaIZi3yZgSqv2ID5JEC5tAje2,crazycrystal,4539884278,carry,2377,5,4,9,29146,3288,9312,33,44,17759,15761,244,49,9,199,6,15,4,0.4,0.1111111111111111
by7zGOzoIJdNfoDwc7sSwdmcgLnTu6g8qO-ll8P5bY7E,탑카사딘,4447151573,carry,1261,2,6,5,9805,708,4122,9,0,9719,6513,121,0,0,0,0,6,0,0.5384615384615384,0.1935483870967742
oehOF0PMSf0tdy84O7Fxli5OmL9QEkATmhrbcqSqJwlP,Just a troll XD,4385092776,carry,1471,11,0,7,20872,2091,6844,11,1,8435,13799,217,8,4,42,1,8,2,0.8181818181818182,0
K5ZY1gDtyYyN0k5tx51OZbXTDHYLJZh9XKejcL9S-JJUHd0,내친구 대머리,4488602246,carry,1629,6,1,4,16375,1209,6219,27,7,13943,12291,215,16,8,101,1,9,5,0.47619047619047616,0.058823529411764705
4PgjRXO7mQU6HzcHB5VshQHvWv_KARhzkXPAICkxNctu,연습모드,4488602246,carry,1629,3,4,3,8960,701,8495,26,5,9802,10154,213,8,0,121,3,12,7,0.35294117647058826,0.19047619047619047
nzmE3UlGJdnzEVOouwWIEzrTYgkSzYa-fVIL1GoSUBwUqSAkKPZ56Huf,한남 은현,4543590965,carry,1455,9,4,13,24944,3214,8508,23,15,16375,12095,207,10,2,93,0,8,5,0.7096774193548387,0.3076923076923077
68NIaA0Lmd9m1dUGX1JL4SNYz-DY2Sy-3gHbtJtDn1MKZ-G-a2AdbXYs,빅스택,4422867294,carry,1883,3,5,3,13828,3408,8285,14,0,15337,11668,212,10,0,0,2,5,2,0.46153846153846156,0.1724137931034483
yJyNyoz09O3jUiuPMFmtPUKWZMm-xUIulGNO0XYYVlFb,엡 쇼,4545726824,carry,1267,4,1,7,12442,1757,4057,19,1,8310,10289,173,0,0,24,1,7,3,0.36666666666666664,0.1111111111111111
dDK0eNrK_TSSrCOYlHdp0EW9YUwdO_pAEU6ccYxdaAmXlJHTqI5jgeLc,ExduLove,4545726824,carry,1267,0,4,0,7717,2130,4586,13,16,10563,6682,148,0,0,25,1,6,3,0,0.13333333333333333
txQMqbqt2IN2HnKwA5lBOHgd0O-e4zTspDJIY7vdePx-UXM,AD Yayne,4497189650,carry,1912,5,7,10,24908,2457,15055,36,13,19863,12057,204,16,0,213,2,12,2,0.4838709677419355,0.21875
FPcBJE4R7gAPVZeq0Y_7bC7UCbfQY0oMzgWJnvuhS29ldTo,xiang da ye qing,4497189650,carry,1912,10,5,3,25967,6769,15764,21,0,23500,14335,228,16,8,4,1,10,3,0.40625,0.16129032258064516
PgkNnfpeBct1S-r7Gwur50SCMxqomKXXTNACw8Nz6IKgNS8,of Named play,4372311107,carry,1768,5,8,9,18151,2174,10175,20,38,21266,11850,177,4,0,622,3,9,2,0.4117647058823529,0.21052631578947367
t04NbAt5FXM-LmnJ1wDjIqJCrqQSWms4J_3Ljw_85k4B,이준휘파람,4372311107,carry,1768,2,7,17,19758,3378,7446,18,8,22341,12104,194,14,0,122,1,9,3,0.5,0.20588235294117646
3_iUY9RP9-QVK0p2OoO0Qz3x05I95vtZngqUidJtfb_v,개얍새,4545918561,carry,2013,2,11,14,25358,3398,20363,19,26,27120,14889,259,38,4,301,1,9,4,0.4,0.22
-L2msWf06NrfGimAYsOfkXB9TLJp00QQcEtGceje9Q4b,슬기로운원딜생,4541482135,carry,1741,6,3,10,16135,3282,6304,27,8,12181,12899,232,12,4,111,3,13,10,0.48484848484848486,0.14285714285714285
jOg4xt4KE7bZJuhgJPLDOxEr3y2-bxAB1LAidJrbKgA,딘 건,4541482135,carry,1741,2,5,5,12393,832,7448,10,0,13394,10174,219,0,0,0,4,12,2,0.35,0.15151515151515152
48I5-JIedFe9KUtxzlEne6k8CIuZfSjnga-BUZ_varbwSBs,전영후,4547914190,carry,1295,5,10,6,18222,2007,8090,14,36,17841,11133,155,0,0,596,0,7,1,0.9166666666666666,0.23255813953488372
i0aBO4uRI-sMjYka-Xc7ns2c5IdeBHQuEqtKfoIBUkYyXXE,DRX 코로나,4547914190,carry,1295,8,4,8,14632,1426,6317,11,3,10148,9982,127,8,4,103,2,8,1,0.37209302325581395,0.3333333333333333
Ys4QGeiac7gDhbS9fiDPoA1vKCMCRxJMTs_SSYIjU2h9,제이베어,4548509668,carry,1442,11,3,11,17457,5737,8994,32,21,16264,12779,164,28,0,245,5,9,9,0.7586206896551724,0.3333333333333333
pmanTWEl7igGC2UQxq-ADs8m29Ijyr44555Zurr-qLY,정  점,4548509668,carry,1442,3,6,6,15466,1218,6472,18,40,14677,8631,155,13,0,590,3,9,3,1.0,0.20689655172413793
zEfnkwAZRY18KK2B8aXT6oVaTIS23AEApTyUb7mUk1jY,something season,4548649557,carry,1259,1,6,1,6800,1907,4856,12,6,10009,7298,159,0,0,17,0,6,3,0.2857142857142857,0.23076923076923078
AEaJ9Hw4ohldHcJixQN0IjdcPMX40BrIqPws9K_bKnspSjo,3데스하면우투부,4548649557,carry,1259,6,0,8,12841,13794,4561,14,16,10516,9690,129,4,4,74,1,7,1,0.5384615384615384,0
tgAbL4B-6jFaaS4vbmcf4t4moXlpFtZyJqqHQ1_uEkdp,팀운 리필용 닉변,4271444311,carry,1747,7,6,10,24013,1487,10209,19,12,15067,12678,181,24,4,251,2,9,4,0.5666666666666667,0.2857142857142857
whyoSDsfasOlLkAaLogkf4iCBnLDm3ic5-0fOStkzDaz,내가 원한 일,4271444311,carry,1747,5,7,4,20315,3791,9993,30,3,22735,11523,205,8,0,54,2,21,8,0.42857142857142855,0.23333333333333334
t2p88gxbz0BIKUK85yqroyekvfr_tmZrcxq1eVbrS52s,무우우우우빙,4547242965,carry,1367,7,3,9,11387,2028,2848,15,16,7962,9939,109,4,0,54,1,8,3,0.47058823529411764,0.1875
sMpgQ7NH13bA46Ce5xBv9xrLHCVwL_Tk22n7bn2AkX_8,보성진드기,4547242965,carry,1367,2,9,5,7469,857,5608,10,9,15393,7275,147,0,0,34,0,6,1,0.4375,0.2647058823529412
F4nraS-KGDcah5V1B94IADX5eddjDJfIzLT3a41nJqE3,밤일 잘하는 승헌,4480507693,carry,1209,7,7,2,10133,2153,5392,15,0,12020,8788,136,0,0,2,2,8,3,0.5,0.21875
ePUe_oXc8kecI-Xib_F0nGXfujvuHqT6R81y0aapPLh19-Y,No Chat KR,4507451644,carry,1714,2,7,7,9209,1932,7791,23,2,19078,9214,175,7,0,21,1,10,5,0.45,0.22580645161290322
YtuOI6s-OQZiI64H7xND0n8xbxfqGgKbTWTMt0XEa3U_BprMg1swvsf6,16살 정현민,4546811891,carry,1899,4,6,8,31728,3068,12161,26,26,20548,11175,184,18,0,169,4,9,4,0.48,0.1875
q6Y2HLW4GH10uzL8WgBjVuJRodJo-VbCOFLaauiFtgEJ,For our past,4546616451,carry,2092,10,8,12,29474,3765,17249,31,47,23979,16786,254,28,3,197,3,11,10,0.6285714285714286,0.27586206896551724
HqR0hv_z-9_lJ1fVt8T3rA9U-ml1HfOuhUchDEtYHIM4mLDcdrrtsAqj,아니 수빈아아,4546616451,carry,2092,3,9,5,13661,3449,14256,22,1,22746,11610,212,16,0,30,2,18,4,0.27586206896551724,0.2571428571428571
MDuKEvpnRTRWxhq16HaXhU4Aa_ka31fXrh7ZSQPGE8ajVBXTgvWjj_uV,시끄로,4537944265,carry,1958,6,7,7,16683,2517,12102,15,2,19052,12289,172,26,0,173,4,9,0,0.35135135135135137,0.22580645161290322
3iqhWFdHJcw9HS2Gl5mExV1dLmeCrLDZIeCncxa8nC5V,너무잘해서롤접음,4545417963,carry,1556,3,6,4,13116,1888,7221,10,3,18889,8701,162,9,0,152,2,10,0,0.4117647058823529,0.16666666666666666
_xPs4i5dDEMWKkVG_0WJVANZuIABlsuO_LKyD8-qG3_cseaCOHI-sDmq,aqwsx,4497065825,carry,1494,0,13,7,7723,577,7745,13,5,20984,6115,86,7,0,95,4,7,1,0.3684210526315789,0.38235294117647056
Ec5CnqprqjLg2v2uBlypmSaSWQMe9ftaiUHUusTMbzhb,아리달록,4497065825,carry,1494,14,4,9,25295,885,10653,20,6,22298,12766,160,16,4,62,1,8,8,0.6764705882352942,0.21052631578947367
8ZhO-C7w4edLxzdRAwnS0f7EeiYeEsEaVLUhD_2r9y3ANzf6BcEAdi1c,연습용I계정,4404881675,carry,1300,2,2,2,6696,764,1915,9,12,4433,7005,150,0,0,113,2,5,1,0.4,0.08
isnvFnJX0Lvir2LxWSWaeaPB-iI_94W5shJVZrpWLzcMNDA,보석박이대장승훈,4369474089,carry,1473,6,7,11,12339,1170,5505,13,13,13847,10698,136,26,12,98,0,6,3,0.4146341463414634,0.28
wita3YnebatxpwNzeZyNymWdAHID8EXy0VY1gXERIp3W,  li dao dang,4541483200,carry,1547,3,8,6,13585,1554,5864,30,14,15195,9917,156,20,0,97,3,9,5,0.5625,0.26666666666666666
KofzJi4DKz7LX_cxO9uVhkK4fMcrDnDrWr15QIq2D7Hq,남강vs천안문,4500036926,carry,1321,2,6,6,11018,1420,5580,22,1,13940,7993,159,4,0,20,3,9,4,0.47058823529411764,0.2222222222222222
O_4YY2xBSN12e9cy5htMjjX0Oj5xVBCbqwrLsRlR69up,승객형원딜러,4436210480,carry,1807,5,11,4,20148,2431,13399,6,6,22632,11706,192,9,1,300,1,3,1,0.32142857142857145,0.2894736842105263
y7-TxJxMvAA9QnJhvTn8KHF8SVNNmdrzEbLcZghYqp_ZT_M,약수터 리,4548601403,carry,1384,3,8,12,11418,1702,5403,11,18,15976,9121,144,4,0,74,1,7,1,0.6521739130434783,0.21621621621621623
Sxk9EI4qTMZs4nME8M4jNZVEg0PSrF4RjGGEVkuAgFhN,익 플,4460762144,carry,2583,8,7,11,39596,7048,28022,30,10,27195,16750,218,35,0,345,3,10,7,0.59375,0.17073170731707318
4aBrZXSw_BC-gfsBRzoGRmqYAuDZnzsTzwp3561B0fBeqDE,5준영,4460762144,carry,2583,18,5,16,75883,7556,32907,39,82,33698,23140,355,37,16,1514,2,9,8,0.8292682926829268,0.15151515151515152
_hT_uWJGIQmHtyTyYBvX1Pehc5TRgOqJynMQPZ0UAfYC,절벽년,4545595402,carry,1772,9,10,3,24808,3763,16323,22,20,23512,12862,195,8,0,154,4,12,2,0.4444444444444444,0.2222222222222222
-tHy4lrRWax19ebuFMFn0YYym-NpY1aEL_EhLNUZCaAT,피할수없는동선,4545595402,carry,1772,14,2,11,29648,6634,10100,19,19,17924,16222,206,16,4,93,1,8,4,0.5555555555555556,0.07407407407407407
Mh0v17tUbKbEr9APfyqur0qZEQ2mFbtpamEe03Luk3iY,FOLD접어,4501759249,carry,1503,3,3,10,16810,943,3902,26,18,8934,11102,205,28,8,82,1,6,9,0.4642857142857143,0.21428571428571427
0G5pXAqibwok2L-XlEeiYOac0VBQy7DBtlsmbO2nbz6MrNHV9DCC_Iu7,현진누나 이쁘다,4501759249,carry,1503,2,5,4,12506,1107,6068,21,7,12980,9636,193,4,0,15,3,10,3,0.42857142857142855,0.17857142857142858
RnOagfswLOQfbH-RKveFxPKgRc4I2vZpudwWTWVrAg5WbPM,선 Q 깃창,4195266289,carry,1668,2,6,1,8768,1284,9725,22,5,12879,10905,206,16,4,104,1,9,3,0.13636363636363635,0.20689655172413793
KSeZRdclfkxCiQSPZCrdnvhK3CdnrgGxc3gn6Dx8FZMu,역삼주민,4195266289,carry,1668,7,4,12,21895,2182,9983,16,5,14845,12970,181,23,0,228,1,6,4,0.6551724137931034,0.18181818181818182
jvE3k_e_x8ez44PA7wvwJyO9m12buJREMKVGNoN1xF_i,헬스가제일좋아,4532399005,carry,1833,9,6,10,22883,4290,9151,38,20,17431,12990,169,28,0,104,9,16,8,0.6129032258064516,0.17142857142857143
BEWIMCROmZ3iuEqV2DdbfwZcjCh06nqrHj_x-Y0s7DBMlCBphgfk-Hyq,너가 원하면 뭐든,4344306833,carry,1342,9,6,4,16663,2943,12804,17,29,15984,11342,166,12,0,121,0,6,5,0.5,0.6
_1dxubCAoqHRht1jyHVzFxyOxPPtSwkVBoQ4oNRq12oP,AD distance HSM,4344306833,carry,1342,4,8,2,11844,643,5747,14,19,11667,7203,111,0,0,99,1,7,4,0.6,0.3076923076923077
ii4un2CPcWaNIVvc2do6G683mqHwBe6UPDgb619ECkoz,RLF Hojin2,4415313769,carry,1608,6,3,11,14402,432,3200,17,5,6861,11528,176,17,0,116,0,7,4,0.53125,0.16666666666666666
JFVQZm3QF0hOHVSsPjQRzQtHNJNBPbNMhXDt-oxo35iH,섹주아니,4415313769,carry,1608,4,6,6,10832,994,6240,28,0,13818,9590,143,11,1,0,3,11,5,0.5555555555555556,0.1875
NlvJKEEXlVHnDU2SYyAlpoJXCeSrUdVXX06LUP-VLsJj,검 튤,4538639523,carry,1571,9,1,6,20766,3515,5606,7,3,10313,13902,211,16,8,56,0,6,3,0.46875,0.07142857142857142
nOJBMxGBtr6PVGvZF5G819lh4KRv4RwtP-hkFvAGE4ru,DRX Gycvy,4548653206,carry,1270,0,4,1,7946,822,4375,10,0,10741,5815,127,4,0,0,0,6,1,0.25,0.18181818181818182
w3zjqv3O3nWPCqIZTrxwAFqfsghDJOMqQm0O0FNlBwK4m7A,월성계곡,4547333296,carry,1500,7,6,9,11968,1805,4854,18,7,11127,10862,142,8,0,73,4,9,1,0.41025641025641024,0.35294117647058826
AtpXFcfVLEOQrQT4SlyOAVu82HBBTYbLii8VQHaeKZh-,바둑두는여선비,4547333296,carry,1500,8,9,3,21341,1381,8155,13,8,17463,10541,139,12,0,154,0,7,2,0.6470588235294118,0.23076923076923078
k4UsUKAjceIdvdkNb7SvsArK7C0OrdujHeVXQlZiWueb,휴면정지씌이발,4386041186,carry,1723,12,7,6,39858,2079,11947,24,13,19443,14081,213,12,0,185,1,7,4,0.5625,0.18421052631578946
fCVodwXNYcjXo5Pb2rTWoO6NikE1AMGJzEz3Bz0Kpm-S,우리정글안오나,4513838885,carry,1475,2,4,4,9679,1389,5570,14,0,13651,8650,182,4,0,16,1,8,2,0.5,0.14814814814814814
JByorGQ8dOtrGKlrRjz_D6LJZ83s9STlmZZ43mVDD-mB19c,IlllIllIllIllII,4513838885,carry,1475,4,2,11,15889,1551,6184,30,0,13241,11995,220,8,0,51,1,8,5,0.5555555555555556,0.16666666666666666
gBtAde-qCyNqcwwLwwdZTnLJb12dnzkzLHWG6r5YBioc,꽃사마,4540277266,carry,1318,3,3,7,11027,4727,8918,24,0,16412,9366,166,6,0,15,2,7,2,0.4,0.21428571428571427
TFaUsCX8FcuANX8njEKPR1qsZqeMOHSniH91VPfWIOfzsqWIyx0cJ70h,원딜계정4246,4540277266,carry,1318,3,7,2,13587,1303,6839,11,0,14551,7135,131,0,0,23,1,6,2,0.35714285714285715,0.28
JVhnnRuMqqMkC3DYPC9RiiX5Jyu_Yt1eKiO6xI_3NZ86,직스똥꾸멍에폭탄,4517193536,carry,1658,2,7,7,14168,1710,5115,11,7,16744,9091,169,12,0,184,0,8,3,0.5294117647058824,0.2692307692307692
xnWL92l9KRlN4HnVbFwbDiFCTi8UXoll8XLAMePg5Kwu,칼 금,4525007578,carry,1202,11,1,6,15984,3215,9489,14,29,10640,11580,174,20,12,129,1,6,1,0.53125,0.1111111111111111
aCDyAGOEE6hyTQe8IFu_G_TJl6t8Jouuz5AZMhgiOPJ9,신이내린왕감자,4525007578,carry,1202,3,5,4,10887,1663,5000,17,0,12538,7124,146,4,0,0,1,6,5,0.7777777777777778,0.15625
XMf2B495T2-XD_tGg-mZ0DBZj1JUaGM7pzZu62hQAdK_,원딜명가최씨가문,4544190373,carry,1324,6,1,5,15194,2447,6173,14,2,9970,9118,179,0,0,126,1,4,4,0.55,0.09090909090909091
pTnBWEZxbxUNzJ-HXMw8wkqTY8Fdo08WzTqm3K4_sgd8,Vayne One Most,4531457529,carry,1665,2,0,2,7452,2873,3278,19,7,9987,8492,158,12,0,56,0,9,4,0.26666666666666666,0
EMu0jt5SqNLeV3LTXopvFEXwXQ92TnMtt6bmB4zTvV53t0g,Chicken Republic,4548256331,carry,1688,7,1,16,16553,3208,5226,36,18,9046,13286,172,47,27,78,2,10,2,0.5897435897435898,0.058823529411764705
QY-ahfYX_HoJLSExkYGdQ1quEIk23lxzcXKbwaFr4gx3,뭐 랭,4548256331,carry,1688,6,6,5,11847,1805,7401,16,31,15387,9950,147,5,0,607,1,7,3,0.6470588235294118,0.15384615384615385
UKDISjIECyo4esp9epIep8R8uMWqkPim3yMsHGhS1IzmieLASaVEwiTG,IllIllIlIlIIIIl,4542329734,carry,1672,9,0,12,20395,2718,6275,38,21,11803,14327,233,16,0,122,1,9,8,0.84,0
td-eHc23ZAzJLEp0FnIqBNNGSym7DM0WGkuiymTDcgnhS-v0r0LHuWoe,2004 ADL,4542329734,carry,1672,5,5,2,26814,2382,12721,22,11,15596,10837,212,20,0,259,4,11,3,0.7777777777777778,0.2
WJIHkWnDDCWUrSLRz4FUNPjnR5oMQbL4oZUN8zeoAUSqWvWKwSwFBY3k,생존달인,4548598300,carry,1730,4,7,2,22988,624,4715,26,32,13029,11369,223,5,0,245,1,10,5,0.6666666666666666,0.25
etEdch58wp9QoPaXqsrLahOD94-WltbpbgSSiF9rQbZF,만개하라,4548598300,carry,1730,4,5,9,18029,1288,9968,15,4,17688,11383,204,12,0,59,0,10,2,0.4642857142857143,0.5555555555555556
98HkpS-A3967zsiKueRnh9_N9XOfxht5ihqQXIL5lzq9,고추대장군,4430296674,carry,1863,8,5,10,19008,2332,5869,34,37,13174,12853,190,24,8,714,3,12,8,0.5806451612903226,0.35714285714285715
ba3e1e5LQHXsecG-rxPi_IN04TZuY9b4Lcql0dkxzpFJ,욕설채팅금지,4430296674,carry,1863,7,2,4,19097,1394,10678,11,4,18511,13003,201,8,0,74,2,10,1,0.7857142857142857,0.06451612903225806
45D60pC4ebD9y6TzgvPBX737GQYZ5PY6TreT0nyp-1e1,오늘메뉴 김치찜,4544735855,carry,1801,5,5,3,15601,0,7365,20,8,13903,11924,224,8,4,50,2,10,3,0.26666666666666666,0.19230769230769232
R1Yg51TqbTLAncv7gKQJuMTB3t4c9TgnTxr54C4I8bMd,샌드버억스,4483308235,carry,1770,8,10,12,29014,1306,15585,21,12,26803,13204,196,20,0,122,2,7,8,0.47619047619047616,0.29411764705882354
g88gM9w76uGLSfgVdFWsZSilRLikSVsRBD-ttPxwRGiDKKB79Dnk8Roy,wojiaowangjunovo,4543423401,carry,1572,15,4,4,32107,3486,10502,19,17,18951,14025,190,20,4,354,0,7,5,0.7037037037037037,0.23529411764705882
J_0fDhXuLmHFb9zLbxFyIvh4-0QUFubRioIIzYvV_ADI,클리토리슈,4144300661,carry,2250,11,6,7,25779,2833,12288,45,12,23426,16302,214,36,12,170,3,13,7,0.6,0.17142857142857143
VFGDopUSlNWbLGq7B9uTP5h6O2YWWSe1zCLx7giUtCo1tyM,아니 이거 실화,4144300661,carry,2250,14,8,12,32704,3855,14686,18,7,27551,16058,208,16,0,128,1,11,1,0.7428571428571429,0.26666666666666666
hmTALTSYjC9d-cmZH-UstklKOUU_0DB4vtx5u6y7VOn6,용 희,4259491703,carry,1413,6,5,5,13180,1414,4717,12,12,13108,10877,138,0,0,53,2,9,2,0.7857142857142857,0.1388888888888889
rPH-NScxF58uD1Gp59vLdMKVCWNZGjUhc-TuZrKDdUtYntg,김진호랑이,4259491703,carry,1413,2,3,10,10624,2273,4958,16,10,9176,8710,160,3,3,30,3,10,2,0.3333333333333333,0.2
Ark6Nv9zd9EFPqLhmKOGwcLiTMkd1fjSOIu-xYJrjyE2,뚀 오,4543450873,carry,1752,11,5,4,19722,2910,8628,22,13,17764,14977,219,9,0,140,1,11,4,0.625,0.16666666666666666
7QI4biSwb7pv2RwtHfMHu_APYPySxY2vqZt3a5Vypo3rMHmdNuSf5dLa,망둥어뻐끔,4543450873,carry,1752,7,6,9,16369,3019,6009,19,15,15273,13475,210,12,0,71,0,7,6,0.5333333333333333,0.25
eRkFG2bpouFsQet8bTx3IvdF0E8WJ9DmlK1fy2FUozPClPc,CV03,4193277728,carry,1390,5,4,4,13310,1552,7508,6,3,11942,9625,172,0,0,105,1,5,0,0.8181818181818182,0.17391304347826086
dAuVDeKGHuwGg85lN6Vh1UCnNGbkgYABGR6PFOF441ge,Mad Nicole,4540920701,carry,2099,7,9,4,22084,1906,14431,11,3,26189,14131,219,12,0,82,0,11,1,0.4074074074074074,0.21428571428571427
orMD-l8fdHBauBaNpJI2tKAVopnbUB0VzYiIlpCcA4W_JZM,rfetged,4482412337,carry,1437,4,4,2,8092,1018,3154,9,0,7536,8211,140,0,0,0,1,4,2,0.5,0.17391304347826086
tfdf92PQbhUTtRK-Okh0pCdEne28TCmsaYmxPwnDPIpsyOHSaBm-G5X4,저것봐혐텀또죽네,4547305514,carry,2023,10,3,17,22030,5162,8099,24,23,19577,15661,215,9,0,109,1,13,2,0.5625,0.11538461538461539
1nmuSq4TTI651KqtrXCNDSg1YdoRnEgY4Zf6cfVZ7eSKR-BKYGoNTsf0,자이언트블랙전갈,4547849491,carry,1691,4,5,3,11576,1562,6977,11,21,21403,9140,180,11,0,146,0,9,1,0.4666666666666667,0.1724137931034483
DfVH4_rsMXFuK5zo94tPZHPi7F4Tu9ncvFqQH7LrtZ_sLlg6W2-OyPyI,너의번호를누르고설레임을가득채움,4547069860,carry,2183,2,8,6,14940,2456,14069,40,22,25135,12903,244,27,1,86,1,10,13,0.4444444444444444,0.21052631578947367
w_llDsq3ueiNPDiQyuNyGo_1J6DS0GHgCDXGR6tIjKYX,정신이랑,4547069860,carry,2183,11,6,12,29614,4903,15231,23,58,21300,15844,195,22,0,885,0,9,2,0.6052631578947368,0.3333333333333333
9iUuRV_v3mIBdutHCVaJbUt-epaIPImfmTLNhXhWEmgI,카스아리,4548617765,carry,1719,3,8,4,9509,5130,7428,7,27,22049,9432,171,16,0,414,1,6,2,0.3684210526315789,0.2
WoVSIVZ-Nmy4HoTSG7B4t0PdBcUA_FeHF7HuI5f4L7N_Cmomvo4XxTV-,기분 좋은 아이,4546453192,carry,1476,5,6,3,11803,4671,7893,9,5,18262,7977,127,4,0,105,0,5,1,0.34782608695652173,0.1875
y34XUA91JHjnxE95zTwk-tb75dAnoZsDQU5f45rDTdXUOl9zey_Y1cc5,좋구욤,4548690335,carry,1623,4,4,7,11278,3223,8456,15,0,14955,9867,200,8,0,32,2,6,1,0.6470588235294118,0.15384615384615385
I9mVxrrIOeUNpsgCGmilXG2aLOZCaZ0BhyJw61uyWxvobI0,코로나19걸린사람,4548690335,carry,1623,3,2,11,20904,2684,5308,20,3,9605,11371,204,5,0,38,1,9,4,0.5384615384615384,0.1111111111111111
sy1M4vHQi9uf5zC1iAIGUFa7zhBlhkRrMfrLEEmRbckGwLSGLGCU0LBc,my22,4197397146,carry,1236,2,0,3,10524,729,4563,9,1,7803,7370,149,14,0,47,0,5,3,0.25,0
J6d7NsZ4oPze2dEOFnpihORZyAKqys4gr1W-JE6ETVH_,재오닌데요,4357577666,carry,1860,3,4,6,13851,1461,5103,24,3,12561,12878,250,20,0,76,3,12,8,0.6,0.2
snkFLiuugb-daxLcWlQ44SyfvltZQhL6ulVEwrKMpTvR,잘먹는오빠,4357577666,carry,1860,3,4,5,13274,1753,9382,45,1,18523,11919,231,20,4,20,5,15,9,0.42105263157894735,0.26666666666666666
nn1sDkMoIZJHA-t1y-3ZdNBsqgsfGuVU2QNDzTXAns_iw5k,가난한원딜,4543577791,carry,2195,17,6,15,34307,4220,14424,30,53,24301,18702,190,31,12,923,3,9,5,0.7619047619047619,0.18181818181818182
PMJik2KZxpUt8oVWkotkJRkcTOEtS5_XKO21DGfOqOVQ,I Ashe I,4543577791,carry,2195,13,6,5,28378,6001,11760,26,30,23721,17805,226,24,0,244,2,9,0,0.5454545454545454,0.14285714285714285
mUF2a4vuXAj-fgd2GqZDgJqTQMUAvlvGteaTpUIEXqkyQNmT2lx2p0C9,유정콩,4547417176,carry,1409,10,2,8,15823,1444,6628,11,1,14222,10584,142,16,0,91,1,8,0,0.5454545454545454,0.16666666666666666
tOYOXKKjj8PwtPzAbz_RkdYt6y0ySgOEdZh1iREn892fMavbLuGPSS8E,Sry My B4d,4547417176,carry,1409,5,8,1,11477,2689,7418,12,1,18318,9847,136,16,0,25,0,7,1,0.5,0.24242424242424243
ScYU2cP4Nr8bvJ-1JLyuzUJE9aEeeVMvqgj-W4l75aJS,힐링 주의,4543515244,carry,1504,4,6,6,11032,1818,5602,7,12,12385,9104,152,4,0,103,2,7,1,0.8333333333333334,0.35294117647058826
KrJSn002tUdB8gdQdTpEx24HfTQBD8FMGvdAwwnMHaZ3,스무디한잔이요,4548628428,carry,1892,2,7,7,12414,3133,8495,21,37,22795,10766,203,22,4,844,4,9,3,0.375,0.25925925925925924
1ExpeN3Qtv_2qLDkd11njH87Wv6yTXPAtF_LsmhJHXisvPwPgnhaz69Y,물병자리에핀백합,4541682190,carry,2136,7,9,28,34162,23214,17525,23,53,36514,13873,162,28,0,348,2,12,4,0.7954545454545454,0.2571428571428571
MeLt2C_QJfP8ngqcabSv11u-wFqWZwsv4BilNtgZNBZlCPpKCtQEeXRe,cs에민감한사람,4541682190,carry,2136,10,8,15,37682,5007,14973,37,59,27987,16078,257,34,0,937,5,13,9,0.7142857142857143,0.18181818181818182
WWG5_5KU20GtZ3suftOhkHU62Uyddi3nd1mvuqlOtE_PSR4,부여성주막연실네,4432028633,carry,2058,10,2,11,33915,3679,17171,34,10,19319,15900,226,35,3,456,3,14,7,0.7,0.08695652173913043
kfVyUwrbOVQ9ljEI8mCvc0QknOgm8YsyGKjUZX6juU-r9rw,TVE           IL,4432028633,carry,2058,7,7,6,19480,2297,9973,23,0,20279,13554,228,16,0,45,5,14,4,0.5652173913043478,0.23333333333333334
U737BxMzI8WOU12DzMoxfD9nnpZu-rh06H2yxcUfNCuL,버러지도구안써요,4500754626,carry,2413,0,5,1,2267,548,2214,4,0,6030,6727,47,0,0,0,0,3,0,0.02127659574468085,0.11904761904761904
wHUL9vEOTvAURE__GfYJpUa8b-zxJ4zSqekKu-F7q2Y,2016년 2월 20일,4500754626,carry,2413,15,9,16,35730,6651,21389,32,23,32521,18054,164,56,3,387,0,10,5,0.7560975609756098,0.19148936170212766
xLEpkDrncWB1CQ8vK6n4WDE0Sc9Xz5g15CX5-hGU9VOdqEE,별 수호자 김동주,4474504621,carry,2043,6,4,16,31336,4334,10193,41,7,29328,16104,279,12,0,76,1,11,13,0.5789473684210527,0.13333333333333333
9Di2tGylRiTVcsv2nXTLUMwIxcRO3EYvpVdKN4PT6voedYX_vBXrfuJI,hello im gosu,4474504621,carry,2043,2,10,8,16238,2885,13179,20,11,21883,11927,201,21,0,70,7,17,3,0.3333333333333333,0.2631578947368421
OtnRCCNWWOqa2PzFGmAlSpNPl-lQQFQQ3Xg18ANAUkhYD3Q,이현롤,4379008273,carry,1805,3,8,10,19304,2063,8928,11,4,17323,10579,172,13,0,112,2,4,3,0.5416666666666666,0.2
_jJgn7G6dHQSThJqgqv6ncVZ3bfyMs5mDakEP9IXhIpc,미농스,4379810338,carry,1917,1,3,5,13276,3607,9723,18,3,18835,11204,250,8,0,105,0,8,7,0.6,0.11538461538461539
JNMCBJYkOpFlelWLs1nc8zFuViwzbjCZX2J5y4r068s7HpYYjS_-DHOY,hanbar,4379810338,carry,1917,3,1,10,26484,4362,11987,35,2,23266,14110,279,16,4,46,2,11,9,0.5,0.1
yToSdYjpDA4cgeGtiyHrHk1yg43a_NT4DnFc8mIf_PL9,계 율,4546829824,carry,1880,5,7,4,19780,947,12790,41,27,13983,12867,245,23,8,164,0,8,25,0.32142857142857145,0.16279069767441862
qTI3JiXNE7SkQAovx7KmbEqQSlSEavcXVNteqwoyRsS6,유재앙,4546829824,carry,1880,9,4,13,14860,2912,7456,41,34,15805,14750,208,16,4,774,5,15,7,0.5116279069767442,0.14285714285714285
bTgdY318kXXsJOukZBYpGwqbr_exNtIX98i12OQNA2k_3-8nDbcWMo9Y,한번말해도못알아듣는사람,4539977687,carry,1240,5,9,4,12450,1904,6449,19,13,16143,8252,127,4,0,165,3,7,4,0.75,0.32142857142857145
i_RDYpYZSfyJapetFx4BbPzOA7_QbiRAh0Cqf154XOYtbSI,ab0ve the time,4540286384,carry,1403,14,1,7,22008,5398,8256,17,2,14070,13979,189,27,23,46,0,7,5,0.6774193548387096,0.1111111111111111
HUPNgDKUW_0qgJ5P7O2l4l1f71djaJ_pVJ5N1-ix7RltKtmOWVH_tpUn,adhg,4540286384,carry,1403,1,9,0,8657,721,4280,1,0,11882,6078,99,0,0,0,0,1,0,0.1111111111111111,0.2903225806451613
AFXTAtrfIR7hQohzjFaF7gFHpr0qbpZc-MtlR16Q9YIgZ6E,미 늄,4548569175,carry,1604,7,5,6,16504,3378,6450,29,17,15528,12276,197,9,0,115,3,10,6,0.7222222222222222,0.1724137931034483
gCCezlfegp0mXBD0mm2KyN8yXP_Jy7VFAb5aP-q9LYL-BZ8,Tedyy,4190043420,carry,1634,5,1,11,11508,671,5464,28,4,6806,11090,180,4,0,108,2,11,4,0.5333333333333333,0.06666666666666667
REtucFs2X3lEheGYMKztNJoT8xF4AOXtNZfJDPv90dEyqf8,불건전유해게임,4190043420,carry,1634,2,7,2,6727,2230,11460,18,17,15065,8277,158,11,0,89,3,10,2,0.26666666666666666,0.23333333333333334
f3Yc6FUdGTjjSgEQ9Vd3ozHwcYNJqlhbjkETcqAHX5BC,실딱히뽕,4526135710,carry,2135,19,7,14,39890,3589,16782,50,52,23577,21345,225,50,10,944,7,18,6,0.7857142857142857,0.21875
