account_id,summoner_name,match_id,position,playtime,kills,deaths,assists,totalDamageDealtToChampions,totalHeal,damageSelfMitigated,visionScore,timeCCingOthers,totalDamageTaken,goldEarned,totalMinionsKilled,neutralMinionsKilled,neutralMinionsKilledEnemyJungle,totalTimeCrowdControlDealt,visionWardsBoughtInGame,wardsPlaced,wardsKilled,killsRatio,deathsRatio
90fDXVnFv7Z8gTw6unfcBEBsOOlxng-x4kYrNT9EtizLDKKO8StxdECt,문희주분신,4378814870,support,1444,4,6,11,7278,5540,16445,6,27,22705,7686,25,4,0,127,0,4,0,0.45454545454545453,0.3333333333333333
585ngMoY7wES4xa0XVhARq6kVjO6ey5zQEhAyZW9V3D5,주옥같당,4378814870,support,1444,3,6,6,12425,1057,9546,32,29,12813,6315,16,0,0,183,3,12,3,0.5,0.18181818181818182
nFxu-1ilv4Xd_6_sIzfZFsibz_C-XSnW_vWaO2VpiubGPIE,공복성 조울증,4506228464,support,1561,2,6,8,12362,4393,5051,53,17,14614,8072,28,12,4,25,6,25,5,0.30303030303030304,0.3157894736842105
Om1ejru-3KzxLNfAAxZt_w_lJNkwtQQdyKy4rGPjCMIbiLA,수원 서윤하,4327239336,support,2552,6,6,18,11390,8027,41802,59,44,36914,12115,59,0,0,756,3,24,2,0.48,0.17142857142857143
AZhPHE66h7Gqlhn-uMXyQcT1FT5SqOSkNTfFbpjMv6cx,꼬마붕붕,4327239336,support,2552,3,12,14,14492,1515,58177,104,71,36881,11539,51,4,4,192,0,46,2,0.4857142857142857,0.23529411764705882
c5r31483YwZ4yopPaBltlMztA6yAltlaJB08xKUbJLdbQT5adxQ-HRb9,롤오늘접는다,4457193594,support,2649,2,7,14,19202,7110,14445,79,64,25404,10362,35,4,0,456,3,33,7,0.36363636363636365,0.30434782608695654
hp1y0GcaYpW2Pu9hUB08qcpvVjp-4RORbGbZSdBA6KMeHxfB0FQkENFM,qkdplayer,4457193594,support,2649,1,6,11,7799,15570,42326,83,42,41331,9616,38,4,0,100,6,35,10,0.5217391304347826,0.13636363636363635
IgE41TiVoclzcBwS1szQJZLckryRxHuvtfcCwRrC6TI_,살아볼만해,4540388703,support,1315,2,7,2,5083,4349,5344,37,14,11571,5275,6,1,0,99,4,15,4,0.3333333333333333,0.3684210526315789
_zQn5GPLeYyzjco_miZ8wSssmCkTLvYYXzvLBYzkwyIC3rw,낙태의죄,4384335150,support,1987,4,3,2,15552,1729,6840,35,7,10540,7714,33,0,0,14,1,18,2,0.3157894736842105,0.25
uDK1QmcncJGEBk2KPyXS4MgedYynM-JzUXnRL-XoYsjh,Ji Roro,4384335150,support,1987,2,4,5,6606,5957,3406,51,28,11014,7824,9,1,0,86,1,17,7,0.5833333333333334,0.21052631578947367
JC1stCFfWfr_HSRJuo8xwWeGgp_aATYZ9ZTC9V-T1fyB,환상술사아카시,4300431140,support,1587,4,5,11,6185,1587,15110,23,39,11537,7954,26,4,0,119,3,15,0,0.5172413793103449,0.22727272727272727
E54rjj5hGD9Pkguw9Y-rY78nDEhzIRMA_Fy1dd1MMah1v0oZvpEYpLrM,니면상받아야해,4300431140,support,1587,2,6,15,6980,767,20801,37,52,15125,7457,28,0,0,206,2,15,5,0.7727272727272727,0.20689655172413793
FkBrPWrxEx3szD6xUZTRxT4e7ZdFp7IfxoUVTZXx1TT0oRcpithpaqMe,Date하고싶다,4486859797,support,2427,4,5,11,9465,5347,17163,67,28,20050,12560,36,11,0,127,2,38,8,0.4411764705882353,0.1388888888888889
Q2o_bAvj1BgVYQ-KY3m-dk-V-t3LXWPNX0y9RYlHsjSpqNs,바람난람보,4486859797,support,2427,1,7,20,11505,24975,12614,70,47,21936,10590,37,0,0,481,2,31,8,0.5833333333333334,0.20588235294117646
LuI3I2JST5ZeBAMAX8-xR207QYDoSo38gSbnLhXBmOG32xSwB1wMCa9F,승현이양,4539556570,support,1708,2,4,5,4090,493,11366,55,21,11019,6156,29,0,0,67,2,33,6,0.3684210526315789,0.14814814814814814
oGbTRhOimpC3I_x1KI98WVo4mfixijIuzEyIjVGCmtLS8mpaiPZt32cu,원팡이,4539556570,support,1708,0,4,9,8619,320,17504,31,15,21361,7158,30,0,0,44,3,14,2,0.3333333333333333,0.21052631578947367
ExHi5X-2aO3EmGs3eesYI_seS16jxGjBRHfllMSB9mMj,조선이회장,4511585913,support,2261,3,10,14,11983,283,44345,78,55,25863,9141,42,0,0,349,4,31,6,0.425,0.18518518518518517
SJMiGw2j8hv9Y39TZcl4enFCEi7TyGP_INlcvdUJtG622NA,팝스타 트린,4501323228,support,1474,2,2,4,6159,985,9836,28,29,9213,6113,39,0,0,88,0,9,4,0.42857142857142855,0.1111111111111111
cK3CIkUuU-EU7qC9bnwNC-B-_VQ_A9oRqyyunyC0p86MzU0,신박샷,4501323228,support,1474,1,3,2,5021,421,8796,28,19,11310,5488,37,0,0,78,3,12,1,0.16666666666666666,0.21428571428571427
4ePjXZJySVeL2Hl9eHSfV4z22JGBBOSfaYZnpPQ53OimJZPYmeRiIsNC,빨간맛멘탈,4477983927,support,1385,2,2,17,6985,2835,7345,46,32,8558,6383,26,0,0,92,8,22,6,0.7307692307692307,0.13333333333333333
T_uiIByfDAW_13WwduieVLEF28l2m6uVtvFX9Mx5AicOZ9CM64xM1MGR,LSDTHUNDERCLOUDS,4524800276,support,2108,3,7,8,12002,2265,30395,66,18,26609,9039,49,4,0,83,2,34,6,0.2558139534883721,0.12727272727272726
J0O09xurhjwqfQb3Uo6RR5xI_qdFQzT0f7ha1A0SqKHPkU0,우진짜맛있어,4445474413,support,1675,3,9,6,8857,3470,11670,23,18,19300,7536,38,0,0,87,0,12,1,0.5625,0.2571428571428571
iqhlIvjCILE4xCrGLs7CYEZOPuVg2Vvg9QRcuPTawNJM,공릉동나이키,4445474413,support,1675,3,6,13,18242,6874,6852,12,20,16241,8736,28,0,0,86,0,6,1,0.45714285714285713,0.375
5Kh_7wIiV5UO-sJXTv7qI7YfKu90PpqhAABUNI_vUUDEdLD3X9CTgvSW,마르첼로 말피기,4530894375,support,2043,5,8,10,10348,5442,6613,67,55,15761,9652,26,0,0,129,7,23,12,0.45454545454545453,0.26666666666666666
QNzcH553R_vNoi0VE37vxh1Muj48gpynMSh4fOJs8_0,일단나만지켜,4530894375,support,2043,4,7,16,8988,2879,44100,67,46,27252,8977,31,0,0,157,6,29,8,0.6666666666666666,0.21212121212121213
c6ZWsZxb06iLcGR7DHmQFcil3HNkRRKUvKMdyUE46OQEWh5I9aj-Abaq,원딜은울고있다,4531099601,support,2891,2,0,26,13585,13314,796,65,22,338,11017,8,0,0,55,0,43,1,0.6829268292682927,0
DcsUhlsVxOIusNAsLp5r9SkN50-vExFB_-VEibRaBcOoTpdSZaW9-ckh,내가롤정복한다,4531099601,support,2891,2,8,3,3812,702,7655,26,14,11902,8351,13,0,0,104,4,9,6,0.15625,0.1951219512195122
A31reB6XMIQbuLZz4VdJ6fdc4TUDmisehzoAF4xw22Yf-k0,나여자친구있어요,4179107280,support,2314,1,3,23,10921,7255,5895,86,31,12291,10400,42,4,0,232,10,44,8,0.6666666666666666,0.07894736842105263
-KJt6k0Xr95bTiXEBRCBlpn2JqVfHvO6z5yGVoQY2q1Y,Hot 피노,4179107280,support,2314,3,7,6,16585,1369,9174,59,36,18445,9696,49,12,0,91,1,24,3,0.23684210526315788,0.19444444444444445
DRAdvBlq5LQPF6S2XaBX7pGVeiQskAdPjBaXWYRusjQkmPQ,가연이전용서포터,4319796079,support,1261,1,3,5,6309,740,4213,24,13,7305,5041,13,0,0,113,3,10,6,0.2857142857142857,0.375
JKEy7ZrxNNEztpqCI2GjdrHZOx5F6WUhi5KCL--OA36A,고추함맨지보자,4319796079,support,1261,1,4,3,6049,2197,3679,20,20,7544,4874,11,0,0,95,1,9,4,0.5,0.19047619047619047
JT1nnUjOQm8UpTWY3QvI-MqGws3MMqKKupdx0zISM1CX,해설과평가,4317326699,support,1734,4,3,10,14280,3448,28201,45,32,15516,8693,51,0,0,225,2,20,7,0.3888888888888889,0.21428571428571427
BLs10RvWSHLA6wa0Q00KUuTCpUtheyv0_U40FXnyQURg,엔돌핀도깨비,4524239519,support,2267,4,8,8,18856,1315,14858,79,50,25132,10718,65,0,0,170,2,30,13,0.5,0.20512820512820512
ouLs00gmhGjZdalCj8UAHV5WjHoTuY5EN4pyzpuEou72uJk7WmL9VKZP,하체 연습 계정,4524239519,support,2267,3,7,20,15949,7533,18199,88,31,23902,10723,66,2,0,257,4,38,9,0.6052631578947368,0.2916666666666667
GW5DLm8kJpVwuzk1O6XpsJRhZnq_vGzgDQrQdx4pOH9vG_4,제아드34,4294466904,support,1736,1,5,21,9968,10001,33100,50,48,19765,8035,32,0,0,104,5,20,6,0.5238095238095238,0.18518518518518517
bcu6oQupl4Z2Rq49h895eqVi7_8tkmiULxcCGoexJaov,마시는비타민C,4523510834,support,1659,0,5,14,12063,843,4476,62,58,10704,7267,37,8,4,159,8,20,9,0.3888888888888889,0.45454545454545453
ylCnd0pOE9FW5n57FLPSMr6N_lQWQU9ZvoYYEmtEf6-3RjjOlIi1qMJZ,연골브레이커,4523510834,support,1659,0,6,6,5413,229,16478,33,27,17382,5474,27,0,0,110,0,21,3,0.5454545454545454,0.16666666666666666
RS88Jbf1Pg7YV5kKXrPfBkJT5dChwXzjngk0jh2J6Shn,Gobang3,4512008686,support,2032,14,8,6,21192,8275,54337,33,44,46390,13519,61,4,0,297,0,14,2,0.6896551724137931,0.19047619047619047
vaSEXeXRW6mXb3zNNqpXe4M8jKoqjLHwJ8G2F32VHRu2,덕자씨,4512008686,support,2032,3,8,16,11318,3773,31594,55,79,24539,8876,42,0,0,385,6,24,1,0.4523809523809524,0.27586206896551724
kjjFV5AwtRJBvMFB8MHXVs6cutbQQXXcINRJhcbZf2UJ,K최일,4350020763,support,1410,3,3,5,5416,2316,8138,24,12,14576,5646,28,0,0,44,2,16,0,0.47058823529411764,0.08823529411764706
97LxRu8gGREllqmUbDlGTedLI926_I00c5Ioaa9ZeCwC,퐈앙세2,4521220113,support,2878,8,7,20,24470,3542,13896,78,82,18564,13082,60,8,0,329,1,42,5,0.5490196078431373,0.1891891891891892
pmqtjeh9119YTM2WDTJk8ZseYwXfvsZTbRaXzx-d_p5T,SHasns,4502489520,support,2712,5,10,21,12115,3787,56219,51,61,41151,11227,29,0,0,242,1,29,1,0.4642857142857143,0.19230769230769232
dKGk0ySrabNP2_dE7kjuyd9vooROykaO_kUW_UD7qP9mG_zAJlG2Yjw0,코로나걸린미국인,4502489520,support,2712,4,17,32,17559,2855,92899,89,92,44014,12956,43,0,0,377,3,46,4,0.6923076923076923,0.30357142857142855
XVfewBizfx9bw_WosEJ_WoJCUav6dZMB1A--KH9AQ252XxZbehsmaDmy,불꽃귓방맹이,4468127991,support,1728,1,4,15,12713,2310,3909,27,33,11443,8151,53,0,0,123,0,19,0,0.38095238095238093,0.2222222222222222
FmbvvsgZNFtRwXkhLj27xXzhnsqCwbwmyka4hH1Uh3rm,댕골2,4347096727,support,1996,7,9,17,33060,789,10349,46,93,18870,10463,31,0,0,196,1,20,5,0.7741935483870968,0.1956521739130435
ikFQpiov41ZlHLIOQcAoxq29-iMIDkzFgmldzcaLCzpX,김영민짱짱짱,4499915702,support,2066,4,3,12,12244,10795,9319,56,27,20633,11135,68,8,0,211,1,18,8,0.5925925925925926,0.1111111111111111
_gkkDq-fZbn13Kpxf1zoA68rlRwzBdn4Tm5DTahJ3Dn5,James Harden Jr,4499915702,support,2066,1,6,11,6466,2439,20321,60,24,19213,7618,31,0,0,95,7,34,2,0.4444444444444444,0.2222222222222222
l8wh_qLCzd8FjnI2WSfhJfGm6PwbEAKPzkfJfPZdX3gBS-w,나 찬,4367591151,support,1922,1,4,3,6922,2487,5309,6,34,13691,6975,39,0,0,43,0,4,2,0.2222222222222222,0.14285714285714285
cA-sbOkki0Mbad6zy1uN9WTd_AQQQUp0uM_0qhfZC21R2F4,끼 룩 좌,4371665469,support,1421,3,7,2,5596,10058,6984,25,18,9842,6297,2,0,0,38,2,12,1,0.5,0.25925925925925924
-CnvlpdAnUfSaSZU8oOm3w-0oG4GO2vXAdWp35_LpOVz,긴급점검으로인해,4371665469,support,1421,1,4,17,6857,6083,4709,39,6,8414,7109,14,4,0,11,2,15,6,0.6666666666666666,0.36363636363636365
fzN23py0klOIG4O055a0kYSBnCA-K1tGdyL0TbMZbascC_A,별땅a,4533392502,support,2728,12,6,22,50793,25092,34867,82,30,35563,15301,68,1,0,46,1,47,1,0.5964912280701754,0.13636363636363635
Zay_LaY6X4gVt0L76R2yfoUPcwxk3mA9_KS3VcWu95XA6g4,성 강,4533392502,support,2728,1,13,17,15362,5830,42087,54,58,39395,9426,20,0,0,184,0,19,7,0.4090909090909091,0.22807017543859648
19oYViC5_PnmQDtzn836flU-2ThExIjvgnRG6DeUx6BFzxU,팀운죠같다잉,4465176882,support,1635,3,6,4,8838,1525,6404,44,28,15080,6864,49,0,0,71,3,19,3,0.3888888888888889,0.23076923076923078
8pOwMnMTK2Tt4jP62WNoRMM0OBcrX0bWgvnuaaP5JuQW1IpWcR_HrVkP,우럼마지키미,4465176882,support,1635,0,5,12,10998,1202,4206,39,34,8634,6829,33,4,0,189,2,15,7,0.46153846153846156,0.2631578947368421
MsrccfghT9-pdQ-gptpZFUbQMGDHGzubj5a7eSw_BVgXkdioDUpZdAKn,Neodymium60,4337801058,support,1492,1,2,10,7891,505,3091,40,31,6510,7295,30,0,0,106,3,19,0,0.4782608695652174,0.25
QkMlt9JGk9xBZDuHYKMOCS9MVLVKk9ocGthsnLUT7MPDzN5hLGxR_OQa,늘봄다한,4337801058,support,1492,0,3,5,2335,6099,1532,15,7,3229,4432,6,0,0,25,5,7,1,0.625,0.13043478260869565
qFmiTXVTB4WFm4Mu5KPHoug5QR1X0CSVnmNtlMYR9GpcALA,0 아트록스 0,4190172588,support,1209,2,0,4,4527,0,8911,19,9,4152,5482,23,8,0,72,0,11,1,0.4,0
El1bAnVdsSdmzkpxj4uCrz8qoNHbaTR8s_FxNy_f51jZTKU,액희럭스,4523062241,support,2113,4,7,14,17218,1657,29045,54,57,30557,9621,29,4,0,260,1,26,3,0.4864864864864865,0.19444444444444445
8j0WOWsy65tT1KgkZY0am0L9ReY5Ts5_Eh4TPCmaLPPUVvfUjLmodIGt,drkappa,4243729629,support,2115,4,14,14,26558,972,8798,55,12,21126,10321,30,0,0,28,5,26,3,0.5294117647058824,0.2545454545454545
DKxg9XLSLjSpBlk1BMzN7iQURlWnRnpt9kEnihGUO7J80Zw,생존봉능,4243729629,support,2115,13,10,15,16828,10150,26869,78,43,32087,14256,32,0,0,118,1,36,9,0.509090909090909,0.29411764705882354
IlMmaat0gzWeRfhkeeyPj3rCMyoU8Sn3HKxg2wLYYYh_,루카이아,4399173253,support,1229,3,1,7,9280,932,1898,26,13,6095,6010,7,0,0,107,4,8,4,0.47619047619047616,0.125
MpXeZ3kj5X4NeeQ4hsBlv5l4cYRX-C5B4hfkg6AY0F7U03I,노예의품격,4399173253,support,1229,0,2,3,6346,0,3320,14,18,7436,4306,19,0,0,139,3,12,1,0.42857142857142855,0.09523809523809523
wS0Hnm95JdL_BsC8krl7a7OIPvFw0rNu-qIqMkHH-Ee2,끼요링,4300763339,support,1617,1,9,2,6911,0,25624,17,48,21045,6067,30,0,0,221,2,9,1,0.2727272727272727,0.2647058823529412
e_4_eQM_bUtCszMtzp2i1p5HeXJLWR1JhDwBhm7qtpDIiBs,Twitch스루스루12,4154186693,support,1618,9,7,15,8897,3527,10210,37,22,15728,12441,20,0,0,81,1,14,3,0.7058823529411765,0.30434782608695654
lP_VcxzDvRAZy1ryClzlCFCUkwbWpsshk_Eut6fsXMNiZFc,분노의기사이종원,4512294656,support,1707,2,9,9,4344,6273,5971,0,17,12502,5751,10,0,0,38,0,0,0,0.55,0.2647058823529412
ZJpvMlSZh4x9O4_8JvEt7ZSzMdpwVH8N3ychQe73Gxd-m9k,희나나,4512294656,support,1707,2,2,21,8299,19507,7776,50,37,12772,9248,17,0,0,232,4,28,0,0.696969696969697,0.09523809523809523
9tDTcekJJNBFC1Z7LhtKTtqIrpsKWT6bDG4T9Ovl8rlP,술마시고갈래,4287674826,support,1208,2,7,1,8510,0,2907,21,32,8428,6163,24,0,0,124,1,12,2,0.3333333333333333,0.28
WAggklWMi2VmXdhXOFTkhtzaE37HzkQO_NPHfkvO1u0Yj7s,가을종이,4248097567,support,2681,2,6,10,15752,13315,11555,76,62,18435,10649,37,4,0,361,7,33,7,0.4444444444444444,0.13636363636363635
4s278q3eLrEs4Q0AKicYyj5d30BVVqOsiO3OXOKKKmPHyPM,옷 웃,4532875197,support,1628,1,4,6,5693,6009,14605,46,39,13573,6167,29,0,0,82,4,20,1,0.30434782608695654,0.17391304347826086
VI7CTgEdeyr8hcGak0-syb9r_0JFPRPe7iOr0LJQxbEjLArRfC35y08b,정글킬버프다내꺼,4532875197,support,1628,3,4,10,9238,1486,20578,37,16,18876,7586,42,0,0,84,3,12,4,0.5652173913043478,0.17391304347826086
dbV8FgoqtHFcxv4mCX96xLquNNAb8q3WDcEDQrHRTd05ju4,하이 혀꾸 ,4311948474,support,1295,0,4,2,2694,35,3434,20,15,7310,4175,10,0,0,125,2,8,0,0.2857142857142857,0.2222222222222222
gtD9X8LhE7jSe_KR73IWSJn6g9Vxs_UL0wzzR-SpUJ0U,67O5,4311948474,support,1295,0,0,8,3143,5354,268,21,8,170,5236,3,0,0,22,1,11,3,0.4444444444444444,0
xjRSgEEt7FT4jaVtphK2AbZuUjfSJXfL08NRLejHS7p6EtSZTRTHFOku,헛손질,4506277616,support,1417,3,10,8,9481,580,13871,32,23,16365,6993,35,0,0,210,10,39,5,0.4583333333333333,0.18518518518518517
0LdxknLjNl2Os0Gk33dA8H2UkwyC5THGejufz9la4SmoK7LT2D0_ceeq,빵빵한 김치만두,4399220148,support,1613,10,9,16,26945,3165,22396,37,49,19377,12178,51,0,0,317,5,16,2,0.8125,0.1956521739130435
t9Of7seorGCnjmBz8Kvf_Vpk2CIDWMMKtMe44N5cOzig,남탓팀운차이,4465830768,support,1631,12,4,12,24321,9181,13597,46,40,21971,10590,30,0,0,226,2,17,8,0.631578947368421,0.25
vRrjx8r98uQuEFhaCtCSZ9RTmglwjC8rlLxhoekEzpHP,1illionaire,4465830768,support,1631,1,7,6,6192,1170,13642,16,44,18870,6214,28,0,0,93,5,11,1,0.4375,0.18421052631578946
ksvcU_jyx6UVL6CxCGLnqr7jAmPqzfLWMC5cca9uPFu0,안들리고안보여,4260978876,support,1859,3,7,8,10192,980,9282,38,15,14870,9251,61,0,0,40,1,17,2,0.3793103448275862,0.20588235294117646
nZXu0L1pIgdyzlw0262Wcpf4CYPC5nqEwDtsUeq5NTAvPiEQTx1br17C,너만의 찌찌뽕,4540477605,support,1453,2,9,6,8230,84,5869,17,38,12932,6124,20,0,0,169,2,8,0,0.42105263157894735,0.2571428571428571
ud24eE8cv4BeyliAt_U3XmBgLyxrCXPwDXxAJfKmQdkwCmbFzddZeNSE,도깨비준우,4540477605,support,1453,1,6,10,9373,3856,4678,36,0,14944,6243,7,4,4,0,2,12,3,0.3142857142857143,0.3157894736842105
xWM__IrQq-Ni6HSJHXc98mN5mjp08YqoKdrw2x8TaXIEZ-CNLtQzgdlJ,창현이랑 똥이랑,4370693953,support,1205,1,1,5,3146,149,1282,23,9,2300,5406,5,0,0,57,3,9,1,0.24,0.125
woEHC_yvCENqEtqSm4RiZ4v5r3W7gTCmSnu6lYg_ig1ZCVElF2NtoRhf,명환왕자님이다,4537398292,support,1955,3,6,17,10490,2543,15833,63,46,17513,9311,18,0,0,226,5,27,5,0.6060606060606061,0.23076923076923078
bcbPuu4eM70AdnT757t5xVxZ-O2FfUPwXapxn7SxOMxN,데스나이듬,4537398292,support,1955,0,10,7,9378,10850,27342,50,33,27575,6908,49,0,0,179,1,19,9,0.2692307692307692,0.30303030303030304
KYN0W7h7yvfAzpxJYNRDrbU0yItG-8u7gd1RnE3AvNepM-aYKTDkqPfD,옆집쓰레기털이범,4370877566,support,1838,3,8,9,11672,144,40636,37,81,21599,8516,26,0,0,279,4,13,1,0.48,0.17391304347826086
NJqeWIzwiMxsjFXh31iDvSdOfD1rXZUlG0FTnOBHKA-LnH8,azure striker,4327105615,support,1337,3,2,14,4858,2380,11304,26,33,12435,7013,21,4,0,100,3,13,2,0.6296296296296297,0.15384615384615385
ufK0YkDLICpZhwD3rm1GXfsl5ecikeCKz4fy_NCHafMA,벌크남,4327105615,support,1337,2,5,2,6414,620,4346,13,33,7702,5984,34,0,0,224,0,6,1,0.3076923076923077,0.18518518518518517
5iG58-2H3O6nJiJkvGWRh8ZxvZElhCUUwuaruZNp8vbXv9k,신꾸꾸,4118161406,support,1431,4,9,0,12243,1752,5310,21,20,15019,7182,31,0,0,73,0,13,2,0.3076923076923077,0.2
9PK3Y5jrLC-JhGvzuBMZzM1zJZgMzMPWm28HxbsWb0huqTc,징크스 수제자,4540145977,support,1627,2,9,14,8643,7256,28760,38,45,26938,7172,32,0,0,100,2,18,3,0.64,0.2727272727272727
L8pbCW9bmxVs6ZEVMLAUgfzd0mjHbihGptGhJb3cnAdL0ak,죽여라불방울,4407951229,support,1228,6,2,10,9104,52,4932,26,19,9334,7224,15,0,0,283,3,11,2,0.6153846153846154,0.15384615384615385
7ILejwDI89vYN_cCLNWiVXjUQUyf82AGQrJQNkzdyvwdp5Q,댓글학과,4407951229,support,1228,3,6,6,4440,704,11443,4,21,14549,5919,21,0,0,62,3,3,1,0.6923076923076923,0.23076923076923078
Lfl63woP-axpC78YxS4XLK2UlkmgLFZb5EBHSzM0fNtU,Liberty of Play,4536772753,support,1286,1,5,1,2690,1522,5620,43,18,9493,5264,32,1,0,51,5,23,7,0.2,0.17857142857142858
tOPnh7tq4FByqkbVTNZFCZNMq7naonflFHPmGjxBSCNF59U,황홀한그놈,4539383102,support,1998,4,6,14,13385,4238,33746,53,71,23463,9725,60,0,0,648,4,20,4,0.5806451612903226,0.18181818181818182
JsgYVwsT6JWPV9fPpuhrPGWmSzLgjLO4fqg53MZKzPC2,진투더주,4531226040,support,1523,1,3,11,5374,2233,10635,29,22,13355,5903,30,0,0,76,2,13,3,0.35294117647058826,0.2727272727272727
AQ8of179JS-IngY3zJx8SUEsmqeuGgU2PDbq8UWFvBoeSs1dLJA4aVtu,Multiwatt,4534563825,support,2268,8,6,14,25002,3452,9838,80,51,22521,11156,45,0,0,84,9,38,7,0.7333333333333333,0.14634146341463414
G1VR1u7xeOQ5tuk3350Y4_FanDr-LYR44y3PC8MKm8MhmPs4KFcHqrB3,꼬우면남친이랑해,4534563825,support,2268,2,4,21,13122,19442,11224,41,26,12655,10503,13,0,0,56,5,19,4,0.5609756097560976,0.13333333333333333
PkDI_PD95zGevnTrmpZb8Zx71ght2paKOS8-dOpHFi-Yqmfuz5PBP0xp,펭 수 년,4478353811,support,2110,4,9,14,11721,1814,34885,40,57,25911,8732,22,0,0,136,4,16,5,0.6923076923076923,0.225
mV696XSUfPuBZgDq510y42tGyRpDRcMtz2i0nuTBGfMU,MakusHenriksen,4122731678,support,1323,3,2,7,7200,984,9336,7,17,10022,5658,17,0,0,178,0,5,0,0.47619047619047616,0.15384615384615385
GKxXhtpV146pnOqt8l_ic6JdmN-CKt8r1cutwMdMM9hMF9Dbe8Vb4STm,비비안 수,4122731678,support,1323,0,1,0,2111,1134,3042,8,17,4127,3744,16,0,0,40,2,17,1,0,0.047619047619047616
PQk76ZSs4CgLujdR_mmD7vfCePefYx3K49Gk4MW-z3Fyw9o,dlanrl89,4367149383,support,2433,2,10,5,12573,65,8411,50,7,20834,8535,16,4,0,58,0,31,3,0.28,0.2702702702702703
abhC7cHIpAmdiHe0H4JWGEBrjgjIJlY1s8WTsfbwstiQs1o,덕의길을걷는자,4367149383,support,2433,6,4,9,10189,3275,15743,57,18,21305,10662,22,0,0,73,6,26,4,0.40540540540540543,0.16
_D_VopTkqtlnmzvlph0UlQC-S_RKbzLEr0owHzr6xcrTj5I,쥬지파괴자,4342647237,support,1523,3,8,1,5696,1709,4739,31,25,10831,6672,25,0,0,88,6,16,5,0.23529411764705882,0.26666666666666666
HOCc88R1lnFQ60NXI9yH8H5yCkYCAxJ_sJnyTbgPWkQO,도마리야,4342765303,support,1929,4,11,14,29585,1996,9271,68,77,21409,9540,47,0,0,319,4,36,7,0.5806451612903226,0.2682926829268293
65SO-vlKj6NTN_nBT5rhDcgImw4QhW7-bkP62DZ6cadD,당근의축복,4342765303,support,1929,6,5,17,13904,2576,34304,59,41,24620,10386,40,0,0,164,8,28,8,0.5609756097560976,0.16129032258064516
0wE7af20gwIdPhHXsKrvJsER2OyDI6sFl83vxdVwaZK2,하비동,4215740827,support,1431,1,1,10,8716,1898,3371,29,36,6751,6460,10,0,0,44,4,18,0,0.5789473684210527,0.07692307692307693
v2wzIhsxO_hTz2_YDWLtWEd_Cbobf5QOH8hM1bKQc7bc,불장난놀이,4279353795,support,1914,1,2,9,3609,616,15961,53,15,10556,7244,29,0,0,52,3,23,2,0.5,0.16666666666666666
UfwEETR_euXomsWU_muA08F-uuxG_enlLp-JYquZL_BeXBQ2UFrpDnbl,원딜아 무빙좀,4511562194,support,1977,5,5,16,19130,4820,8908,54,55,16139,10099,28,10,2,302,1,12,1,0.42,0.15151515151515152
kOQsPYZA2upD7Mvr6o1atXO6P01bJkyuXi3ixJ0tSia6gEs18vz_JBM5,NFK short sword,4511562194,support,1977,2,13,8,9346,520,9840,53,31,19659,8158,40,0,0,251,2,37,1,0.3225806451612903,0.26
atHqUoWHXhf2fLGSG70-gTzffIg-9ZFV2ctXoXEPTR711TIG-r6O-c17,만지지마탈모옮아,4508144660,support,1822,2,7,6,3101,225,26310,52,18,17946,7141,33,0,0,42,8,28,7,0.36363636363636365,0.25
ge49z9rHH1-Hx1vQe4VaUzklo5O6crEoSNWyOprvZVd7EKM,뭐하지구본,4468542145,support,1718,2,5,14,8802,3931,8889,39,46,13363,8309,32,4,0,72,1,16,2,0.36363636363636365,0.22727272727272727
6K2soBEffuHMZLPv5cXmVSLIMnVY5bvjGw5CkxXDEz5a0Ei062YQFNh0,얼큰고기짬뽕,4468542145,support,1718,1,10,12,14960,739,25444,25,26,25051,6523,29,4,0,165,1,11,2,0.5909090909090909,0.22727272727272727
nLZlGboBujEdsNVXptf16PCM5aeHu4HWTqYjHRbvXbit8hWO2g3zz4wr,오금리,4532477393,support,1827,1,4,4,13316,582,5614,41,48,9661,7075,32,0,0,254,2,20,2,0.25,0.1
fQfhVg35FIM4bLvVG76d90fgPNZhpNDwvVih_nKqKqVbw6I,MVP Ah Reum,4397207959,support,2079,0,5,4,1827,2344,7288,24,12,13362,6138,8,0,0,62,2,13,3,0.16666666666666666,0.16129032258064516
1uVed-ioe2Mpm5M9yXxpHOjmt4l56Ac1XfN-vh0IUWoOggbkhI1yHGo4,달달한까라페떼,4397207959,support,2079,3,5,14,10354,2602,27007,51,57,15137,9580,33,0,0,255,6,23,6,0.5483870967741935,0.20833333333333334
OUK6_9cIvLpwiNQ-lmIWwOCjMeJGAYV0LBJInBDhH4jLsp0,이름은백수,4533710363,support,1952,4,4,19,13089,916,45265,35,30,20880,10183,60,0,0,297,5,16,3,0.5897435897435898,0.12903225806451613
rCuDkb3LMQoDNb1LsuCdLXDjUDBJ1cVDQoy4kN3Fd6pj7pyfAAIQ3fdH,콩콩팩토리,4533710363,support,1952,2,6,7,8003,11722,5036,30,23,8638,7604,1,0,0,51,0,17,1,0.2903225806451613,0.15
U3__jsjgmMnGq_HlFHuGfOXCBn2LMbZy9D58Gbb_urDU,대가리깨져도즐겜,4436365508,support,2176,11,9,12,29862,1540,53768,79,50,27793,13260,49,0,0,679,6,28,15,0.5227272727272727,0.17647058823529413
nFwwOjBvIs8Vajn__pCQbXA6cKtj057op_gOIValX7e0,디야블로,4468122660,support,1788,3,6,3,5804,440,21898,22,40,15084,6799,18,0,0,315,0,12,1,0.375,0.1935483870967742
LeJYjgkNBLtJCSqcTp6TghwPs_fo3WDcWAm-q4DJ6cs3,Roat,4498265196,support,1737,5,3,17,9840,3452,28854,40,50,17077,10035,36,0,0,186,0,19,4,0.6666666666666666,0.1111111111111111
N6x8PwCXFzk47gPU86z3mTMEIy_zDT8T_ezkFpkRjTTSmvXSBTXoI-g7,난 렝가 그자체,4498265196,support,1737,0,7,9,4185,5651,7270,29,23,11733,5880,27,0,0,124,5,21,2,0.3333333333333333,0.21212121212121213
lbqxaMOd1EjKEN7PcS0w3sJB6hge8SKBscvPzfXAC--L,All known,4365206996,support,2434,0,15,19,11363,8925,77400,67,67,41071,8861,27,0,0,153,6,32,6,0.4418604651162791,0.3409090909090909
yZSASKwBzBn8mjgkDrYLabX3J-n3Oj07YupOHEg_VGnQ,원딜차이오지고요,4365206996,support,2434,2,4,32,13661,6933,26404,76,99,25148,13004,45,0,0,201,3,30,6,0.7906976744186046,0.09302325581395349
gDFRcCXv45FNmn_J58rhYGuZFCdPYc5CdvluuWP_haMs,Mid Gap GAMEOVER,4489158530,support,1738,2,7,16,10063,211,18017,36,56,18213,7763,33,0,0,192,4,14,2,0.6428571428571429,0.2
ReU51oMj7xFf3ZAKADpT4oDRWYZvkZ4Iz-mq9t0eE0rW0p0,와칸다니가,4489158530,support,1738,2,9,20,11557,8488,8339,33,12,15850,7550,31,0,0,23,1,20,4,0.6285714285714286,0.32142857142857145
YR7uY96RtGkidmQ7X7zvK8h5FuSqTJ4YvNceWZ3fIx2y,닦아라 심사장,4351556162,support,1261,2,2,22,6861,10738,6919,15,30,8677,7846,23,0,0,131,1,7,2,0.8,0.11764705882352941
Gn-kHT1Z6iRexBpaSupB6ZYOiZi3oHNd7zCbdU7SwxbFXXz6DO30k6jR,엄마많냐,4351556162,support,1261,2,6,4,7545,544,8788,16,34,14831,4853,23,0,0,74,1,8,0,0.375,0.2
9snDRDg3WCa5bD6aJFpxESceslRJgCiEbJ2H0fYtmJ-uC30,울 르,4404338161,support,2156,8,5,11,20192,656,7677,43,37,17260,12914,62,8,0,522,2,14,8,0.6129032258064516,0.10869565217391304
3TMf8kG8YRtFbEkrGvM8C-XCY8wKziXu6xfJ8wmgCzYSHcg,ChemJIN,4487417368,support,1409,2,6,0,4857,180,8113,4,14,10770,4988,16,0,0,120,0,2,1,0.2,0.23076923076923078
JUsDxgWUAlNgTVDvIAJyOG1Vhc8Wjn9ggx3gU5TH5BEf,천상지희0485,4487417368,support,1409,0,2,13,5097,2014,13803,30,28,11018,6706,34,4,0,38,5,17,2,0.5,0.18181818181818182
xfBN-_gL9QyttG7Br7Iy7D_sPfWICxHnAwns3aonGsofa5TI4r9WSDC5,Nyquist 1976,4525535924,support,1381,2,11,0,8423,250,5569,34,8,15193,5262,13,0,0,13,3,15,6,0.2857142857142857,0.3055555555555556
UWx-flNp1b6nOAEpqKYTtM4wWvwXEdkBs8Fabq1u4KPJ,mad karma,4410863651,support,2095,8,3,28,19590,3340,10615,63,98,14621,12161,17,4,0,319,3,26,3,0.7346938775510204,0.09375
yHR_Py-5JyFWAmfwyDL46l-CpZggVM1yo3XMjGgvyJIerR4,꺄악오또케고로케,4227826428,support,2688,5,7,13,18430,2692,32582,42,47,27388,13714,109,8,0,224,6,25,6,0.46153846153846156,0.16279069767441862
ImSHInwqLmra37P89ZVU6rCLGSXZlkRceaBGe1uzbjJX,루지누마,4514462981,support,1989,5,0,21,17752,17509,4755,36,16,6468,10793,14,0,0,32,2,20,2,0.6046511627906976,0
Z4o48clgv5faK-taZGiCsKc4H-8IZJp28UNe4nbU7j-lBY0,벨코즈 슈리마어,4514462981,support,1989,2,10,9,24177,812,10001,82,31,19351,9488,60,5,1,208,4,43,5,0.6111111111111112,0.23255813953488372
D4wyfXj1BwAAewPFIvf9gxo_1FFy7fSta4GKf_cpP4N1yemjy-U1tCsF,나만믿고쌰우라규,4484812673,support,1281,3,0,2,6154,0,10015,21,16,4132,5422,32,0,0,270,1,13,1,0.45454545454545453,0
2E8bqbMQ5RO-fgJ3cLeY9BJMoGidjsaK82gssA7uxAcL,카일ss,4484812673,support,1281,2,4,9,8975,1695,5612,24,41,8418,6060,12,0,0,68,2,11,4,0.5238095238095238,0.36363636363636365
KrcXqg4DyFca_JIkNdRFfEwwtEQglFba5JALu5QRCGWpHms,아니는남탓의시작,4290715996,support,1868,0,1,7,2923,8446,16174,54,15,13768,7382,43,4,0,77,4,23,4,0.3181818181818182,0.1111111111111111
XsyJDlHuDybwI-IKDOtmM4R603-mjPzJHv0Snlq1VTiAm5aTwDHMkk1Z,O부들 보들O,4289820881,support,1867,3,7,14,16733,3009,13766,60,79,17232,9266,54,8,0,109,4,23,10,0.7391304347826086,0.18421052631578946
enirlxKnoTE95rh5rPENwzWbeZDAn8DZrr0Og3Y0fSgUW1KOD8Jrt-jt,못하면갱안가,4289820881,support,1867,7,3,18,15250,10968,5612,47,29,12213,11693,61,4,0,124,3,29,8,0.6578947368421053,0.13043478260869565
-QJL6S9ZKXCQd1k-DZTxWLSGI7ljC2YQm3MUFE0ta18W9v24wAskU1xT,sssml,4484928508,support,1949,4,9,22,10293,24789,9133,15,40,15471,9155,8,0,0,246,2,11,2,0.4727272727272727,0.1956521739130435
fmcDxgH1Sg9uEkT5BjQZ3URA4uc3lStJBGW4eu9UX9BJqTM,일이뉨,4250262744,support,1352,3,0,14,9305,1615,6194,34,44,8889,7529,28,0,0,63,4,19,1,0.5862068965517241,0
52iK2vV-G1fCp4eS6ey7UZybCEnjttUejxJ2FExHpmDa,니 뒤에 정상수,4508121501,support,3008,6,9,18,21800,5851,73544,108,86,43137,13978,45,2,2,374,8,40,5,0.5581395348837209,0.2
DsRYUJ0kr-PCKbJCcNx3gF0G-yYG1svoCFWhWDwEv_wG,입털면하기싫어짐,4447380020,support,1227,3,1,7,7632,7395,4009,32,9,7581,6497,9,0,0,41,5,11,3,0.5263157894736842,0.1111111111111111
pOpdwddy3udRStzNQECK2rhI8bWS8Xy3FYL-4X3gPZJSU-4,whwodbs07,4447380020,support,1227,0,6,3,2920,0,9432,17,12,10003,4037,19,0,0,38,0,11,3,0.3333333333333333,0.3157894736842105
T7fBZv4ZJQQxjdzqVmstPJlzEI0d8_UhouTJrbz1lkJBrfV_AD2-x7GD,광삼교입니다만,4508987671,support,2350,1,7,17,11926,12009,5751,46,19,9012,9591,6,0,0,55,4,22,2,0.47368421052631576,0.18421052631578946
WyB0Zlu5deladSORV0jSTaP8RlJ-g5k9uPVGJ-XhajrUD3WMTAc5ysck,HLE gang,4508987671,support,2350,6,11,12,15211,1667,34244,67,22,37036,10783,71,10,0,85,0,42,5,0.47368421052631576,0.2894736842105263
qPADIcEjkHX0hbuBROETVIsk8VU9W3Oyp3q6SrbBEzVvUW6YTlhuKZBr,크샤마,4506066914,support,1836,0,0,13,2707,5294,1397,19,10,2730,7183,1,0,0,17,1,9,0,0.4482758620689655,0
fLpXleNfeYeWR58SSbwzeH_CGC4BqfHLofab1K_YSELPVjQ,넙죽이아빠,4540672932,support,1595,4,8,6,5313,1088,22396,50,32,17971,6994,31,0,0,102,3,21,7,0.38461538461538464,0.2222222222222222
Cy6pbfMwC2Sw11VjIymdalIbnfXIGaKWW1X4YH3VdasqIQE,똥꼬딱밤,4249988658,support,1625,3,2,14,7048,1208,17200,40,29,14249,7939,28,0,0,109,1,26,4,0.4146341463414634,0.07692307692307693
n8_oK6dIb5by4oKO9UK-VQ0FJPhQ1dxRELz0MoU-bkyDLE8,162kg,4249988658,support,1625,1,4,9,7054,9245,4378,27,21,9109,6238,5,0,0,44,3,15,2,0.4,0.0975609756097561
fh2EbEZd3j7UoHgEixUJzPCU1L6gX6Q--v1SMMI118hWIFgiLgipGLlr,현수는섹시해요,4538791260,support,3258,6,10,7,18688,13690,22931,85,57,38839,13694,37,2,0,179,0,39,10,0.2765957446808511,0.21739130434782608
39HHSgLkREZPqMN479IrglidSTU7MHPv_H9X_y9JJiACRBO8DlZAjugz,한판하고끌게,4447895783,support,1761,1,5,10,6535,1220,8957,32,42,15496,6917,16,0,0,292,5,18,0,0.55,0.20833333333333334
5N292MrbSDJJxn69jfEh0-cxWF44GwXDuE3h8czCJaY1,야망꾼코지환,4447895783,support,1761,0,3,9,4918,9606,25453,44,27,17847,7710,34,0,0,63,1,16,4,0.375,0.14285714285714285
zaQIl20P2-ALGJ_FLT3fWjHeZ1bk6OcNUo09zOYEaG26lNWm_klu_I1q,중식먹고하자,4540206745,support,1263,5,5,7,3692,162,8141,24,13,11919,6347,21,0,0,42,7,19,3,0.6666666666666666,0.19230769230769232
T5LQwkRozUGPM3NAh09qvXdr2ktYQyvA_JNAmHJ-5PgLi7E,포롱아,4540206745,support,1263,2,6,10,12729,88,4144,29,7,7828,7170,14,8,0,11,3,11,4,0.46153846153846156,0.3333333333333333
P4unbO-GoZB0_LIrpFnyj30_jqkL_6jLUUzyQOgjg1g,lulluralra,4530436536,support,1270,0,0,8,5014,3327,3543,14,27,5842,4870,5,0,0,173,2,9,0,0.5714285714285714,0
3XJZ9l1QInjdjnTbt5hK70jpLgQERN_pa_pktruPY5t1b8YHCJdytsZ2,흰둥이귀엽둥이,4530436536,support,1270,1,5,3,3551,11232,3180,8,32,7051,4519,8,0,0,135,0,5,1,0.2857142857142857,0.35714285714285715
ij-zhOFhtJ1ojgMU2xgZT-wBsYw9mflod1yun3-06vfVucO88yGCsWon,세현킹왕짱,4446321707,support,2138,3,9,12,15876,1250,16867,57,30,19693,9948,32,4,0,230,1,25,3,0.40540540540540543,0.2647058823529412
MVa5mq0sWJhvQsUw2u1eCv4i6kqzatVFtO4RJRlFWcSGtFM,뀨 주 희,4446321707,support,2138,1,8,19,5456,28810,8530,59,45,15484,8658,6,0,0,171,2,30,0,0.5882352941176471,0.21621621621621623
Io78mU4ZEskrvlI6WUC1JpJQgu_LJCtP7-WDtayjt_mB360nIgn41fJv,잼 선,4521673302,support,1482,2,1,16,9189,11480,5479,24,37,9930,8833,16,0,0,120,3,9,2,0.5,0.07142857142857142
kHmz06pVG2fYIY52V-uGpSQhwFgeRnxyhL-oRvDceRBUfGEVKrhlEia3,미지랑,4515958105,support,1679,4,6,6,23703,995,4585,33,79,12106,8313,76,3,0,349,1,20,1,0.4166666666666667,0.16216216216216217
onRRTFubF1YPXLorfpq_GKb9sW0epuMFXIAIl9UnkYaiw9I,BerAdel,4426369357,support,1680,1,6,6,8030,212,19775,33,33,14390,6397,28,0,0,132,4,19,2,0.4375,0.20689655172413793
ZUJnypi1i_rOGWFEhV68LciK66lEIl78MqG_AUeJQ7hU,여성안심택배,4517254826,support,1957,1,5,8,7574,7841,6600,51,54,12929,7570,43,2,0,71,5,20,12,0.42857142857142855,0.15625
5VTeUwdpkzz2T_IbCeecBp9rIDRd_eDj-xQR47v9G1jI,아르키데메쓰,4540002386,support,1813,4,2,13,10573,3794,6955,22,42,11146,8377,17,8,4,65,0,13,2,0.53125,0.15384615384615385
qarEkw6diGMdcu1MqMN4vSfGLQ88X9TCY0V85qvLIUHjPDmKL4iUGwAl,ncjo,4477781921,support,2057,3,6,14,13306,2504,27688,29,32,23680,9566,44,4,4,125,0,15,0,0.4722222222222222,0.2727272727272727
4LsIWUTuYzH5FI9y3O-UEjTl3YB85HlquaDHuybccNXJ,길바닥짱돌,4477781921,support,2057,1,7,13,7746,923,31090,44,38,21524,7231,34,0,0,358,2,18,5,0.6363636363636364,0.19444444444444445
Vfc2nlYNDbAvpECF4ZSTI4ACBTEtcgKuz2h4haP9MQQ,부잣집도련님,4426906808,support,1982,4,3,15,17506,1397,28101,58,36,13235,9818,61,0,0,1104,5,23,3,0.5135135135135135,0.15789473684210525
1dHx1ZVh-PRcLAVFe56IYtUuhMuUoBJyaU7FYNNlWopd,촉코맛딸긔,4426906808,support,1982,7,5,6,28115,482,5370,35,28,13739,11844,105,4,0,114,1,15,4,0.6842105263157895,0.13513513513513514
Z-yaGe33uy__RdSHPN6fd9f_fKofKjpCItBM324K6T0xD5s,teavana,4473655788,support,2366,2,6,19,11100,22211,8456,35,19,13167,9654,2,0,0,49,0,17,2,0.4772727272727273,0.13333333333333333
FcI3fp0kjYAOT86lreobLFs41PraXVzK77Rp8Q-japZVtPg,나너좋아이리와,4473655788,support,2366,6,6,18,28416,3866,8403,55,29,22160,11891,48,4,0,159,5,25,3,0.5333333333333333,0.13636363636363635
XleNbbKewgsQe3_U7cfINrYpM6CCBHNC4hoFRijj4l6hxTN2cMh0hXro,고덕동난쟁이,4527682567,support,1531,1,3,2,3128,3364,8454,28,11,12830,6343,27,0,0,66,2,12,5,0.23076923076923078,0.25
-rvJQKRbokOMYLZ9DjDNAtA-hNnrOCRMczuUZmU-lpuDFUk,여기에와드,4527682567,support,1531,6,2,4,9657,2152,6980,32,49,9151,6939,11,0,0,63,5,19,2,0.8333333333333334,0.15384615384615385
iGH-cste4SparyEpUfZR8SD94LA6RSDJkluGMT3eRlI_,빈서판,4318226354,support,1976,1,5,19,9143,1225,31018,51,70,20364,8691,75,0,0,645,1,29,1,0.6666666666666666,0.13513513513513514
Uroh0bdiciDbjoZO0fDcs666he9ufEZr9PzEJVGTtM--Yzs,Fairypancy,4455384739,support,2353,3,6,11,23339,2379,7419,71,22,15248,12110,93,0,0,314,6,37,3,0.2916666666666667,0.11320754716981132
uhn_tKRcHr8p84vyf48SmAsQWYR_s410t6qhj0TL7xgLyQc,따끈한우엉차,4240358466,support,1985,1,4,17,7186,852,21613,69,38,16456,8419,45,0,0,121,3,25,11,0.5806451612903226,0.2
vy9Eq7tlPmAMT4VMb2hJ-ACun6-Cs860mjq3j10cQEqxF6c,미포충,4240358466,support,1985,0,10,11,10934,8949,10657,53,16,17188,7284,13,0,0,24,4,33,6,0.55,0.3225806451612903
ZApftADHdbCNYONPmpnKp6bwQI5_yN4wBcfMUGDfxbx5dIcPhtoSBkJL,졸린곰잉,4466457756,support,1534,7,4,4,9598,2534,8015,49,18,12335,10447,37,4,0,103,2,20,5,0.3793103448275862,0.36363636363636365
fxzyWrW-wlVQpKCTjrqyOb5nPIlEL2V7KEcTbRRD-dE,아마란트,4533088871,support,2959,7,12,15,44707,2759,8970,82,85,27436,15753,117,16,4,463,1,44,6,0.5641025641025641,0.2033898305084746
2mW1E_yQ25mjjfrrkm_SAi-RwsY5-Eb2mkiZDLNfGnu-pBk,초밥전문,4345474212,support,1391,0,0,1,1811,1448,2774,23,8,2324,4696,44,0,0,53,0,14,1,1.0,0
KSESrcO902p20RN9ZyUwgTjcZu1QR-ig0tyt-KO_PDs4,집사냥E,4345474212,support,1391,0,0,8,7203,12168,1711,21,15,3986,5334,2,0,0,37,3,10,1,0.5333333333333333,0
qh6utgBX7VuYpSS5x_KDlKhgGbfIT4MZN2GnEL4V9dgZ5E0v9oDAGkT1,푸딩딤,4502479641,support,1847,0,7,8,6858,394,24717,33,44,14821,5899,25,0,0,267,1,17,1,0.42105263157894735,0.25
t5g56AH5yLcgELGcjqgPkTE9H1Or5HK4R1NhUAk1rWWL,만개연꽃,4502479641,support,1847,2,3,14,9315,1161,20858,54,24,20986,8058,46,0,0,87,3,28,3,0.5714285714285714,0.15789473684210525
VuaNRz5e0fMZc0VxKb4XaFeAJ1bcciIi9gfHzmbIlmLzx88,질식사하고싶다,4533577787,support,1734,4,1,12,6016,471,8701,40,21,7733,7918,24,4,0,50,3,17,2,0.5925925925925926,0.1
_TCq-In-jwgo0Qwm3HQZ2UpotdfKi66wK6fh8V6ZoIfR,카타리나못함,4533577787,support,1734,1,5,1,2226,876,3992,13,26,11379,5427,10,0,0,213,4,7,3,0.2,0.18518518518518517
lXCSelFsYVzcFonx8YfpNpz2AaMeFvBYTnQ5DAquEORiC_8,전쟁무도 라칸,4173048917,support,2024,2,7,18,7485,5494,29397,95,40,15762,8210,17,0,0,128,6,43,10,0.5882352941176471,0.21212121212121213
tuhA52Ucd2SQEMGIqlAjVMWKnYQDn_8rYi8j1ryrw8fmAgU,eoeoeo1234,4173048917,support,2024,2,5,19,11456,20705,7911,38,22,11759,7762,3,0,0,40,0,20,2,0.6363636363636364,0.14705882352941177
emikMaVY_9q_Jrgdj6C3bLDzvUZDJPfh5nLX8EfLsyrP,아리수보단무리수,4524208856,support,1780,2,7,8,10027,267,20372,34,31,16119,7482,41,0,0,258,3,17,2,0.2857142857142857,0.21875
df1yDKIHqzGpWnaFq8UMxvCOcBKtr5HU7LkqJFhlIFiboa8,롤정말핵노잼,4274538095,support,1441,1,1,14,5388,1057,3586,25,33,5721,6788,7,4,0,132,3,10,0,0.5172413793103449,0.14285714285714285
tcwzvr5_pvbD1BkPJsbEwKKNC5yztk6iuyREtodMjyOXTlI,Lyon Bok,4274538095,support,1441,3,7,2,7195,6994,7875,28,29,18969,7373,32,0,0,59,2,13,3,0.7142857142857143,0.23333333333333334
H0ak9Kt2v84K5gQ0o48tG8uGcDSF6K1XGTjhE7F68HAc,포마드한뚱이,4368430038,support,2506,1,8,28,9514,15331,46117,69,34,29980,10213,28,4,0,91,4,38,2,0.725,0.1951219512195122
ixreHMjR2bDC5S8fePKqPZ8ep8wxWELXXAw-uul6Qr7xuR8,초인아버님,4368430038,support,2506,2,10,18,13347,21108,13614,56,62,25408,10764,44,1,1,370,0,20,5,0.4878048780487805,0.25
9d7BQ6wZ4VEZS6BK1JzVPMudwyrw_SbgOy5mdn8wEJkpoSg,지킁지킁,4488579481,support,1989,8,4,6,25675,667,3524,70,29,9316,9989,37,4,0,115,4,33,5,0.6086956521739131,0.21052631578947367
UI3AazY7pWW9t8RgZYHH5aWeGQBnwiuilm_nkgkmYUL4ZQk8XJvDvuMq,썬더일렉트리볼,4488579481,support,1989,1,7,9,4257,1067,18022,58,19,20123,7182,31,0,0,59,4,22,8,0.5263157894736842,0.30434782608695654
EAZLExr9iIGWACsees2hQI2OmARjvOC0sH2tRgnuGeGdZOzko4LtgNmP,흑발입니다,4404797069,support,1525,1,2,10,4003,821,9570,42,28,7859,6156,22,0,0,49,3,16,2,0.4583333333333333,0.125
QyPviHRa24bhKqJMDw-dTRUgIVphg3avmSFjO0rmJvmj,풍무동300원,4404797069,support,1525,1,3,6,7637,11171,2646,27,24,5515,5857,3,0,0,51,5,11,1,0.4375,0.125
i0EYhJCKpBoDpBbxdsnlEbDx10MNHLPmw5G8nqCpgxeNZvU0snN9yuWq,킬딸전문 냥냥이,4215682877,support,1218,1,3,3,3987,0,3728,26,17,5903,4576,21,0,0,138,2,13,3,0.5714285714285714,0.21428571428571427
58TvUYyBmvM6c30t1V_wTLYZL9I2MPiyfEsy0cwV7oX3,WoCengAiGuoNi,4368958453,support,1910,4,9,25,12948,4335,40141,52,89,28431,9004,25,0,0,269,4,24,3,0.8055555555555556,0.32142857142857145
QU9Zi5WP44f1oHu3jk4UpAwUMREFO-uw4j7qpxZUNNELkjjTO2U4gWCt,돠와와,4368958453,support,1910,1,7,16,12951,1517,30367,45,20,27305,8498,40,6,0,158,1,17,5,0.6071428571428571,0.19444444444444445
Bu7as198QKTaLbunWUnXtiKRfJCO4Yb4FTqu-GGE3uZp,시청제한영상,4518650381,support,1407,1,6,7,5932,945,17812,9,30,18025,5782,29,0,0,199,1,6,1,0.5,0.16666666666666666
pgMpgd5prx7h0MUkB6lUG0uiaT7hXvQnjZUMfaZnbViQWPvrDj9pDBwq,탈주닌자육타치,4518650381,support,1407,3,3,19,16231,8061,10453,23,35,19074,7735,16,2,0,144,1,12,0,0.6111111111111112,0.17647058823529413
HsSnHOnXoV32WTJSXGHsYhyYTawlPh_qEf9CTbwMTSgk558,Mister Troll,4404189625,support,1330,2,5,6,5101,98,14682,26,46,11945,5836,34,0,0,289,3,14,4,0.5,0.18518518518518517
OlUMSZCv71PpeboTv9Md2SIqegOHCKRb1OOhm0XyDFMZv-s,석자는내친구,4530569793,support,1865,5,4,24,10269,6491,25085,53,56,20258,9440,46,4,0,119,4,23,5,0.7073170731707317,0.17391304347826086
XR8e1miJBlP_v8bHnbqLF9qacKAO087WnLGcgbs-_dKk,블렉카펫,4530569793,support,1865,4,9,9,7284,1931,31316,39,46,21621,8760,37,0,0,283,0,18,3,0.5652173913043478,0.21951219512195122
yGwd2RwJ0Ng2mUK6wEhioIL2UCRptCSKA4Qwv2Vrsqhg,TelePop,4540008446,support,2321,5,7,17,13849,4385,40103,64,54,26462,10568,41,0,0,163,3,17,7,0.7096774193548387,0.14893617021276595
Vecyk0V5-CVT_uacoz-hi7RQ6v2xPVzRfH4VjJm9OZMYaRo,도랄멩켕,4523008250,support,1579,1,4,3,4756,91,13503,27,26,13076,5373,30,0,0,128,2,14,2,0.2857142857142857,0.15384615384615385
k8KuZd3CjMv2sinm3RS2bRp7riqtTdJ31zVAQpVn0WTl,똥싸면나가뒤져라,4523008250,support,1579,2,0,13,16448,11232,4554,56,28,10112,8695,24,0,0,176,3,17,8,0.5769230769230769,0
AYscoEVouMVspJ4kvnabEBgD66J0MPCOpXLEDrf-6UhlUgDyNWvWwS8q,강설우,4539424750,support,2351,1,8,17,5218,20008,6510,75,43,13141,8438,7,0,0,164,2,45,4,0.6206896551724138,0.32
fJC_DSaRt8AXoe_hq-1nxgqsrVWgnSy7aML4qctOx8NuAME,오자기,4539424750,support,2351,0,7,18,11669,925,38595,54,46,23619,8789,47,4,0,251,1,26,2,0.72,0.2413793103448276
735g19SjwIAeMMLDUJ1ocTx6X22l5SzNEjX7e7Ac0CXtugo,유호진인데요,4241806454,support,1769,1,7,7,5959,5204,32147,21,31,21636,6434,35,0,0,385,1,11,2,0.38095238095238093,0.1794871794871795
BGYKNrVe51XDpwPLtDEZW4hMmsyDbpOgwf1a1T4q4mJT,악성직모,4241806454,support,1769,2,5,12,6415,8086,6057,41,28,12997,8105,18,4,0,66,2,12,11,0.358974358974359,0.23809523809523808
3YTAlwSKAP0F9vIQHuuQS3AP7LbkG3AKUtVD2_iEOOud,Jang ChanSoo,4289171752,support,1961,2,10,10,7487,7480,35755,33,36,23529,7490,33,0,0,128,5,19,6,0.5217391304347826,0.2702702702702703
Rmrcv0uP9fv8WD_2KU4MoF1bX4hk5pC4Uc9hcHsXEAOiQRE,조로와야스오,4289171752,support,1961,8,6,11,11047,6109,14623,69,33,21852,13884,36,15,8,114,2,34,11,0.5135135135135135,0.24
gKf-KfY1xhg1njG8aEMWs9c2oWAMPVScRyEVhXivQzFGuTg,엄마찾아갑니다,4332291838,support,1969,4,10,10,10029,552,38704,12,40,24402,7701,39,0,0,196,0,8,0,0.42424242424242425,0.20408163265306123
h-9IMy3J7kFIrgfh8T3kXxmxRFkWXA_g2cmY-rY8Mr6ZSEYMKP-cON9e,니의견에동의,4332291838,support,1969,2,9,21,14724,0,28782,51,30,24015,9694,51,0,0,210,4,24,1,0.4791666666666667,0.2727272727272727
9ZtQCz3XcQ9dTaiVcb5D5bbZNmcyY1Vm-x1HqJfzcAWi9qs,Miner Jin,4488937922,support,2029,1,11,12,14203,4426,15515,53,31,24723,9831,83,0,0,254,1,26,3,0.28888888888888886,0.22
nh_fPiJUzmjdW-zEoM_YFPEjmoVthoTBVIUPanH8xgpXujQ,굿애플 보안관,4492837531,support,2622,4,8,7,11014,3510,9435,62,55,23758,11178,76,0,0,179,2,42,2,0.25,0.21621621621621623
Psw_Fqq_HKbLRitJuBH5j1PRcuLZJzbvhmPwL1c2PrnW0O5DGrkIlm_r,허슬플레어,4477484510,support,1521,0,5,6,3089,4737,11147,33,11,10798,4784,20,0,0,82,4,12,5,0.2857142857142857,0.17857142857142858
2pM1_bC5bzG1pFzer8B5BFhNvJrecQm784rjSzHTy_es6Z_DA2IWmXpP,윈도우푸쉬,4530010121,support,1661,3,2,14,5418,7275,2175,35,14,4719,8080,11,0,0,31,2,14,0,0.3269230769230769,0.1111111111111111
_bI3dzuJl5AJ1CMQieZhIR_aiU3hrmX5wV8ZDvGzLhF4,김재미,4530010121,support,1661,1,14,2,5387,662,7039,4,13,21057,7764,88,0,0,185,0,1,2,0.16666666666666666,0.2692307692307692
7928KksEJ1r9SCgpjsUAdAJZSyOOFeWlYMRWuUJ0Dc_R,꼬끼오꼬끼오,4431360677,support,1462,0,6,11,4015,441,14933,16,32,12381,5999,21,0,0,75,2,9,2,0.5789473684210527,0.20689655172413793
0c3-r5OsGyfStCKCX71QGqjLSlPiD2_XI54j8MCa4Ska,밤의전젱,4431360677,support,1462,1,5,13,4986,595,9060,35,28,10003,6119,49,0,0,129,3,16,3,0.5,0.2631578947368421
CBJDM90W4W7sizu-j4_9ooSUFxZvoXyYLNk_DMOmGy1oMeVOStGTq5Eh,DFice,4536464219,support,1263,0,4,1,6318,0,2878,17,15,7223,4221,12,0,0,152,0,9,0,0.16666666666666666,0.25
CnY_ovUgiknxNVLXr6gY848tUItWdsxAzBK20tnq5xq4Zy8_mPA-cO8I,jinho0114,4536464219,support,1263,2,0,8,7409,8015,4937,32,19,7922,6302,11,0,0,67,3,15,2,0.625,0
4z42dYJDeM07ATVkztcrSV-bRjrAPW46idakTdQ6-G7Y,샤바샤바하이샤바,4490422453,support,1866,2,5,5,5360,2532,11185,25,10,16857,6965,14,0,0,71,1,15,2,0.2692307692307692,0.15625
xqbtO3A_J-yrDrYX3iwNxS97gZMN1zDktfLPEZzIaRs,TikTok,4446233502,support,2246,3,8,9,15831,847,20505,87,22,18717,10766,61,0,0,294,6,41,14,0.35294117647058826,0.22857142857142856
FTRmov7EUgI7WjuxT2Fz1Ot5Pd246i7bE2r8zRMfct5ywoU,원딜때려잡는사람,4307514604,support,1249,3,3,6,7309,4956,5084,38,14,8064,7040,7,0,0,121,4,25,3,0.391304347826087,0.3
JzFZNWdkdYLfJklHJF6DwUn0IAkmzS_EK_K8YgesQ2qOqpU,민랑이9998,4110023303,support,2044,7,8,12,13163,8073,14942,49,31,25423,12741,45,5,0,126,4,19,8,0.48717948717948717,0.27586206896551724
FG9IQYcJOZ5kJbGtUtWpuj5Ch_VPtgmBNxnZzz4kEjZ2v4Y,미니오니언,4110023303,support,2044,2,8,8,20643,654,10251,41,24,19392,9285,51,0,0,150,1,24,4,0.3448275862068966,0.20512820512820512
amJalTlYwOZ71nZYf8zPvaiPJamtvLxNtLEkkGS8EgzNLz9CpTUognoO,갱맛이어떠냐,4535900081,support,1332,9,3,19,21397,588,7368,34,11,15274,9851,27,0,0,20,4,16,3,0.6086956521739131,0.23076923076923078
engWT5_jaOLAE95BK8tZA2FWNshvke8S50RWey_xYMdz,홍성불주먹,4535900081,support,1332,1,11,5,9505,0,5721,12,27,14017,5506,17,1,0,112,2,7,1,0.46153846153846156,0.2391304347826087
qdApHRatJYO2gZw2czmrH4utKbYkkEX1l3me4R6qBV-O,LUCKY TAPES,4522887476,support,2252,7,5,18,39863,12551,18367,87,78,29327,11229,29,4,4,514,7,29,14,0.5319148936170213,0.16666666666666666
fn7n4D2bIhOyWyrLkl8IGR7FlJAJqyHbRuBH4G5Miz2EOxo,날아라똥버스,4522887476,support,2252,7,8,9,23220,1036,7056,82,45,20449,10678,47,4,0,104,5,36,7,0.5333333333333333,0.1702127659574468
PPH59noHX3crcb1QJidgVGYg_6_wCefxk8siIXnFX14LEmptmZISTowG,남자잘다루는사람,4537239585,support,2117,9,5,21,26348,5037,54559,65,52,40487,11107,45,0,0,222,5,26,7,0.7894736842105263,0.19230769230769232
rbWJ9r5rCm6my_BoK2xlzODnZFl1a3Rr6wPOwWVUDLZ6Y3c,잠만경보보,4240702558,support,2629,6,8,12,34275,2747,6378,101,40,20672,14283,67,24,4,243,7,44,3,0.5142857142857142,0.18181818181818182
Mh3jL88D8va_Fp0XV-kgGVDMgDWksRoPaC12RrVTWNTG,나르 연습용,4240702558,support,2629,3,4,28,18511,28138,20128,35,16,28833,12002,31,4,0,44,8,18,2,0.7045454545454546,0.11428571428571428
1xVFmeaZRndJ8RxHzJmhJJZ_pPl8-37aferrp_iwXIul,노무노무딱딱,4445837611,support,1452,4,10,4,9492,54,10101,19,26,20382,6465,20,0,0,53,1,11,1,0.5333333333333333,0.2777777777777778
IB658p0T9LfwWCNk9QRb5lpTaDFhXl52KAMmQ2te4AgPIsRNiAEvDy5L,운전보험,4501930326,support,2030,5,8,21,15701,774,50609,58,85,24229,9695,34,4,0,344,0,23,5,0.5531914893617021,0.20512820512820512
C6SHyWC9zzvV6XbchgMfpha5gq2FUvb0SGKs3L8cd_WLQps,Visca El Barca,4501930326,support,2030,2,12,22,25913,2298,7806,36,37,24017,9915,32,0,0,141,0,18,2,0.6153846153846154,0.2553191489361702
hL8Hg-4KgnREjymBC2Y-04YLIkx_yXN4l502juRHy6gRd8gkM0XVXPGO,sunghyun2다,4449381570,support,1330,2,6,4,5670,4294,8763,19,21,16158,6646,29,0,0,73,1,7,3,0.5454545454545454,0.21428571428571427
EW5M4SMV2_AqxMO3nyMMeI5kcVeS8n-eAx-Tgy1LrKrY3r4GHfTuKo3l,니애2미창련1,4449381570,support,1330,4,2,9,11102,2,1138,25,23,3756,6669,24,0,0,66,2,14,1,0.4642857142857143,0.16666666666666666
rEvGrGBUtxk5czHXZYb4l5QjsXz_D3NMwOAgQMMcXkoN4KU,악마의감촉,4383786880,support,2190,9,4,13,17140,6168,50050,81,50,29434,11738,32,42,12,306,1,30,6,0.6470588235294118,0.15384615384615385
Xjor_1H2j--xJisQuTAvi5tvZb88yQPNXLDYPIuny7N7qq4U379biU8l,일곱의죄,4383786880,support,2190,0,3,5,1262,1799,3064,7,5,5509,6520,18,0,0,10,0,6,0,0.19230769230769232,0.08823529411764706
Wzalwu1jySlFtYS4T0bgUGIS2XoFu1TZCFS12TGEMBRfmc8U_J3K6x8I,01065705605,4499171142,support,1953,2,3,10,6470,12917,3402,55,15,6270,8013,9,0,0,54,7,30,3,0.36363636363636365,0.0967741935483871
HQpUIn4OYYFkMPETdKZQYTnCe-9twUn8tI6oOPOqB_yNsfk,승수로켓,4339308511,support,1506,8,7,5,17934,250,6454,34,26,12871,10155,64,0,0,256,3,13,6,0.5652173913043478,0.19444444444444445
HcmXAvIzeQXLxQhT1mQ8_Gug9neoz1Nmbe6aWeGskXp_aENCDto0FcIn,따비따비따따비,4339308511,support,1506,5,3,7,6886,573,18939,33,28,12642,7546,25,0,0,97,7,15,3,0.3333333333333333,0.13043478260869565
e8GQm9I2yuptCQPIpiMhJBrZnRcomMwChmpZeqApf9mPGlE,9406251157,4293002270,support,1365,4,2,9,7690,1119,4075,30,8,8030,7669,35,5,0,72,4,12,3,0.40625,0.125
-EggeuTYCnINQmsbY6xbiMK7ZSDasA7EBVLDrbKXdyuMTCI,이니에르당,4293002270,support,1365,3,4,1,5596,168,13830,10,31,10666,5160,25,0,0,212,4,6,2,0.25,0.125
uwV3Un38lee4eQnimGLGUbu8C6axIa7CHYndSnbqjRRk-nY,계란빵이왔어요,4255412726,support,2082,3,6,10,10744,92,20066,53,28,13327,8178,36,1,0,199,3,28,0,0.3611111111111111,0.17142857142857143
jZRiHaBdlY5oU-1dE2fCHEwbq8VklcXBOy6Xv6f0F05ZR5Vb0UjV7HBe,햄스터 찹살모찌,4342940639,support,1884,7,4,14,14698,3592,38707,28,42,19560,9026,29,0,0,202,1,11,1,0.75,0.12121212121212122
6OwfiFoh5IszrePKAwUntD6sdmRFN00ubaB-C4LZwJnprJ71YzQ4xUSJ,skeedy killer,4342940639,support,1884,2,4,9,11524,3391,8472,53,44,14969,9035,38,30,18,290,1,25,4,0.3333333333333333,0.13793103448275862
wkwURW_0Gt7WHfSyyqEjQf0e5RsO4i6yE-l3Lz-f-4uv10s,히히힛23,4083245462,support,1215,8,0,8,13083,248,2135,26,25,4244,7329,21,0,0,131,1,10,2,0.6153846153846154,0
TCuPUcLiQlg06fbWU0k2eiTu853i1H-kRjYjZG3XARt0zpN-y0Y5cKJg,죽여 이 간나새키,4532218252,support,1369,8,4,8,14998,645,5039,42,26,11725,8702,36,12,4,164,2,14,7,0.5714285714285714,0.23529411764705882
JRnCcTgKfqAcBT3Tzflh4kaZobOAQGeor6vpTAHu7VsF,초록빛파티,4526402584,support,1828,3,7,6,16953,2916,5225,29,10,16291,8474,57,0,0,24,0,17,1,0.23684210526315788,0.35
49dltTErCHSRASXRn9xIMQo4fNIpD_vdszS8vl77mRD4oN2qT1-rssmQ,문피자,4536792424,support,1603,7,3,12,10269,1416,17542,51,24,15101,8676,31,0,0,72,3,23,3,0.6129032258064516,0.13043478260869565
ZTBqNIrtoLPzota1YW28MpUlXxDt70w-yQupV_o6Z16k5qo,Yachi0406,4459098566,support,1324,4,3,14,13960,2830,7036,39,28,12571,7952,28,0,0,82,2,16,2,0.5142857142857142,0.17647058823529413
IW-a3etxYn_8cTp3rYKl2Bc3P_l7mAmEsOeG_7PWULKlJ9T_JgPZezNW,The first blow,4459098566,support,1324,0,6,7,4692,0,14521,17,27,12476,4715,13,0,0,83,0,10,0,0.4117647058823529,0.17142857142857143
6Fop6_SM47Oybo91y4RQs-MU1K37a9SXOjscewC19a_TJRk,쟈기만운전해,4536016575,support,2180,4,5,24,11367,13391,52973,49,49,34162,10311,36,0,0,209,0,27,6,0.5957446808510638,0.2
zjSSMj58kvdSBPhZc_ymChA8y6_fFfJ1DwkcKh8YIvO_oj6Vf9NzMz5K,잉잉이이잉잉,4272798763,support,1774,6,7,12,10248,3089,13922,32,19,17139,11374,58,4,0,133,0,16,4,0.43902439024390244,0.3684210526315789
jO7e9R3Hl5Bcd8F69INMBvyhNKIT-lHp4cZvsxQJ6vI9VB0,aalalalalalal,4197771515,support,2452,4,13,8,19243,951,16215,58,66,24746,10968,51,0,0,182,4,24,2,0.3870967741935484,0.29545454545454547
4ep7wnNVFdzdBTTK853caxEvLPa8Q33N4rHjJ-DlcrdC,아리 또니,4523348989,support,2162,9,6,20,17465,4823,12207,87,23,20640,12709,63,12,4,245,3,28,13,0.5370370370370371,0.15
