account_id,summoner_name,match_id,position,playtime,kills,deaths,assists,totalDamageDealtToChampions,totalHeal,damageSelfMitigated,visionScore,timeCCingOthers,totalDamageTaken,goldEarned,totalMinionsKilled,neutralMinionsKilled,neutralMinionsKilledEnemyJungle,totalTimeCrowdControlDealt,visionWardsBoughtInGame,wardsPlaced,wardsKilled,killsRatio,deathsRatio
tJC0m2wmf7acDFJMQ2AZYAi0fRNdHVPkiFxHvYAyB3Lo,장미의환상,4378814870,jungle,1444,1,5,4,5436,5282,19575,18,23,17481,7462,13,102,18,468,1,6,2,0.15151515151515152,0.2777777777777778
Cn6t3-ljIbm4upSso_0Zhzf7blE8IOBifbnqnMDQQ3i826UyYm3DQHui,레드하마,4378814870,jungle,1444,4,4,4,9457,6637,16950,8,12,28674,8934,53,89,0,134,0,6,0,0.4444444444444444,0.12121212121212122
NIbHOBbRslNbF-EazPzrXNOZRoNEMD9BKgkSlO-q0VE-,토이치,4506228464,jungle,1561,5,4,12,10453,9300,10530,36,36,19024,10628,37,87,12,258,2,9,7,0.5151515151515151,0.21052631578947367
cFq-ulChyZcDXGVMJvyLrtdSEdE7-t-AJUxF4IdnIZwhfwL-ucOw8nCY,LX허대리,4327239336,jungle,2552,14,9,15,44877,34130,46912,26,33,58302,18131,79,104,8,447,0,3,9,0.58,0.2571428571428571
KWQHOJ2-rZiafDqf-vN9ZX-7rT56XK8zyR8PQfdmsVd7QFA,훔칫칫,4327239336,jungle,2552,2,7,11,17320,60543,49569,25,43,64711,14590,94,175,29,659,3,15,0,0.37142857142857144,0.13725490196078433
wDbsC8yftr3F9GkHsMzpQiR-Wa-M3qsVbPWTE8HFkPY5,정남이형님,4457193594,jungle,2649,7,4,16,41668,26645,39014,45,4,47061,16872,93,195,25,223,4,10,7,0.5227272727272727,0.17391304347826086
rodpwzrLQQmnhYsXIWguLopNa0sfAHYisIXpnUSuG0PJSRgpb1oGFtgi,니 상상에 맡길게,4457193594,jungle,2649,4,11,7,13214,9309,36603,41,18,45616,12015,38,117,4,444,6,18,4,0.4782608695652174,0.25
A33C5C_3PB7NinUhSaulfWaLjET4U9pXZ0Vm943Ea6mT,회월꽃,4540388703,jungle,1315,0,2,0,710,5577,5283,7,1,11337,4655,2,64,0,142,0,4,1,0,0.10526315789473684
pmztftbsxi6EWhIAdrHOzEQtzsUK8LDYwS5NmhhgBKrAe9kHasOiv1wK,따블에스,4384335150,jungle,1987,6,4,5,17500,11478,18767,21,4,27226,11319,44,120,4,204,3,5,3,0.5789473684210527,0.3333333333333333
yCRsQO52VBGNrCoBGdfjdd8swGZF_ca5wAvzR0MvXyQyYtEpfj2851KT,피즈의 삶,4384335150,jungle,1987,2,7,2,7262,7581,19333,31,10,25911,8910,16,112,8,356,3,14,0,0.3333333333333333,0.3684210526315789
XgyQPPkzIwvevzyUxKdmZS2WyMhLMbWj4tpUxUXd4k_r,동준이가간다,4300431140,jungle,1587,2,4,13,6384,7048,18482,19,25,22050,9047,16,91,8,198,1,7,0,0.5172413793103449,0.18181818181818182
DwqyJerh63qDZBJYhHDkMMUyNt0TI-1o24J4WNjeG3DIoV7HBm8eo4KQ,탈주닌자 2타치,4300431140,jungle,1587,0,7,1,5944,8323,14300,15,12,26436,7030,43,89,4,290,0,6,1,0.045454545454545456,0.2413793103448276
W85EY9TTMluJiyWRkX3T1XJ5J-jjrlHCgnTTnfwWQO9X5aRsMxUV8GxM,권대두,4486859797,jungle,2427,8,11,14,29571,7936,39031,25,67,38367,14737,68,151,20,297,1,11,2,0.6470588235294118,0.3055555555555556
S9Cq7NpnjrZodTFKNN5slNnNK4aqEAe1p0-UmX8PgPYOf1Lz9PuBGVQ1,돈과 커피,4486859797,jungle,2427,12,6,10,31258,22782,50866,29,40,47886,16538,49,147,17,369,0,12,3,0.6111111111111112,0.17647058823529413
n3egABDhpdUcCtOqR7liHtMdZqKCmaWTK08smolUwRId,근아이,4539556570,jungle,1708,3,5,12,9001,14030,21659,13,28,30835,9171,26,93,4,347,0,7,1,0.7894736842105263,0.18518518518518517
6DlarS-OyBuCvhB-moaPoq_XJGZtAYL0I4a7GzkBgUGv__k,롤담임,4539556570,jungle,1708,4,5,5,6932,13496,15444,21,10,29081,9785,22,107,11,268,3,10,3,0.3333333333333333,0.2631578947368421
wNQ2bZEFAHlwuAyatCzND24URFjAbpxGMi7-8zsHqPGf9r69JnDAVAJA,heominggo,4511585913,jungle,2261,15,15,11,30508,15128,28156,27,9,48324,16283,53,132,23,295,4,5,5,0.65,0.2777777777777778
teCXjJrxnbirkGXKHCK-mS06ZisaIANaobIusLnoS2kT7_8,재우는  똑땅해,4501323228,jungle,1474,4,4,1,7431,5667,16505,18,9,19299,8509,31,110,0,432,7,11,2,0.35714285714285715,0.2222222222222222
m86ykQiJtn7Mvrag9qZO6T6CIg_wnjId3LFIj0fp750lV-Y,트린고추바사삭,4501323228,jungle,1474,7,1,7,12851,14681,13301,9,100,21720,11322,32,155,12,392,0,4,1,0.7777777777777778,0.07142857142857142
ao9jst8DkMsvD80gcZeCdNZ_KgRfkwBjxxmwTlZ5Xzvs,그늘집안에곰탱이,4477983927,jungle,1385,10,3,10,10974,8270,19117,7,17,20656,9704,22,61,8,180,1,2,2,0.7692307692307693,0.2
tsyDXHVDShkAmDRVcp9Bg3JsL9HkzubxMndRUJRE1xlGJ4Q,원피스는존재,4524800276,jungle,2108,8,12,13,23150,5439,24978,25,28,26384,13897,55,112,0,827,0,11,0,0.4883720930232558,0.21818181818181817
T0C1gXqFK4eFih1o_0B7Tp5Om3RZx6ttgMJfOH_UYZSZ7NY,냄새고라,4445474413,jungle,1675,3,6,5,8039,7256,9305,8,19,22925,8445,23,94,8,391,0,2,1,0.5,0.17142857142857143
V6yjNIB9MGRIEL9uDCGwE8mgCqNOUeEgGVnncLzif3O6S1V77MXpjie1,전엉덩이를먹어요,4445474413,jungle,1675,3,4,7,6485,16480,17578,12,11,28899,9300,2,143,12,207,0,7,0,0.2857142857142857,0.25
t9VWONtfeECDtXq0Rv1LEtUuHT3D7Lp8HgSoAebusZc-54U,머리쿵해쩡,4530894375,jungle,2043,5,6,15,14177,9835,39983,51,28,30428,12726,24,148,8,569,3,14,6,0.6060606060606061,0.2
YvVKjeB0luWTqYHBkqnWHQULZxQ1nJbIreL6-Sj69LMebYr34cTL7Mnd,걸어다니는잡몹03,4530894375,jungle,2043,5,7,13,10190,16109,31948,22,27,34046,10690,38,104,4,367,2,11,0,0.6,0.21212121212121213
r-7FQNW1pP_z1hbeAFrul4j-oC2Trd5NY8GIVqJO0aNH,대전형아,4531099601,jungle,2891,13,7,10,41091,17174,20695,23,23,52506,17585,77,164,0,396,4,6,5,0.5609756097560976,0.21875
hGIv8YWPEbScB5dAZX7mKxHWySidH9Nkuqos2-b5PnvthSo,오늘 밤에 너랑,4531099601,jungle,2891,11,9,5,23618,19100,29568,28,203,43971,18070,53,203,17,634,0,8,7,0.5,0.21951219512195122
vdBVb-erss9qybTUy08vTd9FiBfkMy7KnEqrSG2sExAh42A,회복캐리,4179107280,jungle,2314,13,11,10,31279,18320,33070,28,29,48122,16008,83,126,0,672,2,12,1,0.6388888888888888,0.2894736842105263
94D8w1Hwf8ElcLiWVeOBffA2zYOvmTKPhRx7-sDQhnlt,Action Bronson,4179107280,jungle,2314,7,7,9,22443,16227,28787,33,26,39208,14940,54,156,12,694,3,10,6,0.42105263157894735,0.19444444444444445
aiHnQg9E2CAefXiJ89SQDFptGeIWKzi4caTZg1x2wCS51_ISfaAWQHC5,곱게알려주라,4319796079,jungle,1261,2,1,3,2204,8006,19461,8,7,15836,7228,3,120,0,448,2,3,0,0.23809523809523808,0.125
BG9BgSJp8RcRuwco83I2_OW-Fnk50jGeIEWUGiowNDAQtq0,조지 부시 2세,4319796079,jungle,1261,0,4,1,4627,4889,8027,10,8,14630,5600,20,91,0,320,0,4,1,0.125,0.19047619047619047
oifdTfEiNLvZAva0Eaa8qvXThguIM-y-7rKK8kA7nmnBGzqAwItUB_K2,류텐가,4317326699,jungle,1734,4,3,11,7968,10446,21317,17,16,25510,10132,33,96,0,165,3,8,2,0.4166666666666667,0.21428571428571427
yiOZzlZ4IuR7m1jMheATB1Ld6EyIMf4uWqreYWLBCSLB,부산정준영,4524239519,jungle,2267,2,9,12,20931,13679,14593,48,3,30206,11377,23,156,9,155,5,8,10,0.5833333333333334,0.23076923076923078
XIBAwnZ3NcsxX9U0EhcYtFO42k1PjVAs2uTPT6Ok6P2iWdY,티꼼할래,4524239519,jungle,2267,0,7,16,6768,12768,37178,24,41,32742,8325,25,68,1,457,0,11,2,0.42105263157894735,0.2916666666666667
W6lwZq0J2-K2qTOgqUb_-ohw71Mpr6Ol6J9yQ1IYnZ5B,씨놈발아배건,4294466904,jungle,1736,16,5,12,28828,15975,18788,18,23,32532,15136,69,103,15,477,2,4,5,0.6666666666666666,0.18518518518518517
eW1xh6IGGaYalQihcSk6qRME16sSGT3mtAuC-dYvdxNc,전벽꿍,4523510834,jungle,1659,12,2,13,20783,13925,15923,22,22,25620,11825,20,108,12,401,4,7,1,0.6944444444444444,0.18181818181818182
3slsO2DfinsQkIUrt-oeAoPrl8Mq-BECoPgBULXtHZxKI24,Preglacial,4523510834,jungle,1659,4,6,6,9289,15493,31173,19,31,31425,9133,48,104,0,374,1,6,1,0.9090909090909091,0.16666666666666666
8vyZrKx2N3LEtJb_t5PZfYnV6XjohbXBfzNDLhiI1UEOKI4iIE9LfNnx,섹쉬순재,4512008686,jungle,2032,7,5,12,13929,16288,44334,17,35,36503,11676,34,90,0,336,3,3,2,0.6551724137931034,0.11904761904761904
2DvumRYwsJQplZfW_kYMkQq4uIJmmM8tMabOluxPt-pVSuU,아장아장뛰뛰빵빵,4512008686,jungle,2032,7,7,15,22459,6632,12951,24,62,24019,11817,54,94,10,357,4,7,3,0.5238095238095238,0.2413793103448276
oKgSpK5UK9B6skKKjQAMXOUjtkhpvj_zx4ryZImdVI4X,법곡드레이븐,4350020763,jungle,1410,2,7,7,12286,3164,7829,9,15,15508,7160,34,76,2,293,3,3,1,0.5294117647058824,0.20588235294117646
OVWZYT_CTy37U1EuwYumjHajpiOW84K2OiKgxyYiVFaEc0g,평평탸탸,4521220113,jungle,2878,10,7,8,25741,8055,28553,32,33,31955,14779,37,128,0,219,1,8,4,0.35294117647058826,0.1891891891891892
nOuaIdgiNls84-NEHYOu7qr6En2Rxgvu9DcdFEmT6DePV_X9QU36hAuc,3랩되면갱감,4502489520,jungle,2712,19,13,18,58315,27757,52500,36,63,62128,20917,66,136,4,678,4,5,5,0.6607142857142857,0.25
DHk6tuzIDTdbzFVuC61N7NtGRfVbhyWgN4TWThG4WuvV,소판돈,4502489520,jungle,2712,2,12,22,26875,13567,117569,12,72,51250,14149,63,160,8,2007,0,4,2,0.46153846153846156,0.21428571428571427
iLP-0Vp72qW1UrEVD-2iFcPeEQm3c-eLPPpICvdJRe7d,구발탄,4468127991,jungle,1728,6,3,12,12747,6575,21758,17,20,19686,11245,23,105,17,320,5,11,1,0.42857142857142855,0.16666666666666666
i2_7sqNm9DGM9jSekxQ-BiJzeNbYSRLTRVzSIr2JDQjI0zs,곤듀 예지,4347096727,jungle,1996,10,12,9,19070,5757,25565,31,38,30837,13118,31,84,0,194,1,7,1,0.6129032258064516,0.2608695652173913
4k84WO8JGGaSr66CQsjJVnH85XlcY4Xs2XFtXULPOPfK8Mg,DRX SUAMATH,4499915702,jungle,2066,6,6,8,15284,11281,30108,30,9,33247,13310,39,149,20,592,3,7,3,0.5185185185185185,0.2222222222222222
IKNbMOJzBQj7pWxz1JwLQinYZiMxZ3Rd8EzYCpuqptva,짝짝짝짝짝,4499915702,jungle,2066,0,8,11,8005,5659,22400,34,23,23294,8533,26,80,4,69,7,14,2,0.4074074074074074,0.2962962962962963
sARU8yd2uvJoKejw9Z_kGTt0CyXTIcL29uSzx9DO6aJqI6eLRv-PAjsW,양산가문 막둥이,4367591151,jungle,1922,4,10,3,12869,10874,16802,8,2,34000,10314,47,120,0,71,3,3,1,0.3888888888888889,0.35714285714285715
LCA-zGVC-uSUk1fAYu44-q0w1WbUm63j6RDVgS1RA77R,하이반가워요,4371665469,jungle,1421,0,5,1,1397,7016,7837,8,0,18690,5669,6,92,0,184,3,3,1,0.1,0.18518518518518517
ZVDSoQMAw2qyr3i9OTXgTMNsJoiX-IVJUnuiBbvEG3gFPLI,octopus천적,4371665469,jungle,1421,4,2,15,9730,19395,16981,13,45,20651,8652,44,56,0,325,0,6,1,0.7037037037037037,0.18181818181818182
mHGk5VZxSO6T1zbF7amAJH7Pgr3wHfBZLmR7SmyKBPyKTwauJltNiXXR,갈아만든배그,4533392502,jungle,2728,18,9,16,47355,29975,81741,7,60,66571,18838,29,150,8,589,0,0,0,0.5964912280701754,0.20454545454545456
FAGjM7wAwV0QN4TriP1A1SSNJtL-dQ5yqWY81SI3ZbuoeumcoSoGIXE4,3대500햄찌,4533392502,jungle,2728,13,13,12,40669,38095,60861,34,48,73489,19435,85,166,16,488,0,14,3,0.5681818181818182,0.22807017543859648
lEcdpbWbsbJIKgKzk8Yq6gVwGIRufxG-9HshNlpYiuUq,말랑 정복,4465176882,jungle,1635,0,1,0,76,938,2964,1,3,2462,4164,0,24,4,79,0,0,0,0,0.038461538461538464
OhUZgc-7oG6GL70ioE7YgECjub8Zw1M4lhoUptUX9kin,토토토토토토끼,4465176882,jungle,1635,3,4,4,5448,7009,22657,17,11,19504,10493,16,167,55,355,3,4,0,0.2692307692307692,0.21052631578947367
C281WNY4CWafyAbWM_GNzsYIfA7a3UWSBt4fXDeAr48P,8968465,4337801058,jungle,1492,2,3,2,5332,24132,16304,13,16,24854,7571,19,108,8,372,0,2,1,0.17391304347826086,0.375
uThpv2OH0VDPkvTcmfK6R4_1gD-pHOqoJtNNP_54ddBtaEiNSNWGriDA,칠성파 김정은,4337801058,jungle,1492,5,4,1,10634,10553,12625,14,16,25044,8905,61,99,0,332,3,4,0,0.75,0.17391304347826086
SpKqRXBgV6qlZV-P4N_WLbmWTW08XHwJmvQ-YfIfkWxbOYU,한입만꿀꿀,4190172588,jungle,1209,2,1,1,3137,6696,8103,19,9,13896,6930,29,89,15,212,3,5,2,0.2,0.5
erPeJvnaN00o3lpL8a1AN_ZbpqKTFEiVpRCP68ej39OLzm4WUfyFEAap,파맛잭스초코쿠키,4523062241,jungle,2113,8,9,12,25193,12813,37342,18,29,39309,13005,67,96,28,339,0,9,1,0.5405405405405406,0.25
y6ph0QiUvrjv5avyyVXZANkreinJ9MC5xXXyurrtNLGuIE2t5twWrjEK,제육볶음바페,4243729629,jungle,2115,7,9,6,15283,10485,38165,11,32,37924,12146,29,117,12,320,0,4,2,0.38235294117647056,0.16363636363636364
R23OzcC_R2w4yaPBPz7A3cHYKm_nW6fQwwJjN9Qd7OYW,불타는고추빠사삭,4243729629,jungle,2115,10,5,10,23559,20487,24666,35,17,40318,14034,63,104,2,371,7,7,5,0.36363636363636365,0.14705882352941177
wIYg6nJ4VvMeMIyVnowLoPJJTYgUth8xtyi2DDBqgJDtlFI,까칠한그녀석,4399173253,jungle,1229,1,2,3,2671,5086,12760,17,7,11904,5761,0,96,1,551,3,5,0,0.19047619047619047,0.25
WvNVy1WJc3Q2Wkk2F9bsmz2dAEGB3mVJQRNiYVjK_gZqlo0,로테사마,4399173253,jungle,1229,1,3,1,5359,5606,6454,17,8,13330,6178,29,92,0,374,3,6,1,0.2857142857142857,0.14285714285714285
v7J1d8MIEj57qpe-_uYogJxfGMFmebzuafBmay2FEgOoFJ4,맵리못하는장인,4300763339,jungle,1617,2,6,3,5388,5633,11233,14,11,20717,7607,21,90,0,178,0,8,1,0.45454545454545453,0.17647058823529413
kH1nTGwF9jnTj2ek9mteb-KJ_WCxZnMNuP7hBzKyPOJCUxw,울산개복치,4154186693,jungle,1618,9,3,10,16564,12594,14538,31,20,25089,12030,25,117,8,490,1,3,5,0.5588235294117647,0.13043478260869565
MdrcwXJt4bekR43thQjNvUPa8a1JzxFiCVY4ucVr12Fg9TY,lIliliilliIiIII,4512294656,jungle,1707,11,6,2,17950,5235,22067,17,10,23088,12554,46,121,9,260,4,4,7,0.65,0.17647058823529413
-q0_FgqtyMpJ08FCbzqlOaiYDDfhJjNcaGLJ-g4-xb-iF1xk0g4rejjW,gon보윤,4512294656,jungle,1707,5,7,10,12627,4708,21463,15,32,20318,9405,51,80,3,389,0,7,1,0.45454545454545453,0.3333333333333333
gvPaPivZbG4TJO09yPnPRfAEaIkvjU7yADEhFcgpeb53UgI,산본 제일검,4287674826,jungle,1208,1,6,0,2391,2568,4507,5,0,10213,4433,6,48,0,60,0,2,0,0.1111111111111111,0.24
qPampGSWWa8dgNVXUJpHSwsAN9TWdpsD_6vyGlM2SBOc,레드후뢰시맨,4248097567,jungle,2681,4,11,13,32231,9554,88936,44,100,55395,12678,50,99,7,1243,3,11,10,0.6296296296296297,0.25
NSsuU1YTbKYcDB15SgMJcWq7h0rji9vEegsiLmPVq44_1gkTQehD8gMf,드아블로,4532875197,jungle,1628,3,3,3,4861,13248,21485,10,6,24540,8995,17,122,4,307,0,6,1,0.2608695652173913,0.13043478260869565
-FTqewOS3800tTX0xdAfCJWcNnwVh4loed3FLi38a6BC,히데상,4532875197,jungle,1628,4,3,13,13647,9153,18175,29,34,21994,9167,16,88,0,434,5,13,5,0.7391304347826086,0.13043478260869565
t1foCFlOKiob2Dg_10pFEmvzW09NulDiQPzkJleq7J9a0GVxo0okJ9f4,혈압오르지말아요,4311948474,jungle,1295,1,4,5,8179,11441,13108,12,12,21614,6804,5,102,9,174,0,1,1,0.8571428571428571,0.2222222222222222
Fe6B4UMvwddQZygZVsRbGrGkvqBUtBP3cvM5o5c9je9mnOM,억수꽁머니,4311948474,jungle,1295,5,2,9,9168,9259,9023,16,17,14800,9096,12,105,0,254,3,5,1,0.7777777777777778,0.2857142857142857
7JBtY9YbKUbgpcrvuFBH83Nvc6puLlCQiPeMBleSXr81rnfr86slB1GV,백악관변기통,4506277616,jungle,1417,6,8,5,10879,5938,24566,12,29,35628,9243,35,76,0,274,0,4,1,0.4583333333333333,0.14814814814814814
wmbm_EIGRn_UhXizep7rnP5F6giy-ZIpDpgNumK0xVKEcZo,0동짱0,4399220148,jungle,1613,7,7,14,15143,7132,27199,15,17,30494,9503,13,88,4,345,6,8,1,0.65625,0.15217391304347827
YO56EMW05ALWGvCvEiE39lBeKhTE-CIhEi1cc1aSr785Sb47cG55X2aU,배추도사무무도사,4465830768,jungle,1631,1,2,8,6071,6407,10537,12,11,14429,8139,17,101,9,214,5,4,1,0.23684210526315788,0.125
cEOHHDIrbSSJvoFKZ7uMRf_JdF5dUzdGy5M6fOywYDDh,홀짜작쿵,4465830768,jungle,1631,7,6,5,12847,10218,11100,19,4,23888,11612,35,104,8,61,0,6,3,0.75,0.15789473684210525
5hcOT9AXAvKE3BTmz7jPEFOZmBkR8rpj5ZWojM4jRAoERFs,하하호호10,4260978876,jungle,1859,3,9,6,14779,8786,18941,23,24,26340,8929,36,70,4,570,0,10,5,0.3103448275862069,0.2647058823529412
w_-49fB5X6mvsjtDEK3SDjj5UvAN_BX3xW9VgRqSsdzE_fi3yr5wu6TT,원준이는롤린이,4540477605,jungle,1453,9,5,4,16186,10943,13186,12,10,25342,10120,39,80,0,348,0,5,1,0.6842105263157895,0.14285714285714285
K_MIuRg5EGIxTrCsOUMfGOjRmYT4Jq7QgEnIAgJCoSJSjbc,대전밥먹충,4540477605,jungle,1453,3,3,6,4882,12505,10359,10,15,22143,8207,17,89,13,213,0,4,1,0.2571428571428571,0.15789473684210525
hQjzRvY3sVFw-LAECWOTw_fg0Y0oD1YAzspZMBNtHUISUA4,민규코기,4370693953,jungle,1205,3,2,8,4553,10280,6796,21,28,16063,7342,13,84,0,467,0,0,0,0.44,0.25
L8WPKMdpwpuktPCGYw1LNS7IrxyXEi8T9gWlgbA5ST4IVFN4ja3fmRXW,혼돈과질서,4537398292,jungle,1955,1,4,13,11021,8365,26988,35,19,25634,10253,28,128,20,400,4,10,2,0.42424242424242425,0.15384615384615385
k8BfReG4SrUdgVL7BXriv5Ltb7hnUD7cdBzklksFGCxF,Mr SUN,4537398292,jungle,1955,11,6,10,17869,12536,26294,26,31,32464,15289,46,164,0,597,1,2,4,0.8076923076923077,0.18181818181818182
k58uXq7JSfQuc0T_OrmQ6m_NxxhHo0emD3NmB5qU6X3K,저원딜아님모태형,4370877566,jungle,1838,5,9,1,9255,9742,17362,11,6,30983,9846,31,126,23,208,0,3,0,0.24,0.1956521739130435
YxTvFStA99amyEuKBEKZsAs3Itm_yTQvRIShdRvRmTTo,PURPLEPUPPY,4327105615,jungle,1337,7,2,8,14969,17743,21469,22,29,27777,10503,31,122,22,366,2,8,1,0.5555555555555556,0.15384615384615385
0vMAg2bFCorzzsMOALWwkAV0X5Mn1zHTvkFH0jY3krc-6oE,Fantastic허니,4327105615,jungle,1337,2,8,8,12070,7144,11800,9,18,21377,6771,37,42,0,227,0,0,3,0.7692307692307693,0.2962962962962963
bScgLzpExzEm_j_mCT2V8z9YnV5HPvKIgft9QxORzRvPBNVRS_nzzAWz,의진군,4118161406,jungle,1431,3,13,2,10041,3853,16498,11,11,25248,7431,17,76,5,142,3,10,1,0.38461538461538464,0.28888888888888886
3zjiRpnL3cjU9TOIMGBavfUb5tgQ20eQGmxgjrYNE7G6fopRw8r0XHik,바칸오,4540145977,jungle,1627,0,1,0,152,654,645,1,0,1871,3951,0,12,0,38,0,1,0,0,0.030303030303030304
MpJdFIqH2eVL6MKweJnC7fJdPgmfao4vXd0eW0uhvBm6ilCzdSLlujLL,Bella Abraham,4407951229,jungle,1228,5,1,7,6054,20464,7345,15,19,17525,8036,23,78,3,321,2,2,1,0.46153846153846156,0.07692307692307693
7zbl1U29YTGCNRpeJsPvw3PWslsNuk0u6NeeZbA64gp0,장미꽃 뿔보,4407951229,jungle,1228,4,7,0,5540,5057,7740,11,1,17098,6433,20,64,0,85,1,5,1,0.3076923076923077,0.2692307692307692
5bnAw36LQwJBZVp8zfisMt6K91Vy8tyRYYdouBufVTgpWxs,공만두집사장,4536772753,jungle,1286,0,6,4,6764,9130,10786,15,21,19534,5906,12,94,0,182,3,5,0,0.4,0.21428571428571427
Ft0v6JUWYpVqkGlEICBQI-7zUuKu4oc_UuoqTgDr7GXL,Leegeegon,4539383102,jungle,1998,12,8,7,23516,10293,15580,22,17,29206,12042,26,108,4,288,5,7,2,0.6129032258064516,0.24242424242424243
ZsL63Ne8mTALBKYs_LANBDXKHc1-Nj8sBIfHzzkHfnOOZVI,코로냥,4531226040,jungle,1523,11,2,13,21045,6598,8979,18,63,16689,10009,22,73,5,549,0,7,2,0.7058823529411765,0.18181818181818182
RbDvW-8_-_oEaBJE7_NROtRnHQqvH67FV_-_0-qIXKWzqmSjUVcND0-8,정글이 던진다,4534563825,jungle,2268,2,14,16,17104,13111,25493,29,1,40353,11581,33,116,0,190,6,8,2,0.6,0.34146341463414637
DSQvnWJZ--PZpYjTZuvbr4vG4j5nkJp4nuD6goLiJrfB-f8,나도승배하라,4534563825,jungle,2268,19,7,9,34535,20504,60868,29,12,45675,19604,50,112,4,324,0,13,4,0.6829268292682927,0.23333333333333334
YTGHFMXPuQo7YaqDsa2SUDTgxidzOORCxf5X90MUsy0Fvuc,티키타카의혁명,4478353811,jungle,2110,3,8,7,10791,9244,47773,20,21,29942,10161,30,113,12,781,0,10,1,0.38461538461538464,0.2
OX_zW5iJN_xc2slOr9qPHvtIcZAWH4b-Zpwnl_xUweo7-jg,강동원빈지노홍철,4122731678,jungle,1323,5,3,4,5873,10472,10326,23,11,20293,8867,24,110,11,233,2,4,1,0.42857142857142855,0.23076923076923078
NoRAiCg02C9sV3DNyVnFUXslDCiZO-yiX1YVyiOB3b5p,그래서술로,4122731678,jungle,1323,0,2,0,341,2753,4618,10,0,7409,3975,0,41,4,64,2,5,0,0,0.09523809523809523
-Rl7UXiWK1j8yQxEKNRhNtPp3nw_zvzB7FSkA6O8gLF1fhc,Lulu삼촌,4367149383,jungle,2433,2,8,6,7603,7692,19497,32,11,30536,11017,38,125,23,248,8,16,2,0.32,0.21621621621621623
9hKX0ct47zpREZa_x7TgiYA_GvDKCj8y0HNYy3JVSJfxcac,마이바흐요,4367149383,jungle,2433,8,3,10,13315,13106,30293,20,5,28685,15044,78,127,5,109,0,6,1,0.4864864864864865,0.12
ryE3n95jmjdSMa4WXQVuf47Uvk43F6-jCw2EwIGYV0Q8,이이인석현수현,4342647237,jungle,1523,3,3,6,7975,5951,12306,18,12,20214,8466,31,104,0,272,3,7,1,0.5294117647058824,0.1
EI28XaYoK86xj8iHUWBzq-ig4dqliG7-X4hKD26avP9hUFk,불량감자18,4342765303,jungle,1929,4,9,11,11477,5102,18775,27,44,27873,9964,27,84,0,145,3,7,3,0.4838709677419355,0.21951219512195122
yjDLEAwHIQChHs9jXqZZ8UeZyzCZgWWI8VwBmow0tjxI7aM,비율좋은 씹인싸,4342765303,jungle,1929,8,7,11,19184,9680,25099,19,17,29406,13954,71,124,13,261,0,7,2,0.4634146341463415,0.22580645161290322
_kMUthbrazuXz_jspKOP4M-YesCPCdjFZKP651KrTzrSoq8,MID of ShowMaker,4215740827,jungle,1431,5,3,2,9148,8648,9836,22,4,19729,8691,38,124,12,213,2,8,4,0.3684210526315789,0.23076923076923078
MWY-JE8bphH0x8ppkf5VH_1WjeQ2wb8fnc8fQUWJu9mL,빨간냥이파랑이,4279353795,jungle,1914,7,3,4,14589,8736,26695,25,7,27643,12185,40,148,0,247,0,10,4,0.55,0.25
MILcESWOZjwk-huOnHwH3NN-P24mYNKmyKPPubeKHYB7zo8,5티어급정글러,4511562194,jungle,1977,16,9,5,28373,14832,18859,13,8,33821,13650,15,150,8,239,2,1,4,0.42,0.2727272727272727
wVTf3U7pEtb89XsjMCSR-cEl-RNuGush5l-0jedJLKdguAc,호미homy,4511562194,jungle,1977,11,11,8,24164,9247,74457,17,54,44526,14121,33,124,0,959,0,8,0,0.6129032258064516,0.22
0dl39vpvJ3KRiWsg_kj4456lG18GttOyhjqccL-VGP7dFfE-O24tAPnu,따듕나,4508144660,jungle,1822,11,5,6,20740,4844,11519,24,13,17894,11924,18,125,21,305,2,4,4,0.7727272727272727,0.17857142857142858
QeA7xbHQZqxqVoLq05W5YQ3mw6XY6YjX8ufYVwRnexMNR4s,내가제일나데,4468542145,jungle,1718,15,2,11,32918,19788,26941,25,34,31444,13536,39,104,9,643,2,4,4,0.5909090909090909,0.09090909090909091
6azB4QPe9SlCqPjxuoUIZwX9AWOOq5ZOq9dAQy-gIpZh,죠르난,4468542145,jungle,1718,1,11,10,7237,6346,14453,14,104,26332,7284,25,69,0,346,2,4,2,0.5,0.25
f7ZXwgHz7aYc1uaqqHezELnrkXjrMWb0zOBoAgcDSGU5ULHxfhAP3fPE,임토민발만두,4532477393,jungle,1827,6,9,3,16481,5927,23626,8,18,27090,10921,53,96,4,340,0,5,1,0.45,0.225
yNtxl8xdMG6W1QolLMcQQJnnOPBNHC3dmkQfSaqCnlpAwi4,xx형xx,4397207959,jungle,2079,2,8,8,17809,13234,20847,15,3,32325,11695,82,88,4,148,1,3,4,0.4166666666666667,0.25806451612903225
LbEcKKtpPpk3nXbCcb470w-f1IoubUu_MV-4XKMhZhwt0gw,지옥에서온파괴승,4397207959,jungle,2079,12,2,6,24105,15994,23166,17,4,31143,15249,44,198,4,233,0,7,0,0.5806451612903226,0.08333333333333333
Cj4bmMcJTUSFxb6OAlXmIDYhbcllBPUqUuD2wvGRZTuM,Hanwha Q CELLS,4533710363,jungle,1952,12,7,20,20923,29390,42351,17,50,43033,13580,47,66,4,372,3,5,2,0.8205128205128205,0.22580645161290322
1N1uknLZLzoYTdQaQSpMRBfZnT5KkXjeBbU-SrMfjpof,HTURS,4533710363,jungle,1952,5,11,10,21208,9192,21161,31,7,34063,11585,65,108,24,171,0,11,6,0.4838709677419355,0.275
gjhCXjiMj4GRSz3Ieba8beHRb2gxS_CNdbUuT3OQ_vebk8BLJO2OOADN,ME 잘하면 이김,4436365508,jungle,2176,1,10,4,6391,7655,28955,16,24,38306,8253,11,103,4,138,0,8,2,0.11363636363636363,0.19607843137254902
B-HNy-9CUf5jJY7SmJi6gw7QxlycJJFCCWQRlx9sZ7pIyc8,레드학개론,4468122660,jungle,1788,3,6,8,18056,6572,35696,19,40,27000,8752,36,87,0,802,0,10,1,0.6875,0.1935483870967742
qxEgnXzAKpBztRFj7q9VoOftRPkcWdijgMtictW7R-4_,곰빠우,4498265196,jungle,1737,2,9,13,7114,6836,20832,8,13,27941,9178,18,92,4,321,1,2,2,0.45454545454545453,0.3333333333333333
a_HDLRwSiVLd5GBMrFkKG8fJn5PJoeTPKLhJR9_ef7du7Dxtrg3JHhPj,맨탈약한누군가,4498265196,jungle,1737,15,10,3,27665,13440,32816,22,6,32207,14411,56,129,4,83,0,8,2,0.6666666666666666,0.30303030303030304
9gdjcfbg-x0sU1LAY1YxGi02GatvbnauoIRTWKC3nhE6,보성상사사장아들,4365206996,jungle,2434,4,10,10,21459,18851,25554,14,6,45296,12492,25,147,24,177,0,8,0,0.32558139534883723,0.22727272727272727
HcQ5JCgiy74kp_CXW7PR3FExO13Vk3JmQ-kqmtzK5PEU,masteryisunghyun,4365206996,jungle,2434,8,11,14,29123,20920,34533,36,32,54269,14204,46,104,12,493,1,13,3,0.5116279069767442,0.2558139534883721
dRD-A8gAaPj0Wa93DkQd9pvisuaFIRpCmU8U0TCmcO_nISE,스카풀라,4489158530,jungle,1738,1,5,8,11138,25917,29657,12,38,31918,8331,28,110,12,432,2,5,1,0.32142857142857145,0.14285714285714285
3FtP71ydFuFh-N4YeXJWlwudpXkN7QtxmQSpBCav54bttqc,즐기는거야,4489158530,jungle,1738,8,4,16,19371,9639,32530,18,40,35446,12540,46,105,8,239,0,8,1,0.6857142857142857,0.14285714285714285
MKf_Exp1uZozvzCZTNHzg--FZFNvKTZr_4fIQ7PX4v_x_Nc,절 초,4351556162,jungle,1261,1,7,3,3817,4794,10693,12,6,16392,6625,21,83,17,180,0,6,0,0.13333333333333333,0.4117647058823529
aXyMXXeRLmZs6MmzvVOJh0f1yd14hdLrFYgV9bJHAUwz,오늘 출소,4351556162,jungle,1261,7,5,2,11542,5461,8541,10,16,15318,7853,17,80,8,263,1,1,1,0.5625,0.16666666666666666
eyjVk0UwAs_sb6g9MW_tg4b3ciQ95x5D5jXEjDbMPVZSCQoxT4Uq2Hzf,거기를흔드록바,4404338161,jungle,2156,8,8,5,20732,17335,18817,17,9,41480,14473,122,82,0,449,2,10,1,0.41935483870967744,0.17391304347826086
TUzrc0voZ1375cjsoPcLoPcFHp4mws2SFApHQo1yVgS5beDqhLWooje0,킹갓결정,4487417368,jungle,1409,1,5,2,1218,11333,10939,11,5,19939,6176,21,78,4,363,0,7,0,0.3,0.19230769230769232
E9280hg3mhH-0x9oHjQettJAKVQOKIifvADDd1zYLwOd,Byeol,4487417368,jungle,1409,1,4,3,4641,5879,12363,10,6,15594,6800,11,92,8,257,0,5,0,0.15384615384615385,0.36363636363636365
gytUKiz5zIAJmxeoChiwose8khO4qE4OQ2OXDivVMW1ZMHs,좀시켜줘제발,4525535924,jungle,1381,1,7,0,2893,4807,12030,12,10,19693,6180,29,88,8,328,1,7,1,0.14285714285714285,0.19444444444444445
9C7vYDCdli0uCzdTGpUQBB6-cOPTPrd-Sas8Nm5XhfB_,민피그,4410863651,jungle,2095,3,11,25,14288,26920,28254,20,50,36069,9555,29,68,8,414,3,4,4,0.5714285714285714,0.34375
n2SmL2kIZ6_PiNmVHIZuoepWqmgpinneUeF2tAmpV10-orM,롤토체스 장인,4227826428,jungle,2688,5,9,13,20261,16182,27073,17,33,45523,14420,54,183,0,892,3,8,4,0.46153846153846156,0.20930232558139536
iatiwclt2MqXWnFwyeXq2rhV_vAHQQvOTxp7VpG6yl22,DTDREAM,4514462981,jungle,1989,13,2,3,17705,15545,22046,37,205,30590,15635,63,177,13,654,3,9,9,0.37209302325581395,0.1111111111111111
-t0Z-K4SAQdnOVUwC7BOsNkVZ2VXwd030lhHeDuZQS-_gfY,까옹낑,4514462981,jungle,1989,0,11,2,4199,9057,17030,25,10,30696,9897,62,95,0,143,0,9,4,0.1111111111111111,0.2558139534883721
Q9MGANOUPKQSd57jVYy8hi8D7wcXSaWuUgvDVfiZauEvq7k,THOR0606,4484812673,jungle,1281,3,8,1,7682,6215,8957,11,0,18496,6129,15,64,0,52,0,6,1,0.36363636363636365,0.38095238095238093
iLxaBbmcmRAihmlxP-So940IhTmDw7kpFkBNemchZYBE,염소와친구들,4484812673,jungle,1281,3,1,1,5131,9678,14602,12,9,17670,8227,16,149,24,272,0,2,1,0.19047619047619047,0.09090909090909091
aXo7kY1M4REgBXnuJgFrqPVq6lk4QNwUyVTcm181zFE,HstStyle,4290715996,jungle,1868,6,2,9,10571,11156,18618,35,16,23553,12172,42,128,17,161,1,2,5,0.6818181818181818,0.2222222222222222
PGtxWL9aW8yRKQ_C_v_uq-WtsGPg3KHJyCmgw-j6DhGR_l0-G_Y0RLlF,광주필안마,4289820881,jungle,1867,7,10,10,15982,6464,21909,17,27,29540,10887,13,116,0,417,4,12,1,0.7391304347826086,0.2631578947368421
3hR_bsndu5YDBXRRrtYnvlo-GXHanYmES5XIv9Ervmxe,칸칸칸,4289820881,jungle,1867,16,2,7,23748,23378,30956,33,5,35837,15832,56,160,5,155,3,4,6,0.6052631578947368,0.08695652173913043
xMAYlph8R3Osn7QrotXuSwPw4aXk4ZDRYPtUQmLUZdI-uA4,아만다싸이푸리드,4484928508,jungle,1949,11,8,25,26165,11441,35984,10,35,41348,14614,60,92,8,426,0,5,0,0.6545454545454545,0.17391304347826086
mRNI4UwKSwb3IsymV3UcWb44SuPPzLm6fS4K6zv1x4PvZpWWhUYjWxiw,백호 주작,4250262744,jungle,1352,10,5,1,13023,9845,10977,23,3,20333,10873,31,124,4,46,2,2,4,0.3793103448275862,0.25
8SnW-V3Gii3cbNfrqUB5ZtbJht5C7OBrjqUaVqEpGkMyy54eBd7-LWpn,내수시골소년,4508121501,jungle,3008,4,8,11,14773,18529,63386,18,21,56038,14579,20,202,27,383,0,10,0,0.3488372093023256,0.17777777777777778
x4EyYyQTemJIXv-A5VpBvPTLO3bFd0oDF9spHBxnB7O8,목포나와바리,4447380020,jungle,1227,3,3,2,4455,9055,8717,19,0,16667,8137,19,137,1,136,3,6,3,0.2631578947368421,0.3333333333333333
1xlcDhIR_TqjSUi80xWIBJQ8BmbePcnuR_0GUOq-8nLe,KT GiGA,4447380020,jungle,1227,4,3,0,7421,9113,10346,13,9,20411,7590,44,81,0,279,4,4,4,0.4444444444444444,0.15789473684210525
eYv9XbJjTg6j8DHtz5iWBA-aXAftRJ7p6yOMK38c4qxjpViuP_XjUTNG,댕댕이문도,4508987671,jungle,2350,2,5,12,10480,7855,38221,30,18,29039,12485,33,139,4,837,0,13,1,0.3684210526315789,0.13157894736842105
TTdKbYJQgNTWXpMuUdwtrvWOOE_mthaFQFxEmihySb0ZdGo,Ham석,4508987671,jungle,2350,16,4,12,39107,11820,17167,28,29,28105,15355,40,130,16,350,1,12,3,0.7368421052631579,0.10526315789473684
oceqYw72UDOJrXwScitEzKdaaqo1Xy_k8RewPeNwraEqRNtxDD4LJxHU,내옆에 마이,4506066914,jungle,1836,14,3,6,26051,18465,22472,15,4,31858,15596,45,147,7,145,0,0,4,0.6896551724137931,0.2727272727272727
G5ul_LPNKi1srrvjtq2Fs77VH-7KgZivBQ9yXuauruC9,빅미로미,4540672932,jungle,1595,4,4,2,8178,8219,9703,20,11,21186,8492,43,88,7,304,4,5,4,0.23076923076923078,0.1111111111111111
HV3UAgJfJxRIFhzgOx6Tp5dwBKOL5SopGuc8C8Er3wVZoI4,베또맨,4249988658,jungle,1625,10,8,19,21886,5228,10855,26,34,22395,12018,20,111,35,583,2,8,3,0.7073170731707317,0.3076923076923077
3K_bzptSiMGHORoa9zeSbgllzkJFDiHjVcxMXWDgtiL6Ta0,용휘존슨,4249988658,jungle,1625,3,13,6,10885,8816,18060,10,21,32680,7470,21,80,0,107,1,6,0,0.36,0.3170731707317073
xlgv4JMKBe-Qvb7moqGL5td1mLO0TBcrMMZoBSRPQbikA5o0Rw2BkFR8,카타는내짝꿍,4538791260,jungle,3258,8,12,5,27588,20136,24703,17,1,46093,16432,72,126,2,66,0,7,1,0.2765957446808511,0.2608695652173913
ewlKs-IZbatTxnEKB-8eFoWV7C6v32R6xM3EiG8n4QVd,주모르,4447895783,jungle,1761,9,4,4,18124,6078,31858,16,45,24904,10444,27,90,0,423,3,6,0,0.65,0.16666666666666666
mIQQ9rhXJBv4PD8KSwo0JSL4CuD_7GapiZabAuuZyg0bn2E,꿀맛순금 ,4447895783,jungle,1761,7,5,7,13381,9144,13822,17,28,24631,11704,9,146,4,125,1,4,2,0.5833333333333334,0.23809523809523808
xPC6h5dSMzGPWi94z4n3vSivPveX4xDCzLSXmNA-FugqTkbRkGSoLXhl,아오키지x하네,4540206745,jungle,1263,2,5,3,4621,7908,9295,11,51,17906,5975,21,73,5,239,0,5,1,0.2777777777777778,0.19230769230769232
OB2C52CSlnCaoXUnV66ILNV2uiICX11bh_XQqqqeL69n,해양방짱짱맨,4540206745,jungle,1263,9,3,5,9257,6980,7600,11,3,14624,9129,15,70,18,71,0,5,1,0.5384615384615384,0.16666666666666666
EV4Q1EBZrk5zqtQexREOMl79CGMB93nb6y6DMDj1bRb5,퍼렁보재기,4530436536,jungle,1270,3,4,4,6909,5616,8043,10,16,15670,6347,11,88,4,384,0,0,1,0.5,0.2857142857142857
eAxacGTsNG3oGE0o7Waoa_i_hB9PJJ--9y2Nx6EBpfShgW0,새벽에봉잡고,4530436536,jungle,1270,5,2,5,7130,6184,22090,10,22,18474,7140,15,76,4,418,0,6,0,0.7142857142857143,0.14285714285714285
Vg9iXUjk_jTBxsywIwIDVGGmTwaK6MxLMnDsG_ovBRJPT7E,광재쨩,4446321707,jungle,2138,5,8,12,12805,13870,16311,11,3,31592,11546,22,125,5,205,1,2,2,0.4594594594594595,0.23529411764705882
cJ0Go0ossOn043zcNwxBPMiQDBEthSqNTgZC0WADzmq1,Line 119,4446321707,jungle,2138,7,5,10,12482,7064,48605,32,31,48025,12615,65,106,8,259,3,11,1,0.5,0.13513513513513514
1y7PqfBLgovQWDH4sbgXY_VibpYtLSOQPBsNZ3gRSdJAndI,개인적인이유,4521673302,jungle,1482,12,1,4,15347,7621,20971,19,16,21736,13115,55,145,40,374,2,7,5,0.4444444444444444,0.07142857142857142
jU8KTJWbySjQKK22Idyvo4gX5KsqHZpQJkEgiBY9plp34tc,불러불러배불러,4515958105,jungle,1679,9,10,8,21166,4892,26275,19,37,27522,11310,40,64,0,197,4,7,2,0.7083333333333334,0.2702702702702703
UFmY2YuR_jlByAwWDzhMMRBJKyjuMtk218xBCgkr4ntJ0pM,밀크본능이,4426369357,jungle,1680,4,5,4,12910,6371,11477,15,21,19143,9452,35,121,4,568,0,8,0,0.5,0.1724137931034483
omtNv2xceK2pgctAkq8dqOjSeUsVvBfR1eL86C8IYlyh,Phew OK,4517254826,jungle,1957,4,9,10,27001,14027,21346,53,69,31261,10640,67,88,1,913,0,5,5,0.6666666666666666,0.28125
-xPU9HU8gzW3q5r2cDtYL_8_3vIJtCG8XyHGgMEpgw5WfYU,원딜미드만할거야,4540002386,jungle,1813,4,3,8,5116,8898,19171,36,10,19455,10714,53,100,4,314,8,10,4,0.375,0.23076923076923078
S0yDfT4nfkGd82x3W7-f1-KQ05qZhBSbWDko-zk7E6qZezwEVzU4Qnl9,MadLife 팬티도둑,4477781921,jungle,2057,15,4,12,23059,26921,32980,28,34,41036,15712,60,122,19,294,1,3,3,0.75,0.18181818181818182
KdoN_phEMUHPfjQeIGAzvboHzGI2TLBCdY99Mpt3i-7QiStRy4rX8Uuf,맹신잉,4477781921,jungle,2057,11,9,6,29368,16343,23852,11,39,39102,13084,62,94,0,517,1,2,1,0.7727272727272727,0.25
NQ6nZXI0w6elxsHCnn3PqZm37LX_KbNSwah8zATmATfh,쌕쉬한그대눈빛,4426906808,jungle,1982,5,2,14,11140,9598,17976,24,20,25395,12202,35,124,16,331,2,5,0,0.5135135135135135,0.10526315789473684
ND_M-2TvBYKuzR5E_P3POxnYKpwpdS6RiMm2kMWuDWRo,루피는달리고,4426906808,jungle,1982,1,9,5,7377,5438,22241,18,24,24157,8418,47,85,0,120,0,9,0,0.3157894736842105,0.24324324324324326
qBW_2G5ZGHXA6lC19NqvMGOPfjqf9DrfzRFRZp-1Qw3PF_g,interra,4473655788,jungle,2366,8,6,23,28318,11302,104073,34,59,39566,15607,62,148,20,677,2,13,3,0.7045454545454546,0.13333333333333333
H-q-MFxlOfVNqCFtymnsITHT-9pf-cZuglGXwgt6efdaVcrvzyTxXTUL,HuDDaDan,4473655788,jungle,2366,11,7,17,35277,12756,54014,24,35,49548,17130,79,126,8,459,4,12,1,0.6222222222222222,0.1590909090909091
lYCbcKWwxlMgv2KAmwzy6YU88cXSqvGp3dMCBz0skR2U2uhpLq2nx_rG,사스가기모찌,4527682567,jungle,1531,4,4,4,7374,8423,12232,19,1,21216,9008,21,106,14,212,0,8,1,0.6153846153846154,0.3333333333333333
K7-EON4nMvlUD67BH8xpUbBEvFMaOQX0h0lAdUQ3hVczfNyh5L7NHrIZ,몰래하는 형부,4527682567,jungle,1531,0,2,0,802,3900,4049,9,0,8408,4743,5,56,0,93,0,5,1,0,0.15384615384615385
ITLL_4d7g6ez_0galayJWrZ-HlmZuwJz2pnBwzr1SlsX,yologround,4318226354,jungle,1976,4,7,12,9584,8663,25028,11,14,33361,10860,56,96,0,382,0,4,2,0.5333333333333333,0.1891891891891892
ZzvK02sPYR5zEZA_qsDNqznfv0wZE3KDEZ7XxEHIv8qegO3_vTBNGMMm,2순신장군,4455384739,jungle,2353,20,12,16,45273,26185,39128,16,7,53547,18599,35,124,14,200,2,4,3,0.75,0.22641509433962265
r9w4Qz8z4CYwh0LlQ3xxCt3N9XTyTg2oHO51u24BtHSc,Iron hands,4240358466,jungle,1985,8,6,13,22956,7806,31928,34,34,30244,12577,15,154,18,450,4,9,6,0.6774193548387096,0.3
QtZbys1jZZ1-ypF36t-NgS72ITyjkLofrsjFlh49zgX2eA__HKYRxozz,쏘필굳,4240358466,jungle,1985,4,6,4,6104,7335,15162,8,13,27440,8804,10,96,0,279,0,5,0,0.4,0.1935483870967742
x97ZEfLMDHdRzmMVThFLBWVLCbm6qKK43cuX32I3RUV2,노란사스입은남자,4466457756,jungle,1534,0,0,4,3519,6034,10304,30,14,13945,7585,34,84,17,173,3,4,8,0.13793103448275862,0
8iINw3LJ1ymcVtrBEep43LyssfE_VBh5bh72byUcDiV-,Hongineer,4533088871,jungle,2959,9,9,7,10138,15335,26302,19,19,50036,16415,119,84,4,787,0,8,2,0.41025641025641024,0.15254237288135594
SsL-YSRQkwKjHqR48XAPljGmP1tqriYIKwkco6R5CXK16FbN_A47ceuc,내꿈은 김치장인,4345474212,jungle,1391,0,0,1,10374,19267,15710,15,39,24572,6363,13,116,0,478,0,7,0,1.0,0
7maM-rj_BQutL9OwkWrJbR-sQhsJ6ncZV4mAd2BX4GD1jyHmtrUlokf1,수유 보안관,4345474212,jungle,1391,0,1,8,5752,8162,22376,14,27,19832,6922,10,80,4,451,1,5,2,0.5333333333333333,1.0
mUNjb1E-sUkgN0bBpNMhiZghgP4YgbyHndZAfo5IAvxjzb8,나 김성지,4502479641,jungle,1847,4,7,9,9625,7005,26123,19,18,28588,9395,20,104,0,374,6,13,2,0.6842105263157895,0.25
tQeOJfbNtEgt4XEKc-c7W1AsXhqXET8TSKMi4de3wPNbZPc, 안난로,4502479641,jungle,1847,3,5,21,14287,9471,36662,26,53,27519,10920,28,106,4,732,2,9,5,0.8571428571428571,0.2631578947368421
0VNIBZIw5OFXWK7sJUlr9bUSibrKhGSDmltq2jL2DZA3Evs,코코pc1짱,4533577787,jungle,1734,4,1,14,12568,5895,22957,22,16,18566,11693,77,132,24,726,2,7,1,0.6666666666666666,0.1
bXKqmYdAn9IWXH8MhFtH26_YjkokjSybOBnqII9BTsFT,오웅앵,4533577787,jungle,1734,1,3,2,6484,7961,10575,25,6,19139,7144,18,84,4,106,1,10,2,0.3,0.1111111111111111
cjltXUpWSkKp4FWQXzyrC0K1veYR-99m5IBhoXtRLGMOYS0,지원오브레전드,4173048917,jungle,2024,8,6,17,19926,16652,25114,26,34,36936,14073,50,128,0,638,4,12,1,0.7352941176470589,0.18181818181818182
RK07qq0gCHee8U9IUj07YGWSH0fq1cffvyRoaccPH7s7,중고차의모든것,4173048917,jungle,2024,1,8,14,7800,9135,26504,19,37,33898,10054,40,118,2,368,2,12,2,0.45454545454545453,0.23529411764705882
4nhjF19MBZfP-BcBhJtRWZxYJdjYbPRroJak2kmE7j4M54E,사버렷소,4524208856,jungle,1780,2,3,2,4713,8529,6145,23,7,13153,8074,16,79,12,118,2,4,2,0.11428571428571428,0.09375
xRWowrQy3VuxTDaiQSQm8W0xzD2Rl_s-PFt4ExB6AVzzcGlGQ-QNZeC5,OFF0black,4274538095,jungle,1441,4,0,1,9872,7071,8267,13,7,14999,7993,16,106,7,385,1,3,1,0.1724137931034483,0
Ims-aK9bxqcFPCEmOAOd2oCR2PgDkoKMpvq8HyLN69Olueo,니들이만든괴물,4274538095,jungle,1441,1,6,2,4525,8286,12291,21,5,22151,7522,22,104,0,198,2,8,2,0.42857142857142855,0.2
zhFTs8tUHinrj93YtnXrRiis43xpg-lr8vjr9djecwfQ,park0629,4368430038,jungle,2506,11,5,9,30755,30291,59631,21,34,56566,17467,75,144,4,483,0,10,1,0.5,0.12195121951219512
fI4ESX2cxzscq9swdsF_mxKYibnGYjiI8zdpXB0FDjDI,SINBIBLE,4368430038,jungle,2506,2,9,14,12699,8893,31620,55,42,35895,11962,16,170,15,246,5,19,4,0.3902439024390244,0.225
jzc_hWkHKYRj6W3Z_YCDiipMXesgvPQWgtSOXXdVxxD4,hipo4,4488579481,jungle,1989,4,4,6,7879,20320,31196,28,18,33185,11638,41,163,4,470,5,6,5,0.43478260869565216,0.21052631578947367
_9L-tsffQnrZ5mrKvurZ0x_IfJp-1OcTrZqbIOSaP3rS,희수이빨에낀강지,4488579481,jungle,1989,4,4,8,10240,6855,31707,35,23,28276,9960,36,96,0,359,2,4,11,0.631578947368421,0.17391304347826086
RLUd4-jOeQcYF0cB8mMGhjf-KmpO7HN0w3QDP6R58rLIT9g,오공엉아,4404797069,jungle,1525,7,2,10,13725,10146,15577,20,19,21392,10220,37,93,3,220,0,8,1,0.7083333333333334,0.125
Gyjz_SrzTr7vCj9ZPQ-JxiXvxEBWIfGcGkzKG7u6o0QR,바나나우유우,4404797069,jungle,1525,8,5,0,9319,5814,20283,10,16,22699,10113,31,114,0,407,0,5,1,0.5,0.20833333333333334
7My1ZozjXImKWnJvfeIB8_DEuGRxvPSlqmwNm8vcza_phL8,거지야,4215682877,jungle,1218,2,5,1,4619,6223,7258,11,11,14262,5455,16,62,0,257,0,5,0,0.42857142857142855,0.35714285714285715
BdyyMTA-S8VrxuptV-7nQzKB7vqesX-1-mIwtYC_fFR6NDf9Ei7R9fWl,5일휴가짤린철이,4368958453,jungle,1910,10,6,11,26047,9357,18374,7,15,28081,11572,61,80,0,238,0,2,0,0.5833333333333334,0.21428571428571427
3e_qNM23jvwbPxQMediCtsDXhYcLVkk9eCOdGv_kYHUtnRI,Power easy,4368958453,jungle,1910,6,8,6,13775,16617,27180,36,19,36779,11831,53,140,41,334,3,9,6,0.42857142857142855,0.2222222222222222
P2qjinA6jgmPHiJwG5IWuV-_LilrMRYOIV-e2DOkd8P6,MA동석이,4518650381,jungle,1407,7,7,3,9386,8944,10962,13,5,22143,10420,25,92,8,194,0,7,0,0.625,0.19444444444444445
lq6CknzJY86DN48hwc9BVKW9qMd9Z2i-duks2LQz5gt4LXA,나는야대로입니다,4518650381,jungle,1407,13,3,3,9172,8894,10532,21,110,18700,11087,34,102,11,372,3,8,1,0.4444444444444444,0.17647058823529413
DA1L5hPAFpav1ysj8DLniI15F_M7vs-qo_PRzjEwikmuwAs,태극천자문,4404189625,jungle,1330,10,5,1,13390,8153,9282,20,6,18889,10756,20,114,20,120,6,10,4,0.6875,0.18518518518518517
LIiLGRXKOeB6WuQ2agO_sVmKgTLfR2HDv97kvhmhejgJ,더덕친구산삼,4530569793,jungle,1865,9,2,12,13392,12177,35344,25,16,26388,13922,50,136,13,467,2,10,2,0.5121951219512195,0.08695652173913043
bY7IySTfbnWijTDAST5Q20G1w_yLPlB9rQKxzUzCOuki,전문탱커,4530569793,jungle,1865,8,4,4,31407,5963,10783,20,37,23269,13998,77,148,8,685,0,11,1,0.5217391304347826,0.0975609756097561
1-KCZTckskkjNZwiSrOr5jP2Lyr3WFKQHPK0mlQYtsoW1ZI,유기농 호박식혜,4540008446,jungle,2321,5,10,9,14774,6986,29774,26,30,30738,13100,72,112,0,281,0,11,2,0.45161290322580644,0.2127659574468085
2_nIrw1QkBRJjTVtw4ZE3zxrYXO6rA6Lr1Vd_Rqxsbn0,20190924,4523008250,jungle,1579,5,5,1,21271,9441,12786,26,17,23777,10908,39,148,0,187,4,6,2,0.42857142857142855,0.19230769230769232
byqpJN1nO4wF_RdwAP9_eBnRJ1BLLBpj0HcWfxTrL6BuC3_kjSlXYRYv,binhboong1101,4523008250,jungle,1579,3,5,3,6130,8409,14228,20,4,23029,8294,29,98,11,257,4,10,0,0.23076923076923078,0.35714285714285715
FmKlV-NpMU67XKXD10SIK3r9J8w9lc6LaTtzBbcGkgMv,야아노오,4539424750,jungle,2351,9,4,10,13234,14360,23567,24,22,32222,15320,69,142,0,275,1,12,4,0.6551724137931034,0.16
jET9Bo8TAwKNPk0yB9F-_cuMLa8iXXe9ncAd_rYhTzA0QLROZM9qkHLu,방학이뜬다,4539424750,jungle,2351,10,8,8,31865,15300,29858,90,68,30372,13753,53,138,0,1227,0,12,10,0.72,0.27586206896551724
1Iy_4CnqSIf1kEapQHd90MaDH2-vD8AsRC9aR51J0Bzcw5w,Neo Vertical,4241806454,jungle,1769,2,8,1,3297,9611,9338,8,1,21744,8501,28,101,12,36,4,4,0,0.14285714285714285,0.20512820512820512
S2UOaeiQylfAOCOV4_Wro3FYyiLGosO0Wl4fRt44xfUFygYflVhiYqR-,나 쁜 말 은 X,4241806454,jungle,1769,17,4,9,33424,12150,23604,28,20,34713,16233,53,145,28,321,2,8,4,0.6666666666666666,0.19047619047619047
xqomWYWM3b9YN-uIN00eHyxT8JqFns0iMa7C9qP-q06P,람머르기니 왕,4289171752,jungle,1961,1,7,5,3953,6922,30731,22,16,29880,9013,38,112,0,311,2,4,6,0.2608695652173913,0.1891891891891892
tos6qiXlc3KejdZsac7VmgOkC36D4ESsMr9aqZWgO_kX6e0Gia2GVWAS,문도는사기,4289171752,jungle,1961,8,8,13,17126,12334,17332,19,12,32968,10975,17,104,0,376,0,7,2,0.5675675675675675,0.32
59gm9ZSlM-1f8bX1fTzU_JscoWkFmNPNBNHSPR7aVgoMZdg,LG T1 Sonya,4332291838,jungle,1969,6,13,13,25427,16291,29287,21,29,45587,10819,35,98,0,404,1,3,8,0.5757575757575758,0.2653061224489796
gouIM_XGTtqDvePtXKEg4gicAKAWK9tt4K7rTwFBsNlURuLvbk4nXSWt,근육흑돼지,4332291838,jungle,1969,11,6,14,19291,11768,33377,20,26,37453,14494,49,126,9,422,5,10,0,0.5208333333333334,0.18181818181818182
TzDm3_ZcrKUCBcYdno83HwzSQDxMOPsP3l2e4GCGdFrH1jM,see the beach,4488937922,jungle,2029,15,10,8,25754,11043,20461,18,204,33867,15135,44,116,14,623,1,5,4,0.5111111111111111,0.2
Wh1RajniMgMM5_y0kMfl3lncojuawrTZvBZWG6-4vlMfrY8,89년생 원딜,4492837531,jungle,2622,13,10,11,33124,16599,26423,46,19,45114,17865,81,151,4,419,2,4,14,0.5454545454545454,0.2702702702702703
NEpgbtRowXKXpwPxIh0zXOjlY_frXUUgDVofOVj3CjEu,작은 흰색,4477484510,jungle,1521,4,7,6,11358,17969,23819,24,38,28215,8439,25,75,0,352,2,6,3,0.47619047619047616,0.25
CGFvAlWT6OczANNxg2IrJZi9bngmHd-k2XIAxcOcUvrIFnU,미드신짜오,4530010121,jungle,1661,15,3,9,19940,8833,35330,25,49,21159,13453,44,140,22,1007,2,10,1,0.46153846153846156,0.16666666666666666
zI2HdtQcgX6aBjoom7fl25YqQP9SKWRQnMXkegvVr1uIw3-SHDV3txZP,GEORGE5494,4530010121,jungle,1661,0,7,3,2757,9409,11598,5,1,25011,6858,30,79,0,115,0,4,0,0.16666666666666666,0.1346153846153846
YGENPWFiZgnns-I1tHYpzP6iyeykO36v3B48wgLsowzjl_0,지안이팬티도둑,4431360677,jungle,1462,1,8,2,3082,10120,11122,12,3,25452,6124,6,84,0,301,2,2,2,0.15789473684210525,0.27586206896551724
iF9ICu0TDdOVUObx5fimTujXpQOdjnaHlqTcmf3EZw1yTCaqgCisr9sU,첫펜타킬,4431360677,jungle,1462,7,1,12,14846,17157,25854,31,29,23766,11465,28,136,16,1249,2,10,1,0.6785714285714286,0.05263157894736842
TmSEsjRpVMELhyZ-DhI5jj24MfsosMGShzSMeoWocP9rYY_Oi6iy4GXg,비비고비빔면,4536464219,jungle,1263,2,2,1,3771,6062,7486,18,0,14890,6387,11,88,0,164,3,8,2,0.5,0.125
Lt9mzNgfDrbztZnGyfJ8pbLn9XyfFydjaj35gvwsyFtfM7Q,부쉬에있다,4536464219,jungle,1263,8,3,1,11336,10562,9069,30,13,18208,8844,14,109,15,203,6,13,3,0.5625,0.5
JlroSexzipyhZFX8Ltu6GUjEYlwWUT7Byd4Wj-SCQeyN,달달달달달려,4490422453,jungle,1866,12,10,0,19536,7613,18122,37,6,30672,12233,39,86,20,111,6,20,4,0.46153846153846156,0.3125
GOeA70r4RzuXbM3bOahAyZu0VwlUI_P7RbD_7BhGmlA-VcFBMt26ACBo,칼날과 창 방패,4446233502,jungle,2246,2,8,10,11704,18967,37632,31,26,43408,10946,26,122,0,753,1,6,3,0.35294117647058826,0.22857142857142856
Slppza-LXIffv-lbP13ODLsn-DF008Pcwh-_quOuv-oHUVY,수 닮,4307514604,jungle,1249,0,1,4,2879,16647,9549,15,16,16577,6967,7,112,23,333,1,7,1,0.17391304347826086,0.1
D0dvtQgzvCB0FieLRkvTWwtlpGCVHyfte14jhCfk__kP,1945III,4110023303,jungle,2044,1,7,11,9785,13266,14403,34,18,27617,9190,35,81,0,253,6,7,7,0.3076923076923077,0.2413793103448276
x8AptmGNkIK-LnJNOcY-mL0aJHN6FCGQQ2VbXV5Wh8DV66-ke0Xdy60R,협곡의노래방,4110023303,jungle,2044,8,7,5,21464,11041,31774,13,16,35706,13250,45,160,43,563,5,5,4,0.4482758620689655,0.1794871794871795
EWJSlGOaWMNe4dZL4pvYSL0C-M7LzgpwhyXrTO6nKx2BS6w,흐 라,4535900081,jungle,1332,10,4,11,14352,4919,17970,25,28,18308,9719,19,96,0,501,1,7,0,0.45652173913043476,0.3076923076923077
uXc-9Z-QXYxx9uRaRHT8IywkN-VNO-8nl6itJuAiCa9jkvw,에픽기린,4535900081,jungle,1332,2,10,4,8041,7617,11733,14,13,25193,6638,10,91,0,157,0,7,1,0.46153846153846156,0.21739130434782608
96eOeBlAjkQOMpuloqoAuq7VvQd_-Ex3YgZfOlqHVe8zDw8,오레오스파클링,4522887476,jungle,2252,9,8,15,24761,27548,35410,30,22,48808,14275,46,118,6,337,1,13,2,0.5106382978723404,0.26666666666666666
hVUJhrXXcc6iqi0UcMz4p09hYlWVwVkhURiFXwBJQKWQvZ0,원챔만 할거임,4522887476,jungle,2252,2,13,15,15596,20100,20999,32,9,43839,11809,31,144,7,253,3,15,1,0.5666666666666667,0.2765957446808511
bd2W6uqtTsnAG42dsyycbiUXMz96VXGUvCGs0o7qVkLa,샤코맛박스,4537239585,jungle,2117,5,8,16,25877,20854,16771,48,2,37474,12360,37,146,6,72,8,8,8,0.5526315789473685,0.3076923076923077
oxNIt-rCSnEGukMgTc3jlIuy4dNkvZ2qUcEWELWbeV8,제우스,4240702558,jungle,2629,11,11,11,43880,18620,33615,16,9,53211,19465,39,216,7,348,0,6,1,0.6285714285714286,0.25
tNMy_c9KtDcJ3gQb6kStJvw8j-RFDqsq8wJ_sR8J8rZue6dDCqb3PB64,답은과학이다,4240702558,jungle,2629,7,8,6,16897,9725,38303,22,18,38822,14483,41,200,8,1166,0,8,2,0.29545454545454547,0.22857142857142856
huCRPt6KfdX0YQQ7rd08BvFiZHON26vOQKaI7PvwHqExGro,남재인vs북재인,4445837611,jungle,1452,4,3,2,10815,9022,14424,24,16,26647,9464,55,90,4,124,2,3,4,0.4,0.08333333333333333
x6tN7nSFc6ae9bhTyafLp7jn91NrdGtuyJSnZXV_yaXzBfs,오리보고요리보고,4501930326,jungle,2030,11,8,15,15071,8015,38135,24,12,32874,14320,59,108,29,303,3,8,3,0.5531914893617021,0.20512820512820512
si3fekrE1PbINkmAEOKjjoy7xliCAl9jYlQgeFj4EXkN,티모쌍방울,4501930326,jungle,2030,7,7,15,19128,11192,35267,22,18,38445,14864,79,87,4,483,2,10,1,0.5641025641025641,0.14893617021276595
Sll3GJPDgEhzcMt3SQVIsNX61eyfZ7pm0IIfDw1xdnsN5Xcnh72lrBJN,까웅이,4449381570,jungle,1330,1,7,3,6932,8258,9409,14,15,22532,5766,17,60,0,261,0,6,3,0.36363636363636365,0.25
QH5OP3qPcf4IYdrBDkNCNyfzRUaxL6wo6gUFqzEs42kTjP8,갈애의람모스,4449381570,jungle,1330,6,2,4,9756,13481,11163,13,4,23305,9814,34,149,24,433,2,3,2,0.35714285714285715,0.16666666666666666
eHDv-TJAgjhIQDO3CUtVd771FF2kablruK2Zbj72mkW3_K8,하나만쭉판다,4383786880,jungle,2190,2,10,8,12157,12317,15538,21,21,32123,11054,18,166,37,386,1,3,2,0.29411764705882354,0.38461538461538464
OUFqHQMK3rcL668_dGL4aJiIUAYGStLtODNsqBdwm1mm,서울나라홍,4383786880,jungle,2190,2,12,11,10124,8964,22113,35,18,32074,10724,53,87,0,429,12,23,5,0.5,0.35294117647058826
4ZGtGrx-cdsBAm8_o0H0iQ5NHUcyYUaryoAS2eCKjRr1T3w,난 도사 전우치,4499171142,jungle,1953,5,6,5,16610,17524,24164,60,30,34168,11286,30,172,20,530,4,4,2,0.30303030303030304,0.1935483870967742
ZXQRdekaRknZ59wHx5k7NGrF_90RZWUN1_n0ciwDjDUKsfo,DTQjoa,4339308511,jungle,1506,2,8,3,6596,6001,16414,10,15,23033,8129,31,104,4,353,0,7,1,0.21739130434782608,0.2222222222222222
XjKMnTtpn0Nelvz9u02yWdNJWVSywPCEVlYlAYcycICy42R78Kk_sDd_,Zcall T1 King,4339308511,jungle,1506,1,5,4,6256,9480,12444,26,10,20808,8363,21,140,13,251,3,8,2,0.1388888888888889,0.21739130434782608
1HtHFAidIDeZmf4hM6km9pe6OhLnzCNZAisoUWWMlkvTzXVq_yaqe0F5,준성이벌레새끼,4293002270,jungle,1365,2,2,7,4790,15019,6767,18,14,17641,7393,18,76,0,234,1,5,4,0.28125,0.125
wQ-ksJe_IYMfaEAuLHrmeIxwMi-WarVBIeUcxYoPithIu-A,Expressions,4293002270,jungle,1365,5,7,5,12820,6123,14759,23,6,22701,9173,30,86,2,149,5,11,0,0.625,0.21875
9BvGV9uGHKk8yHTEhNzfrFKIX6ZQMy4eHJ2tgmDGJbxjWMA,쌈자짱,4255412726,jungle,2082,13,6,12,20821,7780,25329,20,17,30015,15140,66,67,7,125,0,10,2,0.6944444444444444,0.17142857142857143
z9hfRkL65PAXBqgw-Dp-9IK1I2ot0kqdq8rOwjduzKA_78HhJnmBmV0q,대구육일썬더스,4342940639,jungle,1884,2,10,9,16873,11090,22878,11,36,35032,9305,66,80,0,608,0,6,1,0.39285714285714285,0.30303030303030304
-NR40dKW8kU9RUFVc39Hed1_d_OMmaIoycLepNGnTtmRqEA,SKT Kilics,4342940639,jungle,1884,10,9,11,19301,20716,35401,18,37,43319,13671,21,143,12,279,0,7,1,0.6363636363636364,0.3103448275862069
7Q-jyaRUfGoJNyj6x0LOTFXL77lEfAiPFcm9LSMa2EZW52I,따끈한단팥빵,4083245462,jungle,1215,2,6,4,4111,7384,8802,9,63,16958,6093,4,84,8,308,3,2,2,0.23076923076923078,0.6
JDF-iPWOKd0pRbEAs4J9HFjB55mq_wBWVf5p8n6oP9Ws8ijhKCfwFsdZ,모다피백크,4532218252,jungle,1369,6,0,3,7381,7876,17138,16,13,16987,9456,21,120,20,351,2,5,2,0.32142857142857145,0
UsLE6SmHFckS5nMWhk5RSyZcZXptU3W_hdhkhpHmRMqRWsg,롯데칠성TP200,4526402584,jungle,1828,7,0,6,18926,14630,9340,30,11,19477,15079,66,223,48,132,6,5,3,0.34210526315789475,0
v_PLZYt5l5dwglPF3mRJZJ3gVMDhtDoBsya1JBBf4_4V,태근이의매끈뿌랄,4536792424,jungle,1603,11,5,10,23496,12000,16553,28,22,23381,14079,44,132,16,429,3,5,4,0.6774193548387096,0.21739130434782608
7T5G3LTLlAZG5WIx31NxOFM4wwiFikN6KARWJrfLHg62daI,BHC G1 Wolbo,4459098566,jungle,1324,15,6,1,13897,8940,12252,13,2,22516,11863,19,121,12,171,0,5,0,0.45714285714285713,0.35294117647058826
CFXZui5IpOISxrv1mdvbwmSMYn2IIMyQlVFMha6Xh891,ITZY센터류진,4459098566,jungle,1324,3,5,9,8443,4257,14400,13,9,20691,7479,17,68,0,278,0,6,1,0.7058823529411765,0.14285714285714285
9fN6Zwa_XwH15KLwjmwOeMP8JegJVkkSUMkRDyWFB4lt,꼬구미꼬구미,4536016575,jungle,2180,5,3,14,11984,11574,20326,41,27,29382,12582,28,125,15,634,4,15,8,0.40425531914893614,0.12
z6YXiIcbn2zrno0uM2MZi_D3KG88XmEw5KeFm-guK2pRRew,FISHGAS,4272798763,jungle,1774,10,3,10,18725,10581,10414,38,54,17490,11890,24,118,9,626,0,4,3,0.4878048780487805,0.15789473684210525
xkP_KZrg00ScjvaE-BdoY42PVLyc-DczMHv2CDUGIlTd,ID 환스님,4197771515,jungle,2452,4,11,14,18519,31005,35412,32,36,63754,13006,53,136,4,482,3,12,3,0.5806451612903226,0.25
9sDXtp1I10uLcpsFkoGoGBwa-w4KeocyM6B5dctHUIVw,미누밍,4523348989,jungle,2162,5,6,25,15689,16277,37854,39,17,43283,13511,31,146,5,288,6,8,5,0.5555555555555556,0.15
