account_id,summoner_name,match_id,position,playtime,kills,deaths,assists,totalDamageDealtToChampions,totalHeal,damageSelfMitigated,visionScore,timeCCingOthers,totalDamageTaken,goldEarned,totalMinionsKilled,neutralMinionsKilled,neutralMinionsKilledEnemyJungle,totalTimeCrowdControlDealt,visionWardsBoughtInGame,wardsPlaced,wardsKilled,killsRatio,deathsRatio
vyoB1u_Rmms_jg3m9yb0HZ4of-vH3INWPV0S6iOC1pGvyUU,아기천사태윤,4378814870,top,1444,0,4,0,5450,3699,13562,11,9,16701,7070,157,6,6,138,1,5,0,0,0.2222222222222222
e0ZABUc9OKbHvjKwKb7wuoHvm0aql9V8jiP4BKGAK-Xm,behoneybee,4378814870,top,1444,4,2,3,14156,2016,9007,14,37,11449,7729,126,4,0,302,2,4,1,0.3888888888888889,0.06060606060606061
Brv62URmv4CvzWSUFiPzhSyYf-izRZoFPzlqpbQjT1LdYh8,야필패는과학이야,4506228464,top,1561,4,2,7,10903,7764,16947,8,23,23862,9141,123,0,0,284,1,7,1,0.3333333333333333,0.10526315789473684
zC0OsyPAEBrBkw4G0VWDd9hfR9wqdk5gOG9_J9mOSKLY,vpdlwl98,4327239336,top,2552,2,6,7,13290,14112,26333,6,3,39204,13224,219,14,4,18,0,6,0,0.18,0.17142857142857143
-ABjfA9UQjbF11hgjaMOxYrhN5vAG3tOzi9IkoJ12e-zvSc,니가머하노,4327239336,top,2552,12,9,1,51764,1506,21886,39,42,35209,19922,264,61,44,748,1,11,1,0.37142857142857144,0.17647058823529413
ylqLmbtxtLVWzzG7c7p60BX1KaaE07wZbKmlHK3373tvScnbEmRHDAaG,인간8467,4457193594,top,2649,13,5,5,36962,19362,35286,16,21,36200,16580,188,8,0,280,0,9,2,0.4090909090909091,0.21739130434782608
xRZ2o3NX_d26NGKxDFuMXsNmfW2MOtTi5FBydQcgD01O,부부부비비,4457193594,top,2649,3,11,6,30274,11225,45155,30,1,52903,14699,268,2,2,40,5,10,4,0.391304347826087,0.25
D6m-JirSMvMHhSYtfMFMMQBENTDYiM65gsP6MhQ8H1KO4_c,나는 남동생,4540388703,top,1315,6,4,0,10484,2647,10012,9,19,17026,8428,160,0,0,77,0,6,0,0.5,0.21052631578947367
ORXI9FBKXugQbL7vvVg7mSaEAeUf7KjVqQQqT3gyBQeH,이판지면배그간다,4384335150,top,1987,8,2,3,21154,7485,27072,11,9,20126,11873,182,4,0,54,0,8,0,0.5789473684210527,0.16666666666666666
OH_-vh5i4q9doxHSLeHP4Js5NhCWgSDSU_OJo85xETFYx1o,beatrice 연에,4384335150,top,1987,1,3,2,9637,855,23583,21,40,24708,10239,201,8,0,103,0,11,4,0.25,0.15789473684210525
0vyAvIA6u4okpttJKBcjuRmWkltIjwAY9K9f2iNFQV84,선배거긴제발,4300431140,top,1587,4,2,7,17425,3177,4545,20,22,10424,10751,134,16,12,380,1,7,0,0.3793103448275862,0.09090909090909091
ocHe8o7sQub5L19cR4mItLMPaRhgj0BLLv7LrzjQlnyppS6Ipw4LKsjt,이도현과 이도순,4300431140,top,1587,3,7,8,6325,1532,19435,4,14,20926,7489,101,0,0,135,0,2,1,0.5,0.2413793103448276
Bx5YaZugwzaFwia-G38fyu6ruiIbY-dbN0vvsNQUGohv_lXPApsskLb4,포도가 좋은 코코,4486859797,top,2427,9,9,6,27775,5742,52209,27,27,48189,15215,174,8,0,167,1,10,0,0.4411764705882353,0.25
rbJ3qnAAGZjB0VzA2g9br9kZOqtsjJob_VPlOhHmWP2KP8osNlwNgK2y,엄친아X카카,4486859797,top,2427,11,8,4,42299,4384,16726,20,16,30276,18723,211,40,8,176,0,10,1,0.4166666666666667,0.23529411764705882
tyz3mapGQEvRj6pAOMhmH2Vo-eN_lAdybyyQ4vnubSO19BE,광주그놈,4539556570,top,1708,4,6,5,11306,1941,15823,17,16,19664,8957,133,0,0,63,0,9,2,0.47368421052631576,0.2222222222222222
anDOakVv9CcErk_rHwEMZ_0L6PE9Mzgi-irN-83ZKGva,개도란맨,4539556570,top,1708,8,4,5,22407,2843,11765,15,136,18161,12410,164,0,0,277,1,8,1,0.48148148148148145,0.21052631578947367
quOK2NXeR-rUp_ob5BHvyGJ8A6e-WuLo_ThLf4ywAJnbjs89phhWdziQ,3번째 정지,4511585913,top,2261,6,8,18,23601,4355,59459,21,57,36691,13031,195,4,0,562,0,10,4,0.6,0.14814814814814814
I3sUdL0V39hWPETS_5Cq4QFLaiyNcim6iXJVOX4Yd8vP,베이부,4501323228,top,1474,5,7,3,22425,286,9079,12,25,16087,10114,167,0,0,233,0,8,1,0.5714285714285714,0.3888888888888889
4RagCiF31gfWxmg4fNPfTycl3bU_krbm8qQys-RRTh6onug,PbodyAtlas,4501323228,top,1474,4,3,2,12019,8293,14222,20,13,23923,9700,184,12,8,95,4,10,1,0.3333333333333333,0.21428571428571427
lYmX9PKpqkx1cMw_a4QF-_fwQeHXFiFmL4K_lpUCK59C_X4,대표주자다리우스,4477983927,top,1385,9,0,9,26970,8847,30385,18,16,22877,11617,142,10,10,171,1,7,0,0.6923076923076923,0
dIzbKVDNRDY_g9yOidcW295dBmj_dxThaf_6xiAkKBbLaPMsZC-d3rQG,호구그만,4524800276,top,2108,6,13,8,13298,6559,23654,33,46,30175,10091,79,12,4,510,1,1,4,0.32558139534883723,0.23636363636363636
w-5rtuMiyCLh1xpRB75FhBFX5-6d7PGS5hDcVHFXTglNMe6qMYv3s1KI,앙마초띠,4445474413,top,1675,4,7,1,14150,5188,18748,11,4,30266,8571,135,0,0,53,1,6,2,0.3125,0.2
iX-LntHGxWWkrNfEEdBhIUyagbQWiGA6w3PuJX-MGqkwEeM,제발미아핑좀찍어,4445474413,top,1675,11,4,3,29264,7521,9250,23,26,18157,13837,176,16,12,77,3,11,2,0.4,0.25
AU803VLqPf8MJ87gMpYDV20oC5K-acAHPl9v_5bJk1FYC4Q,환 s,4530894375,top,2043,3,4,6,30834,4804,27364,13,6,22439,14246,219,19,10,130,0,7,1,0.2727272727272727,0.13333333333333333
HcQIMOfJyX_-vKEZR0fNlL-8P7oC8GWsO59P_lLV4JjkJhw,DWG 8guri,4530894375,top,2043,5,5,5,17174,14190,44024,18,22,39504,11609,191,9,0,389,3,11,2,0.3333333333333333,0.15151515151515152
aRqoKZyZ16wxH4M8pEqegBh78Jy8Fwa0p2LvqndfXq8mDJZt2RWW0cnv,김 효 놈,4531099601,top,2891,4,12,9,13022,6939,40637,28,12,49785,15835,254,34,0,124,0,16,1,0.3170731707317073,0.375
-71O8HXdUFAmHTSbfTjxR46OQH5_5NCGI6S5OwRTdH-awMaXzdH0LFtD,만붕715,4531099601,top,2891,10,8,5,40997,9886,21890,17,38,43419,20179,258,47,7,577,0,6,3,0.46875,0.1951219512195122
NnfpggD8f0gehsKyZER7wHsisvRSygjVTx9n2zqBfA-Ck7sl6XkxDAwn,O마에와MO신데2루,4179107280,top,2314,3,6,11,22268,8967,75887,36,49,53655,13296,195,8,0,768,2,15,2,0.3888888888888889,0.15789473684210525
po2MD2PB75cNNn9NUFotfEAvflV15n49D5Jt2DzB8h0Nk44,Gozealend,4179107280,top,2314,5,8,8,29400,10661,44975,24,31,45819,14432,255,8,0,38,1,12,3,0.34210526315789475,0.2222222222222222
9O5cCD0eSEz2Q07yNvQDCEXkUWVEVqM5OkvPjDxSMg3EpH0,아가멘,4319796079,top,1261,5,1,1,12636,1245,4061,16,14,7749,9488,175,4,2,141,1,7,1,0.2857142857142857,0.125
OUNsEHUe0ZL3QobqjmDmkVNEoUUhj91l3xWekwMCnpv5uOw,REVENGE IS KILL,4319796079,top,1261,3,6,0,6634,2690,7713,1,1,15415,6209,82,0,0,11,1,1,0,0.375,0.2857142857142857
HpJCPZGxgvxIQZBmPea3Sa6yxABMkGviOtxkqQMH677M,KIMSUNHN,4317326699,top,1734,10,2,8,30747,19618,37233,19,18,31837,14477,210,0,0,233,1,5,6,0.5,0.14285714285714285
2wEzYUJ_7JmgX9K4rALVXZQDrhZpkF-nRvrL1JWmgdua,TripleFive,4524239519,top,2267,0,8,0,23574,2212,14036,31,41,25300,11371,182,55,9,656,6,11,1,0,0.20512820512820512
8PRLAKH7OpyyaC-ohEgvNfirncr09Nz08x3MyPAQ2EeFCI8IPmtsgqFq,환상적 솔로킬,4524239519,top,2267,6,3,5,21792,37325,20931,26,5,38307,13499,221,26,0,131,2,10,7,0.2894736842105263,0.125
LOjhiTrEvR7om-dPJBT9bahjnbziUTgw9WIBvlNA1L_X,늑대혀니,4294466904,top,1736,3,9,16,15729,12104,11254,11,4,24125,10279,127,4,0,89,1,4,3,0.4523809523809524,0.3333333333333333
GjWiocmqzAn-CJ-HEjF1PjKJsTU5comsHWUsKslcB4VGV-KEBWfgNAzw,남녀칠새마동석,4523510834,top,1659,7,0,3,10952,5922,10112,11,5,11296,11403,171,12,8,144,0,6,1,0.2777777777777778,0
Pp32nNDYinRY_dcnFZSZVNCDAdd0yXBdviRlVsaDKSDxAGkXSbbvVhS4,Hwa Sa,4523510834,top,1659,4,9,1,15331,2575,10668,10,133,19650,10640,160,4,0,288,2,8,0,0.45454545454545453,0.25
M1kMAkDkUFcNHsG5KiUwUiRxnuFUPEXqvAWlfcXet7nC6bFk_KVZdtc_,내안에잉어킹,4512008686,top,2032,2,10,6,13701,2017,18335,8,20,23834,10133,127,0,0,83,1,6,1,0.27586206896551724,0.23809523809523808
xTApq1I3rjKXlP3Gcw_sA37u1ij0860ghxWILRp7nCy9CqmY75z3nTsI,SANDBOX DAVE,4512008686,top,2032,2,4,10,13274,7562,25541,21,10,22739,10070,118,20,8,221,0,11,2,0.2857142857142857,0.13793103448275862
-8LxynTecBtdWJWezb1mp208MxNeeyz42ZjpBjzJCeyF,심심하면트롤함,4350020763,top,1410,2,11,3,11589,4271,15410,5,15,24812,7158,137,6,0,76,0,4,0,0.29411764705882354,0.3235294117647059
MddyY6j0re0XBqh35cAGPvnGIh1vUbTA-t1G8V0C4SHe,다그뮨,4521220113,top,2878,11,9,20,46463,30415,97509,24,71,63624,17312,202,11,4,320,0,13,3,0.6078431372549019,0.24324324324324326
OGThTmG8-vKLO6A5F4_Kg5eovQi_vKnFSfxw7OMwctVM1Ws,niga그걸왜먹엌,4502489520,top,2712,14,12,14,23208,24870,88782,29,36,59266,15064,141,4,0,386,4,16,1,0.5,0.23076923076923078
96uLmcoWV6otbTcfPPHTwhkxCpst0-sdPU8B7ddY58Fmup4,전희수다,4502489520,top,2712,7,12,18,30713,3234,18615,30,61,32273,13598,131,9,0,285,2,15,4,0.4807692307692308,0.21428571428571427
HNGZIS9HgycoEyAmfqGA6RV1LhUBAIg_eeE1FMr3ecLZrOL52zkx2M5A,장송23기김병문,4468127991,top,1728,2,5,5,11364,2041,16091,10,1,17587,6983,77,0,0,706,0,7,0,0.16666666666666666,0.2777777777777778
c2IJ7F4fAWJnwptYASGd4lb2vkK8HyV_hSwc_W8aPsFaLZSP_zzFkQyq,강찬은사랑입니다,4347096727,top,1996,2,9,9,12688,1976,35399,18,29,38216,7880,70,0,0,479,1,11,0,0.3548387096774194,0.1956521739130435
viPkDQlByIPGlW6X3Mhmo7X7TIT41EyCPElTUfyw9_T7mBRObe82rz9Z,jkun3075,4499915702,top,2066,8,6,7,15096,8589,40693,13,15,32572,10531,97,6,2,131,0,2,3,0.5555555555555556,0.2222222222222222
fj3G5TILCrm1iNRwc7MYGxfCRX-9qlBLcyDUDqmRVxEfH2wdBfQWCFp6,쭈닝이바봉,4499915702,top,2066,7,7,3,20047,5322,12757,15,25,21067,13101,186,16,8,421,0,8,3,0.37037037037037035,0.25925925925925924
UeQ76aBHyd6LBAQmSTqn-dlxC5m8_ivIbyz4ortabEWy,GIBI,4367591151,top,1922,7,4,1,28613,12194,34178,12,2,33979,13381,265,0,0,29,0,10,0,0.4444444444444444,0.14285714285714285
0rqmHLcoqQ-btNsgOvJRZLmEiX_GuVgzfbdDlWJlbxY2g7w,KNlGHS,4371665469,top,1421,1,3,0,10212,3429,15238,12,27,14252,7171,145,4,0,210,1,7,0,0.1,0.1111111111111111
caCzkP6xARWrtecmfKYaCl0kRp7Kbjack-YxjtcPFdWiGpE,고라기면,4371665469,top,1421,9,2,1,15698,5077,7056,12,2,14313,8815,113,9,5,67,0,7,1,0.37037037037037035,0.18181818181818182
VWQf407pzjIYBlXLzQsjh_2RutOwQXGzFyKpWjyonFTsoHNzVke_gfmV,태림은내꼬봉,4533392502,top,2728,7,9,17,41223,34100,33023,36,6,47236,15659,191,20,0,105,2,16,2,0.42105263157894735,0.20454545454545456
9GHV1Fvei2wMYvIrLa2rWNOjDzUdE7lLxmY4seVbJtQ1,대구주먹,4533392502,top,2728,6,11,10,38350,3272,49613,27,53,47877,15795,259,8,0,1439,0,16,1,0.36363636363636365,0.19298245614035087
pRU20WFmqdeqBtYPmJ2WTe3GQZNH_WWJBfgOV-JjSmZu,사나이 유진초이,4465176882,top,1635,0,9,2,7244,2343,19225,10,3,23590,6456,120,4,0,23,0,7,0,0.1111111111111111,0.34615384615384615
9iiRlfk05pfjaEqNRiqsJ2Q5cYUrN5MA9u_kG4hVkSXTxTt84PdgWPlN,봉쇄잼,4465176882,top,1635,11,1,6,27594,4214,19433,22,24,17338,13319,173,8,4,179,1,9,1,0.6538461538461539,0.05263157894736842
N49jgOE2IAHe7O9Ns_m-8Ku_WK6IbqUbLUltVfBF1mvg,그녀동굴탐험,4337801058,top,1492,6,2,3,21702,7235,14410,11,15,16546,9965,160,1,0,169,0,7,0,0.391304347826087,0.25
HsCNFTajrIaeRNEm-GAMgrB3p3a08kCkKRvpuDKuNUBYmiQP_vImHqzI,미드랑탑만가요,4337801058,top,1492,0,4,4,9108,9286,26902,5,38,26528,7217,150,0,0,332,0,3,0,0.5,0.17391304347826086
HhEAaY0wEBj4GQQ-Sj6sdw6G61H_Iw8YQuGf6l5W3kbAi4o,꼬마의핵무기,4190172588,top,1209,3,0,1,6633,715,2584,11,4,6241,7984,155,4,0,50,1,6,1,0.26666666666666666,0
nVFgvT2XKPao5LiRw5BAUufCEdMilmRLCkH9X0OX-zNfUD5Q5qlUJ_uJ,깡춘애,4523062241,top,2113,6,6,6,16104,1695,39295,19,30,28760,12000,123,20,8,85,0,10,1,0.32432432432432434,0.16666666666666666
cmR67bBcOpG8kLLhKoaP8yS3lrdH12rKFoxzdvYLgf2i,모심모시,4243729629,top,2115,4,11,8,25116,10568,18246,16,9,35925,13642,210,24,4,364,1,10,1,0.35294117647058826,0.2
Wcjc-wwcx6f8Yrke0VKHNS0iQqeXG3L0P4M_kBjtoLSg4Ck,봉천동똥,4243729629,top,2115,8,8,11,28448,2509,13329,19,22,25119,12920,171,4,0,267,2,11,2,0.34545454545454546,0.23529411764705882
uZis2s_NlhnsAlCeJE1bmMTm4bcsbMWmjJS6tRDtFUeCRAjY11UV4HAO,DALT0GGI,4399173253,top,1229,1,0,1,8641,6642,9174,6,19,14797,6430,119,4,0,102,0,4,0,0.09523809523809523,0
1sGZWZ3itGMt3K9lMLOcBz_4dChKx68hnAZlXM9GlSQyO8A,무인분할게요,4399173253,top,1229,0,2,0,10007,1217,9688,11,20,14031,5128,110,0,0,112,0,6,1,0,0.09523809523809523
qK-ypIYEeF-AigHJNFhHhXymRb3fEXv5AZq1-ObVV5Ff,쥬신왕환이,4300763339,top,1617,5,8,3,19121,1453,23647,13,27,28117,9004,131,4,0,410,1,8,1,0.7272727272727273,0.23529411764705882
7v4_fVVbu74gLLxgGnNjzAc28t8Nerv1fwzcxwD7qmJYM-w,뮨 태,4154186693,top,1618,2,4,12,16047,14436,11115,18,2,23054,9241,143,0,0,51,3,9,2,0.4117647058823529,0.17391304347826086
5nKRj-CwVy3y4tCefhHMXCcy_PY2AiRBDWUEYu9OnIn7y0sVYJUUqsui,Born2Live,4512294656,top,1707,2,3,2,11936,424,8279,5,17,13556,9645,185,4,0,121,0,2,1,0.2,0.08823529411764706
QlOEz7ROA0YrAISBOEQb2_mxmUldd4wzhRKzFU0iXgnZORZcIXB1RnDr,게임잘못,4512294656,top,1707,7,3,4,16078,3150,7179,5,3,17043,11355,167,0,0,19,0,4,0,0.3333333333333333,0.14285714285714285
3-YcswFHKkqJxlvNw62RLvyrZn_agjBhRTENTlIaYP2N,Creak,4287674826,top,1208,4,1,1,8244,984,6136,15,5,9103,7102,102,0,0,41,4,8,1,0.5555555555555556,0.04
rQZAviC8-w80f5SYSsSPj7WYqGjALfeMwtoiHbvw_fQdFZT6IKR45p1D,배틀리그오브,4248097567,top,2681,7,9,6,39340,962,96984,22,23,63636,17327,214,54,11,219,0,12,3,0.48148148148148145,0.20454545454545456
pDshRHiWIpz8zgOin2wS8gmvPFCbpnC30KTQ2napoZezPbA37HrRQ0aC,탑정글봇미드,4532875197,top,1628,5,6,5,19427,4206,17531,12,23,26053,10908,144,10,0,81,2,8,0,0.43478260869565216,0.2608695652173913
ly3iZeBHrJBpQGxk1TCJbW1CW4PMptA_Xx-_RHexoMsDvh-za0t38uVL,빛지컬맨,4532875197,top,1628,7,6,5,15261,1805,10239,13,26,16488,9160,107,8,0,70,1,8,1,0.5217391304347826,0.2608695652173913
Sf2gOAuLx5t4n0fCh9xhWGLAU2ZQviJEZSjONG85Vyj_,하이 혀구,4311948474,top,1295,0,4,0,9402,2231,10471,9,4,12828,5892,134,0,0,17,0,5,1,0,0.2222222222222222
Bs67Qph0eHFG2g8Pu5kktvTCIiPTk0r-GmR7ZTwiszxFEfY,제드장2,4311948474,top,1295,2,1,4,8818,6030,12957,7,43,14772,6691,105,0,0,331,0,4,0,0.3333333333333333,0.14285714285714285
MYROinGwuNVA_eRGs9rZ3wSMHg7-GVfVArTtJV_Yl2Pke-q-3QXyz8Z9,리신두판임,4506277616,top,1417,7,9,8,17412,4697,19002,8,16,26165,10022,168,0,0,54,1,5,0,0.625,0.16666666666666666
uztY8mQNG7y-uZEn_fI-e0BHq5ui5L5C6ukPZC7ORgdAWxVrWPO50Ts9,son 병진순빈,4399220148,top,1613,2,15,7,8574,4528,21628,6,3,29970,6452,62,0,0,34,0,4,0,0.28125,0.32608695652173914
ApiOdqKciYHhmP4TzhQ3yXDGZZE83tJeQ3hzMbC0pNmUrE8,hetomi69,4465830768,top,1631,4,4,1,10136,3104,16029,10,13,21027,8803,141,8,3,103,0,6,0,0.13157894736842105,0.25
RkIQdwvGtxjNHCt7gb5IIUc-8kJGsCZWuH71XsehZguN0hw,탑차이인가hoxy,4465830768,top,1631,2,6,5,15299,3541,15870,13,6,18262,9826,135,0,0,84,0,8,1,0.4375,0.15789473684210525
zHAD13IynGdio6p_UCTJpX0-WR4CO3rWswzvCNrCxHIc,liilliilil,4260978876,top,1859,5,4,14,27851,21064,94765,8,105,44055,11510,186,0,0,777,2,6,1,0.6551724137931034,0.11764705882352941
A58suZ1u1CTUbzCSJ_c_aw24O4Q7yfK73GbgS3Y9fX9tNvb3uP4GjpEM,딥 똥,4540477605,top,1453,7,6,2,16126,24,6415,11,50,11388,9627,121,0,0,270,2,5,3,0.47368421052631576,0.17142857142857143
hAfH97sfOgMZCIF1Dwqk-0-gpMzYf8u-wHLEhHBLcxXZcBPHTaOhcQnJ,께뚤솰라,4540477605,top,1453,6,3,4,8944,1301,11830,7,11,16080,10001,140,4,4,83,0,4,1,0.2857142857142857,0.15789473684210525
m-MO8IZSjxwTY8M3no7lRQsvIhJnmfymbC7A7r47zME9mSo,쭌은 알바중,4370693953,top,1205,9,4,3,13653,742,6075,16,19,9709,9973,140,16,12,102,2,2,2,0.48,0.5
1DoVD9zUyhDADYVbUboYg27aAdCng4JYPOvQftn_Luo7,달세경,4537398292,top,1955,6,7,5,14055,5307,23192,26,6,27437,13212,225,12,0,174,2,10,3,0.3333333333333333,0.2692307692307692
if6w0nJMbu76hnFYSBXMUg8n7XEeaCszpK-KpNtIMEdjYYI,dbwowns,4537398292,top,1955,5,4,10,24014,6530,9707,20,29,19375,11379,183,8,0,62,1,11,2,0.5769230769230769,0.12121212121212122
ruZfocaBHgtaKFBRAnXj_c4_tnvoz2Zzl4baqe1kru0,A B I T O,4370877566,top,1838,0,10,3,8689,4782,23383,15,8,30387,7313,124,0,0,102,0,8,1,0.12,0.21739130434782608
i9hD0zy8hrLThxjkFn2kzOs3K0CSgLLDf8oCA0wl4PNY,헬조선백정,4327105615,top,1337,4,3,4,15379,5787,10280,6,1,17725,9943,168,2,1,22,0,5,0,0.2962962962962963,0.23076923076923078
et-nUznNNeS_A3DvI7teEmMfNccsjFRq0bnjfgYL77Fxpqc,오랜셔틀동현,4327105615,top,1337,2,4,1,10624,5060,19963,14,9,17613,6927,136,0,0,114,2,6,0,0.23076923076923078,0.14814814814814814
LnZ6knBC-lmYJlVx5uvKk1v8z0GuOLAGBVbUAvP1FePYjz_Oa5YFhRir,SumPeople,4118161406,top,1431,4,5,1,19775,761,7004,5,46,15380,6904,95,4,0,231,1,4,0,0.38461538461538464,0.1111111111111111
6Xpje7wpZBToHgcrEJl2y4m69OGvKEepWrhWIi3iVnHnJMpTgQbBp-Bi,안바끌닉넴,4540145977,top,1627,11,8,8,30595,3246,22728,15,31,30192,12171,117,0,0,218,2,4,0,0.76,0.24242424242424243
51G8FPs0qq1BDT2C5fvTNtidlo9D0WiYR3C0nXPN5R8hJuiedH5l1D4c,21st legend,4407951229,top,1228,5,0,1,5102,695,13120,3,9,12926,8191,131,6,2,76,0,2,0,0.23076923076923078,0
ojyy5Nx878ocBE5N7rEctucJxy8_BErBI9qeGBdSP19y,페르난지뉴,4407951229,top,1228,0,6,2,9467,1404,4740,7,6,13125,6542,121,6,0,81,0,6,0,0.15384615384615385,0.23076923076923078
ATab3D6wfziYr0X_8hhzLYlgPenc765hj9aHNixwOBbzDyJx5nEShnvV,캡띤아메리까,4536772753,top,1286,6,5,2,15181,1535,15048,8,27,15423,8151,102,4,0,277,1,3,1,0.8,0.17857142857142858
IgtCjQUOToa25x198zOBpShozDdmn7DWeRfDqnFb7lUMQ9g,룸샴블즈,4539383102,top,1998,0,3,8,8874,2121,21532,12,14,25996,9153,171,10,0,152,0,7,0,0.25806451612903225,0.09090909090909091
ppmU4nYWUUgcK9myLYUU2LAofqOKwQ1-hJZZupMAv9hsnDzqUU0LH-ib,gaegyo,4531226040,top,1523,2,2,8,9024,1256,5792,12,14,9856,7659,100,4,0,37,2,8,1,0.29411764705882354,0.18181818181818182
Jox7EH9lOWEvoe8xJS1uUydUucISW0OzUmoOPeZjvGPBncI,탕수육한조각,4534563825,top,2268,7,4,7,28741,1075,12013,54,33,19828,16401,264,32,28,239,4,15,6,0.4666666666666667,0.0975609756097561
7r1_BjUxpTC0u9Ti3FcHZ4yEDPIwo43BWp3Sg8swLsyS,불꽂카리스마예찬,4534563825,top,2268,4,4,11,10950,3900,30944,15,19,28006,13138,142,0,0,80,0,10,2,0.36585365853658536,0.13333333333333333
NL-oRJwCTiv-wwtt_7FnfbH2IyvneHksHytnpEleJ8pWrrrSvboWSi6B,아오이하나,4478353811,top,2110,8,9,5,32779,7933,32149,19,5,34299,14365,240,2,0,44,2,12,2,0.5,0.225
9McqcToxAUDFzih3B6_cqTvp_vF73Ko2fWsu8BbrYPxgs4I,babpull,4122731678,top,1323,3,2,4,5809,2416,5669,20,4,10988,8130,122,4,4,36,2,7,1,0.3333333333333333,0.15384615384615385
O3-DX6PjJesLYth6q5zmAENKHNPu8sCrKgOw8Ao-uTMLKNI,근 서,4122731678,top,1323,4,8,2,12535,2191,14188,9,12,17227,8184,140,0,0,80,0,6,0,0.46153846153846156,0.38095238095238093
xcJrVyv7PbbDqaERRAaqtp-GRLY08DW6_NP4RL_Hi98_,노을이는,4367149383,top,2433,4,4,3,32019,2441,14169,21,38,19879,15278,259,24,13,575,0,9,2,0.28,0.10810810810810811
HoDJ9b0ewmU63G9OyIF7o87oHwKdxpRdYhZ_IfA05T33b5s,ad하고시퍼요,4367149383,top,2433,11,4,11,28546,16795,53406,16,25,52950,18143,307,0,0,44,1,2,3,0.5945945945945946,0.16
P7Bj6MdDsfcg6ZuUqScsSn80fIMd9VRfqjUiGysP_TpTQajidHmfCeZ1,OPGJ,4342647237,top,1523,2,6,2,9927,2743,15436,6,3,16993,7445,132,0,0,27,0,6,0,0.23529411764705882,0.2
qfxV-57h9g56Zk78x_Qzhb3BcGnRJjC9fes41_tIFRswIzU,KyIian Mbappe,4342765303,top,1929,6,4,6,18205,5615,23410,17,12,30462,14786,223,16,0,111,2,9,1,0.3870967741935484,0.0975609756097561
WkDjpfsSKDakrHbKSuxjn2VgMNX43c0vWdcEn2CDlTKB47KaCmlpVq9J,우라누라,4342765303,top,1929,4,4,10,14551,2884,41349,19,39,26407,11051,160,0,0,487,0,8,4,0.34146341463414637,0.12903225806451613
QIWWEzfFsxPxQ3licQaeLph_BFDpqxoN9CTvw5GKab_Cw1c,my주딱,4215740827,top,1431,6,4,4,14929,3858,10669,11,17,16356,9515,129,1,1,77,1,8,0,0.5263157894736842,0.3076923076923077
w3oOFoN823R0Os1yF7WjEjwIP5NhsXM7x24nFP3GMcI7,BonCheck,4279353795,top,1914,3,0,10,19787,5754,12543,17,16,13013,12541,226,8,0,60,2,11,1,0.65,0
L3GYri-kIJ41-J2IuoiueEOyB2ir3gSQtFCAFM612_2evrtIYsg8y5Uk,LOL케이크6,4511562194,top,1977,8,6,7,22646,7574,15202,20,37,24425,12066,174,0,0,553,3,9,3,0.3,0.18181818181818182
A8APTpHtSHLvBeQjc98E-OzP1HNRZMyPTA_P0i8-5b4SFWJi5E-Wzl2z,dogedlr,4511562194,top,1977,4,7,7,13256,3974,16202,3,15,30224,8963,104,0,0,146,0,2,0,0.3548387096774194,0.14
atB4iG-xALUunA_cuQlzhvKtEBKrfPDaiLuA96sFSXBFQWM,심송히,4508144660,top,1822,3,5,6,11075,7025,18406,10,19,21618,9681,173,12,0,240,1,5,0,0.4090909090909091,0.17857142857142858
4yRopfmCK45tWAi-Ar1o273bhWExlTxDYv3dAFevUwqAy1IN-r_NPDGA,아칼리스킨유저,4468542145,top,1718,9,8,12,18415,2219,38818,15,40,23552,10135,105,4,0,475,1,9,1,0.4772727272727273,0.36363636363636365
nyI7ho4mWzLArdzO_L8HYtdOe-FWUMKOdO7-dOVYpme0xfU,뿅 타,4468542145,top,1718,6,6,3,17722,1599,34513,19,55,31113,11012,157,4,0,147,3,4,2,0.4090909090909091,0.13636363636363635
prS0-h2JmIMeHOzIitYh47WDEB_r1UB0Zjph2T-9P5JdWaM,골목대장통통,4532477393,top,1827,5,9,4,24295,4253,45299,15,28,30726,11144,150,4,0,587,0,9,1,0.45,0.225
8yaQGxKLImsVElN32pHtq5vsCNNcZT3JWebtWeoJjPIbvSDN15jJ4udc,JUSTPINK,4397207959,top,2079,5,9,2,21876,9570,24073,17,7,33613,9566,135,4,0,39,0,10,0,0.2916666666666667,0.2903225806451613
76WxRxUzd3Nanc24KH4SHrInFQlY50Q2ICTD30r7LfMEVt-gsTwL7RGw,지알보이06 ,4397207959,top,2079,4,4,10,21750,7379,38583,25,46,33328,10600,152,0,0,570,2,14,0,0.45161290322580644,0.16666666666666666
HJT4RuKmERuxMwPingm2i59vZiWowseqQo6Z6ky-ZIzY,달려라김사장,4533710363,top,1952,12,6,8,25419,9558,24663,10,13,38711,16643,251,8,0,88,0,7,0,0.5128205128205128,0.1935483870967742
tbvA_1_vjY0xSik2mPm19KkAZPdZ-i72i6-ydvEdt6faj0k,SnowsBlaze,4533710363,top,1952,8,5,2,23725,4246,59241,13,32,23828,12365,188,4,0,1233,1,9,1,0.3225806451612903,0.125
fbs1-gL83aGdGydl6cLZI-TaLLZWd8RCdwJr6_3K3CCe,명예왕 다리우스,4436365508,top,2176,15,11,4,32433,9505,25672,13,27,45746,13402,120,8,0,385,0,6,2,0.4318181818181818,0.21568627450980393
y6tN1JbXmSzjIvu2oRKBV7ZmEpKRxU-JUv3WF5Bb6lyUIoPylBCjTJPE,땅콩버터꼬맹이,4468122660,top,1788,0,7,3,8128,6140,12884,7,6,24151,6959,128,0,0,212,2,7,0,0.1875,0.22580645161290322
wyFUJaFwCHVaphrVq45kfrrGBx0rEtsOjJuA3TvNT66kKUs,NS날새,4498265196,top,1737,8,8,8,17128,4237,18947,25,8,24566,12625,142,23,9,83,2,9,1,0.48484848484848486,0.2962962962962963
vfRHRYdK3VHnDkjDTIJNPTA_V08pC3f7VppUXmjuNbIE9VaOW7JXtDbh,Slayer Darius,4498265196,top,1737,6,8,3,12142,4163,26956,15,25,26894,9062,114,8,0,123,2,5,4,0.3333333333333333,0.24242424242424243
Rbi10GyTfeQnWzqP3Yff0hsS27iyr6IRrpdjqmRwDmqnWOSAZEcXZrNC,왕곡지,4365206996,top,2434,15,6,7,45794,18563,59221,27,32,63425,20090,250,42,21,137,0,13,4,0.5116279069767442,0.13636363636363635
_2aRzmu5qcTk4N3ejZO_WD5Nd1CegElvyeKVbDDGcrpezE4,죽염맛쿠키,4365206996,top,2434,8,8,12,55564,9089,99046,20,38,74456,14262,183,4,0,435,1,12,0,0.46511627906976744,0.18604651162790697
msC6uWcatSbtbYhFY0a8vesQmOkdZDy0HlpwzHJsAlR8Y_CwiR2Z0TbG,지나가는자요,4489158530,top,1738,1,7,0,8641,191,22218,3,6,29476,7629,118,4,0,41,0,2,0,0.03571428571428571,0.2
5UMQQ9Zq2diQA81me0lI1Cf1ayqZuEvrMr8u0Y9phJFFRRfrJPzXxz7A,내가잘하는것,4489158530,top,1738,13,3,6,25301,1944,21637,7,45,18950,15117,170,22,8,76,0,3,0,0.5428571428571428,0.10714285714285714
Eql-e17POmQ93-f_pk-C9caSBcHdrT8iVXLBGRKHwrEwvyo,동화고야스오1짱,4351556162,top,1261,11,3,2,17758,3382,13169,10,18,17283,10891,133,4,4,128,0,5,1,0.43333333333333335,0.17647058823529413
C8acTUsT25WVvp8rwx5__HEt8bvDQUHjGh9X89-lBPvmg19S4o_-QXFU,해피용와우,4351556162,top,1261,1,6,1,7915,3427,10508,9,15,17903,4954,81,0,0,125,1,6,0,0.125,0.2
KYEltPHF0xWhlk0DB1BPw5wUmejmJ8HRw5nzZm2YA_0Irta98JkJaSV9,tmdwlrla,4404338161,top,2156,4,11,10,12549,1745,29597,16,30,32395,8972,75,11,0,192,0,6,6,0.45161290322580644,0.2391304347826087
PvghKBjd9NPIPrW8eAotvatSDFH36jJpx2usex3hAPw6j3Y,빨강스님,4487417368,top,1409,3,2,1,11737,1943,8017,6,23,14717,8603,166,18,0,258,0,2,1,0.4,0.07692307692307693
nWuiTF2VN7W0V43kBmnj__VMtWH6lUCaXp_0oLmRSi8-LwCFkVTp2bSS,chiwon97,4487417368,top,1409,2,2,4,7681,1972,4390,6,4,10510,7747,142,1,0,67,1,1,1,0.23076923076923078,0.18181818181818182
bUovlQwLu3FRLqytFTQ-Q6BJNKVYjfyEjYMS8uaA--GrCRbk9iMpKNJf,누누하는햐누,4525535924,top,1381,1,7,2,10865,2554,7363,12,7,17128,6781,150,0,0,170,0,7,1,0.42857142857142855,0.19444444444444445
YdDMJSoc5x17FdTc7dbqqvXtoa7PCwaEBNPCVoajhMER,매운돈가스,4410863651,top,2095,14,8,12,35669,13290,40161,22,39,38085,14333,121,20,0,365,0,10,1,0.5306122448979592,0.25
kzrahZhjYOkXBvsPaOm-EB4FPCptOxnOuGlu1VkLDtoDwQU,LORD EG,4227826428,top,2688,11,4,10,57355,7333,43756,32,24,28985,18449,215,28,0,172,1,11,1,0.5384615384615384,0.09302325581395349
8RWIMtB1A6lhE6LMGsHDWPAe4bnoGTfdb5lrxxX2Z4S0vhigk-4gVC3S,남 혁 주,4514462981,top,1989,16,4,8,27023,3884,42994,20,40,37760,17724,233,36,20,124,1,10,4,0.5581395348837209,0.2222222222222222
xUIaWBnc5fmmzNKXHAp8Qffj4Ft_yVg3EeLW9rP4UJuB,모오밥,4514462981,top,1989,4,7,3,10947,4016,15225,18,13,24531,11050,179,12,8,81,2,9,2,0.3888888888888889,0.16279069767441862
l3AXrhMw3gs_S0ELz94Abpxx9MjSU2KtMbJys31LGCBcGBiZHLIVEJr9,볶음밥배달부은경,4484812673,top,1281,4,4,1,11592,2727,12230,13,5,14191,7261,120,9,0,32,3,7,0,0.45454545454545453,0.19047619047619047
BUDGIVJhBXZ488fe5nTbpBykO8pRntP6kZDeHV-uG0mzs6kgohVqnRwJ,Cyrus WT,4484812673,top,1281,6,4,3,9451,1620,6925,10,7,13589,7717,99,4,0,16,1,6,1,0.42857142857142855,0.36363636363636365
o0DbzcJ-vABZMkScU7oDYf7blZPGLtwCNt1tVx4Dv8ZczwY,멈출수없는시즌2,4290715996,top,1868,6,2,7,18902,1275,18260,14,33,14925,12833,174,24,0,547,0,5,3,0.5909090909090909,0.2222222222222222
ankT6Ce055bksOiAolgvIrZosahG1q_eIFQJ3W7ZK2H1gG62zluRMx2g,검은자몽,4289820881,top,1867,0,7,4,5545,2722,17789,7,2,20487,9430,178,0,0,229,2,4,2,0.17391304347826086,0.18421052631578946
DkuZPfKNJwbo7NXdFtL-r9NibpnFCUbOTaqQ6h0OfJnA,칼리칼리버,4289820881,top,1867,8,4,7,15459,832,25812,30,27,17732,11790,134,4,0,495,4,13,4,0.39473684210526316,0.17391304347826086
llzH6NmsqhrolNAZAZsio5CS2SSqLEv0XixDOsfaesnziywn8KTptMeu,값예다,4484928508,top,1949,3,10,11,12883,1678,23055,4,59,29126,7958,48,4,0,394,0,3,0,0.2545454545454545,0.21739130434782608
06qg2mFiW7t4DgimwPyrWMiyUGDOv4xlpVyYeDAoyrM19G8,기라르,4250262744,top,1352,6,6,8,16068,4951,9651,10,4,16901,9751,136,0,0,192,0,5,1,0.4827586206896552,0.3
evBYarfVDLGTo_le7KyWi1iEYJN_WoG2b3udYhj9oIDJinInQhoZOmnO,세본이,4508121501,top,3008,2,11,10,33094,25831,106021,28,120,70753,13623,197,12,12,824,0,18,1,0.27906976744186046,0.24444444444444444
Jz6I7ChmsCgIuCZMHv5f3b9vYal7JwW7dTIE1iWDCzhzHAU,스현김,4447380020,top,1227,8,1,3,13999,3451,8602,12,22,14062,9671,161,0,0,146,1,6,1,0.5789473684210527,0.1111111111111111
pOCSNe_AL5-1OoLjvLzRUPRs1Ou2vT9WdK5UV9jCrdHB,폭팔원숭이,4447380020,top,1227,1,5,0,5069,168,7470,5,18,10389,4726,73,0,0,91,1,2,0,0.1111111111111111,0.2631578947368421
ZfI8tYtf8DqG7z4DzFxxMnYllzm0_potgBQLa76Jx_IpkIk,벌이꽃인줄알아여,4508987671,top,2350,16,8,4,43766,14555,48870,22,25,47175,21885,294,55,31,340,0,13,1,0.5263157894736842,0.21052631578947367
WxlN8w8kGbNi3Lg1giVK3HN7raTMAJd-vvqHf_7x1ogcunPQMyYJ4vgm,on the take,4508987671,top,2350,3,8,5,12880,6039,34388,25,17,35435,12288,174,18,0,159,1,11,2,0.21052631578947367,0.21052631578947367
9mHGhHyrzMynGSvL3OFllHAwt0kjPe-HWhjap3pi6xqtI-g,챔프연습용부계정,4506066914,top,1836,4,4,9,19624,10729,7873,32,8,20891,13659,237,28,1,205,3,12,3,0.4482758620689655,0.36363636363636365
OHDl9jfd7Uv5TMHpDdw-LRXYlJTzeUfBQkR_0E93GHeZ952xg36A4Njh,배그 장인 야스오,4540672932,top,1595,3,6,4,11766,6506,30823,9,48,27407,7078,100,0,0,362,0,1,3,0.2692307692307692,0.16666666666666666
ibdZFnFyh2GfdlOzbdJ6W3uOrXXuaUUYrtnMX7k4VMqb,scals lee,4249988658,top,1625,9,8,8,26985,7640,12647,15,30,26873,13809,173,33,10,426,0,8,1,0.4146341463414634,0.3076923076923077
cM9jL0QaaLLZIovQl5YzCm1ehWWbOySHpGXccKIYFnh7,LeeSunHoo,4249988658,top,1625,9,7,5,19608,2453,19310,12,33,22977,10299,89,0,0,443,3,8,0,0.56,0.17073170731707318
qzGYYCKXT8HcSQcb_ibBunPkVL7QG3clDC4d-7xi9RAAcnVsOoJf-y3D,다시 마주한 우린,4538791260,top,3258,11,6,10,61012,56998,28214,48,11,49429,23394,372,66,37,197,1,21,3,0.44680851063829785,0.13043478260869565
tm-woI47ELOWBjW_zMdPpiS7pahyMKui3x3w0A-NqS8b8z7OUVCPMfnj,조맞다,4447895783,top,1761,0,4,7,12979,4847,12361,15,3,21630,7310,133,0,0,74,0,8,1,0.35,0.16666666666666666
Y7qlovWY7kyRF3co2cm1Z7UQnrb_s-qDuskcNKLraz2mYY2L8XuiswP_,오를때 없는 오른,4447895783,top,1761,1,3,4,13416,2657,25672,13,30,20792,9377,161,8,4,472,0,6,1,0.20833333333333334,0.14285714285714285
PfpAM9xE4a_ABrdlXiTvekAN6bSFdb6yx6UC7xRB5yBM,아침먹고하자,4540206745,top,1263,3,6,2,6534,0,7600,9,12,11438,6946,113,4,0,52,0,5,1,0.2777777777777778,0.23076923076923078
2QJzdPi-vYUfMxqvl7Jc48U1rbQ3hM6St7yzdspyknf5xEO7mLHuFAsw,염똥왁왁,4540206745,top,1263,4,1,2,5874,1956,6894,16,12,9022,8962,156,8,8,50,4,7,2,0.23076923076923078,0.05555555555555555
zpyrrVc7mWo9C09pDbHN3g3FT8Pses6774HnMj_moVcQ,검도맨,4530436536,top,1270,3,6,2,6043,1181,11722,13,15,11644,6833,88,0,0,106,3,8,2,0.35714285714285715,0.42857142857142855
27CyhcS3GPuNzRnOg2P6YIvqkcRw5hXMUaWOx_UBOkf-b10NjBp7LHyd,부계정을왜처만듬,4530436536,top,1270,6,2,6,12044,3469,7555,15,9,12345,9362,150,4,0,59,1,7,3,0.8571428571428571,0.14285714285714285
6vPrzXRUGAmVGScHFu5V5a7Yr2wTCli9pS4EUDStVH3ywwgmmWZieyCS,Or이오딘,4446321707,top,2138,14,4,7,36848,11131,70627,11,30,40035,17622,189,22,10,240,0,2,2,0.5675675675675675,0.11764705882352941
_bLC424QID6jJcvbxqPjSWX2Qt-hFQLcOH2y8Zf9kBUr9Dk,들풀야초,4446321707,top,2138,2,7,9,19614,3307,13085,13,35,29079,11545,170,16,4,673,0,8,0,0.3235294117647059,0.1891891891891892
XBOScT6GPADtwbvW6dhr3zaEHRH45IeqORMdfaQT8yfGG1IPJGlWgULX,Chupop Chums,4521673302,top,1482,8,4,3,18521,2755,33836,10,40,24223,12708,183,10,10,127,0,5,2,0.3055555555555556,0.2857142857142857
FRUvD66r5byglzDtYzHDLEmqN6U2nxSA8O6CwRJN5hBP,김지오라고,4515958105,top,1679,2,6,7,14369,7725,24296,2,13,25544,7786,116,4,0,134,0,2,0,0.375,0.16216216216216217
XCPOPHDcE0SlsGYNA5DR9o-RWqhapb3lWGCYsGLinQ-_,hisoft,4426369357,top,1680,2,8,2,10303,934,19033,7,21,22136,8018,117,6,0,118,0,4,1,0.25,0.27586206896551724
GxCNA5l1Hxu9kXNn8QLTVI_eVtQC1_z6Ck9YNoISww76,무초파,4517254826,top,1957,3,6,8,11550,1411,38689,21,23,25047,9812,148,0,0,340,2,11,3,0.5238095238095238,0.1875
ZyN7ZRIKMt74l29As9n33ZhlN497TqLrDywy8H5V1Rx7,Espressso,4540002386,top,1813,6,4,10,16657,6293,21496,19,23,30684,13258,175,30,14,71,1,6,5,0.5,0.3076923076923077
c24lZNYgO0feTHHmLCJcIdUa81-TZIlnfFRYoksEOjey2KWcyIrA5TrM,rockandkey,4477781921,top,2057,9,4,13,30391,6016,40172,24,67,29836,15450,166,48,12,221,2,11,2,0.6111111111111112,0.18181818181818182
6shXmPa4_gRc9nQbjn54BxTEZn2_bxHIe--0sc7797glA1WqWUfNqRXx,어둠의칼날비,4477781921,top,2057,4,8,10,26451,11489,58891,20,97,42312,9908,134,0,0,575,0,11,1,0.6363636363636364,0.2222222222222222
2JFGkE_HdG9WFPrC43fMW8RrbSlvqp7zYoK8QVZpl5rjQbP5viYGgLxb,루2비똥,4426906808,top,1982,10,3,8,15014,4325,23787,29,14,26589,14010,178,34,18,80,2,9,1,0.4864864864864865,0.15789473684210525
vW9WTfRb4K74bn4Gxl2iQMOKSifFIW7T35pOWUEjXU5E4iK0ZrXXh2G7,딸긔맛포도,4426906808,top,1982,3,13,0,13323,1989,12023,13,9,24250,9652,123,14,0,26,0,8,1,0.15789473684210525,0.35135135135135137
q3UV_W4oCY2FRqwZ49isawM8Ln2psYFkr5izFmUKZqs8awE,johner,4473655788,top,2366,5,11,16,16786,6850,25450,36,22,40900,10955,121,4,0,226,3,14,1,0.4772727272727273,0.24444444444444444
kx8kW26VoYnT0Xm5be55bIb2H7VQmvWgS9QE1R8Pxfi2V6JPEmFgsh9g,bush 333,4473655788,top,2366,11,17,15,35708,8494,42879,18,16,44699,14241,101,6,2,111,0,10,1,0.5777777777777777,0.38636363636363635
LcKbQPtoTGYe-Kj5GuHEjnwWDxeauUhrbBmclFooZhzA_Y16bBd83XuI,오충일체,4527682567,top,1531,1,0,6,10501,6587,12224,13,18,11056,8945,145,0,0,216,0,8,0,0.5384615384615384,0
bSwjrj2aQayTDkNHJI6zjH0s8ExQ7SqGqfQcUEuQNSu0,라인베커,4527682567,top,1531,0,1,2,3409,203,8672,3,17,9911,5100,68,3,0,42,0,2,0,0.16666666666666666,0.07692307692307693
uauh3JphCKlZv-HjBoosEX4OKB-_rY9XrNxuYiC2jUiX,어머니의반찬,4318226354,top,1976,5,11,8,16910,3148,8847,9,5,18967,9035,90,6,0,209,0,6,0,0.43333333333333335,0.2972972972972973
GhuwJrECIsruO1XZahi-WoyQHT8NCAV6D-L6GXdIGrZ4yYI30cFf6pCu,푸른옷,4455384739,top,2353,4,11,10,12815,15099,42900,16,13,42887,11305,126,16,3,243,3,8,0,0.2916666666666667,0.20754716981132076
YCOAulY7azbDFBQEcrmyASjUeHwVAxP7QulhXSbpQiT5Mdc,맨탈잡아라이긴다,4240358466,top,1985,4,4,15,23470,9676,17631,16,18,26220,14474,225,12,4,390,0,10,1,0.6129032258064516,0.2
Zmha6xakzXB1WNqXmv0F6UTYbb2rMRxOBJ9Igz2Wpnpj,난구라일단,4240358466,top,1985,5,7,5,21472,8729,45010,19,18,46567,11797,208,0,0,185,1,8,3,0.5,0.22580645161290322
yw1WwIAOTy37gL-tx2MsfoJ-dVRp0IeVGvEUgw7OKgvNySGqWHSlmuDv,yaori,4466457756,top,1534,4,2,1,18491,1123,3933,6,34,8360,9242,138,0,0,284,0,4,1,0.1724137931034483,0.18181818181818182
GPQFgYJ6STz2rj8PAbcDDfxuqB0DyH9FBfBlISbtLlstGIQ,피파충이여기왔다,4533088871,top,2959,3,12,9,25545,1973,31871,48,28,37733,14388,200,24,0,77,3,20,5,0.3076923076923077,0.2033898305084746
PKcX-0NUHkVbg1BHhDfl3o9IzbRPO-mKuIsVpN7_t-UZ3Co0W4pi-lY9,Grab in the dark,4345474212,top,1391,0,8,0,7328,3884,12617,9,6,17465,5042,83,4,0,66,0,4,2,0,0.5333333333333333
sDpYBi-y3Je9LKRflxCTcTQSbOVnZt0kzCZLglPJsJOcGijknsaclDsN,벌레퇴치전문가다,4345474212,top,1391,7,0,1,12544,3093,7957,16,17,12688,9740,127,8,4,72,1,7,0,0.5333333333333333,0
A8TyAqmHqY-3B5JOtX3839jQF4BcAVt7d_FY_DV_w1aB,고추좋아요,4502479641,top,1847,6,5,5,23772,6614,28562,23,27,28089,12352,214,7,0,60,1,7,4,0.5789473684210527,0.17857142857142858
inYfVcsS3YFgfgqMDHylIjhM4NRZb2izV2iODXxeL_arMWtZ430HBGLw,니얼굴연근,4502479641,top,1847,5,5,4,12112,5140,19799,15,3,20829,11883,195,8,0,50,1,9,1,0.32142857142857145,0.2631578947368421
KA_dsdDb9qoMBrdMQ-Rz4G4tSzfdSPxNZA_8CGkBiIBu1-tOyxBDZuVT,파이리입니다,4533577787,top,1734,6,5,2,13547,659,10216,34,24,15463,10628,134,16,8,162,6,12,2,0.2962962962962963,0.5
KzTtPBF1WmkMnL3hsSLo9xJ9MdnjI9dE8VuNnnySSETZRD7eli5yFFzE,흘림스,4533577787,top,1734,5,5,0,14845,6418,15876,21,8,23114,9933,142,8,0,280,1,9,3,0.5,0.18518518518518517
0GHgcYFC0pbtjyd_w_tVXT1dujaS05Ye6rsmdRy40jSwz74,시미칸,4173048917,top,2024,2,10,7,17796,20918,21473,15,6,36649,8623,128,4,0,103,6,8,3,0.2647058823529412,0.30303030303030304
OrihyuBAfIRrF8Uelf3ZLTvZcS954PADhT0xpazTDztOX0E,고대신룡01,4173048917,top,2024,8,4,12,28458,3291,54546,26,51,23979,13201,159,4,0,789,3,13,5,0.6060606060606061,0.11764705882352941
uNgK5g7e3lKTF7AttU8td33KwHuQLZHAIbykSYgd8uAOaiMatgGUqfp1,홍대존잘정인준,4524208856,top,1780,3,9,3,11731,113,8439,11,28,18198,7659,85,4,0,275,0,7,1,0.17142857142857143,0.28125
lkI-D66f_l8CbeK7xA6wDr7YNyEfTT9rFdE8lzWtIn4q,취 부 사,4274538095,top,1441,12,1,6,26764,2331,12901,10,28,11389,11084,128,4,4,259,2,5,1,0.6206896551724138,0.14285714285714285
swaoRsRJI179uW3UIP7lE2EovSyo1pQhZgg3T8ujFMfD,유령부츠,4274538095,top,1441,0,7,1,3999,2025,10398,7,1,19851,5794,107,0,0,16,0,5,0,0.14285714285714285,0.23333333333333334
apgbG2iw7BpOnOdK3WMHkXyf5lG2rVLt24tdCRGzZEiU7cM,뜨자허접들이,4368430038,top,2506,12,7,9,30450,9229,27509,13,17,38026,15323,182,4,0,239,1,7,0,0.525,0.17073170731707318
qm6lMB4o4SmtQhCRdR7QFTH8BvEr8iYcJWQxzrtHarDk9K_5PXJE5W8v,GG창,4368430038,top,2506,7,7,13,30568,17545,32788,9,23,48728,12586,124,4,0,245,0,5,1,0.4878048780487805,0.175
AAXzB25BZEHPxxIf5oNQs31nNl5EdY1e7E4BmtXidHh_,한게임만하는거다,4488579481,top,1989,7,0,7,24192,2510,9085,26,7,9264,13459,196,12,4,253,0,11,3,0.6086956521739131,0
VCDEN80QF68T5Ghsfw_CszNGSJSOuBYBxHoB03dcsjuFQvCppI-DXCkH,보석처럼,4488579481,top,1989,0,5,2,2544,2884,10309,19,3,19236,8863,182,8,0,14,2,9,3,0.10526315789473684,0.21739130434782608
utXwP7fzqIHFor7Erm4qfOoc_RvMaAfekjJKYtNU8TaKM0g,누루루룽,4404797069,top,1525,4,4,9,22442,1518,11713,20,12,12492,10763,186,8,0,195,3,9,1,0.5416666666666666,0.25
ymXs68Pcw2C2NSu6MsrJDPTaC4aa_gxSxTRPCCYeG18gdyg,도라이몽EZ,4404797069,top,1525,1,5,5,6149,3686,14591,3,18,23410,7741,132,4,0,25,0,3,0,0.375,0.20833333333333334
bKruGEgnFW_90WI8OamwJqExxrsv3ff_G8-bkPHNDhRQ,상허기,4215682877,top,1218,2,2,1,9130,5046,8488,8,10,14749,6363,141,0,0,198,2,6,1,0.42857142857142855,0.14285714285714285
AGbGTrnDDJLH6KS3URKd7vwsQnb4GAPNamy_y-TGbCGvK_A,홍꾸즈,4368958453,top,1910,0,2,0,2118,62,2422,0,5,3951,5038,46,0,0,157,0,0,0,0,0.07142857142857142
a218HMbbrEWDdPzonjN_fVyw4EExCDR95nvtdzISfViRgR6h53Efc7Mq,언제나 펜타,4368958453,top,1910,6,7,0,16571,3003,25488,26,19,28160,12527,186,0,0,72,1,9,1,0.21428571428571427,0.19444444444444445
13j1fvzJIrX8hWqkWZtIvcfINEKAARORKX4lf-CXiE2I,페르시안느,4518650381,top,1407,5,5,4,16836,0,5231,11,16,16634,8441,131,0,0,25,2,6,2,0.5625,0.1388888888888889
QoSd7y-DkwRiR7d1wmId1zychB1GfOwkSU1hna5Bwo0qz0A5gCr-oD4x,육중쓰,4518650381,top,1407,3,5,11,8096,4571,8748,7,14,12050,8650,125,0,0,78,1,5,0,0.3888888888888889,0.29411764705882354
brcLGTb5_-bQjcwAvMRlVZvaT9WMmKrb1Ra4taM2MWpJ--lCD8CPtDgG,usks,4404189625,top,1330,1,6,1,8225,675,18000,8,30,16692,7631,134,4,4,66,0,5,1,0.125,0.2222222222222222
6r92OSuvgf0rHC0BBu6_vGfaykkeYdK3YuAaklg1__ihz9o,pinkpig,4530569793,top,1865,7,5,13,22213,6042,20376,17,31,21108,10425,121,18,10,668,1,11,0,0.4878048780487805,0.21739130434782608
OrclXCzp-jwRa3o9FiLTO-uiEpcjU-cO_SIgGDRx0UdqWR9JGPwJJGTZ,YA열로RO,4530569793,top,1865,3,11,5,17383,2286,26413,15,18,28696,8307,113,0,0,207,0,9,1,0.34782608695652173,0.2682926829268293
MeUv9vQojHlUQnbjshM8i-hAjYG-3-MkX_kmc6bCxDGxyA0iDOBDea9g,핑크부라쟈 딱대,4540008446,top,2321,2,6,10,23502,5843,12051,38,43,26470,10323,153,8,0,360,6,17,1,0.3870967741935484,0.1276595744680851
-ZFghXgsEWPvJi1lUS_rqF-2zCu0pT2c9NmnhMEL3Ap6,기가맥힌다 ,4523008250,top,1579,4,6,2,11141,762,6272,28,11,11740,8342,130,4,0,42,1,9,2,0.42857142857142855,0.23076923076923078
BcfwddzyZwaYPU5yatA17-qpVWauzXBY-wWT0SP7REvq,호영이보고싶다,4523008250,top,1579,2,5,5,9094,4236,14236,7,10,22936,7822,134,0,0,32,0,5,0,0.2692307692307692,0.35714285714285715
dmxZhLxv8StlixNoNLJUG3Bw9DTgGttiNCMtpkN8-PGLOF2jyqOvj9Jy,롤 도살자,4539424750,top,2351,6,5,10,24600,3329,36775,20,19,34283,13264,200,6,1,80,0,10,3,0.5517241379310345,0.2
IDhy7Qwa5x0wSJGvowOMVVLEH0dh5TV0c5sCYfJ7Y23w,이걸왜했을까요,4539424750,top,2351,5,4,5,19215,2617,45204,3,41,25225,11433,187,0,0,678,0,1,0,0.4,0.13793103448275862
GfHDtvBp53SW3oH9NfECb6luwWGPghUGCW1_UgiYvqGw4C0,배타클래스,4241806454,top,1769,6,4,1,10283,1293,25123,27,30,21949,12112,184,16,0,102,4,9,6,0.3333333333333333,0.10256410256410256
N2SiqsrHTWzO-pCiZod6LUUqkvqEWunsIJK9ffSXGNLIyK4,ChalK Pie,4241806454,top,1769,4,4,3,10616,3696,13562,22,20,18514,11203,175,20,1,42,1,6,5,0.1794871794871795,0.19047619047619047
eTQ9id7vxkjrzyKetewljgK6fJCjusDIVpdoLb5mvH6rCMXAILl_QjR1,2살 동석,4289171752,top,1961,5,6,5,13750,3896,29538,13,19,31728,10205,172,0,0,94,0,8,0,0.43478260869565216,0.16216216216216217
AghjkxL2MbkKb-S8a9Y2vJnmQgNrdB_6AFXc3EaGY3Wvhww,o오공o,4289171752,top,1961,3,2,4,15171,2104,4524,28,20,9793,11813,185,12,4,96,1,11,0,0.1891891891891892,0.08
dbZ4w-86vQVHstU0GxWR8OabbR6-zs2VUAkv7N5Y3nBmyGE,븝사 of Legends,4332291838,top,1969,6,5,10,25851,4118,54997,17,42,32084,12661,198,5,0,136,1,11,1,0.48484848484848486,0.10204081632653061
wUStxi9SmW_0JhCj4bm4BzScGiQSL9wcYfbkTKEk0Oo,푸컹푸컹,4332291838,top,1969,8,7,14,21081,10069,29250,15,29,41161,11990,129,10,1,59,1,11,0,0.4583333333333333,0.21212121212121213
LvfPqftIALovYAIA-0uy85AzHpHlWB9oRznLn6Sg3XbE,리셀터치,4488937922,top,2029,5,9,5,30775,13423,29316,9,6,37797,13393,203,7,0,57,0,7,0,0.2222222222222222,0.18
BdWRFjAj4qMFiNYrTkyywGE7tyFwi_Kah3e9pSFFj8yEaNM,imgeng,4492837531,top,2622,7,10,11,20316,10415,24729,19,5,40461,13162,140,16,0,76,1,10,3,0.4090909090909091,0.2702702702702703
d_Kd3bDmr2bjJdT8TBPEjE8vheMaEamgwnXy_7-va2Ws,쟈기오늘왜이렐,4477484510,top,1521,7,6,4,19455,3892,12819,7,2,20314,8975,112,0,0,47,0,4,1,0.5238095238095238,0.21428571428571427
niLG2Ow4orEdg9WhgsQsbmKghyxw1THHLBV0ZKpAV9V0CGw,zcds50,4530010121,top,1661,16,4,4,25757,2958,12094,7,27,20195,13644,126,6,2,93,0,5,0,0.38461538461538464,0.2222222222222222
_4syw6TXB2jt4ZNnNbqts3--QiCIS3OIpsAvz0q7rLDv,김채미,4530010121,top,1661,7,15,3,16313,4699,9280,9,17,27277,8686,80,6,1,154,0,5,0,0.5555555555555556,0.28846153846153844
8kUwNTQvJNgHcssGejX9TFqe0jEIaoaSiLtjLmG_F69JOMC9zUtNi9Ec,자신이있으면덤벼,4431360677,top,1462,6,5,2,10974,2029,6275,9,10,13262,9184,108,5,0,62,0,4,2,0.42105263157894735,0.1724137931034483
1C5O6594wdtd4d4wsrSpwp7qImTlMAyibiAkaVO6EGsfjes,바이오난봉꾼,4431360677,top,1462,5,3,6,10294,4586,11976,20,4,14065,8093,70,0,0,32,2,9,0,0.39285714285714285,0.15789473684210525
jc4cgVo0DAI3wMI2b2rRaNIQeqea_F3DHNRW4t6k8SObDus,N Flare,4536464219,top,1263,1,4,2,5928,4504,13926,9,35,16159,5375,91,0,0,338,1,6,0,0.5,0.25
vgFdPVWhEVRAnSo-EeGehWuO65ffIyQVBxOuHbrimF_H,이것아,4536464219,top,1263,2,1,4,13368,596,9704,18,32,8097,6676,108,0,0,413,1,7,1,0.375,0.16666666666666666
I6fk_VGb1nlsU7BuSY_9bJKMk9uphFQjW6vM0Ad-NtR66zg,수상한 낌새,4490422453,top,1866,2,7,4,15232,4024,23555,7,20,28558,8787,115,8,0,166,0,4,0,0.23076923076923078,0.21875
GZJlwXHDoy7WOa_VDJGYQljqFfJedE1t4KT1x2OJMlGkBuk,야스오좡인,4446233502,top,2246,12,6,3,30138,8611,39010,31,96,38122,14660,193,8,0,830,0,13,4,0.4411764705882353,0.17142857142857143
7Qzgn7h-VWRaL3NjowyktMht4XJ0yOfdnqLztAIbRnixWcY,악마까마귀,4307514604,top,1249,5,1,0,8446,5097,9560,9,8,12777,7603,112,4,0,112,2,3,1,0.21739130434782608,0.1
ToLoYVXpPvYrxxZFm5yK9kycqu5cDHGcBqcfSFhGJNiNtMA,천호동 아이린,4110023303,top,2044,10,4,8,27858,7062,49613,26,66,35096,14780,204,4,0,201,3,11,0,0.46153846153846156,0.13793103448275862
l3HoFL7_TbzWyWEx6rfQddmXlRMmZpa2wFjnajsHwJbkTCPtZrl6GTGR,그늘지기,4110023303,top,2044,4,6,3,18764,5274,22911,35,12,24955,10720,167,4,0,140,5,14,4,0.2413793103448276,0.15384615384615385
nZghadrLEFyd2ZgT7nWUVTaafI3ROFSknPuNLFRh4wVM,쪼개미,4535900081,top,1332,5,1,16,15187,21128,11112,7,42,15174,8351,98,0,0,274,1,3,1,0.45652173913043476,0.07692307692307693
VKI4YlSeg06NIdpLuq6j-0rwAMpMpVcQc3eQTIEi-Ud2,수요일에서목요일,4535900081,top,1332,4,6,2,14099,7982,24666,7,59,26655,7681,103,0,0,372,0,5,0,0.46153846153846156,0.13043478260869565
R0qFK8tSJLMuy5DhFFSuDpRFuv1NYrU6GJzFYEq_l8xbq2aQFIcyrXDt,황금빗깔,4522887476,top,2252,4,7,12,14437,6713,23995,15,12,31215,11360,128,20,0,70,1,9,1,0.3404255319148936,0.23333333333333334
HA2UtVBp6Y1G5Gq5_HKb7Zi4KT9bzUTS2s0TrZ3Yf6iEPjY,부질없는거왜함,4522887476,top,2252,10,8,2,30807,12841,48212,29,3,40493,15676,203,4,4,39,1,12,1,0.4,0.1702127659574468
OdIPrEkVslXxqHpNYj7JbwyogvGUri02DQYripbtrb4lsziQ3vcvhg1X,국밥한그릇든든,4537239585,top,2117,2,4,16,13730,5087,25477,40,8,31418,12754,188,8,0,93,7,13,5,0.47368421052631576,0.15384615384615385
tRIWXCeQAZyStMqhq0BlObM_hTiLPedYan3yNR8XG7ZB,담배한탐의여유,4240702558,top,2629,3,6,13,35545,4677,11331,17,40,22715,15521,217,11,0,546,0,4,6,0.45714285714285713,0.13636363636363635
jZJqEWrtQLOJD_lTdZsvIUQhNg1u6VuzZe_6I3mlDBRO2dP7A7R-ihGr,시정이만바라본다,4240702558,top,2629,5,8,10,13946,9989,18995,17,8,40664,15671,272,20,0,49,0,3,5,0.3409090909090909,0.22857142857142856
5Y9sKSGIyifgFLeg02U1j5JOT4quaK4K4hQXBYxwamI-5aQ,acesjkuksee,4445837611,top,1452,2,6,1,18335,5601,17810,11,3,24391,8118,137,0,0,32,0,6,1,0.2,0.16666666666666666
n2qW7U8GNDWeScxhaIm77Xm6VY_t1jMHQCAjYjK3nsWMhwg,베로네,4501930326,top,2030,12,7,9,26385,8678,37574,17,17,29213,13444,163,11,0,310,0,10,0,0.44680851063829785,0.1794871794871795
axTWISQCp7cs0Gy1i3nhtXTZcxsXSMZ-xqdlBR6Qv24tE7kAMINy0GcD,아기떼겸,4501930326,top,2030,10,8,7,21439,8765,22669,11,6,30030,13766,158,8,0,106,0,6,0,0.4358974358974359,0.1702127659574468
yycqHL9FKXqhytORymUThYqslqOlZmFTj2baki9qTiNXeAg,이한미르,4449381570,top,1330,0,8,1,4495,925,5485,8,2,12079,4378,58,0,0,15,0,4,1,0.09090909090909091,0.2857142857142857
UFRsbKbevq35lRloZu3vGr4gIb4JoFN9CA2p2M48mzIuZ2kpTPxfD_Us,개으른악어,4449381570,top,1330,11,2,7,19849,3895,10610,12,16,19015,10755,128,7,0,126,2,8,2,0.6428571428571429,0.16666666666666666
WJ-5Qu3gDvbejKDGo1XHbRTT2H9N0PrWCuP2KJTz7AfZxiPjrzCZTdLZ,M탈모파이크,4383786880,top,2190,8,4,3,22572,3597,35501,14,47,39533,14297,179,19,4,469,0,6,2,0.3235294117647059,0.15384615384615385
kJDqGcraH5P6ebFeXaFgH1gtpyBq_UByQ8llj15PCN1hW9Y,탈주지,4383786880,top,2190,4,6,8,24573,13423,55410,15,87,36692,10721,166,1,0,740,0,10,1,0.46153846153846156,0.17647058823529413
1OCk_SxynaH85P-rUTtuFBDFPwBLYYU1o-qo7WRO13E,Markers,4499171142,top,1953,11,6,3,27325,3518,14266,26,14,24945,13510,180,12,4,110,3,9,4,0.42424242424242425,0.1935483870967742
2TjmcEs7B350vNtWuiJra-Ady6XpC_o-nSprJz-WtqH4o7M,북극곰 2호,4339308511,top,1506,9,7,2,19462,7685,22915,13,7,27061,10124,137,0,0,126,2,7,1,0.4782608695652174,0.19444444444444445
_FGdWF2RDEgv4qCdDVSGEhRzAjIelK_Rbw2XPajLpTsZtD0E9PvUVVYv,띠띠원,4339308511,top,1506,4,6,4,11104,2052,10075,3,8,15375,9283,141,4,0,320,1,2,0,0.2222222222222222,0.2608695652173913
d8THTdJl4Ag4MXWwEGuTXRts9dZkMO1Gi5a4IfqLN-2fvOPhlZDMi77s,giralma,4293002270,top,1365,10,3,3,17819,6060,13196,8,11,19976,10652,130,4,0,28,0,5,0,0.40625,0.1875
be8nioXgFBcMayrPcK3jidZFqUBAzOPJmsYHClbgVyQNotQ,원딜 캐리 갈께,4293002270,top,1365,3,8,1,12628,1502,11772,7,2,18993,7784,135,0,0,13,0,5,0,0.25,0.25
BoeZ32MW_vkRQMD3mG1bRualRrUrAzbpZ6QPOdsrZudQehNf0y_CIujH,국대Dog,4255412726,top,2082,5,9,13,20002,411,6442,11,52,15902,9849,95,1,0,351,0,7,1,0.5,0.2571428571428571
eUUwGcnRmlmuVCbRuTCfWRL7kJNg93EyIRvwBTM62WQ9,킹왕짱탄도핵주먹,4342940639,top,1884,0,9,3,8683,1202,25526,3,9,29544,7571,117,4,0,120,0,3,0,0.10714285714285714,0.2727272727272727
pMAGkGlw1kaIcQSZQDd5xU0rXrRtwq_HNpnl3lQ3gmeZ,후 으 장,4342940639,top,1884,14,6,5,42224,11111,40166,4,2,37146,15720,226,8,4,252,2,2,1,0.5757575757575758,0.20689655172413793
zwfk0KnK07q6XfWZawJB8m9a6-gZ3PJRq3xhalsthacg2yw,메 갈 한 쟁,4083245462,top,1215,1,2,3,6117,2145,8323,11,3,9845,5957,86,8,0,60,1,5,2,0.15384615384615385,0.2
jTbQmeEgf5jFBv3nJakYLln_WFloBAeaJ-ThBrKEte4oqF0,LUIVAL,4532218252,top,1369,4,7,5,18225,754,8892,11,14,18058,7888,111,0,0,130,1,8,1,0.32142857142857145,0.4117647058823529
rIkEcIykn8P3fcft5gDpuRpic_-6B03jQr1UU8BxAnwWv0U,아 빠 이 강 산,4526402584,top,1828,5,2,2,8530,5751,16840,15,11,19223,10592,139,20,4,171,0,9,1,0.18421052631578946,0.1
Vh6NXntEjfnZ7Ej0uqPRay3JQiTuWHA2wKv1MJRE4C8n8nY,요키여신 깜순,4536792424,top,1603,3,4,17,25722,16163,31777,15,72,31832,11073,157,0,0,455,0,9,0,0.6451612903225806,0.17391304347826086
GJvhsT9IO0H8OBVmUKkbSqzZlQj-tZCNUm0p9mmvMO0EMQ95kwIkZN0v,woshinibab,4459098566,top,1324,7,2,9,18369,4631,15298,14,23,18973,11179,173,0,0,141,1,5,1,0.45714285714285713,0.11764705882352941
jWFUchOPxXB0QhD5hv29I8qBG8v_0p4m6xFyCcIckq-O,총지휘자,4459098566,top,1324,1,7,6,6930,0,16088,8,11,19248,5449,83,0,0,223,0,5,1,0.4117647058823529,0.2
k2uGqNYeML9umBZGS-LFbAumLqG3VW4Gq5sSn_Xu_Yd3T_0,뻘궁간다,4536016575,top,2180,10,5,15,36426,12349,25450,19,13,22968,17445,244,47,13,414,0,10,1,0.5319148936170213,0.2
e46N4eCd5NoNiufE9Noj0b97mJgNpRfKY2MU7g4TEB3q57U,테란부대,4272798763,top,1774,3,2,8,16502,3784,20900,22,29,19285,13385,222,8,4,177,2,11,2,0.2682926829268293,0.10526315789473684
vCmHx3q7LUkTjL2e0mLI9Jra3-d8Q1WLbWgl1eBYvDjAP2ts3gNaa86I,하남포몬스쌀국수,4197771515,top,2452,8,8,4,32736,13148,33584,18,36,44255,12019,146,4,0,345,0,8,2,0.3870967741935484,0.18181818181818182
FGjoqI82Yvz-MW7BsB6WSGz398jG6K6ljfgOF-KAWU3Fkk7zm0KFT7DQ,닭요리 전문가,4523348989,top,2162,13,7,6,22543,10375,30222,22,22,39994,14910,205,4,0,109,1,10,1,0.35185185185185186,0.175
