account_id,summoner_name,match_id,position,playtime,kills,deaths,assists,totalDamageDealtToChampions,totalHeal,damageSelfMitigated,visionScore,timeCCingOthers,totalDamageTaken,goldEarned,totalMinionsKilled,neutralMinionsKilled,neutralMinionsKilledEnemyJungle,totalTimeCrowdControlDealt,visionWardsBoughtInGame,wardsPlaced,wardsKilled,killsRatio,deathsRatio
oKK9CN4qAMqa0HL2NK9SDqJ4nq7Af38fesKCv6f6J8x9,CHlP,4378814870,mid,1444,9,3,3,21924,3607,14186,10,18,16130,12312,164,20,14,127,0,6,0,0.36363636363636365,0.16666666666666666
vc0UeIGnXThzfeVxIPauaqt6RlvCrNSYHz54Y7VXjLfH3Ho,맨만기내여친,4378814870,mid,1444,4,9,3,13207,6356,13855,2,14,26710,5913,50,0,0,327,0,2,0,0.3888888888888889,0.2727272727272727
BXkfXhJV6SnSYadOj1xfegHYJez28fv8g_OIqYHnkKcDObmRxUvG5k7-,dm2005,4506228464,mid,1561,16,3,5,20758,3928,17970,5,16,17767,14145,135,20,8,112,0,3,0,0.6363636363636364,0.15789473684210525
JYNOO8Q0RXsJbMTXqHq_yzdyiIGttaD1L1xry7MHm4brgnUm3LS8udLA,올인은짝 나 믿어,4327239336,mid,2552,13,5,18,34511,8607,50349,16,28,28497,17926,172,0,0,483,0,5,3,0.62,0.14285714285714285
-yqztruh-we4XXZEGiGehdVYqeJTI97ykjo4C4cOeC61DpB09gtEUl9S,aodrnqudtls,4327239336,mid,2552,6,12,5,13991,2500,17254,15,150,26705,12596,79,12,4,314,0,10,0,0.3142857142857143,0.23529411764705882
anEndSY0xicWLQQB-cEiYN1vt73ZnrgMsdK0F7C76e6oYVQ,안에쌀려다마네,4457193594,mid,2649,11,4,9,41382,8945,23748,24,7,28376,16453,186,16,4,121,0,12,2,0.45454545454545453,0.17391304347826086
nMkeAUF4INR-6VF4P1iryveLCCAsuX-pSQ_p7XTlpBHYQI8,우동사리 사냥꾼,4457193594,mid,2649,10,6,4,30508,14782,27024,23,52,49908,16389,238,40,4,578,0,13,2,0.6086956521739131,0.13636363636363635
r1muMxpYB6YMcS8URXsy1EC1hVOP9sqLWgGB3Zc0Z2GFxLrzyxpQV22v,잘 굴려요,4540388703,mid,1315,2,2,2,5482,0,10572,15,22,11789,6566,112,4,0,51,3,7,0,0.3333333333333333,0.10526315789473684
cpWbWUJPXTmVZgUgz3zxWhJD2rjaz0LFwGTpQt4djrnWbvL8CLK2uyB7,zi존yechan,4384335150,mid,1987,1,3,8,13575,2856,7434,18,5,14057,9458,177,8,0,145,0,13,2,0.47368421052631576,0.25
gCBNUsjDFgOMLnFBpEnPcg4sWdl8F1DhSbpUDQ5luwMbP10,zl백호닝,4384335150,mid,1987,3,3,1,12156,8209,16615,28,12,24063,11543,192,12,0,75,1,11,2,0.3333333333333333,0.15789473684210525
8VboAo2FzmXF7CkEkjcZ89nWlM1nHkQsWLYACU51PgNwGLdqS8WigWC0,공주시사나이,4300431140,mid,1587,5,3,12,21050,4265,4982,16,15,11512,10461,150,21,0,191,2,8,1,0.5862068965517241,0.13636363636363635
-I1Nr1UF2KiBYcwDMpn-PqJj-_AJiqUvMz85ef7oVeIl1mWlPC9OklKq,카 퓨,4300431140,mid,1587,9,4,5,12257,4882,10621,13,29,19384,12012,108,0,0,99,1,5,2,0.6363636363636364,0.13793103448275862
2F_XiYOpPJabu1T0rjigFFDRCfErKI5GPDUmap1N6GoO,아항아행,4486859797,mid,2427,6,3,11,19946,9134,25715,21,4,33455,13174,152,20,8,162,2,7,2,0.5,0.08333333333333333
w0r28arP50l5KYRAAZH3rs9otYuzWBQU0tMmLH0LyvWx,밍기씨,4486859797,mid,2427,6,5,9,19420,7159,23744,11,34,32601,14028,154,10,0,114,1,5,0,0.4166666666666667,0.14705882352941177
qE7JgQHVpblYyr1r238ySS3kB5IggM_7Fgwt0X0PcppW,빠코낫,4539556570,mid,1708,10,5,6,28686,994,16411,15,4,18518,12789,159,20,0,53,0,8,1,0.8421052631578947,0.18518518518518517
yorz6BxEvUiaPla8HZasElFC5Lx5Uhd3kg6Og200BnxvgAKiO-CP4Sc3,노잼슌,4539556570,mid,1708,8,4,4,11859,2235,9471,21,17,15268,11469,122,16,0,159,3,10,1,0.4444444444444444,0.21052631578947367
Fr7V1Af31qbTzKxsrc30pmZtYWajSCDm4RQutHEawt-Nwhz0d0bkeK7R,뭐든지조아요,4511585913,mid,2261,10,12,12,32030,1751,13567,20,38,25096,14836,191,8,0,332,1,11,1,0.55,0.2222222222222222
0mvRVZ2eCgJUnegYgOnIRnSJiGQjNhr_wJozE0jqJ30UviknlwuUfsOB,어학실,4501323228,mid,1474,1,3,0,11355,1089,8169,3,1,9992,5187,78,0,0,12,0,2,0,0.07142857142857142,0.16666666666666666
FHTeUzE9YDuDbvx9Id6OATURJiD8QNyyYa2FRft7E2EIjIg,풍성한브라움,4501323228,mid,1474,5,4,2,10412,2843,12125,20,14,17882,9079,140,20,8,72,2,6,2,0.3888888888888889,0.2857142857142857
d4_MN-Vocl0tZDv4pGlBV5-S9jO9pLya-6E1re2owGRfcek,01074710893,4477983927,mid,1385,2,3,5,10590,12626,6063,5,1,14137,8319,156,4,0,65,0,4,0,0.2692307692307692,0.2
a-dvGrKZOtpWfpTqa1NUba6RJ4SRpKyyJj3EOw7meg-XAYY,옆집리븐누나,4524800276,mid,2108,24,9,5,47416,14817,54307,12,41,41907,22070,241,26,4,195,1,4,2,0.6744186046511628,0.16363636363636364
Bd8_T48583Sbggn3sWAQ0tUqgAPxn1V4OndviwNPgFxO2-sTcNIgtD8c,화이트와블랙,4445474413,mid,1675,1,6,4,12358,741,15189,8,9,16796,8033,131,8,0,49,0,6,0,0.3125,0.17142857142857143
MUV7baozhl8mwFLijTA-fvs3Tsn_dtnNfvN32xfuVlSgutTWWSWTClK0,나병서,4445474413,mid,1675,11,1,9,20577,8389,12550,24,4,21114,13339,154,18,6,136,2,10,0,0.5714285714285714,0.0625
fF0BHYTt6eqE8KzvbpNHncOoCcA9QEDbQs-a-V2Og8iQaq4,Free on you,4530894375,mid,2043,4,7,11,21030,1094,11530,19,30,20274,11795,172,14,0,337,0,10,4,0.45454545454545453,0.23333333333333334
TRKx9Y-HtG12IFNeHulGrHHsz6NVC9jRnnrzvE1pYiUS,지옥의저승사자,4530894375,mid,2043,4,5,11,16696,7039,10838,35,38,22990,11231,193,4,0,230,4,16,5,0.5,0.15151515151515152
FUHoQy6pOclhoL9-J7jJbKOc_dJv6bPuRv7X82UIyl6q,골롱이,4531099601,mid,2891,18,9,6,41468,3847,20460,30,7,33373,18049,185,13,0,156,0,11,5,0.5853658536585366,0.28125
MctJnAjzu3z__Y3KemIPHH8YyNqC6NuFBB3sBM5Of6zPLLzL8fSOimqD,롤계의 조각미남,4531099601,mid,2891,6,6,11,33399,9312,23018,25,50,35268,16818,273,4,0,188,1,15,3,0.53125,0.14634146341463414
mgljRmUacLVl7PVFMeWkQSObIIzK-Lv9Kt9CJEcGjJbv5Vc,Taylor15,4179107280,mid,2314,9,11,12,24134,6009,12183,13,27,33990,13257,101,12,4,64,0,8,0,0.5833333333333334,0.2894736842105263
LU8etaV17Nw4FQ-fQF2jdcgLCafBwW_tcGoLxD8Eh4UO,박말파,4179107280,mid,2314,21,9,3,48652,1107,36179,23,41,28610,18680,183,61,19,973,0,13,0,0.631578947368421,0.25
VYDYJzUvS-lVw9JZdfaxbpwHEgBMe-iUsIv4SvUpy1TmAoM,유비니공쥬,4319796079,mid,1261,7,1,4,13828,489,8933,9,20,9677,10052,157,4,0,53,0,6,1,0.5238095238095238,0.125
xdtE0m1m97S2r1aZPymm5j6IatpitQnxNpLp76v2iZpgKo0,박삿갓oh,4319796079,mid,1261,3,3,1,5280,2732,6742,10,11,12753,5982,89,0,0,190,3,5,0,0.5,0.14285714285714285
qVqjEtQ21S5U6NRRHdLFS5Rka37AhzDMS08mofzmUcD7MDTI55LQDRZc,도도치치,4317326699,mid,1734,10,4,2,21157,8150,12007,16,3,21293,14147,173,56,32,159,1,9,3,0.3333333333333333,0.2857142857142857
e64xEP04kA0BdA0OJmK02cfUci3HAPmpCinxuIA3P8Wwxyw00ze7sRow,호박고 구마유시,4524239519,mid,2267,9,4,3,17791,12925,50026,30,99,43018,12846,163,17,1,801,10,23,1,0.5,0.10256410256410256
Jdf0YlTiun4CSaOzr8vSmhom8Kp6BCjC19-m3UQ0wF_V,Cap숑,4524239519,mid,2267,12,3,11,34031,2940,23979,41,41,14954,14549,158,18,0,619,5,10,9,0.6052631578947368,0.125
iyxNgQa7tqLjzOqEedEvvjnt9NCA_aBpJ3dghyqtRVRjRPc,탑은 백정갱차이,4294466904,mid,1736,10,3,17,23135,7938,25084,30,25,33244,14111,149,11,0,60,4,7,9,0.6428571428571429,0.1111111111111111
EQOOEp5MAjlwZFm0DDevslo3FY3xdjJHrqLAH2S3YFvW,궁디확차불까,4523510834,mid,1659,8,1,18,14923,3767,13841,29,36,11091,11555,146,8,4,216,5,12,2,0.7222222222222222,0.09090909090909091
o31PSn8v6_jbYU-leSxkFRj5MjCB9ffvK2JHPfb6Q_CCL-tT-UfV17rj,털어보니옆집,4523510834,mid,1659,0,9,3,7561,2635,14001,24,11,22215,8036,179,4,0,33,2,10,5,0.2727272727272727,0.25
7Gtj1vJ-q4LFu0tEXgjPSIlimXWPDDZQ6zy-cZTOEmWJ,밀짚모자  현동,4512008686,mid,2032,0,10,8,7220,1262,22516,5,21,27642,7193,96,4,0,61,0,4,0,0.27586206896551724,0.23809523809523808
GLGEoxyfhsPVWCrhX3fKivoTNg9VpDkxJkBAUVwJovAXQm0,SunneZZ,4512008686,mid,2032,20,4,3,36945,5825,16971,16,8,21721,18251,236,0,0,127,0,10,0,0.5476190476190477,0.13793103448275862
sakGlJFiITQWzLwuzrPZUCaE0_YtIULjblvJuHGZa4iEgk8,이천수롱킥,4350020763,mid,1410,7,8,2,16191,1082,11488,15,24,14524,8283,86,0,0,346,3,9,0,0.5294117647058824,0.23529411764705882
-QysfaI2NfMoBFuYn78-IaoGy2IrwR9g0HvtWhRLeRr-c5Y,상하이삽니다,4521220113,mid,2878,15,2,14,54596,3584,11369,24,49,16460,19957,262,32,0,158,0,15,0,0.5686274509803921,0.05405405405405406
VgIyv0EPM3OoMMerZi7HOlMu4mAVSc-x7BdGZYrt_IKY,대구빡통,4502489520,mid,2712,11,7,18,23657,5682,26258,25,8,33717,16759,167,45,4,152,0,15,1,0.5178571428571429,0.1346153846153846
IZNP2KjPDwPRh_Z_jI4L316OuQgHg7qkzsnjQcmv-uQMuwTBYyJUWoCh,불가리세르팬티,4502489520,mid,2712,12,7,19,48060,7562,30543,19,35,30289,19136,265,9,0,406,0,9,1,0.5961538461538461,0.125
IELTnc05f8vrTSnw5ZzMQSRyMQ_-9ZFqpHXe1VS6o7y4xuA,신관동무법자,4468127991,mid,1728,27,4,11,48788,1872,11694,21,30,20979,15674,117,12,4,112,3,6,0,0.9047619047619048,0.2222222222222222
zsihAb6Q4d1HsGkQJY3UKrOVhhzM0rQ_mdF7GdApCDw_,MongJH,4347096727,mid,1996,5,9,11,16973,3474,17118,32,12,25726,12168,163,18,0,216,2,10,2,0.5161290322580645,0.1956521739130435
XWqnj6X0fZ3X5llYtm19cx66IRTZdSPtA7p7mnGA3YnQysc,베르세르크e,4499915702,mid,2066,5,4,6,16056,492,10061,36,44,13087,13811,231,20,8,935,5,16,2,0.4074074074074074,0.14814814814814814
DUBaMJMzMD6UI9mkyU0UBv454Ffj5IG3_AmGaFuDy5mc1Gs,그눈빛그표정,4499915702,mid,2066,13,3,8,37140,3238,9700,30,37,14263,17450,272,23,0,352,1,11,0,0.7777777777777778,0.1111111111111111
bekSCHhvZGptKd0uf-zSO4gERWy-B8i8NDT_HgoT2cpC,사나하트시현,4367591151,mid,1922,5,5,0,9944,5668,10765,15,1,21399,8683,111,8,0,43,0,9,1,0.2777777777777778,0.17857142857142858
tuJ8UPm4dZHDjPlSufOWY9Q4cTii5ggqcG6N53J75aTxMaE,last J,4371665469,mid,1421,5,3,2,12683,3383,15778,10,3,19849,8203,134,4,0,167,0,6,0,0.7,0.1111111111111111
gWZ9MrJcH8KqDo0Y7tqnBpWt9G5IcjRmfpeKv3BZso8JI6E,롤할땐혼자함,4371665469,mid,1421,8,1,4,16168,1487,3781,10,26,8891,9539,136,8,0,99,1,5,1,0.4444444444444444,0.09090909090909091
4gQF99XgPcEOkIrhucbO4YNga0iHnjIuQp6hEEUOWq_mvpA,2년8통15지는구만,4533392502,mid,2728,6,11,10,21605,16904,38971,48,21,50254,15950,132,137,34,446,10,13,5,0.2807017543859649,0.25
byb-ObfM-WyyncD71H3TtEnSEdFMvRy9jYBL7ShIKRXVq-dIWuYXfgyh,개풀개털,4533392502,mid,2728,19,11,10,52066,21199,61776,14,7,59117,20819,226,8,0,199,0,9,2,0.6590909090909091,0.19298245614035087
Dv2MYKuX23QYHG2fbovIVnyvGCa9fe8sR3lkQpexf7-XXKA,의류과 온닝,4465176882,mid,1635,6,4,1,13510,2376,6569,10,25,12672,10543,183,0,0,121,0,9,1,0.3888888888888889,0.15384615384615385
TyjRaAK5Taew0QpIBYnzR0-GcuNxfBErKRwPpJ-1TVI,휴지가필요해,4465176882,mid,1635,6,3,5,12237,0,18333,12,15,15665,10413,147,12,0,47,1,4,1,0.4230769230769231,0.15789473684210525
bkia3CjBUsRNExodTuazbIeXZQ9ziqZl_yQn4mmNQNVO,훠로로롤,4337801058,mid,1492,7,0,6,11104,6693,6554,15,18,18064,9704,99,28,12,198,1,4,0,0.5652173913043478,0
fsIN8nyDEN3qItsZdyj4YXIpDtUcWoyCHagEHeSxW43r,서폿빅토르,4337801058,mid,1492,2,5,3,15193,121,5216,10,11,9771,7079,133,0,0,119,0,6,1,0.625,0.21739130434782608
HJ5r3f5AfSU0JByVZX2FIp-3Pd9j9yaqudAxHuh5JJSu,아나빡치내,4190172588,mid,1209,6,0,1,13088,1128,9167,9,20,9216,8094,128,12,4,108,0,6,0,0.4666666666666667,0
5bJsE5sAq32FSO1kLa9BI9ovUYh-ERcDh5VKMpposU0DCng,꺼억빈,4523062241,mid,2113,11,6,10,40618,1073,8884,22,41,17758,12722,143,4,0,185,2,12,2,0.5675675675675675,0.16666666666666666
47tK_YS0wVDY2RXlaIXiOQfWV_JUQHAfYVxnOwo_Pyaoq50,행복한 주말,4243729629,mid,2115,5,9,8,17657,1724,9783,26,20,20092,11979,153,0,0,305,2,11,1,0.38235294117647056,0.16363636363636364
39aOW7DvgfGduEfgjKJLfCI0D4FYKhhBpxTdOxnwSR5BfGU,휴지맛콜라,4243729629,mid,2115,17,3,18,34868,9389,23893,23,3,28936,17370,146,8,0,134,0,12,3,0.6363636363636364,0.08823529411764706
LPiXsQ621RkUqLh8DBbDeh6bB_ZkIEm-iTl6wXohEbB59lznVVvEuylo,나재간둥이아니다,4399173253,mid,1229,10,3,4,16861,1548,5916,18,1,12775,11714,142,22,13,20,1,7,1,0.6666666666666666,0.375
zVbTam23Nb-XysHF_FGiLggtnM0TgfYpvPTCjfdVXx4eULDVSqMXDgpJ,답없노,4399173253,mid,1229,5,9,0,9014,1405,8202,8,83,16358,7090,73,0,0,171,0,6,0,0.7142857142857143,0.42857142857142855
wktPGNnIae-X41gnef6ShzObvr3D0psnT76yqEN7qaMh_9I,정요링,4300763339,mid,1617,1,7,2,17923,34,8194,17,44,11370,6760,118,0,0,63,4,9,0,0.2727272727272727,0.20588235294117646
8ZKivJuUiIpO6jYejW_K8ru1zrA2qCu80INExo4PPPCW,cccks,4154186693,mid,1618,6,4,8,16096,3343,5337,22,2,13903,9815,115,12,0,416,1,8,3,0.4117647058823529,0.17391304347826086
WyKB9mSEtVT7I_7pRKkm5jHerXW4UxZnUV7p68F6aL2164xjuTZERSqv,즉사방법,4512294656,mid,1707,5,5,9,18631,8529,19933,16,30,29248,9800,154,4,4,395,2,10,2,0.7,0.14705882352941177
Rinn0JG9mbCRcoXVBTGZ3JIUvi_EueJFW0e5z0xdRhcTuq4,jjsmm,4512294656,mid,1707,6,7,2,13796,1281,14921,5,16,21184,9074,107,0,0,78,0,5,0,0.24242424242424243,0.3333333333333333
RQS_3ZCCtBQXrK8OH6_qj_81YCoQDI_7zdg0Akdf3QJ1,응가가협곡에,4287674826,mid,1208,0,7,3,7610,821,5669,16,27,12265,5006,94,4,0,58,2,8,2,0.3333333333333333,0.28
kwWx-PYdV3Xi-i-88sWk7hGCEnBSI45SZrPPW-8oGxSzFhc,한순s,4248097567,mid,2681,10,10,4,41703,12519,41844,31,36,51789,17653,277,24,8,163,3,19,1,0.5185185185185185,0.22727272727272727
oBtxszvDT2H6x12fbzPvM83iXqQwl_mDbNtcOG_L8fiyfPw,숑 규,4532875197,mid,1628,12,5,2,22270,535,10307,27,61,11288,11629,127,8,0,453,3,11,7,0.6086956521739131,0.21739130434782608
Zc3j3f6fCKC-c2E25HLccUnprBeg3yRiMhNpMY7eS45QOyIPRxsyGjBQ,msgrew,4532875197,mid,1628,4,6,6,10252,4486,19014,22,34,19140,8483,105,0,0,464,3,12,2,0.43478260869565216,0.2608695652173913
2FB3i7I3mH6MqaZtGKLzHEp8o1IHHQ36CsXgZHsuxXJSt74,마성의존슨,4311948474,mid,1295,4,2,1,7478,981,8027,11,7,9670,7188,130,0,0,43,1,6,1,0.7142857142857143,0.1111111111111111
D3upsaxoVKezWb5dBSSRzhzsPHWKsgYyHeUU4OnV6GamKpB93lulS6Nq,허관종,4311948474,mid,1295,2,3,4,9698,6483,9238,14,15,16098,7470,123,24,8,186,2,9,0,0.3333333333333333,0.42857142857142855
DkYBCGeA7QwxEd2LXWg9GjgWSMkvqIUl63Ejue29ePEnbEg,호소함,4506277616,mid,1417,2,18,2,8313,1268,9477,0,2,26294,5107,62,0,0,23,0,1,0,0.16666666666666666,0.3333333333333333
hOSTO10Uwf9LsgRV0TH8KMjEGgan777hRRpeiwWfOkzK,벌써뿌빠빠,4399220148,mid,1613,4,7,10,9532,2720,10213,5,29,19640,8640,119,4,0,151,2,4,1,0.4375,0.15217391304347827
KCJT7zW4MGq5P39uuor7rAHItN2AWz70yvYvvAvRTFu_XTg,Here any way,4465830768,mid,1631,15,2,2,25764,4543,17999,21,21,18477,13495,163,20,9,112,2,8,0,0.4473684210526316,0.125
_h38z57F0-HHVlWiffWcvuYNIYh5cvefK9lbnSgG4zTl9A93JYGn-h6n,난주하늘,4465830768,mid,1631,6,8,3,16943,5978,13336,10,1,23537,10547,146,0,0,8,0,7,0,0.5625,0.21052631578947367
lQdF0gy5FV4mxQszGRAZPrPlAWqsa2BjWI8sAK-fpm41uN0Fdk3mxzwe,서포터안할거야,4260978876,mid,1859,8,11,4,16224,4838,16051,13,2,28905,10252,116,0,0,132,0,9,0,0.41379310344827586,0.3235294117647059
TTgU_N21wQ1_XcnMAvol_qALYoteKq6dsFSpRVnww0rrjP7XbNaL5olR,hagsaljaZOE,4540477605,mid,1453,0,8,4,4368,1176,4246,10,11,11685,4672,56,0,0,47,0,7,0,0.21052631578947367,0.22857142857142856
4FFI9rmUfmyLYZsdN-HY_jgTiTiSo502skFSPqtGjSLLkDY,Emong my life ,4540477605,mid,1453,19,4,3,31831,9548,23128,11,38,21430,15821,182,24,13,224,2,6,0,0.6285714285714286,0.21052631578947367
44c7ymN_7sTqQGgxIB-fHHzJuzGQFBWudYD5fGz7cUvE,DesignedbyS,4370693953,mid,1205,9,1,1,12389,2054,5495,7,8,9490,8908,128,4,0,182,1,4,1,0.4,0.125
NMog5rkADAJmP8FAnniHf1P91k5LfT4unZ0CAxxzv39x-wU,윤생희,4537398292,mid,1955,7,4,9,24485,8098,7769,10,17,20994,11839,177,12,0,46,2,2,2,0.48484848484848486,0.15384615384615385
7rxmSDvJfoAu-KlpRakII8bZhdGUE_y3VhCC_5DPnxq882s,대머리비빔면,4537398292,mid,1955,9,5,7,17673,6517,17155,26,26,26964,11336,103,11,0,233,3,7,5,0.6153846153846154,0.15151515151515152
qj6sywk6QXEii8sSTT56FCddLuWBgvHKjgBGY-tOvsLLKWKjx-Ic44PI,시간의 탈론,4370877566,mid,1838,7,10,2,35184,132,12347,18,30,19351,10739,162,0,0,211,2,8,2,0.36,0.21739130434782608
8IDApiNU8WHifa0jaxJ5eubpFbSys7ESdn9DU6Cdi8ggfrlaFOAD7hQI,불타는우주,4327105615,mid,1337,8,3,2,8580,2992,4572,12,1,9849,9244,121,0,0,24,0,7,1,0.37037037037037035,0.23076923076923078
pGE13myhcr6nvMfLgrN-F-7mvrGC4oUU9IRUwAmFom1A,kjh2530,4327105615,mid,1337,5,6,2,14952,1606,12628,8,11,15547,7667,86,24,0,54,1,6,0,0.5384615384615384,0.2222222222222222
z6EP21NalF4crj7326nVFlfcfKVriotz2RfaHR7ay95T,뭘그렇게놀레,4118161406,mid,1431,1,9,3,4295,1984,10062,16,11,16288,5754,79,1,0,117,3,9,5,0.3076923076923077,0.2
ZMGJgo18ko411Sd4aeg9RmtqBIIK2ViOH1B5l-IU2JNflR0,엄빌리버블리스,4540145977,mid,1627,6,7,3,17496,5655,13879,10,16,26243,10365,143,6,0,84,0,7,1,0.36,0.21212121212121213
8qkJCvNshRYVYYXpATmImLMkK1Lmd4AA7eUux-0CE4e-heI8X_H0x98E,폴메커트니,4407951229,mid,1228,4,2,5,11838,0,12113,13,20,11675,8131,122,0,0,55,4,7,0,0.34615384615384615,0.15384615384615385
fxte6pBWYPaZPSoZqfk9by9N5ed1w2n7T9Lu5xF2-j4cYps,풍선껌터트리기,4407951229,mid,1228,0,4,0,4308,506,2613,8,10,6837,4328,72,0,0,11,2,3,0,0,0.15384615384615385
gj0_1T6LG_NERrnwxut7Z3HFYy1I78T3Mm5FJZicvL-i7KMJqDlcrpDh,Poky Choky,4536772753,mid,1286,1,7,0,9304,7377,5546,11,3,14627,5646,111,4,4,69,0,6,1,0.1,0.25
LIyq6Khl8dHlapyTcQcjuQBtCmNh007pQw-Pzwf07isPo2s,연구잼,4539383102,mid,1998,6,10,6,22912,6372,18272,24,34,31601,12052,205,7,0,1352,0,9,1,0.3870967741935484,0.30303030303030304
LZD7m6ExLCb3OL254COWQa1zKjRXkNao7UCgUVMTZXsQBKM,함께승리를위해,4531226040,mid,1523,18,2,5,24426,5401,10372,16,18,17188,15501,206,24,8,114,0,8,1,0.6764705882352942,0.18181818181818182
2xENxpMq_KTuIYZhFnkhnDBzmKP9G6euZAeIcqU9KZ0Xx-E,아기응상,4534563825,mid,2268,6,15,11,23211,4416,20040,19,2,34129,11598,127,8,0,17,3,11,1,0.5666666666666667,0.36585365853658536
IQEL3g7JQvTrSkWHRigD2jqjtvbPNUOU5Z_F7opPOgSkjHRAuvQHwYGu,우현 CHICHI 짜요,4534563825,mid,2268,7,9,10,22672,8012,26433,21,21,36059,11832,102,20,0,199,0,9,3,0.4146341463414634,0.3
iah6UuKRj-ptIyh0NxXJgIO7UDsPPNSlZWRgIUAxNjd03zY5OYx5ymra,010ooooo,4478353811,mid,2110,7,7,10,36828,1508,13575,18,37,22688,11536,160,4,0,433,0,9,0,0.6538461538461539,0.175
qQSSGdfLsCJOf7wxhrSGB93UU_yPz9mLZ6oXcYb1xDhuuo8,개2쁘당,4122731678,mid,1323,8,4,0,14005,2007,7643,19,6,16856,10626,146,32,20,159,1,7,0,0.38095238095238093,0.3076923076923077
4dROJZ7VX6u2rADkHFCRqj-h-xl7MIGMFrHJHnWdnRqncuQ,안양사는사람,4122731678,mid,1323,9,4,2,17679,285,8129,9,21,11177,11458,174,8,0,394,3,6,0,0.8461538461538461,0.19047619047619047
wGQxKA55MduUNGoClN_HUFj_rH9rz6v9XnyJAX18CapL5zw,좀미지근혜,4367149383,mid,2433,14,11,1,31721,9215,40464,23,20,52292,18930,283,43,19,127,2,8,0,0.6,0.2972972972972973
NA6hvhcEj02N01jigTwWrlGdHGtgUKr2OF_7WPrGwyGap2E,민민00,4367149383,mid,2433,6,8,14,20447,1578,16032,6,63,21937,13395,123,4,0,911,0,4,0,0.5405405405405406,0.32
ICCWU263fTDU9_gbQdut_2trgpCByI7eKhNDQzys9QbSgog,찢  바,4342647237,mid,1523,9,7,0,12841,2520,11669,15,23,16242,9942,126,4,0,90,1,7,2,0.5294117647058824,0.23333333333333334
DMNS2n3y2ZE8MDpD4tWz3t9AQznTNau-VtyiST8vWI50,공구리양생,4342765303,mid,1929,10,9,6,26855,6411,13028,29,32,25640,13423,207,16,0,66,5,15,2,0.5161290322580645,0.21951219512195122
5lxEGYQzcIt6gf3p6JoeRzVygVMEe3QlAMd9aPIHmAU2HAORvsUxOmpC,우랑누랑,4342765303,mid,1929,11,6,4,18104,8518,21735,11,8,27761,13533,186,8,0,42,0,6,1,0.36585365853658536,0.1935483870967742
yviaj9imgg9BE5aUTcY5x9hTMhaWDUCD5niRJo-IEi3iM88,대구 동짱,4215740827,mid,1431,4,4,3,7800,1005,4767,11,3,11351,7693,118,4,0,34,0,6,2,0.3684210526315789,0.3076923076923077
6KbOoZFas1FuJD7PXwDjDr87ZUacYNFLskqP8_dZNnbXlCY,싸랑해열카이그린,4279353795,mid,1914,3,5,10,11916,2868,13236,17,1,17621,9194,118,4,0,11,3,11,2,0.65,0.4166666666666667
xxCXM-DuF6QQpEraHulPsaMImxpDPgSbahapXi3zkgVdArjcC2DJCkOA,창전드,4511562194,mid,1977,5,5,13,20719,1971,12125,15,35,15742,9930,105,4,0,222,0,8,0,0.36,0.15151515151515152
XGjx5YuUw40LBk715XYrh-bS11Xq2J14t7OzUqKaLcrN4-JmUHPh6RHz,이라투나,4511562194,mid,1977,5,9,5,14967,5718,33647,20,56,36994,10109,151,9,1,521,2,13,0,0.3225806451612903,0.18
bgEaXwpDzYUCGpRKXbQaNi-WQ-4ibITJvgQc47Qhlam0MiSCMHvBR8-F,디리디리디이,4508144660,mid,1822,4,4,4,14422,3726,6651,16,20,15216,9972,166,0,0,82,1,9,1,0.36363636363636365,0.14285714285714285
oIVbGVFxfEIsUzKNl4MPOEdOKGgfPNqDo3OoLryu_MEX,이름모를그대,4468542145,mid,1718,11,2,6,22798,6318,7569,11,0,14502,11282,143,4,0,20,0,5,2,0.38636363636363635,0.09090909090909091
9MbrYxBIJIw8QSP0KbJ_BknxGfozBfmcWvi_wHdXLx0vHogKj-KuK9hP,10cm1000kg,4468542145,mid,1718,5,12,6,10652,3594,10920,11,4,26077,8644,94,6,0,120,1,4,3,0.5,0.2727272727272727
zhu1lugmt2u0xbpdQsWFEkyS8vyAaPf2VtgIp8GtPdM9e6w,균태형 안농,4532477393,mid,1827,8,10,1,17401,1702,12555,10,3,21443,11133,122,0,0,118,0,5,1,0.45,0.25
5V5KyYSavN-ykkN8N_CKBiOA1eksQT9V6Q97SUpnkTCvCfmkCa_kIdo1,tony0802,4397207959,mid,2079,15,4,2,30268,12110,31765,18,3,30808,14172,194,8,0,36,4,5,2,0.7083333333333334,0.12903225806451613
BfPxcVP9jxpni0E-9GM_lR-9b2iehohq_oMMg__O12krpPg,혼모논,4397207959,mid,2079,1,9,3,10777,1078,7067,21,25,18698,8768,111,16,0,401,0,9,4,0.12903225806451613,0.375
s8GqEA6dC5os3vll3L8_vjN6j5-xZJ-EeHw2J8MevcozlYg,청주미나,4533710363,mid,1952,5,9,17,20667,1303,7595,29,46,19904,11602,113,16,8,345,4,15,1,0.5641025641025641,0.2903225806451613
5Mtwp56hhls3bpvrBLN6pQgmwbJlxGU1Qkn38sFNy7KWcvk,레넥톤주십시오,4533710363,mid,1952,8,10,10,20171,0,14628,17,15,25851,11286,125,8,4,153,0,0,7,0.5806451612903226,0.25
4fgxgvEO0Gnzs4KO9ZZ89rf-aKf0Jvyd0oAsRQ12m7L7OfV5WzZRkaB9,댓글창,4436365508,mid,2176,8,11,8,26033,8352,26860,14,3,31496,12701,185,0,0,22,0,10,1,0.36363636363636365,0.21568627450980393
PLlvKi4666sUDdrEDH9wd7znE_33Tz6Jnh_f6r3UxtufPtsl6gDpENpm,쇼미더할머뉘,4468122660,mid,1788,3,7,4,9710,1607,24359,16,22,23212,9434,161,4,0,86,1,10,2,0.4375,0.22580645161290322
iDV9QSeNstIK8sz_k29awW9lDLzwSopdmr9E26lhTuZ3,문까오,4498265196,mid,1737,4,4,6,12925,2301,7229,26,1,15815,11172,185,29,5,30,1,10,1,0.30303030303030304,0.14814814814814814
ieZJU3Y-DqE5HuOP3XB4a21oIQ9Z-zSjPElJjDK9XVPCZ8FnJBDDe1ku,3Snmmit,4498265196,mid,1737,5,6,5,11934,1046,8657,26,14,14664,10155,179,4,0,73,3,12,4,0.37037037037037035,0.18181818181818182
zX0E1Qf5nL2oV37nxyQTyTGkW7Tiw0Bkd_jqCwTKKJuj5OqsfbZOyYyY,보빨주노초,4365206996,mid,2434,20,8,9,44800,12982,31589,22,3,39828,18607,219,0,0,37,1,8,2,0.6744186046511628,0.18181818181818182
NdWKnyIn66BmXojl1_HivgngcLMsqu6HgBLfxPXVvy_XBvDYts7I3kbi,BTD 뮤지컬,4365206996,mid,2434,7,13,6,20940,3925,29593,6,20,31447,14197,217,14,12,123,1,4,0,0.3023255813953488,0.3023255813953488
2LRmeNcflOFEW86gZtWXA7ZRg9ZSVOZfjLvCfzQNS5oIugGFQ2xndpF-,펜타킬워윅,4489158530,mid,1738,17,9,2,30043,3705,23706,12,10,24935,12160,98,1,1,34,3,5,1,0.6785714285714286,0.2571428571428571
s8Kj9wMVVY1-2PzI6mlfXo75IC4AoZucrQaDg6NMXEMOOnTwO_QHaIuP,ljjlo0656,4489158530,mid,1738,6,5,13,20296,3895,10890,8,0,18764,10252,126,0,0,6,0,6,1,0.5428571428571428,0.17857142857142858
wJFBIuyFdIumNRKxhjOOxr0kb9ffb4kz-QwimIskVKLExW4,동시나시,4351556162,mid,1261,5,4,8,14186,978,4619,6,32,11187,7660,73,0,0,109,0,5,0,0.43333333333333335,0.23529411764705882
hO8TiLa_WPQoBciF4aiJfdRRFGl6blyHVD4vqFnTeVXmT3-O8ming0kX,종결자를종결,4351556162,mid,1261,6,6,4,7695,3850,10193,8,14,17219,8082,70,0,0,76,1,6,0,0.625,0.2
LUhDZ1v6AxSdZHsJTT3AMFNkraNqczOne8dzQgvYkAwVqaO0kb7F1isD,rlaxogus202,4404338161,mid,2156,7,11,5,25617,4425,30007,17,18,27173,12252,176,4,0,104,0,10,0,0.3870967741935484,0.2391304347826087
C6rZw4f2VNo7Tbz5baZN62Nm4bcHYaIbjEVKzPmPStyvrQ0,건축관계자,4487417368,mid,1409,3,6,3,7846,3366,10644,17,3,22483,6861,80,4,0,78,3,7,1,0.6,0.23076923076923078
SldArxoegP4S4WXkOaLDCFrTLTy2hW9mJ2Qcw_fihJ6ZMe58QgA7oos-,김똔뎨,4487417368,mid,1409,7,3,6,15361,2739,5950,10,12,13025,9125,109,16,8,121,0,6,0,0.5,0.2727272727272727
Cxv9ZeRWssoIy9_Yk3sKo4JFPutaOo-lpg7HH8s3PquP11rhQSIlQVqv,박용준꼬치,4525535924,mid,1381,3,5,2,13331,1035,7752,11,8,18495,8487,169,0,0,40,0,6,1,0.7142857142857143,0.1388888888888889
EYUYs9kYTJA2Duw7-XuTlVrnGCUXvVoeTu7iIQltQjMfuLQ,Halcycon Molga,4410863651,mid,2095,14,8,15,31864,10120,20620,34,3,26124,14909,166,16,4,29,5,14,4,0.5918367346938775,0.25
raRsscOnU75Cucg1U_sHriW9fTONxYudQmQebIUuV3BnLWOOZYYSXmH_,인공위성일까,4227826428,mid,2688,5,13,12,29316,199,18928,14,62,27757,15594,219,8,0,549,3,7,2,0.4358974358974359,0.3023255813953488
QldVQjmFjYioxGgfw60M2yEAzC2STQQnhhbiVK93bIXbf-PF5hldRZhv,울팀내똥치와라,4514462981,mid,1989,6,8,10,15984,478,23095,5,26,23164,10688,114,16,0,514,0,3,0,0.37209302325581395,0.4444444444444444
1SXyfe78ys6qJxIyIuTkn652ICgBTswAZjRSK1vi5EomVHQ,베인따라 브론즈,4514462981,mid,1989,9,7,2,20766,5179,33300,14,8,27099,13819,154,40,0,42,0,3,3,0.6111111111111112,0.16279069767441862
G3yU4V7deITuzPg6-FQGCniHssbf5onqcdCLocR7Mz0no41S6wNkEoD9,김파란종현,4484812673,mid,1281,0,3,0,10516,533,4010,8,9,9265,5158,103,0,0,64,3,6,0,0,0.14285714285714285
Sa3J1ypQgcgwrgW9t68nSzg7R9dw8NZ-_FJcjLaB7rinAIU,Themidlseoni,4484812673,mid,1281,5,0,2,11457,5220,7610,14,2,15397,7426,121,4,0,29,0,7,1,0.3333333333333333,0
Ik-xsbt-IRIggaQRpDdyoEvAGX97lr3EaXC4DuZSb1U6an4,Dongh92,4290715996,mid,1868,4,1,2,6161,905,4307,20,9,8205,8818,111,8,0,196,6,13,0,0.2727272727272727,0.1111111111111111
MIJufmZc51b7gYd9b3tPbWBA4i8YHCUSSgwPrBLFRtjSBBE,폭발 중 입니다,4289820881,mid,1867,7,6,4,22675,474,10877,29,29,16703,11708,186,4,0,98,3,13,1,0.4782608695652174,0.15789473684210525
D6egmAX2pYTOOLYvc-2vQAVEzWiRx0oQzjCTpf-ZYZwoI3tBgxigvorE,우간다아빠태영이,4289820881,mid,1867,6,7,7,16965,4211,10813,18,25,21041,12094,154,20,4,318,2,11,0,0.34210526315789475,0.30434782608695654
mK8YHqB-JkGRmtYw6mH3mShJ9S-xIBWg_eF-tOf-QZfaljsM73nq0n9D,1처형 1수당,4484928508,mid,1949,15,8,11,25836,5758,23228,10,39,27811,15715,93,0,0,206,0,7,0,0.4727272727272727,0.17391304347826086
dEqHiolVpjF5b2iP1r2EUdivKq4t6Bed8r6Age3MjPVQYkiBTKuF5X2k,잠들면 한방,4250262744,mid,1352,4,3,5,11338,982,10447,25,21,9058,7479,105,8,0,338,8,13,4,0.3103448275862069,0.15
rIQ6jSzx7UeEpnyZWVa74XNmfXdEHh3lY804MUXKXzaKYnI,백설렐라,4508121501,mid,3008,12,7,11,39091,9222,45931,27,11,43610,18725,234,29,5,196,3,10,1,0.5348837209302325,0.15555555555555556
2Rw--N_geDtc9m7DwkA1y2qJnxPsOqEEKQX2jItIbzx8JakW7_htBKEy,안영깡패들,4447380020,mid,1227,1,2,3,3635,556,2559,15,9,7710,5985,112,4,0,11,6,9,1,0.21052631578947367,0.2222222222222222
16RlnWXpfjFBPh4RTQYSh9BSw20mUV4-ntkCQEhZ48to,Gi Jung,4447380020,mid,1227,3,2,1,7093,763,3847,8,3,6395,6553,127,0,0,67,0,5,1,0.4444444444444444,0.10526315789473684
KYTT9SWEcpOWHro-LAAcGeuddLWj8emdhck6Behm8RU641iDJGRJcOTf,커카퀄라,4508987671,mid,2350,19,10,7,58335,2991,16664,28,7,35106,20897,232,22,4,70,0,14,3,0.6842105263157895,0.2631578947368421
rEra2zAhIQguBZB8nWWGQkn4aXTBy6DahBmHQ3y6cZs9,TAKAK,4508987671,mid,2350,11,9,11,22917,14320,34739,35,26,48185,14287,155,20,0,259,3,16,3,0.5789473684210527,0.23684210526315788
mISKC1Q5Ma7EbOS2UgY1TzHxSkxwSvdecsy0F99_4dbK55c,짭즈티비뿌슝빠슝,4506066914,mid,1836,8,3,10,17041,5589,6482,20,17,18425,11516,137,6,2,62,2,11,2,0.6206896551724138,0.2727272727272727
Gy5xS1o_iIeDdhOXzev4fy2cMnq93E2ZME7GtLgEYTBiG9k,랭커갑니다,4540672932,mid,1595,7,7,1,18716,592,9663,10,7,21410,9494,135,9,0,76,1,6,2,0.3076923076923077,0.19444444444444445
Ff_yXdrGL1A-iqkNqnJMIrzw8JSPtG0dUiz1-Nm5-sRmSuQ,귀살대 변관용,4249988658,mid,1625,7,4,10,13886,3125,7456,7,6,15460,9971,96,0,0,8,0,3,2,0.4146341463414634,0.15384615384615385
QcsAAPxzeHIabAA9t8bm4BSCbOdKB6XjIPP-Pu1uokK2fT0,리지수동무,4249988658,mid,1625,8,10,2,18738,2441,14648,32,6,25575,10924,133,0,0,114,3,11,5,0.4,0.24390243902439024
h3YquM_zc9z5N7ycOo6cIydTtmzGEL-3QsEMG7kJtNOX9rQSuyWuqBNW,내게 넌 처음이라,4538791260,mid,3258,17,9,9,44317,22010,39059,43,7,53882,22509,224,70,1,175,1,19,2,0.5531914893617021,0.1956521739130435
8eaGMGXJiZKRGSQN_iA3rOk07S1B3lVGbFm1mj21nfFOL-0,응가냄새나는똥,4447895783,mid,1761,3,7,8,12013,549,12196,21,9,17166,8502,126,6,0,95,1,10,1,0.55,0.2916666666666667
Kf9AZv2pecNAmCD3QVhH8hM_8owF4yK4tMkNJaE69EUT,민기는내사랑,4447895783,mid,1761,16,8,3,33994,8392,31978,22,29,28171,16824,206,31,27,157,1,6,3,0.7916666666666666,0.38095238095238093
QZ8bV9e1KyuKnHouqyjDSsd8Ww9iHU3H4Qg6Mb4qyOs,독고 묵,4540206745,mid,1263,2,7,7,8727,5322,5714,19,2,17815,5839,79,4,0,38,2,8,2,0.5,0.2692307692307692
Ct5-rQ-bQLGnrua0SwzGwC85qdnvxxymOOifJrX0Ucbw,여괴수,4540206745,mid,1263,5,5,7,13968,2721,6208,10,5,14216,7313,77,4,0,51,2,6,1,0.46153846153846156,0.2777777777777778
117PFRKz-NunW3DF9idLlmkk1CDvgXQ7N9X8WTQsHGboTko,한여름소나기,4530436536,mid,1270,3,3,3,9852,315,5949,20,30,8736,7074,124,12,0,345,1,9,0,0.42857142857142855,0.21428571428571427
5Gw7Yidq2FCeRwjSbyBLUsHpqmsb-P638x_g7yfU086C,박창주만죽인다,4530436536,mid,1270,2,1,1,4859,3251,5139,10,8,10048,6131,96,4,0,52,0,6,1,0.21428571428571427,0.07142857142857142
zQQUqD-kyzOM3KNtaRFvuSd2CWkOTEZrxn9b3O0F3TWYtRI,천영재짱짱짱,4446321707,mid,2138,9,8,14,50095,6928,9323,19,25,26119,13499,131,12,0,179,1,11,2,0.6216216216216216,0.23529411764705882
NEyZ92L-C5sSZ5ENCmNJuLGYnHPV3mrt4CD2Pco4fQ0tfe6a1qDMGsmj,림 채 은,4446321707,mid,2138,16,9,8,32085,9409,31805,20,36,50409,14958,128,20,8,295,0,9,2,0.7058823529411765,0.24324324324324326
dlz0kwd_b0e232-dSG9MvcNkphBRMmYqMuSYnmu1T7ibT8o,나는정환718,4521673302,mid,1482,9,4,3,20316,5000,15112,10,4,16788,9463,120,2,0,47,0,6,0,0.3333333333333333,0.2857142857142857
KFNUBFYAVoXa0I8P4Eq_t_F2HikZ0SZDIjputgVt_6eaQbuyU5RYOF9o,눈 감은 페이커,4515958105,mid,1679,6,9,5,11506,3430,7603,30,16,19182,7847,81,12,0,22,6,10,4,0.4583333333333333,0.24324324324324326
wM0SQWDNBtaa785wcEu-VUcDwCNgpBe7Bla5TEhvYiwOpG8,소심한 말괄량이,4426369357,mid,1680,6,5,2,26012,8865,13104,11,29,23913,13149,216,15,0,76,0,7,1,0.5,0.1724137931034483
MpZ8H9ksggEn9LhvvfAce6atqptMUo-6sbflQFU6PaVRrT-hcUg2Szjl,달괭토끼,4517254826,mid,1957,5,9,9,21779,335,41443,29,45,20761,9875,124,12,0,380,1,10,5,0.6666666666666666,0.28125
FzN0YykCyeH5UMKd14comfuRngkWKht-o45VxyvmDy_D,에미야용좀다오,4540002386,mid,1813,13,2,10,24105,1711,7159,12,57,10197,13883,166,28,0,665,1,10,0,0.71875,0.15384615384615385
h-oZPL7AgKCUhyZK75bxmxIXdRh79b_16Kp8qnAsU5f-K8so7zILGXeC,2019 9 25 수요일,4477781921,mid,2057,7,4,9,16687,5770,10411,16,3,20582,10804,112,8,0,43,1,9,2,0.4444444444444444,0.18181818181818182
YtZj_-QbQtmuMI-cQxQrpUhFDrJY3LAWtEnLCqqdIzOVJb2ovfBjSPtD, 니 플레이흑역사,4477781921,mid,2057,3,7,4,24992,6386,12202,26,51,21222,10829,193,8,0,740,3,14,0,0.3181818181818182,0.19444444444444445
uj1vMDjOLsfrCZa_Oru4z1F-8DWvOSWMCUNcDUi_Dp7kX52AFK1XHGEU,뽀비뽀삐,4426906808,mid,1982,13,8,4,19965,11191,19264,16,4,31590,12970,151,12,0,27,0,9,1,0.4594594594594595,0.42105263157894735
af4dnxtoMkOlz4JxMg2BkiUuujpL7M1KZtaMsvF4-_e9CmluJIZhMFrw,stationpark ,4426906808,mid,1982,3,4,8,11364,435,18672,6,29,20074,8352,106,0,0,480,0,4,1,0.5789473684210527,0.10810810810810811
BXKlIW8cDF8sgX3b-OTXhkgQHI8r4pg_IjE3RFQvGfSfDiU,인베하면블츠,4473655788,mid,2366,28,11,5,72510,21550,41428,27,18,55427,24339,235,46,13,347,0,13,2,0.75,0.24444444444444444
mgX9K_2DyidxvhTWKTZoFPQ_UN9OAZX2yka1CaJ1RcW4,장난하남,4473655788,mid,2366,9,11,11,19808,4216,57068,19,47,46602,15637,164,0,0,101,0,10,1,0.4444444444444444,0.25
8XBtbkF0ualv1zzXN6w3nKx0t0qU-_TkAmBPScsaimwznng,안수짱,4527682567,mid,1531,6,1,3,9897,1877,11763,24,20,15378,10843,123,28,12,174,3,11,1,0.6923076923076923,0.08333333333333333
ivl8Hgd3vKrIqCI0TXamY5toi2P4Ghdw5NZ5dwy1YkpbNUI,Bumbak Tiger,4527682567,mid,1531,0,5,2,4810,880,10324,15,1,11941,7106,151,4,0,53,0,7,2,0.16666666666666666,0.38461538461538464
IlWBWH0C0vKBD3hcdT3Ucw5R1ij45FbUqNeivgxVeIqb8s4,피즈가 답이다,4318226354,mid,1976,9,8,8,19052,6376,16362,11,10,25243,12756,144,28,0,199,1,7,1,0.5666666666666667,0.21621621621621623
s0lsgjP42d5aHPHIcSO7Cyg8OFbQWT25R7tapwxx-Ulb,무른ddong,4455384739,mid,2353,17,10,14,35122,14290,41033,24,23,45938,18099,140,16,0,200,1,14,1,0.6458333333333334,0.18867924528301888
Gg3F-G4586Vq1e_MsPUFGW3R9VCaCCTGRgWkeVojZGGF3fY,그네 줄줄줄,4240358466,mid,1985,8,1,7,30747,3026,6004,35,57,13859,12459,191,12,4,247,5,16,3,0.4838709677419355,0.05
oiKn1CRpdz9j9UnbZfv7md8gGFeCK5zYczYdbhKtAoFY,시낭간비,4240358466,mid,1985,3,4,6,12558,5602,12515,25,24,24431,10009,162,0,0,175,8,16,1,0.45,0.12903225806451613
rNxSb40zQ8YFLU8VXRkmbpvDgdt2mZ1OSsDu0kr15cybTXw,This person,4466457756,mid,1534,9,3,4,23225,4151,17216,9,29,17308,13215,202,23,5,260,0,5,0,0.4482758620689655,0.2727272727272727
LNOYmTHW5WQBkmZ9Vu2JwJPIiJZw4q0S9yvBWuQYKR9z8H_7sHWCVxZ0,쓰으읍 미스,4533088871,mid,2959,12,13,10,49227,18344,46676,40,41,58357,19076,247,28,4,591,5,11,7,0.5641025641025641,0.22033898305084745
vtRSVzoi0ahXQn1_Uvahavf9Y9U1NJpzVwE8Ar_srDVogLo,강철의항문술사,4345474212,mid,1391,1,5,0,15193,66,4585,9,32,12768,6486,152,0,0,211,0,6,0,1.0,0.3333333333333333
l9cSumMY61Zbn84Dom5cdep98IbWyC8-uCrXcy2SS2dXP5HT0tkVoCpR,xxxtour0000,4345474212,mid,1391,7,0,2,15659,7117,16731,6,9,22165,8504,144,0,0,87,0,4,0,0.6,0
c4wCCb8fne7xqbCiWXKDWnViQknhFa-gr9pwdkcwe_x5KuvZt-1sBhMz,하루만에ACA패스,4502479641,mid,1847,4,5,4,20863,1695,8756,25,41,18421,8647,125,6,0,132,7,10,6,0.42105263157894735,0.17857142857142858
u4PFMvptFjI5gYsNJLINGblUxC7ugI2uEDCk8nk6-UdGl3gE-QlXLVBq,예수님의기도목록,4502479641,mid,1847,13,4,8,21581,5181,10036,22,19,20830,14179,171,25,5,283,2,10,5,0.75,0.21052631578947367
AxVEJa7YGPrlaatBXBrprhDYtJRGm2dxMO1r1TUFt8tFdQAJnAIB-Iij,ksh3342,4533577787,mid,1734,6,2,4,21201,2603,5694,25,37,12404,9218,131,0,0,113,2,9,3,0.37037037037037035,0.2
OJl15bUTB28dYObBgcpT9iwIK3rDfZ4_uF3ZVba26Z99,satagoony,4533577787,mid,1734,2,7,1,10758,6217,14503,6,11,28242,8491,152,0,0,113,1,5,0,0.3,0.25925925925925924
2lJTFb8_KZzaeRpycolDWuBvMckoqLO7jyYzdyNn1UuKv1Q,korls,4173048917,mid,2024,15,4,10,33519,7079,15846,14,34,25502,12857,145,0,0,36,1,6,2,0.7352941176470589,0.12121212121212122
m23O8mfV-Kjnf3HGTEQUMdSOttON5imiBRfFudpVjwDVd4g,야스오회오리,4173048917,mid,2024,18,9,4,37671,5858,18115,23,37,29349,16729,181,8,2,181,1,12,2,0.6666666666666666,0.2647058823529412
KCDR-xlnJqMgZSxlB8A_rhy9NZUommGDpAVh3qxE51Fb3cE,트런들 벤,4524208856,mid,1780,25,4,4,55613,19282,47888,15,25,52095,22223,312,16,4,127,0,8,0,0.8285714285714286,0.125
6WCMEF5-l1LklKbivl4dXMiM1b4KxGY95n7L4h1BNkqK,치코리타0,4274538095,mid,1441,7,4,8,16704,6962,11290,23,0,20615,9166,114,4,4,11,1,8,1,0.5172413793103449,0.5714285714285714
FEjSd8gR8sBPKY1a6ZIO788FbXMKPOcsFvDck41OLeu6x88,다솜이형,4274538095,mid,1441,3,6,1,15648,14379,10660,9,3,22603,8155,156,0,0,116,2,7,1,0.5714285714285714,0.2
KYYEArjyIdNVbFEYMmgR9XgEDUItb6PAqqSFW2nf5_oKCqZV-y0_I6bB,야발소년2,4368430038,mid,2506,10,11,12,31356,11746,25835,33,7,43476,14268,124,16,0,150,1,15,1,0.55,0.2682926829268293
s_PSXqfhAlSVLYYIaV5b0YT_YyiAh-PthdYXjsI-XeA1bZo,T1 TheKings,4368430038,mid,2506,10,8,11,35039,5669,21437,23,5,33482,14898,182,29,0,100,0,13,1,0.5121951219512195,0.2
fRpqZYkmitARSyTCTFpNsFSwRupbrNBEPGev0DIH9CYwW0M,스물두살에새내기,4488579481,mid,1989,2,5,6,9422,4164,8311,11,1,17114,10493,194,8,0,34,0,7,0,0.34782608695652173,0.2631578947368421
mAfQ0hEHiwm5Q5Etgyt5JspgoIZjZ_mIVqBhQVdi8jRo,뿌라끼,4488579481,mid,1989,6,4,3,12717,4366,13538,12,6,20384,11529,176,12,0,281,0,7,1,0.47368421052631576,0.17391304347826086
hpdoGCKTnY4OFTf5SL6T-6aBKLaYYIzGvX_4pjR17ao0CdqeKHl-M1F4,누누혓바닥,4404797069,mid,1525,7,5,5,10364,4655,9131,5,15,14739,10013,95,0,0,55,0,3,0,0.5,0.3125
xUdp_9oGdHx2OOExdF-eSVegy4Injll5g-iz7QDN0upd,Droger,4404797069,mid,1525,2,7,1,10318,284,6321,9,9,14428,6577,120,0,0,90,0,5,0,0.1875,0.2916666666666667
TmuLiHelbj8ayubN-fyc_VuF9wFBk2uZnMsk5GdsTnfnCfusD7mhnUlp,공격만이길이다,4215682877,mid,1218,0,2,1,2105,526,1507,1,7,3520,3569,38,0,0,43,0,2,0,0.14285714285714285,0.14285714285714285
I_zA2M8gV9UOBiG9--izJm1bvruavrBzD1CNNbDMVCz080BnJqxSjVGY,혁아 갱좀와,4368958453,mid,1910,10,2,11,28406,1573,6753,16,26,11686,13220,207,9,0,263,2,11,1,0.5833333333333334,0.07142857142857142
p_ZBVkq9n0Iv6xNR0Ft3jSzFcG_tX0j8LQJmcNDpmEPQmQq55EJJusZj,부산큰고등어,4368958453,mid,1910,8,8,6,20360,7715,20066,23,6,31183,12856,159,41,17,171,1,9,3,0.5,0.2222222222222222
bcL5e2fawJhauWEW3HchX6l35OINN4bgLbh0giCkKLR2aizfwh2eKwG8,펫시브2,4518650381,mid,1407,1,10,2,3699,1899,7444,9,0,18312,4809,66,0,0,0,0,6,0,0.1875,0.2777777777777778
Q5fmTyPyacc71R4g5UohQeDZVmgjhGGA2D04HUGJ1_4O,대답안하면달림,4518650381,mid,1407,9,1,8,19570,3472,3727,19,16,10846,11862,136,20,4,73,3,9,0,0.4722222222222222,0.058823529411764705
JOkbn3gkTeZnneSdrT_mI1W6aJyIXdEJ3pLNWae1KV41z7_R1jHNss70,적보면짖는강아지,4404189625,mid,1330,1,4,3,6403,1729,4891,8,17,11092,4634,43,0,0,161,0,5,0,0.25,0.14814814814814814
jpMmaw0eTFUJDUgAjZbncvsItsWqoFvSlxUFQfN9u15KXocH5A-O1k_8,byzi,4530569793,mid,1865,9,5,11,21334,9651,25381,25,23,24797,13183,214,4,2,144,3,12,1,0.4878048780487805,0.21739130434782608
1MItl-vgIdBx_2-6siv_kO28B64-8cEmZg0cyzqANIcSj5g,Zero Respect,4530569793,mid,1865,4,5,0,12433,5200,26580,17,19,26217,12965,251,2,2,24,3,9,2,0.17391304347826086,0.12195121951219512
N3BQ-FEVaA-Ov9kN3oDvd5Gu9lU5qMnrmwHRSLkwpqdH-DTfhc4-OVZB,내마음대로할꺼다,4540008446,mid,2321,4,15,7,28246,9630,28496,6,27,41572,10399,129,4,0,317,0,4,0,0.3548387096774194,0.3191489361702128
48mC0jjPg7eoXywPRoOPIKMjRyLZTceO1CA8iewI9AQF,배그없어서 롤함,4523008250,mid,1579,2,6,3,11211,1493,13794,12,19,16572,6993,117,0,0,48,2,9,0,0.35714285714285715,0.23076923076923078
gEk9b1xW9NwoHCNM6qScb3uM52Rr5UbSLGbQqY-0tXMhwESc1wNEwgUY,KIILB,4523008250,mid,1579,10,3,3,12550,6692,16478,21,4,19364,10483,129,30,2,31,3,11,1,0.5,0.21428571428571427
lpu3Mpv84PD9wuhDHGYTRCbgmd98iox4Dep1aqfU5tgreEUjCOh_v3d_,빵삥뽕뿡뿡뽕삥빵,4539424750,mid,2351,9,5,9,26457,6671,30040,25,35,31043,17960,272,60,10,264,3,15,4,0.6206896551724138,0.2
ZCbd8Y48E0D6sqJnurSjn5gLr7fvU6QILz_Ok4fpv0eXxqw,튼튼한건물,4539424750,mid,2351,3,5,8,9638,2223,15369,29,7,18837,10796,166,4,0,206,4,10,7,0.44,0.1724137931034483
St15W7c0oKMILVZsItAXjoy8UbF6_haGrw_vjrrZA_CiXhc,Shadow trapper,4241806454,mid,1769,9,11,7,20870,1160,10191,13,5,22987,11934,157,0,0,59,3,9,0,0.7619047619047619,0.28205128205128205
yuJAb4IEbMF-7fXp6IFkhcTBrE6rkli_KJ3X4Sy2m-Ft9zcrPD1wySA-,씅민잉,4241806454,mid,1769,12,2,10,22835,65,5639,16,23,6724,12380,135,8,4,158,1,6,1,0.5641025641025641,0.09523809523809523
AFf1uuA4FDmjEdGdS5oXgWhuHz3jYJiDnRMBFunr1oo9ryc,superbe2,4289171752,mid,1961,4,7,11,26706,7437,18472,11,2,26579,11017,153,8,0,28,0,9,0,0.6521739130434783,0.1891891891891892
Rr9yfhuogFip3QzaBQ5N_l7EHyMFdrPnawAYqFb4SFrh_58,해룡면,4289171752,mid,1961,4,4,14,19528,6254,9525,10,2,19891,11072,128,4,0,43,0,6,0,0.4864864864864865,0.16
zCM31kVs4__4gX0QLCIml758NezkCCcdVZA3fHDTXny2,희 선 유,4332291838,mid,1969,6,12,11,12129,15,10573,7,13,23020,10397,89,0,0,72,0,5,0,0.5151515151515151,0.24489795918367346
mSiIkkrNYIXDRaf2Yy2_jHO9IRXlOykJ7q3eyp2PFRHd4AY,TesterHoon,4332291838,mid,1969,24,4,9,53812,2297,20300,37,4,23190,21456,246,35,13,32,2,11,3,0.6875,0.12121212121212122
fsRuu7xg5Y2H9RYlx0HDCxRKZ7yG9z-7Fjkn-wfHuarVHC0,김창렬이랑현피,4488937922,mid,2029,23,7,16,52735,10290,63369,17,55,41820,23631,194,45,29,300,0,10,0,0.8666666666666667,0.14
ZF92QIHTRxEVbJMPWOjY9IY6OgYLknugEKail3pcqRW2r3qJ_Z0iWOXV,psj0518,4492837531,mid,2622,15,3,14,28553,14259,60301,24,23,41338,17028,174,4,0,165,0,13,1,0.6590909090909091,0.08108108108108109
7TcSETbO1lWsOTwfbB5VdGLeXSLXgS-kEym9VBPkifdigt0,제드대 표창학과,4477484510,mid,1521,8,7,4,17532,1258,10629,27,5,19256,10024,148,12,0,74,2,7,5,0.5714285714285714,0.25
hUAsZPxL59CfdM6y9hGEd7xnlkXR-jlIz2N3e549iNzr20s,두근대는 돈고멍,4530010121,mid,1661,4,6,8,16725,0,5413,21,41,10739,8463,114,0,0,260,1,9,1,0.23076923076923078,0.3333333333333333
QtjbiDF5sqYnXcJAvvpY29cTU9seZUWxUMpxbvhNs5xmBAL1YjNX2Vqs,고런소리,4530010121,mid,1661,10,8,1,17867,2586,10458,11,14,25490,11249,110,5,0,128,0,5,3,0.6111111111111112,0.15384615384615385
ZZrsmQZ2TJTI7oWYucbhBc5BjILYIZaauWK6nglto8e7hslUvfmNfNOM,탄벌초얼짱이재빈,4431360677,mid,1462,2,5,1,11551,1161,10771,19,20,11898,7561,156,2,0,80,1,8,1,0.15789473684210525,0.1724137931034483
_NlebX57JwX7gX5EsQFksCnVZqV7o3BAcTtgFrmZsQr62dHwMoIF-vq8,TABECA,4431360677,mid,1462,12,5,6,16989,5257,8045,11,2,17039,10111,104,1,1,48,2,6,1,0.6428571428571429,0.2631578947368421
EUDUQVvvycU51Z8NdDqRcNSoxoTQi0XR661VwXzhR8iOYeg,cs뺏으면안함,4536464219,mid,1263,1,3,3,6345,4661,9105,8,13,17455,6072,117,0,0,251,1,5,0,0.6666666666666666,0.1875
BOG9ix4I40aMVnIxHDZa1ssdjm-30-FWrLQDc8GzfywFEcGJXtU5RfXz,영등포건달,4536464219,mid,1263,2,1,3,8691,1380,7204,8,15,6656,8252,165,4,4,95,0,5,0,0.3125,0.16666666666666666
h99swfkf5ZsTHK_0kSwYfOQJpYXVVL3EdA10wUa8gHGR,김동근바보,4490422453,mid,1866,8,5,6,21030,11281,25909,13,24,31120,14528,236,0,0,370,0,8,0,0.5384615384615384,0.15625
-AacdHJsgGRtU-jaqFIl9NbYUPKTaSI8RYwb_vFjM5AB0u4,모모는 철부지,4446233502,mid,2246,8,5,4,23639,3185,13297,17,19,19828,14624,208,24,0,242,5,7,3,0.35294117647058826,0.14285714285714285
J17En96x51nyF1huNJAle9jtKigXQLhdE6DdINz7r56HAPA,허니스틱,4307514604,mid,1249,8,3,2,11000,2603,7392,13,73,13085,9311,128,4,0,155,2,4,0,0.43478260869565216,0.3
7Tg7W-9e0sj_ta2HnHykmIE43zXh1TK9sJBsIsZrNCkS,쩌 릐,4110023303,mid,2044,18,4,5,37947,19514,20495,18,28,39234,16109,176,18,4,249,0,11,1,0.5897435897435898,0.13793103448275862
ctgY9dx2-34KGll_o1MYExj4EtaAx6t5ybY71vuYfaEX,진정한큐티가이,4110023303,mid,2044,9,5,6,26328,7393,9900,35,29,24259,11740,134,4,0,66,3,6,8,0.5172413793103449,0.1282051282051282
_uZbkPZc4XvTXfddxtx5t-yIlYkzX9eCSfTZQRS2iFNeqywYGLlcNBYR,OJW,4535900081,mid,1332,8,2,7,14762,6142,13040,14,2,18225,8946,97,8,0,35,1,7,1,0.32608695652173914,0.15384615384615385
EnkDrqgDNyQT3wdByxkQXjBkOi_0N4LAEXA67_PQCTNSTy8,저 서폿아님,4535900081,mid,1332,4,9,2,9694,1820,17437,10,13,18525,7417,96,0,0,72,2,3,0,0.46153846153846156,0.1956521739130435
-mIh5SVzd0xS1X_NaNEroRGkO2c51nezgoEV9ooBDj5AH4zXNR7DYRnb,rlarbals,4522887476,mid,2252,15,8,8,23888,14353,22012,33,8,34221,12934,101,4,4,71,3,14,1,0.48936170212765956,0.26666666666666666
Rv5U2DoW2VzxWgxg2xjdB26sov41j6TpgCUPQz2N6snYIQY,림현택,4522887476,mid,2252,7,14,7,23904,1109,17817,18,22,31864,14364,172,24,0,298,2,8,2,0.4666666666666667,0.2978723404255319
D4FHBo-jpPTg7un-yjx7qSy8wQM4axPiJaGvJjv7adgS,똥구녕에함성,4537239585,mid,2117,10,5,10,30137,11386,11915,20,28,27704,13255,122,1,1,39,0,0,8,0.5263157894736842,0.19230769230769232
qycNevcXTdX2r8qYQ7kRbJdjhu9k2_XIxn2UeJZH8_X1Nu8,달빛원챔,4240702558,mid,2629,13,10,9,26719,9823,30689,26,22,40737,17241,147,8,0,256,0,12,3,0.6285714285714286,0.22727272727272727
pGoMY_idVWsTjiCsOcklepNi6UJkgBPbdOkY68HFmcIAht59bKtVejiK,승민이와벌레들,4240702558,mid,2629,20,6,9,32187,5191,76493,35,36,49968,20776,260,16,0,233,2,7,5,0.6590909090909091,0.17142857142857143
FItwCQQtAR-UDjUuBYo1cOwTOogAD17mULnMeDCeD7zdTi8,다리만 있으면돼,4445837611,mid,1452,3,7,1,10964,1515,11208,11,14,17848,7945,136,5,1,65,0,7,1,0.26666666666666666,0.19444444444444445
OJEzStpvetYkGyjWm3SrDD6_jVGowypnPj8NWz54wslY,lilillllliililll,4501930326,mid,2030,14,6,10,37727,2471,11353,24,43,19851,14161,154,8,4,158,4,12,0,0.5106382978723404,0.15384615384615385
u2Dc2XZqf7Gw9-s7QFxLwETW-PM_yhTTy9iAWFNTPFsoOkFUtoDXQl9u,준비띠,4501930326,mid,2030,11,10,4,11909,5774,11255,12,27,26072,13266,71,4,4,130,0,7,2,0.38461538461538464,0.2127659574468085
Wtc_xNDRxBULWM4yBU7HCGkSexOzkcis4Xy-D6hxrsAE,뚝배기에순보,4449381570,mid,1330,3,4,3,12124,1913,4616,18,2,12502,6209,76,4,4,18,2,8,0,0.5454545454545454,0.14285714285714285
xTQfE2ZxkU7Dk_gLjmvzomLn_5W-VhfXna-WvTthohTeB6Xvp_xacEXv,대치동여행가이드,4449381570,mid,1330,4,2,5,7898,1848,6877,5,20,8451,8016,103,0,0,354,0,3,0,0.32142857142857145,0.16666666666666666
064dWZGzajg3RPHz0ue0pxfKcOxnDs4W-IVk6qBOzf4F,oO ZzoA  Oo,4383786880,mid,2190,8,6,8,25045,5501,14394,26,83,19810,12478,168,4,4,166,5,15,2,0.47058823529411764,0.23076923076923078
58saeCQ6tG8kHNiCR5tYKWNiMcKAQorjqnXHk672m8xy_yRajQX4Wthq,irhaaraheU,4383786880,mid,2190,10,7,4,29260,17739,31011,20,29,43594,13591,178,12,4,358,2,11,1,0.5384615384615384,0.20588235294117646
2MbT3aKhO7vJ3fQFuScG-Au3YG-FXJrn6nrpePeD08y3Cl1KmbL8JmLt,규진아추하다,4499171142,mid,1953,6,10,6,21255,86,21027,21,9,26405,11261,183,6,0,78,1,11,0,0.36363636363636365,0.3225806451612903
O0PogH_qcQ4xyoc6UiOu6QaGoENCLOjfyK67m-tUXYTPdFo15HRuu62o,chuu가넘모예쁜걸,4339308511,mid,1506,2,7,7,5573,2128,18360,6,25,20844,6257,60,0,0,118,0,5,0,0.391304347826087,0.19444444444444445
TlD5MrGGXMxslQ5TIb1_0dAFOwl3CMKIY90SmWS0d8zTOe4ss1_rQMbf,민경꿍,4339308511,mid,1506,19,5,3,32175,6348,24420,21,28,24356,15829,200,8,4,164,1,7,0,0.6111111111111112,0.21739130434782608
jfTCjQBskt3ydKY9zBL7yrAHB3g4BmpPm01Q_cJ7Jy3wepo,유수달,4293002270,mid,1365,3,9,5,12184,1750,14021,16,19,16405,7460,113,7,3,86,2,4,0,0.25,0.5625
V4IWrVPMUeS6Vm3ecALgPhjqkJ6VtZ3OynCNQKRDNdx3nUY,버려진 딸 리븐,4293002270,mid,1365,3,7,3,10655,1187,16113,10,27,21106,6978,123,0,0,85,0,7,0,0.375,0.21875
CI4NezIs-BaqLIja4LdU7jAzltRxMmHjITtws-Ygrso9HdE,다해가다혜,4255412726,mid,2082,5,8,12,17746,2136,14756,16,8,22536,11244,140,20,0,121,0,10,0,0.4722222222222222,0.22857142857142856
1TEMeycpsp9orZhQZJU8XZ9uU0ggyo22q9yftLrnaezvFBg, Glow Rengar,4342940639,mid,1884,7,5,12,26863,2333,33548,19,55,25980,11916,156,0,0,142,2,10,0,0.6785714285714286,0.15151515151515152
HJBeq0WKyQEMu-KA0RX6iTOYF6x5Ejjsp9HvR6vh6yYtwaw,그냥열심히하자,4342940639,mid,1884,2,6,13,13555,1480,49371,11,47,36552,10505,150,6,4,918,1,8,0,0.45454545454545453,0.20689655172413793
1GyMuzhTjZ2H8gUfYfqBoYB2G9BYyNSLXUWDtRwTVS0710E,순보타게거리줘,4083245462,mid,1215,8,1,4,13545,1362,4339,16,3,10539,9968,144,6,0,49,2,8,3,0.46153846153846156,0.1
lLAV0GXuUnE0H14sZynxn5s1U2e4h4XsJr0ZELMEG3VWiCy6jO18j4qp,han남,4532218252,mid,1369,5,5,4,20669,3259,14344,9,26,14832,10146,177,4,2,133,0,6,0,0.32142857142857145,0.29411764705882354
yDTWEsBcBirCLFgxzliBtBdHd11E_bp-or-Sz4PWbr9Go-0,kkkjh,4526402584,mid,1828,19,5,2,30214,12367,21473,18,5,29499,15661,157,4,0,191,0,8,3,0.5526315789473685,0.25
TmgaDpr_7bvd_bmtn_Ak4iGKpPQEAkJkWYynrMhQP3ys,KTtech,4536792424,mid,1603,6,8,7,17882,4391,16311,22,27,20420,11181,169,9,1,100,2,6,4,0.41935483870967744,0.34782608695652173
XG1MGEgxztNVX_ebNCxIVtJKEvgWQyBBu47NqVmR20_7Xl0,어좁멸치,4459098566,mid,1324,5,4,8,14969,1510,5534,15,25,11946,8319,118,0,0,100,2,8,1,0.37142857142857144,0.23529411764705882
7Mz4WDRlQy9zzYjkpYF0fByvduVCJj8uCzw0e8gQLd2J8XJA3pEJjOAb,강정문,4459098566,mid,1324,8,9,2,14588,1571,7117,7,13,18110,10046,84,8,0,63,2,3,1,0.5882352941176471,0.2571428571428571
La70EJMBKaGPtD68D1MWiwUVzXQnfxFoRrprHLGHIB0aFOw-UCcfA-SE,메시꼬무룩,4536016575,mid,2180,9,8,5,15585,6674,19125,26,15,32495,11336,112,34,8,132,2,12,0,0.2978723404255319,0.32
_GRlEuKXa76mmAG9dTid6Q8JZspOi6ydJkrjWV6AgYWi-ps,라라앝,4272798763,mid,1774,20,1,11,31540,12614,20118,14,10,28152,15926,143,20,0,323,0,8,1,0.7560975609756098,0.05263157894736842
93h-t7GBv1BfcQv-LKr4r256THfQRiHmKrHG8B67jwA0M6k,시나몬와플,4197771515,mid,2452,2,8,7,9400,3218,17685,29,10,27622,11250,200,4,0,37,5,13,5,0.2903225806451613,0.18181818181818182
GZ5t4lkrkP01SlNpsISwc0nknlP9okvtzpkPsLX3THWy,채팅을할수없음,4523348989,mid,2162,14,10,11,26416,6180,32360,21,10,33903,13015,117,24,0,68,0,10,3,0.46296296296296297,0.25
