position,tier,queue,killsPerMinMean,killsPerMinStd,deathsPerMinMean,deathsPerMinStd,assistsPerMinMean,assistsPerMinStd,totalDamageDealtToChampionsPerMinMean,totalDamageDealtToChampionsPerMinStd,totalHealPerMinMean,totalHealPerMinStd,totalUnitsHealedPerMinMean,totalUnitsHealedPerMinStd,damageSelfMitigatedPerMinMean,damageSelfMitigatedPerMinStd,damageDealtToObjectivesPerMinMean,damageDealtToObjectivesPerMinStd,damageDealtToTurretsPerMinMean,damageDealtToTurretsPerMinStd,timeCCingOthersPerMinMean,timeCCingOthersPerMinStd,totalDamageTakenPerMinMean,totalDamageTakenPerMinStd,goldEarnedPerMinMean,goldEarnedPerMinStd,totalMinionsKilledPerMinMean,totalMinionsKilledPerMinStd,totalTimeCrowdControlDealtPerMinMean,totalTimeCrowdControlDealtPerMinStd,killsRatioMean,killsRatioStd,deathsRatioMean,deathsRatioStd,killAssistPerMinMean,killAssistPerMinStd,visionScorePerMinMean,visionScorePerMinStd,neutralMinionsKilledPerMinMean,neutralMinionsKilledPerMinStd,neutralMinionsKilledEnemyJunglePerMinMean,neutralMinionsKilledEnemyJunglePerMinStd,visionWardsBoughtInGamePerMinMean,visionWardsBoughtInGamePerMinStd,wardsPlacedPerMinMean,wardsPlacedPerMinStd,wardsKilledPerMinMean,wardsKilledPerMinStd,xcor_0Mean,xcor_0Std,ycor_0Mean,ycor_0Std,xcor_1Mean,xcor_1Std,ycor_1Mean,ycor_1Std,xcor_2Mean,xcor_2Std,ycor_2Mean,ycor_2Std,xcor_3Mean,xcor_3Std,ycor_3Mean,ycor_3Std,xcor_4Mean,xcor_4Std,ycor_4Mean,ycor_4Std,xcor_5Mean,xcor_5Std,ycor_5Mean,ycor_5Std,xcor_6Mean,xcor_6Std,ycor_6Mean,ycor_6Std,xcor_7Mean,xcor_7Std,ycor_7Mean,ycor_7Std,xcor_8Mean,xcor_8Std,ycor_8Mean,ycor_8Std,xcor_9Mean,xcor_9Std,ycor_9Mean,ycor_9Std,xcor_10Mean,xcor_10Std,ycor_10Mean,ycor_10Std,xcor_11Mean,xcor_11Std,ycor_11Mean,ycor_11Std,xcor_12Mean,xcor_12Std,ycor_12Mean,ycor_12Std,xcor_13Mean,xcor_13Std,ycor_13Mean,ycor_13Std,xcor_14Mean,xcor_14Std,ycor_14Mean,ycor_14Std,xcor_15Mean,xcor_15Std,ycor_15Mean,ycor_15Std,spell_1,spell_11,spell_12,spell_13,spell_14,spell_21,spell_3,spell_30,spell_31,spell_32,spell_39,spell_4,spell_6,spell_7
TOP,DIAMOND,420,0.17602527991520933,0.11977411616477004,0.18259688162884105,0.09384536879313489,0.19750229008999134,0.14384134416757235,581.953111410374,216.99871894750086,14.695842537549192,72.95839016652185,0.0467160370039605,0.05791950413118274,730.7592818680794,409.6734093899236,267.299520529258,203.20400140546522,139.58020494444276,124.59468612757956,0.7041787012616724,0.5679190048848698,829.7033129477649,252.12298536281583,388.988100154131,77.9860375922111,6.203019829017614,1.310821556842049,7.066882728819028,6.502964879351112,0.408827752522199,0.16383862366911506,0.19576977132814408,0.0866771691347094,0.37352757000520076,0.1949087440584244,0.6756112689259864,0.2698122491808258,0.2777161014010709,0.29939657760910265,0.06597937779345237,0.13924132912279438,0.0714465414267887,0.06690801825207349,0.30458307975198673,0.09607143949318335,0.08102356303670145,0.06591180459621558,8085.63082437276,6959.793813868657,8103.602150537635,6965.882264468831,6039.537634408603,3182.080947423032,9349.358422939069,2943.8619902830833,2590.4265232974913,1096.9515545852214,12506.186379928315,1020.3586657956046,2907.9426523297493,1951.1473299508255,12260.84229390681,1440.8091639706383,3536.05376344086,3030.6459625526213,11760.297491039426,2469.452473544369,3344.179211469534,2621.6725996138957,11870.118279569893,2584.6275681064253,3234.15770609319,2462.4192562893018,11883.68817204301,2302.6124902187503,3293.6487455197134,2632.476408563637,11450.501792114695,2829.339716137552,3512.8387096774195,2873.0964807261375,11529.885304659498,2753.544665373658,3598.336917562724,2893.3535907638643,11481.763440860215,2675.930300403106,3970.2401433691757,3337.774184523561,11185.985663082438,3186.659623139966,3836.641577060932,3185.4631255609124,11063.516129032258,2993.8695177791433,4628.132616487455,3829.1004128330505,10420.430107526881,3780.830223806479,5037.641577060932,3850.31749422339,9866.304659498208,3934.3897706353864,4625.867383512545,3723.7549897055255,9897.68817204301,3590.5435581122424,4999.125448028673,3884.3864642476865,9786.035842293906,3935.9584444463526,0.0035842293906810036,0.0,0.8494623655913979,0.0,0.1111111111111111,0.0035842293906810036,0.010752688172043012,0.0,0.0,0.0,0.0,0.9605734767025089,0.06093189964157706,0.0
TOP,PLATINUM,420,0.17370027624297807,0.11811242373917467,0.195532916875108,0.0932283126665331,0.20088294000801693,0.1394065202033257,595.6444162767127,205.45712863218395,17.871228433860953,75.73759440399894,0.04655177311464865,0.04807266546293101,770.6415170551794,367.82125299180757,253.71128863537697,190.45971922182756,133.02608528627812,112.10299536776564,0.7120896969467276,0.6286023795436864,854.5768651944736,225.08897203968857,382.9776714211598,70.47463874502294,5.962312816398594,1.0821297625751454,6.554498139223251,5.355132747164376,0.38570323102080817,0.1451508760560237,0.20007106384121773,0.08256798725761508,0.37458321625099505,0.1950807267527402,0.6452802354189269,0.24824268550016362,0.28699087866884093,0.28510496714763717,0.07255862870463037,0.1377594680622785,0.06247525492401122,0.05704954560396686,0.283382231436032,0.09493067848230709,0.07260634426135675,0.06300712105787404,8067.756097560976,6950.669518218544,8094.024390243902,6953.9237680701035,5722.292682926829,3047.3835053570956,9170.132404181184,3382.3027467274014,2462.6341463414633,1066.2266755831313,12426.57142857143,926.837155538724,2858.045296167247,2000.5088150068482,12221.386759581881,1525.3677489295583,2902.240418118467,2084.058349527381,11826.146341463415,2320.0889389855297,3357.02787456446,2856.5113556739834,11738.672473867597,2683.0537210376406,2944.031358885017,2329.711723753907,11713.226480836236,2512.951556526739,3311.7700348432054,2814.7172949388046,11472.878048780487,2735.879316038821,3195.0383275261324,2531.126390802753,11680.853658536585,2329.6693062345553,3546.452961672474,2930.18106263804,11684.30662020906,2515.3367588755236,3423.8745644599303,3034.1598689068837,11278.783972125435,2904.235719429114,3541.020905923345,3096.9023537032294,11092.365853658537,3247.071585777809,3867.156794425087,3332.224206238865,10985.365853658537,3164.849861431562,4504.4390243902435,3601.037523706619,10580.926829268292,3538.8075919649827,4670.606271777004,3605.5713525046876,10353.303135888502,3543.4406941900243,4893.90243902439,3821.535996829542,10152.557491289199,3741.9061084533373,0.006968641114982578,0.0,0.8362369337979094,0.0,0.11846689895470383,0.003484320557491289,0.0,0.0,0.0,0.0,0.0,0.9686411149825784,0.05574912891986063,0.010452961672473868
TOP,GOLD,420,0.17942388571220363,0.10886605857511046,0.19715499484821553,0.09209689172282842,0.19821676072242386,0.12408874522191939,605.1833329694512,233.93753849452008,12.391569395452011,66.24841118882156,0.039743305744617215,0.032758035261247535,815.0802500570788,430.30597143516974,253.87550825491343,206.67857661376453,124.36322054059625,93.35786051922891,0.7264512836780586,0.5303620321223724,883.2540107972903,238.01077265953614,381.23672076672653,65.72115473773574,5.798517737537364,1.082122123773936,6.529774276420051,5.936798455274899,0.3970354418817707,0.14924424678981638,0.19983024949301406,0.07988786303316639,0.37764064643462747,0.17714925672365245,0.6121083334080909,0.22923877567056752,0.3249676204226855,0.32273817743922173,0.07618156286226188,0.13944556091709753,0.054222220123116734,0.0518913234021113,0.278926527786807,0.08530936505371128,0.07253478574905511,0.06047643345861349,7924.421568627451,6962.123948726776,7947.575163398693,6964.48459128174,5192.964052287582,3117.7290382713786,9562.617647058823,3146.0144311283584,2408.676470588235,911.6789177577245,12558.735294117647,618.9285812736831,2647.9444444444443,1713.7713182713992,12219.238562091503,1431.0208571929356,2897.6797385620916,2298.6283483811753,11745.480392156862,2417.223914004233,3177.078431372549,2816.77942484934,11633.95751633987,2934.499641460228,2956.732026143791,2432.9397868922065,11905.114379084967,2422.3780112727004,3397.856209150327,2964.5822704510656,11772.954248366013,2786.9437796064008,3334.8071895424837,2545.6825266785854,11879.111111111111,2242.085687532213,3215.156862745098,2532.183008478684,11703.764705882353,2549.2389240705043,3666.516339869281,2829.436876383188,11484.058823529413,2805.574758882035,3590.9771241830067,3253.5352327814726,11157.76797385621,3241.050156933374,3700.777777777778,3077.0912946646995,11289.928104575163,2905.4397022940534,3853.5882352941176,3230.981282255805,10973.019607843138,3376.3142091574555,4117.150326797386,3399.592702260403,10615.6045751634,3513.7182356938997,4645.705882352941,3660.0762105876356,10202.650326797386,3751.456135905476,0.0,0.0032679738562091504,0.7908496732026143,0.0,0.16013071895424835,0.0032679738562091504,0.0,0.0,0.0,0.0,0.0,0.9771241830065359,0.06209150326797386,0.0032679738562091504
TOP,SILVER,420,0.180127731135796,0.13286083879576274,0.19092738772616064,0.10127351115394322,0.16816314418236333,0.124434232774599,583.9073947700143,240.9274359689756,22.239277353637632,96.24001329947681,0.04734845388119922,0.05494785920703706,707.0482886495705,364.69507840767056,240.41081943415273,208.243131336253,138.21469916941228,124.08048507606175,0.7653913972220371,0.5959789174334199,819.8636974817379,241.10446609934132,372.29855891247433,76.88243308380076,5.691110665304681,1.2232873765969745,7.951807043114421,8.34570349771116,0.3704741695945365,0.15667401257944286,0.19976124876806922,0.09300978753233126,0.34829087531815933,0.1953943943406506,0.5925320937997418,0.2696225524559738,0.2622070360090403,0.2919227923629949,0.07373260493102973,0.13533054124736774,0.048622110475995725,0.05028283443015964,0.2620326711931791,0.09160102944615375,0.05700667857425201,0.05517406534380283,7625.391585760518,6970.190598955895,7647.550161812298,6978.232810953768,4624.165048543689,3179.7632899027863,10081.336569579287,3141.126863208284,2358.7216828478963,770.2679919553486,12407.864077669903,1179.7366097897122,2542.5016181229776,1663.046991598135,12066.805825242718,1774.2862515483484,3114.135922330097,2460.900540143409,11716.84789644013,2531.116990637905,2891.663430420712,2132.9610424081943,11886.815533980582,2454.4003370605838,2877.4789644012944,2206.8031125681514,11902.132686084142,2448.139193664858,3233.673139158576,2772.8871575074345,11467.304207119741,2886.61693946556,3258.653721682848,2734.0048261556294,11846.268608414239,2342.9161404650467,3228.5760517799354,2778.1646524131947,11628.721682847896,2661.757170362537,3294.035598705502,2733.102060316307,11570.275080906149,2440.128768702801,3539.42071197411,2949.2794108402118,11285.26213592233,2744.1429195433384,3821.0388349514565,3018.514090851452,11480.88996763754,2956.158826472977,3935.0485436893205,3302.793515703959,10607.83495145631,3281.0942933161145,4271.05501618123,3411.5093120090455,10832.100323624596,3276.727932130038,4433.582524271845,3469.100594144109,10332.983818770226,3677.606176753536,0.003236245954692557,0.0,0.7443365695792881,0.0,0.18122977346278318,0.019417475728155338,0.003236245954692557,0.0,0.0,0.0,0.0,0.9870550161812298,0.05825242718446602,0.003236245954692557
TOP,BRONZE,420,0.18735550598578796,0.13399037276046527,0.18742841905633098,0.09578232724799611,0.19221391319803535,0.12788548629745916,609.7395512314837,275.37717222036275,14.886133462009827,76.73704835313175,0.03968099780890601,0.0336076016566593,781.6959633202181,425.51774124986554,254.52872273023146,200.86264382459063,143.19149960038393,119.26957881130812,0.7793940228673859,0.5946110502250725,845.2821245261248,258.75351096441887,368.0680855967033,77.04052519019284,5.218703504971098,1.2542554152978695,7.44373043578653,7.997593510193607,0.3966257821276104,0.1593593076779166,0.19554061297196584,0.08417011451041359,0.3795694191838233,0.19371811531746227,0.5480030724116973,0.24688512179350583,0.31191417076413663,0.34077378600876085,0.08173223084206147,0.1463004784466043,0.037063367027526245,0.04807976925440162,0.25673113155505195,0.08774361019171119,0.04558675212120043,0.04438005189160441,7920.267741935484,6963.831938747828,7942.935483870968,6964.847679112243,3944.1451612903224,2598.811843569573,10754.190322580645,3063.4625880504905,2458.122580645161,1011.3912993149033,12448.23870967742,1170.4538692256883,2621.5806451612902,1532.5379773602226,12267.04193548387,1431.04046884721,3048.858064516129,2243.6460500515896,11887.938709677419,2388.0612790727846,3013.2548387096776,2160.06722062769,12024.416129032257,2503.693850588294,2895.541935483871,2240.017763853251,12043.609677419356,2125.8551020980713,3085.2645161290325,2463.311907656083,11824.909677419355,2492.460602676219,2924.6548387096773,2217.3510786622114,11537.73870967742,2580.599081141928,3167.8967741935485,2282.9132403786957,12022.477419354838,2299.583455556191,3236.916129032258,2562.8104603591087,11733.922580645161,2277.4647533441016,3363.6193548387096,2821.4282911697715,11743.929032258064,2417.81792850503,3471.6709677419353,2751.374944561749,11412.741935483871,2783.426001996768,3662.748387096774,3031.7446675744845,11237.28064516129,2747.0139896794717,4165.193548387097,3229.3979332007816,10934.764516129033,3309.7865220268427,4354.493548387097,3516.0630176336695,10693.841935483872,3412.128077462209,0.0,0.0064516129032258064,0.6645161290322581,0.0,0.25483870967741934,0.00967741935483871,0.0032258064516129032,0.0,0.0,0.0,0.0,0.9838709677419355,0.06774193548387097,0.00967741935483871
TOP,IRON,420,0.17502159753485264,0.12735129505785842,0.18595165736812005,0.10193277371607733,0.1657983019048492,0.1218168122914744,570.9875124884946,279.04300408511494,17.113765378179142,95.52425672082418,0.04050664633993691,0.023083776322771282,722.6699919001795,434.83410724163144,236.15254767644225,197.10257058786772,139.26787410043192,124.97513768825942,0.7250948427126886,0.534778407145315,802.6866733595156,279.97179947545635,354.3554191765464,78.21826751955244,4.999804484921637,1.3881815347382291,6.253283133826627,5.927380643482804,0.3837913734249372,0.1607712041391338,0.19314817511164617,0.0885443494477022,0.34081989943970187,0.1899049803265218,0.48515512840446756,0.2014047279476032,0.2684776723372926,0.3231389944876809,0.06601294141863215,0.140601488801222,0.029789835339973165,0.041977661399083245,0.25100470293496274,0.08349839788825686,0.03581312192101965,0.04243511601296642,8097.040293040293,6951.28012823283,8121.476190476191,6951.383152171323,3762.355311355311,2766.839114547447,11013.369963369963,2754.5422911887604,2480.985347985348,950.0188851478008,12249.201465201466,1507.9765268683993,2563.978021978022,1402.6467626211745,12142.871794871795,1650.390206214192,2954.230769230769,2308.930673415295,11891.12087912088,2380.3024778523027,3073.8571428571427,2520.38004941465,12107.626373626374,1779.414617774321,2927.168498168498,2573.4189208312396,11982.57142857143,2016.9238214867394,3131.326007326007,2782.8985537098274,11732.003663003663,2424.912339983485,3066.168498168498,2567.419355690569,11685.28205128205,2385.106764229276,3264.098901098901,2828.747985059243,11677.593406593407,2459.711559390154,3635.3956043956046,3171.593775724739,11597.3663003663,2692.688910961142,3316.3443223443223,2945.9181640934394,11351.369963369963,2727.361487312754,3533.78021978022,3020.683690635617,11390.28205128205,2785.974954282593,4216.040293040293,3564.756606531739,11419.835164835165,2725.3698828718225,3932.3333333333335,3475.4444598680398,10864.992673992674,3257.8658421632967,4314.721611721612,3402.569182230113,10558.831501831502,3550.1778912808413,0.0,0.0,0.6776556776556777,0.0,0.2564102564102564,0.007326007326007326,0.0,0.0,0.0,0.0,0.0,0.9853479853479854,0.054945054945054944,0.018315018315018316
TOP,TOTAL,420,0.1787909939396726,0.12381138398527032,0.1900544675269272,0.09641193649988944,0.18720098217813785,0.13094776506422093,591.7387767679231,243.65825452371757,16.541779414536627,81.22326663360336,0.043393243076369735,0.04369563222222986,755.4212523606749,407.4775433732686,250.98531993152685,201.3144315135607,136.2212844053113,116.7286406930668,0.7365071850182916,0.5766594741538571,839.8726274826046,250.38842214820727,374.70583836146454,75.18317504713978,5.644824628567198,1.2901562292118594,6.985670795256785,6.824080435920926,0.39028241002367686,0.15613885558929125,0.19742714601131872,0.08581580422002538,0.3659919761178105,0.19140113021354951,0.5932068260230294,0.2528920608045674,0.289285168894532,0.31180241767315414,0.07295126449573021,0.1397550906612097,0.05051161198546909,0.05488565658660536,0.2725283034340769,0.09160300545324951,0.060750101162649846,0.058033223700322045,7946.842970521542,6952.0143747686325,7969.622448979592,6955.521324893622,4872.477891156463,3101.6306117236554,9989.819727891156,3153.7695246782478,2457.331065759637,972.1883900919648,12435.170634920634,1101.3040997645428,2687.151360544218,1724.9666818959179,12196.048752834467,1547.0382579033012,3072.625283446712,2424.125155106278,11803.507369614512,2417.2893993516623,3138.0243764172337,2530.134243662567,11874.563492063493,2525.074411093505,2969.3327664399094,2372.034521866117,11906.309523809523,2313.6050524295065,3242.425736961451,2740.7548872212756,11622.384353741496,2701.398862580685,3213.2312925170068,2584.923463094841,11695.878117913831,2442.979868521386,3331.282879818594,2710.528254408791,11704.30045351474,2530.7336340409365,3529.516439909297,2950.5248466001026,11480.065192743765,2726.6109528919637,3530.215419501134,3044.4162853516323,11287.525510204081,2912.586454460887,3829.4795918367345,3196.5265550542413,11173.418367346938,3090.8228620230516,4183.579931972789,3454.611885014048,10785.80612244898,3323.286859680719,4294.4569160997735,3476.887616104818,10591.988095238095,3430.2945752226647,4602.4268707483,3631.6774756759455,10292.881519274377,3685.334896150981,0.0022675736961451248,0.0017006802721088435,0.7596371882086168,0.0,0.18083900226757368,0.007936507936507936,0.002834467120181406,0.0,0.0,0.0,0.0,0.9773242630385488,0.060090702947845805,0.007369614512471655
MID,DIAMOND,420,0.22903338567325274,0.1578782224556206,0.19789772838814496,0.1007673419036262,0.22549934442593286,0.14334861976791263,630.9722011434025,239.01046553630422,16.683646406829073,56.98971498515843,0.04844243798689661,0.04044248567713599,498.2192484785321,264.2221780104408,205.19829073626423,169.30225311238917,88.4340570870452,93.1299040321656,0.7139699566409667,0.7584748037939838,724.4132543983949,196.22153194771317,402.24669201652017,78.76059039424304,6.212013012740139,1.1813897625770609,6.093212578218779,4.8399564729839035,0.49707363471319055,0.16283737767720946,0.20909523525762036,0.08421264891084243,0.4545327300991856,0.23528148415903638,0.7519319505733828,0.2658706140852665,0.33666971283196,0.33027753762626805,0.06635458247369325,0.12890000058128492,0.09986558916358505,0.06901160950473356,0.3091710139304558,0.10905222881305213,0.11679351845480382,0.0832848784653335,7851.756272401433,6949.335340979767,7803.8100358422935,6950.231857043441,7805.706093189964,2427.1326155469847,7273.573476702509,2377.0616165624047,7349.931899641577,955.1151192548007,7551.043010752688,906.4288602637056,7360.982078853047,1222.9629383585345,7730.555555555556,1192.345311278129,7346.4838709677415,2650.039679136505,7872.4982078853045,2657.667624165284,7372.204301075269,2299.436269165262,7535.860215053764,2228.203999440737,7596.8279569892475,2428.3489874454012,7308.802867383512,2488.8697748100385,7520.971326164875,2595.9493722065818,7483.709677419355,2680.0074811206864,7531.254480286739,2506.9213304986242,7337.8351254480285,2460.311405112912,7547.232974910395,2511.998135464636,7134.017921146953,2526.447048075229,7551.73835125448,2911.3743509122614,7281.598566308244,2911.519170714283,7378.286738351255,2699.441300482667,7327.928315412187,2803.59666390079,7258.430107526881,2928.6733746195364,6960.763440860215,2914.137998581009,7897.394265232975,3014.0772814220045,7126.4838709677415,3147.7267974913884,7643.448028673835,3105.570860645544,7098.8100358422935,3006.6142116574665,8051.046594982079,3402.8396924688122,6505.580645161291,3297.3534449274803,0.021505376344086023,0.0,0.2831541218637993,0.0,0.6272401433691757,0.010752688172043012,0.021505376344086023,0.0,0.0,0.0,0.0,0.989247311827957,0.02867383512544803,0.017921146953405017
MID,PLATINUM,420,0.23786661611779072,0.14615302705901242,0.20562726933216247,0.09774747569339477,0.2339843609716648,0.13262401131196236,656.7701031508336,224.36424390789358,14.865211537914792,54.44453680186619,0.041679070852807296,0.025833992330354234,515.8603998274714,243.80606983044711,181.16546653632184,169.98518058255834,82.63183350860798,93.6711162054513,0.7780380428692668,0.918828956371909,752.4128543514304,206.37433178022005,396.4666198478272,69.22209503132007,5.830383334645754,1.0180220167180984,5.879880574272465,4.99951920427072,0.4922519727909028,0.1448084421828603,0.20930065826872565,0.07988098017853035,0.47185097708945567,0.20770365434145246,0.724885273432806,0.25641197963349743,0.39062931752296176,0.32849587347559606,0.058723292691848124,0.1190391516386498,0.08995502352566878,0.06274864176380242,0.30682524498531644,0.10870935552452483,0.09818208939792744,0.07525671210870875,7882.79649122807,6952.816875751448,7836.768421052631,6959.40952770789,7790.859649122807,2222.4017226532173,7015.845614035088,2331.3156785348606,7492.39649122807,929.5075293781885,7455.480701754386,876.6782921752636,7289.0,1584.686666500957,7586.028070175438,1586.3942414639987,7470.252631578947,2024.5351281833398,7532.035087719299,2087.050607484432,7588.178947368421,2390.0788541662578,7480.926315789474,2412.7994110726745,7649.533333333334,2371.078276528894,7373.785964912281,2409.547679737648,7640.368421052632,2420.2435975608882,7271.252631578947,2335.656102449653,7819.0842105263155,2687.7970376162757,7238.849122807018,2542.3079057658024,7527.105263157895,2507.367523386102,7475.238596491228,2364.668080939079,7652.596491228071,2703.4362592327057,7373.491228070176,2668.852185910581,7644.161403508772,2645.2264863330747,7089.957894736842,2705.57056770147,8069.4315789473685,2829.4247884519395,7192.5368421052635,2787.20102600751,8285.322807017545,2728.6166710775324,6916.677192982456,2764.9822989919066,8045.182456140351,3208.983851775938,7166.831578947368,3246.674252820698,8215.659649122807,2993.7010797473013,6781.894736842105,2986.5753061497026,0.014035087719298246,0.0,0.2596491228070175,0.0,0.6807017543859649,0.017543859649122806,0.014035087719298246,0.0,0.0,0.0,0.0,0.9929824561403509,0.010526315789473684,0.010526315789473684
MID,GOLD,420,0.23893263630047198,0.14735000377007787,0.21210345820925824,0.10099820783335031,0.2155513167359802,0.12543368429124888,673.0249733285042,254.26305628984468,8.886560895108264,42.89540976299126,0.03907793835574203,0.03600907383683013,547.103282253554,329.02240359367005,204.33330915711454,190.1760283813718,96.98617324003116,121.45815056816815,0.6809293833737853,0.4875597611305056,774.060182229768,227.75404040195986,394.24039818233183,76.29196705067254,5.651594464256561,1.1930359603743563,5.735196040108175,4.613639060755648,0.4771068783318034,0.15619304204022696,0.21363293252196422,0.08341977882102278,0.45448395303645217,0.2029966636989906,0.7272721139673579,0.2684659848555727,0.3803997727010914,0.3769293725496695,0.06804656553393337,0.1545922517182539,0.07868797318854247,0.0626408744829476,0.31009035131344787,0.10278574344067899,0.10581019399858736,0.08401373186181132,7728.921568627451,6962.225494513324,7675.679738562091,6963.574711031161,7685.303921568628,2351.0032087720983,6933.787581699346,2349.1953315018736,7472.202614379085,606.6209269195625,7418.261437908497,484.62694486420935,7316.888888888889,1231.0823043455948,7442.424836601307,1251.953284064338,7321.130718954249,2175.0800285041273,7561.434640522876,2096.1519382366228,7609.408496732026,2056.3694108536974,7354.303921568628,2072.147642324535,7570.192810457516,2191.6004045432287,7219.111111111111,2152.702024732168,7818.6209150326795,2439.801748211834,7356.549019607844,2514.0293031174997,7859.330065359477,2605.248870565903,7317.934640522876,2686.3021732869024,7702.513071895425,2261.4219148309644,7460.5522875817,2217.158010787239,7591.702614379085,2792.6398862407323,7477.679738562091,2648.6762042199953,7650.316993464052,2507.695340773377,7319.490196078431,2527.3019790571507,7609.777777777777,2740.2186073430607,7044.205882352941,2712.854203226794,8084.816993464052,2831.87669903369,7028.444444444444,3172.9134254026194,7791.235294117647,2916.5714202421295,7006.212418300654,3000.8256848401074,7979.614379084967,3149.9852783922097,7156.081699346405,3182.330019133839,0.032679738562091505,0.0,0.24183006535947713,0.0,0.6470588235294118,0.029411764705882353,0.029411764705882353,0.0,0.0,0.0,0.0,0.9967320261437909,0.016339869281045753,0.006535947712418301
MID,SILVER,420,0.23500132382063765,0.15018505598499535,0.20291601713724056,0.10867603434750907,0.2105919805211054,0.12753134227085494,637.8918552942031,255.463965123932,6.508406314074702,32.48205115930459,0.039890290522248004,0.0256418428380242,497.3626527619467,306.3728656047618,203.44823663389724,195.79475493221676,93.60159224500613,104.07596997522484,0.6869851675356531,0.6106234063603725,718.7465723641702,233.45722443889258,386.63648367447416,73.20747221866776,5.49226986144272,1.2087036093893202,5.874784568475245,5.383050224848569,0.4785534073536094,0.15580523683492353,0.21291620355753652,0.09672025147685709,0.445593304341743,0.20948734556927556,0.6492789633872197,0.2654960178064047,0.3892562083705684,0.40290523137463297,0.07127934371407287,0.14036780410107544,0.0682896101999707,0.06371585756603852,0.30322768600529987,0.09440599400318538,0.07083748282715907,0.0701294803919512,7413.633116883117,6973.48247640099,7360.506493506494,6977.625037886373,7517.840909090909,2391.2272067731665,6784.613636363636,2305.2839184576455,7402.159090909091,983.7154709071636,7434.366883116883,969.6735632962909,7475.607142857143,1237.5580892683925,7533.896103896104,1180.3360487028713,7169.581168831169,2003.2734326993132,7239.688311688312,1988.8047169614756,7458.659090909091,2288.5898345124447,7293.233766233766,2222.202284679611,7545.590909090909,2155.5790612799356,7280.782467532467,2165.429561785184,7597.107142857143,2329.2003475101324,7469.198051948052,2237.2104932854554,7592.275974025974,2511.251117352581,7073.262987012987,2329.7216381079893,7958.782467532467,2539.242279979262,7250.457792207792,2521.948918346068,7707.116883116883,2734.2565233495384,7680.318181818182,2552.8274487558133,7354.633116883117,2814.8731259367974,7317.126623376624,2666.560556015559,7748.142857142857,2470.6646850675666,7186.902597402597,2407.586858055422,7964.899350649351,3112.5930640979373,7172.850649350649,2911.587815314218,7847.5032467532465,3171.7953541675834,7036.75,3107.550223257083,7724.084415584415,3301.784049292177,7218.636363636364,3207.4660994919323,0.016233766233766232,0.003246753246753247,0.24025974025974026,0.0,0.6590909090909091,0.03571428571428571,0.022727272727272728,0.0,0.0,0.0,0.0,0.9967532467532467,0.012987012987012988,0.012987012987012988
MID,BRONZE,420,0.2398827750211921,0.158221116346432,0.20346658815521465,0.09629315961474866,0.21531141587656136,0.11882534259420058,642.8148350731207,272.9670600175012,8.97074416170059,40.65941872304405,0.0380632869956905,0.024050698327819264,530.2656242906477,321.95054205530386,175.01427536131877,174.9905804707303,89.93896155813844,104.70288676747306,0.7156544221607417,0.7776605765031414,745.0670835492419,210.70553957939708,374.35523201010454,80.13863856635626,4.979995023905391,1.2831828792163211,5.524775221619305,5.447367341365424,0.46852141625605853,0.14867469334512803,0.21091681210924998,0.0801001325644276,0.4551941908977535,0.20898090303402203,0.5998233452657725,0.23710190347406893,0.3801343320117444,0.4043511513708824,0.07930359887323514,0.17104876926440604,0.05331009957222585,0.05538033375869925,0.2836104918111651,0.10057846806589545,0.05695761810314071,0.055222497368713826,7747.773462783171,6961.425007627817,7696.417475728155,6964.020765190558,7616.411003236246,1868.420951834773,6859.757281553398,1810.7084578882132,7375.754045307443,626.2450075168274,7397.919093851133,579.5233178229112,7502.501618122978,1255.1700113142315,7559.864077669903,1172.1742372634274,7324.754045307443,2084.5668936532297,7642.605177993528,2073.741250055294,7559.242718446602,2129.785766614967,7550.828478964401,2124.802305478826,7408.255663430421,1850.2600350791247,7340.016181229774,1920.7875844409532,7841.537216828479,2285.100826743349,7242.3236245954695,2180.7710566266665,7673.122977346278,2763.6104792338892,7374.349514563107,2678.6529459255585,7495.974110032363,2165.6998042629725,7468.922330097087,2041.98236230722,7494.73786407767,2508.8530492278933,7496.0485436893205,2386.663558703039,7514.472491909385,2745.886538064285,7255.281553398058,2788.1231669076114,7527.650485436893,2832.4028085091886,7214.501618122978,2728.1524415463946,7824.385113268609,2898.5556015422944,7080.708737864078,2877.37484060254,7928.459546925566,2826.2145445396263,7257.588996763754,2817.491086425355,7967.491909385113,2871.0410264260145,7191.495145631068,2888.0778553979453,0.019417475728155338,0.0,0.2297734627831715,0.0,0.7152103559870551,0.019417475728155338,0.009708737864077669,0.0,0.0,0.0,0.0,0.9935275080906149,0.0,0.012944983818770227
MID,IRON,420,0.22793900556588545,0.17279130913699328,0.19716397467748747,0.10549333050088347,0.18860135590588098,0.12660117095610007,620.3483814554114,287.2383350282097,6.764530741737069,38.2153149029717,0.037759603007967685,0.018785670571198156,489.4994594571457,314.63004384178464,167.04735742946946,177.73973439948531,89.95869624279834,94.549780437765,0.7182410309339313,0.6705147698491912,711.0451997243891,237.57702062698965,362.1723456484055,88.89235902957094,4.815826486146212,1.3338156513848964,5.1856845876325615,4.168945235338557,0.45513421534097714,0.17899121151010847,0.20532273349607216,0.08747475738075336,0.4165403614717665,0.23183335996591375,0.5416299687505326,0.2177216886944514,0.28775170967567315,0.3557098224839737,0.07237855726852788,0.1712344942807757,0.04400657090998362,0.05500821314183893,0.2770937803972552,0.08823953576548078,0.047814169833056294,0.052720873330962745,7909.956043956044,6953.280395810789,7855.630036630037,6950.233958089664,7642.655677655677,1905.246972984099,7170.391941391941,1942.4157081626922,7440.208791208791,933.4374429614609,7534.534798534799,876.3379223310449,7535.681318681319,1501.7804620373374,7671.831501831502,1446.18981171352,7390.271062271062,1652.8986414484636,7581.40293040293,1617.3550958796438,7547.663003663004,2420.338707607957,7523.3003663003665,2350.5638742853707,7399.794871794872,2377.4354869338576,7504.846153846154,2367.2542651046397,7662.18315018315,2345.982119718428,7220.0989010989015,2265.119564375776,7564.388278388278,2564.438782229608,7504.802197802198,2507.1506862714937,7783.5018315018315,2279.1077945439624,7498.421245421246,2294.2503281515387,7386.1611721611725,2767.5635035147534,7416.912087912088,2709.768144446092,7610.556776556777,2662.3656727851762,7532.446886446886,2709.961678614346,7716.128205128205,2422.7221416032794,7412.128205128205,2328.9749185002006,7739.062271062271,3013.270404261173,7304.0329670329675,2915.785003461191,7751.227106227107,2819.6777427984816,7186.8388278388275,2943.4624350042204,7899.007326007326,2871.5813459515157,7180.472527472528,2999.117210827088,0.007326007326007326,0.0,0.19047619047619047,0.0,0.7435897435897436,0.02197802197802198,0.007326007326007326,0.0,0.0,0.0,0.0,0.9963369963369964,0.007326007326007326,0.02564102564102564
MID,TOTAL,420,0.23496432991030897,0.1552784562200067,0.20336134675975984,0.10171916486409714,0.2150228923645643,0.12958577441818578,644.1033800915087,256.62142702799923,10.360156961880039,45.003699377680796,0.040743159836333656,0.029571762441409195,513.6989295648965,299.43194246738625,189.63288081163608,180.67065329819795,90.3864188044881,102.74988830829331,0.7148359664355469,0.7140880305216096,738.1399942382144,220.10360273365396,386.0739940897207,78.92072055310284,5.493952839443231,1.2943417709208414,5.717626900146717,4.944788780170293,0.47806208464547717,0.15828952335750596,0.21032075424834726,0.08546631211912199,0.44998722227487326,0.21620093216609554,0.6659743749384193,0.2633727983675145,0.3622563484840441,0.37035250732692443,0.06948267729022327,0.14897330556679333,0.07221478150283188,0.06442666356114223,0.2984476855210571,0.10157219705552803,0.08262291111359499,0.07551633931611411,7749.526136363636,6951.248808291102,7698.475,6953.429770643408,7673.466477272727,2206.2182710932307,6998.536931818182,2200.281371432581,7421.936363636363,849.903047299078,7462.619886363636,799.7490114750393,7413.663636363636,1343.6852988768226,7583.564204545454,1310.9444704602888,7334.136931818181,2117.557249776893,7567.027272727273,2112.8313003788694,7523.602272727273,2260.9843001340096,7453.61875,2232.8731208043855,7528.095454545454,2228.342008757912,7334.717045454546,2249.126204542934,7683.564772727273,2401.7898130781027,7341.388636363637,2371.164777854257,7675.629545454545,2609.0399771391385,7304.355681818181,2538.5929911743997,7670.641477272728,2382.5806090449532,7381.744318181818,2331.683357750165,7566.519318181819,2733.861090959734,7458.985795454545,2644.194564119518,7524.435227272727,2680.612645032744,7305.005113636364,2699.169658705716,7654.805113636364,2717.7042938579393,7166.938068181818,2654.322803529732,7967.234090909091,2936.954791860794,7103.081818181819,2967.1055287937434,7836.663068181818,3010.2568241524064,7124.396022727273,3019.1066180983457,7969.811931818182,3104.9745460529903,7013.317613636364,3103.5148926205334,0.01875,0.0005681818181818182,0.2409090909090909,0.0,0.678409090909091,0.022727272727272728,0.017613636363636363,0.0,0.0,0.0,0.0,0.9943181818181818,0.0125,0.014204545454545454
JUNGLE,DIAMOND,420,0.22667767093667476,0.14957485292223427,0.1932539056527041,0.0950130578640178,0.290992775126489,0.16982658323068317,514.6162141580504,218.07554995253082,82.75663407417942,234.31668424075224,0.06664283741477253,0.09588475219539874,682.4677165424068,313.8995161199575,723.3821990203847,410.6030519383369,38.75562889031779,59.85051075790309,0.6659560969282734,0.36153654498875004,962.1094220345007,208.10677385942716,392.6240645719129,72.86555136316898,1.1555072825647772,0.6220733025951838,11.565987212240685,5.46407618297659,0.5698624837563725,0.15345684627866074,0.20534717457594895,0.07262318124724472,0.5176704460631638,0.24073161885791444,0.9472599561508438,0.3114699746456398,4.523039590778878,0.9373577542197795,0.39170799564508857,0.3674506179014507,0.16960274864653557,0.10876365436957808,0.2679006861065651,0.16881943470435354,0.1635637849468068,0.10579656677380352,8114.317857142857,6949.606442200314,7925.414285714286,6949.832795477877,8366.44642857143,3016.2257690022034,6534.471428571429,3354.9386384847567,8563.871428571429,3248.77968342558,6892.785714285715,2631.011536086642,6399.2,3043.414917701877,8635.732142857143,2943.234504917075,6970.928571428572,3259.3669848351037,7778.932142857143,3190.6444668214717,8161.7357142857145,3358.232653280387,6969.25,3460.0963473543493,8081.446428571428,3465.67253901136,7214.403571428571,3569.263991174774,8150.696428571428,3163.6944133727325,7070.267857142857,3357.0481299250664,8011.871428571429,3178.0148451777245,6968.364285714286,3237.0053590899824,7371.5,3392.238138957501,7669.185714285714,3399.750433779157,7393.796428571429,3375.368619400417,7795.3,3270.900545052882,7723.460714285714,3492.2370199442394,7254.928571428572,3399.408440300108,7853.857142857143,3337.1281153668247,6785.146428571428,3330.9146165554735,8451.567857142858,3469.65281577935,6942.346428571429,3415.8581132954587,7835.121428571429,3360.3887489905146,6912.253571428571,3319.578011677755,7273.803571428572,3409.1920716423715,7138.760714285714,3476.7311115625575,0.0,1.0,0.0,0.0,0.03214285714285714,0.0,0.0,0.0,0.0,0.0,0.0,0.9357142857142857,0.03214285714285714,0.0
JUNGLE,PLATINUM,420,0.2167722101422709,0.1324670707598897,0.2004143894668426,0.09713690437487749,0.30096690716171853,0.16898771725985723,521.4272788195051,211.15973166345645,94.56159706712302,281.14356956123584,0.06154666882957302,0.08054138863815803,734.2289455070543,346.01122684892886,662.2139825657345,381.8192581520154,32.81251224124681,46.7755851726001,0.7210688102471169,0.5369490164606364,1003.7225636952601,222.47935808135966,382.4355500404913,66.50986133930488,1.1466370350115616,0.5539394180990458,12.190591121285456,6.31053708038607,0.5396810095267994,0.14817926561299866,0.2007278227404524,0.07162359660741385,0.5177391173039895,0.22842794127602076,0.912504041951262,0.3001830327102741,4.301072513421894,0.9154518527519692,0.32181152272168234,0.3118205256789049,0.14366735752170434,0.08870137536418633,0.24101183686574704,0.12946868726522337,0.1564444866617378,0.09902653529297165,8131.208480565371,6950.707049778656,7950.498233215548,6948.454775093646,8859.964664310954,2638.088601020077,6253.247349823321,3071.7272733996433,8447.035335689046,3149.6852840907586,6994.770318021201,2404.6097146279753,6356.314487632509,3095.711344261274,8743.830388692579,2897.896912802331,7265.385159010601,3319.5808123264896,7549.4169611307425,3167.1554550717483,8280.812720848056,3581.756932026697,6889.219081272085,3419.573014912164,8078.187279151944,3627.1360011977936,7022.296819787985,3579.764851754246,8280.95406360424,3224.5625303390784,6658.911660777385,3358.1802426037075,8243.0,3227.8336926672246,6818.356890459364,3266.6612517798135,6728.533568904593,3345.5528036204114,8064.43109540636,3231.990710899662,7316.904593639576,3411.6613163785555,7829.16961130742,3146.31909322278,7588.904593639576,3542.4058891907275,7148.8692579505305,3759.9907924676686,8199.151943462897,3481.648623340067,6922.459363957597,3647.310180693976,8460.070671378091,3305.8974267823687,6621.9646643109545,3353.9155711379244,8439.886925795054,3497.3571421970455,6645.47703180212,3412.1725700087673,7823.671378091873,3272.1924690863248,7393.540636042403,3428.6581883637273,0.0,1.0,0.0,0.0,0.02120141342756184,0.0,0.0,0.0,0.0,0.0,0.0,0.9540636042402827,0.024734982332155476,0.0
JUNGLE,GOLD,420,0.22759798501013068,0.13799621346276758,0.19686419994021231,0.08893953529143343,0.270629789708467,0.14488309831415766,537.9482363968998,244.02501161107782,80.01035548258001,240.6455531751466,0.06111204437771445,0.08765823372145477,756.6718758045914,368.0964891197985,683.2083768625196,419.5747867850099,39.44337127673341,54.00272733706991,0.8173709002785271,0.935986429530231,992.4577064519195,213.48336766444643,389.44318278413647,70.18145505093155,1.3233211189140028,0.637528906997886,11.465148339988863,5.950324606333738,0.5207690215947531,0.15981973813965314,0.1978380255335532,0.07622665262178582,0.49822777471859775,0.2122279279303068,0.8982459283202341,0.3492856693810888,4.22812287152078,0.9357019931608795,0.3295065427130227,0.32481560599748144,0.1193645937164697,0.09225488962664677,0.2568329509605774,0.1483368494002826,0.14169636734095506,0.08854079352836487,7972.4078947368425,6961.919362690919,7791.3223684210525,6960.894852665211,8849.47697368421,2670.1105833880447,6232.3026315789475,2770.0078112612787,8842.64802631579,3142.1436731162285,6775.690789473684,2225.170604898641,6063.980263157895,2843.703778723678,8881.730263157895,2619.50049522684,6872.7203947368425,3256.8032268156057,7905.5953947368425,3327.0381565530984,8173.319078947368,3446.0582686486778,6869.575657894737,3307.382476482292,7924.161184210527,3602.602810044039,7322.434210526316,3569.414190819616,8209.16447368421,3282.862207965709,6890.911184210527,3373.6560069858724,7935.930921052632,3165.5387434789795,6862.296052631579,3230.7144696910054,7163.25,3288.9647969602174,8013.6546052631575,3194.565960970069,7080.463815789473,3502.749974637784,7881.3125,3516.6726779448254,7652.233552631579,3646.698696206846,7584.881578947368,3395.8342883572777,7800.453947368421,3524.32519831566,6835.394736842105,3455.9323266390566,8386.730263157895,3278.6914609305354,6466.463815789473,3601.7588065189134,7976.588815789473,3501.059963778614,6893.710526315789,3387.677277290496,7738.815789473684,3342.0168915264653,7444.5921052631575,3449.451947391529,0.0,1.0,0.0,0.0,0.009868421052631578,0.0,0.003289473684210526,0.0,0.0,0.0,0.0,0.9703947368421053,0.01644736842105263,0.0
JUNGLE,SILVER,420,0.20760945702305056,0.13871579999362763,0.18957408235378842,0.09491966624519654,0.26222546885545,0.1445008263772395,469.27756952419617,228.28255473220335,97.56700105720616,277.18477186131656,0.05798768870268078,0.06459652818332111,699.7451161404096,305.6931729094111,640.5357488191836,401.8445334568299,41.60206031587595,54.35312432596039,0.7318212055349561,0.7318727201318798,955.6648257906646,213.2972514262567,370.5069052549984,67.94697621885183,1.1939585289880392,0.5904052913035704,11.314246624035635,5.6104855550049075,0.5052600276940807,0.1552524262909971,0.19965580833046181,0.08107605690606119,0.46983492587850056,0.21434927596968248,0.7940598474137797,0.3183930582845101,3.994049295656632,1.0084222102519884,0.2871103646320152,0.33071369389351235,0.09006518027943365,0.08311258326863236,0.2518090680808039,0.11951162400352638,0.10767276863955091,0.0854299118719607,7650.090322580645,6973.069396888424,7467.329032258064,6972.528994380128,8655.696774193548,2800.015333694014,5847.667741935484,2741.4314704858643,8381.435483870968,3400.2375998312823,6840.732258064516,2139.315959072539,6144.451612903225,2889.716735523911,8925.487096774194,2834.3791129881774,7271.874193548387,3405.0647181706513,7954.683870967742,3140.667565042175,8301.716129032258,3354.5826680952864,6597.393548387096,3319.5714183088066,8051.583870967742,3575.4110413072954,6769.448387096774,3652.049824145265,8282.083870967743,3252.9148978644866,6842.587096774194,3430.3122217943287,8345.53870967742,3388.663059410292,6636.0451612903225,3058.7812014074016,7043.409677419355,3437.826746798967,8013.0451612903225,3217.1619029709973,7141.187096774193,3253.2142707013786,7849.029032258065,3220.7441615016487,7550.374193548387,3590.5289090301253,7452.738709677419,3604.0559172248936,8037.538709677419,3464.1860357207247,6859.812903225807,3423.3873434644875,8660.406451612904,3196.378002152487,6776.383870967742,3272.5371842643335,8501.003225806451,3301.444843550433,6479.503225806452,3319.1213977106004,7509.2806451612905,3430.0410494037897,7394.4258064516125,3580.091900880388,0.0,1.0,0.0,0.0,0.016129032258064516,0.0,0.0032258064516129032,0.0,0.0,0.0,0.0,0.9548387096774194,0.025806451612903226,0.0
JUNGLE,BRONZE,420,0.21276670016719948,0.15044188904213243,0.20081214677984988,0.10825937310266974,0.2583637548180192,0.1531424846687992,509.5573514300778,241.59355113220929,63.83042172917575,211.74659235186397,0.05320330626460135,0.0709675051834742,727.8732799353222,382.2185885011619,594.5424123323085,382.8962363539778,45.463087221538,56.89112079234006,0.7720207700654882,0.9287048446315687,969.7602362370134,224.62584434560736,369.12373632613554,74.35767954888722,1.23444870433578,0.6066611499304938,10.587540413294194,6.061561618106272,0.4887757478880439,0.16746565688478282,0.20404120261994438,0.08304707501896923,0.4711304549852187,0.22120340640936598,0.7207862764567631,0.26468701526055205,3.7476838871684865,1.0998064182084446,0.2744790520875803,0.31360370764621065,0.0735255467488573,0.0790303431244794,0.23483053130655565,0.1139207852984434,0.0858112753582697,0.07248956681842854,7945.184466019417,6961.272884817889,7755.660194174758,6962.484054709151,8789.15857605178,2541.0884039560774,5563.809061488673,2385.3138510413196,9010.252427184467,3214.957132629464,6654.948220064725,2149.74487399881,5973.391585760518,2758.145501809096,8854.045307443366,2480.227235718073,6877.611650485437,3396.340851543588,8214.0355987055,3106.8678597711983,8034.129449838188,3284.226426945632,7173.880258899676,3313.0998229625106,7834.255663430421,3491.23199090151,6844.754045307443,3541.7979664873287,8245.990291262136,3242.980517905685,6724.423948220065,3394.234516470723,8334.877022653722,3299.3313673895286,6853.611650485437,3189.777058018918,7482.090614886732,3332.4206469750575,7293.278317152103,3466.1152522339166,7098.666666666667,3515.798663522165,7744.197411003236,3341.8055947317293,7648.0097087378645,3481.4167537859926,7640.47572815534,3313.339764207377,7554.129449838188,3515.4661496623885,7111.614886731391,3539.1835387115425,8395.47572815534,3309.2054589736754,6693.4012944983815,3310.3441263022446,8375.440129449838,3268.6664563793784,6960.271844660194,3205.7993224764423,7808.601941747573,3390.3273881481396,6864.624595469256,3380.630474344752,0.0,1.0,0.0,0.0,0.006472491909385114,0.0,0.0,0.0,0.0,0.0,0.0,0.9838187702265372,0.009708737864077669,0.0
JUNGLE,IRON,420,0.19935713209400568,0.14944936453148433,0.19725931982170505,0.10668417138988084,0.21345076960369117,0.14145972135105706,450.44303269371954,243.40973935905757,67.61182152453156,222.9369387233918,0.0513664570988239,0.052998559572499805,667.0415074483321,354.98017044011004,516.7631109759188,377.97815081630546,38.36627780867726,62.13702178234805,0.7923150399683337,1.0832436965900594,923.8650129258126,221.55742076388637,351.21064447617533,75.66837279297144,1.1702378895566918,0.7320204570031399,11.395884164613769,6.489507806360573,0.4548559896834556,0.18146654954496372,0.20428860839290527,0.08648795690223775,0.4128079016976968,0.23603128171811472,0.6404809536100594,0.2548289515519322,3.6219325822021364,1.1557308391843375,0.2977766162656841,0.3582384812670727,0.04957581784500555,0.07272338274470304,0.22801723626517748,0.11343474874342313,0.06288102069254385,0.05999365727622407,8065.282608695652,6949.514734126542,7889.304347826087,6957.030921157722,8995.31884057971,2490.904278254297,5930.536231884058,2504.1325368915363,8863.77536231884,3316.0581605122475,6344.514492753623,2148.091332866145,5922.971014492754,2801.0114457382683,9194.753623188406,2379.976385861749,6650.054347826087,3384.5943912674693,8660.427536231884,2941.0915608452865,8200.855072463768,3257.01918167958,7040.010869565217,3257.588556511977,8370.394927536232,3353.794648645511,7171.177536231884,3600.7394312838906,8099.039855072464,3347.3998270362267,7105.355072463768,3210.4436720875365,8169.858695652174,3508.307830118327,7046.56884057971,3291.390545425515,7658.036231884058,3286.095955904171,7550.297101449275,3262.2250463798373,7184.739130434783,3559.5080493683095,8105.873188405797,3492.9214063779145,7456.952898550725,3465.449583525232,7437.065217391304,3477.7732493526723,8014.952898550725,3648.5253969677724,7047.442028985507,3517.846791884575,8258.039855072464,3693.9741942109863,7140.268115942029,3602.0379616188593,8311.242753623188,3474.779993420385,6930.746376811594,3494.524874062477,7844.75,3607.3664066487872,7313.836956521739,3696.4683005480406,0.0,1.0,0.0,0.0,0.010869565217391304,0.0,0.0,0.0,0.0,0.0,0.0,0.9782608695652174,0.010869565217391304,0.0
JUNGLE,TOTAL,420,0.21517166927489623,0.14336055138774273,0.1963323346987155,0.09862216773990579,0.2661519726606887,0.1561723458895217,500.81967588121057,233.34198867063208,81.0931730762147,246.09620224532364,0.0585975655724171,0.07678113691794003,712.1698569887897,347.38029912246054,637.0915014370037,401.09254559676884,39.5358270410105,55.87099652391668,0.7509130969477045,0.8050841446854226,968.2463218028772,218.51651030924907,375.9394093854835,72.5259482710738,1.2059519814528725,0.627144544890756,11.406384377241853,5.995675211665447,0.5129441382224051,0.16492733750430114,0.20191352473749247,0.07869035294187068,0.4813236419355849,0.2277205369658104,0.8184974172097516,0.32074145028251927,4.0663149575114685,1.0577618884277022,0.3160757519386695,0.3361521061235748,0.10712598969734502,0.09673885934978425,0.2467945298086402,0.13397550969257485,0.11940791671801149,0.09377402349536268,7973.530646992054,6950.133205283071,7790.288308740068,6950.93125620796,8752.576617480136,2700.8898355084552,6051.511350737798,2829.867943202336,8686.364926220203,3250.9633203310173,6752.2145289443815,2290.91353925773,6140.38649262202,2906.1897539124825,8872.365493757094,2701.1874792756157,6987.598751418842,3341.041255650333,8009.224744608399,3164.2072771531316,8191.236662883088,3377.8813212583846,6920.745743473326,3345.8815731392083,8050.4438138479,3521.579242891217,7052.307604994325,3586.424116573479,8213.44097616345,3248.923847721212,6878.042565266743,3356.3544257308404,8175.988081725312,3295.1583434020026,6859.629965947786,3208.465033107832,7238.855845629966,3356.990086756409,7768.051078320091,3304.9625760992785,7198.44040862656,3433.7490218995786,7864.719069239501,3331.595502579881,7604.130533484677,3534.704406338886,7425.7661748013625,3492.356870656002,7905.089670828604,3497.354160299209,6927.345062429058,3483.750289340397,8438.338251986379,3370.5539966610263,6766.930760499433,3427.921681216907,8243.149829738933,3403.5207046642654,6801.3876276958,3354.864390394764,7666.99772985244,3409.8346688727474,7256.7769580022705,3502.667801737242,0.0,1.0,0.0,0.0,0.015891032917139614,0.0,0.0011350737797956867,0.0,0.0,0.0,0.0,0.9631101021566402,0.019863791146424517,0.0
BOTTOM,DIAMOND,420,0.1946377325149559,0.13359382338762166,0.18072052682474057,0.0881113342811127,0.25607689948663315,0.1443102518222843,633.0713468803189,256.0649810825005,85.88292832732267,67.38433872273215,0.10460431129370489,0.04756904869875813,304.5603097153939,128.77982280776732,329.8921385938269,245.86935178868202,131.02844277761287,124.88313692280595,0.545317242404667,0.5247326113572899,570.7084424580132,153.6000029301923,411.2373826463771,70.29928023252667,6.8101309624232265,1.03475994795492,7.256525910821755,7.951068203794943,0.49347131218897955,0.16034414062992783,0.19314015155098904,0.07289642270273901,0.45071463200158907,0.22587138656806358,0.7328978297716049,0.2914969012366455,0.465299329406722,0.3647509811954619,0.06813918108222845,0.12720431386774794,0.06978047573785057,0.05894269606962146,0.32075583543542135,0.09139904937212534,0.1330096268565524,0.08438958359550977,7786.741007194245,6948.407233366149,8040.496402877698,6949.340858932825,9720.928057553956,2505.8126639313955,5221.640287769784,2790.990831156289,12329.28417266187,1095.5955051989438,2516.0359712230215,744.9794696860756,12162.76618705036,1618.7671042845936,2661.7158273381297,1312.0108970754093,12135.420863309353,2033.2956742119252,2991.7086330935253,1786.1078405426545,11794.899280575539,2604.691790895623,3220.661870503597,2565.224100678094,11848.744604316547,2353.1694571586545,3242.2410071942445,2647.0569863526284,11798.823741007194,2132.5253367266005,3297.751798561151,2498.7404465130176,11731.669064748201,2425.5473918302,3230.8812949640287,2408.2764385823334,11864.402877697841,2328.0587293304925,3199.622302158273,2401.037380600045,11559.244604316547,2717.805667063753,3616.4928057553957,3083.4842425339675,11312.05035971223,3046.898151239247,3605.672661870504,2713.660326088568,11375.877697841726,2889.0596897823634,4032.8057553956833,2844.9801617898124,10893.633093525179,3188.7042243263336,4390.028776978417,3243.240450553663,10432.73381294964,3112.8533710077118,4684.46762589928,3283.4583803927285,9983.028776978417,3206.3600209593496,5264.413669064748,3325.3351848795696,0.09712230215827339,0.0,0.007194244604316547,0.0,0.007194244604316547,0.01079136690647482,0.025179856115107913,0.0,0.0,0.0,0.0,1.0,0.0,0.8525179856115108
BOTTOM,PLATINUM,420,0.23864484910707487,0.14958572660555028,0.19190495759302953,0.09314183930912917,0.2662713203149236,0.1377682610462137,683.8835456162367,302.4188949252585,90.92295921176633,69.19890646354641,0.10217344384158326,0.0592743672590535,337.1121644659792,159.4781952716573,365.9556550109999,289.2475359644653,137.32418714340807,117.26472545188898,0.5405473559695321,0.4506883374987287,608.4409933001027,177.3768445808594,421.76290364469776,76.89446079621247,6.476748156443284,1.0455492639804598,7.418434579389673,8.00144784855513,0.5200385107481923,0.146534018620952,0.19412316717550343,0.07188899332308109,0.5049161694219986,0.22372094268193182,0.7618051764832117,0.3050683632997312,0.5274468759073401,0.4300089241767943,0.08272205850657288,0.14834268356990665,0.06180423721155726,0.0553443155281007,0.3146133523002154,0.089336911697261,0.12950146291282363,0.08894068003848857,7707.886925795053,6955.256423471884,7955.7420494699645,6958.3652437803,9506.86925795053,2497.9808315155165,5036.095406360424,2330.7815710615396,12310.095406360424,1132.5861143719649,2485.6572438162543,1166.8589675649334,12241.325088339223,1782.5305803349731,2785.5017667844522,1666.5814085453264,12004.505300353358,2001.1413168507784,3131.2826855123676,2632.2702194983726,12014.144876325088,2351.452123447445,3193.60777385159,2506.3309692004755,12039.063604240282,2102.0029749214086,3163.0494699646642,2172.891627742359,11958.395759717314,1922.7367552665337,3344.0812720848057,2627.5411766926504,11578.876325088338,2685.7455194579725,3129.8657243816256,2596.0815828365257,11561.505300353358,2573.8625172977927,2972.95406360424,2405.0254878427268,11450.11660777385,2929.6606653354897,3167.5159010600705,2443.575839182909,11548.494699646642,2560.3895306633854,3666.8021201413426,2968.9869388352336,11331.643109540637,2646.6999879242526,3590.7102473498235,2865.4017023352385,10950.409893992934,2955.181642574781,3745.2932862190814,2775.116651217128,10745.56890459364,3129.100202280055,4222.780918727915,3071.4459807761723,10205.74558303887,3369.752015247166,4908.597173144876,3314.0793208607,0.053003533568904596,0.0,0.03180212014134275,0.0,0.0035335689045936395,0.014134275618374558,0.014134275618374558,0.0,0.0,0.0,0.0,1.0,0.0,0.8833922261484098
BOTTOM,GOLD,420,0.21503535021319528,0.1411048021470823,0.19857810847682958,0.09261515368256736,0.2581703753268728,0.12680686676196443,673.2821494314844,286.292974870026,93.64565451596803,72.84501106469436,0.09477148924069528,0.03619124653504811,347.79239943652686,205.3053657325099,313.0889216856219,239.2359590673517,123.328291838077,110.00008024547273,0.5018222116475973,0.4439898984334956,618.504301825201,151.10925250580334,404.9377691013092,70.46228626233459,6.198064500454097,1.110519450066141,6.409445015899609,7.10527879005649,0.4936672063020953,0.1625237041875444,0.19756508123631208,0.06785569793747807,0.4732057255400682,0.21478277174510635,0.6828295916351985,0.2729700531691807,0.4749757462073608,0.36232956662983007,0.06997529009953746,0.11928235856419732,0.05442962259280807,0.04882359571669474,0.2981988907342028,0.08286533169853276,0.10390902791707295,0.07704249572781348,7598.382352941177,6961.908346410394,7847.535947712418,6966.377276206137,9503.101307189543,2441.609354946491,5004.7908496732025,2120.36142651755,12378.169934640522,840.8450767880397,2577.346405228758,1166.0699797365394,12124.124183006536,1713.9536876894929,2585.722222222222,1358.2725738531287,12034.052287581699,1958.5173642604,2792.4934640522874,2012.2286954787123,12096.039215686274,2259.380698209289,3307.751633986928,2546.487093067871,12072.460784313726,2109.2043562656213,3051.7156862745096,2108.2859095193244,11783.228758169935,2458.4460158953857,3110.9379084967322,2454.297623687926,11677.235294117647,2381.029565888565,2974.8660130718954,2287.782505358564,11928.93137254902,2394.46150663364,3095.2581699346406,2112.534827808414,11770.081699346405,2438.8314717096982,3369.1960784313724,2594.6230834234384,11706.771241830065,2360.1260955386233,3539.09477124183,2811.604441462429,11804.212418300654,2121.045099027264,3561.673202614379,2853.696391148385,11015.839869281046,2938.301678065624,3729.640522875817,2884.1958691004534,10340.56862745098,3609.88968954519,4130.650326797386,3236.083034854839,10294.872549019608,3466.043268783591,4481.424836601307,3295.2542720225338,0.05555555555555555,0.0,0.032679738562091505,0.0,0.013071895424836602,0.013071895424836602,0.006535947712418301,0.0,0.0,0.0,0.0,1.0,0.0,0.8790849673202614
BOTTOM,SILVER,420,0.21785640873268683,0.14827492114344779,0.1901263435353328,0.10188239335432701,0.24242780696974323,0.14035500551960223,625.3153574515921,277.3667683661737,89.83056356613834,62.68486866911417,0.09522889012301308,0.03152757598588493,301.468165349787,138.42067173940774,288.2159238836589,241.18346449516906,137.5700989077075,134.4665357003071,0.5105151121813354,0.467708007651667,580.2134136432308,164.93912898910682,395.15926555912324,75.00312904277703,5.969266321279414,1.0635710952058088,6.552067229383722,7.635818048898564,0.4858070349837894,0.16116866812692726,0.19624955913105221,0.08704748738864586,0.46028421570243006,0.2340898820160183,0.607061927497821,0.27204088130498816,0.3795296278192974,0.3374094699715098,0.052431427313645966,0.0988162211412271,0.04155128758111843,0.04625974475925566,0.27772596260096166,0.08618149302895299,0.07822897914377493,0.06997012913412275,7301.161812297734,6977.876179771699,7550.430420711974,6977.144270260764,9404.546925566343,2519.9129214557024,5129.508090614887,2374.5964258818703,12363.718446601943,993.0293683041112,2548.883495145631,1046.0220035147897,12079.673139158576,1871.4168672070534,2619.5922330097087,1606.5179279008219,12045.258899676375,2280.422397139773,3048.9741100323627,2199.6713787864337,11836.171521035598,2428.0959497648023,2979.631067961165,2219.9421748214813,11923.73786407767,2252.1365784682425,3041.9320388349515,2395.487029604345,11722.540453074434,2361.8691975451948,2979.4336569579286,2422.4685259839835,11807.229773462783,2438.023060552543,3115.3721682847895,2187.4518088945106,11982.970873786408,2241.7017123896585,3311.0679611650485,2629.162993058358,11864.029126213592,2241.602911486616,3280.5501618122976,2588.212620027406,11971.870550161811,2252.96367931913,3290.0776699029125,2522.8412104547087,11298.954692556634,2950.5379849339292,3251.8705501618124,2438.299995141126,11533.20064724919,2677.834892755101,3789.1844660194174,2951.869414546845,11018.343042071197,3015.6467321470027,3739.084142394822,2838.2935836384236,10664.776699029126,3332.163198748174,4362.883495145631,3349.5992684364232,0.045307443365695796,0.0,0.012944983818770227,0.0,0.006472491909385114,0.0,0.009708737864077669,0.0,0.0,0.0,0.0,1.0,0.003236245954692557,0.9223300970873787
BOTTOM,BRONZE,420,0.22802036544132578,0.1465783501035872,0.18734109785252917,0.09169719174885806,0.25317257869941345,0.1376031653180589,659.3344610003613,292.8458655093712,85.39502614757494,61.30508417691793,0.08762667197070367,0.03121776775775298,323.54204359653653,157.45907908055506,288.4473261109095,219.29890370914063,131.79583309761267,105.6407163579972,0.49400990581573545,0.455704447716668,592.3276448735953,166.89457252167693,390.4794247371204,73.17621739935757,5.528796874707338,1.1519696597362628,5.858147150566505,6.683459749062039,0.4956837109813063,0.15618825409973738,0.19391601076753792,0.07573046452582925,0.48119294414073915,0.21740810251906342,0.5797015933258827,0.24458895392928362,0.39814565118709716,0.3641161240571307,0.06122201278982817,0.11636043723805622,0.03807135223109383,0.046096407462692154,0.2692044026728977,0.08225764730328362,0.0605218599303111,0.057294291270850894,7596.925324675325,6963.688545161576,7841.668831168831,6963.613398533628,9650.655844155845,2199.3746338888577,4932.665584415585,2017.400403036857,12414.925324675325,726.5557704437016,2534.87987012987,1181.9132484619527,12370.227272727272,1294.29545697179,2747.0974025974024,1705.839815405846,12166.305194805194,2039.0523245181234,3049.603896103896,2194.71961041121,11988.237012987012,2369.4194589194963,3159.688311688312,2497.7465662169584,11900.386363636364,2343.818418430843,3102.970779220779,2536.150845255966,12090.944805194806,2130.887049056359,3181.9285714285716,2300.0869141123594,11987.85064935065,2332.9741074625713,3096.805194805195,2434.5429527197543,11863.558441558442,2400.7074716948828,3404.2435064935066,2628.6929442661362,11758.077922077922,2556.0552122323247,3183.068181818182,2327.7298341955084,11829.142857142857,2338.217079972655,3177.012987012987,2461.866669460823,11690.561688311689,2360.3502996163024,3433.87987012987,2689.6479363203703,11705.733766233767,2525.9493536802665,3589.7694805194806,2689.865365189126,11231.964285714286,3042.4722099893484,4073.1753246753246,3219.263873072628,11061.931818181818,2982.9506693309277,4160.24025974026,3226.2630212294184,0.04220779220779221,0.0,0.022727272727272728,0.0,0.022727272727272728,0.00974025974025974,0.012987012987012988,0.0,0.0,0.0,0.0,1.0,0.0,0.8896103896103896
BOTTOM,IRON,420,0.20129272055416744,0.14543080485957377,0.18192530241292126,0.08901485194106167,0.21073013052185344,0.12644268708416156,601.010894737442,319.9059746196572,83.32454067392173,75.6775452049573,0.08653794682327216,0.03298155569546294,310.7794057139278,201.2763220204119,262.4937358999979,241.98951392920702,122.12669074129084,111.10983319175173,0.5312164495559454,0.4997674214222719,564.8581615338419,175.3251384313955,370.98659281075106,82.41700114799238,5.295031602588249,1.1427127731435294,6.085502686710868,6.972647199296995,0.46227745314030916,0.17888707863512782,0.1943775219524484,0.0780601933165868,0.4120228510760208,0.2136463160144517,0.5170788842913294,0.2482131746924431,0.4099581356079669,0.45260525211822594,0.08336128487160421,0.15208146054713056,0.030418195062662922,0.044628915797846995,0.25631925500500824,0.09621355949551502,0.05030116807546423,0.05352570094647119,7852.69708029197,6948.748493495232,8099.262773722628,6945.842283668564,9757.364963503649,2352.438939742078,5115.113138686132,2296.836720626585,12305.759124087592,996.1894911139262,2523.324817518248,1166.6864855845254,12250.868613138686,1316.8800864776715,2605.463503649635,1509.5126207299463,12175.627737226278,1869.8849566277331,3115.9306569343066,2606.044573905299,11940.536496350365,2343.5796811942114,3100.299270072993,2402.0383998204356,11931.416058394161,2429.5986211637846,3298.0693430656934,2856.736195581353,12187.71897810219,2164.1995088586464,3369.470802919708,2628.531661773661,12209.313868613139,1807.0888950884546,3292.7262773722628,2571.8368846860235,11784.12408759124,2762.751708507459,3273.485401459854,2654.7991186890135,11779.266423357663,2636.1787596003637,3310.697080291971,2833.661630101741,11572.981751824818,2852.3437152621445,3441.284671532847,2950.969361934402,11635.678832116788,2660.78529247736,3509.5036496350367,2881.9014737464977,11333.364963503649,3089.1561690872322,3964.0255474452556,3375.3634338690476,11422.94890510949,2766.183927577715,4231.93795620438,3327.117207967039,10769.197080291971,3372.1298545413224,4388.784671532847,3408.321850986303,0.025547445255474453,0.0036496350364963502,0.029197080291970802,0.0,0.029197080291970802,0.0072992700729927005,0.014598540145985401,0.0,0.0,0.0,0.0,1.0,0.0,0.8905109489051095
BOTTOM,TOTAL,420,0.2162393102320069,0.14481140505469356,0.18863022855640063,0.09306928511688314,0.24810676843713783,0.13665895051437763,646.4912742701197,290.5609497803034,88.25509565065765,68.21795848645598,0.09506330961264796,0.04129367451341279,321.07687858860214,168.2061648191666,307.6817152968187,248.3404320238435,130.59846403633244,117.64601021135698,0.5196747552478088,0.4733406489494739,589.6484983861585,165.8811372641277,399.0990066889027,76.2769812875248,6.041499011809123,1.2056353299197171,6.583815242578974,7.409907795903098,0.49196078919874514,0.16170150563103655,0.1949439245750976,0.07580259216152022,0.46434607866914474,0.22322492484082285,0.6462412726385943,0.2854597225723323,0.4415217875510069,0.3886246869964476,0.06920600495033068,0.12785022625457007,0.049172324059331377,0.05189803915683726,0.2892026825113743,0.09083017117253749,0.09216027319665211,0.07934243499810623,7632.936291240046,6952.168893501539,7881.4527872582485,6953.00388831372,9586.311717861206,2420.8881316876355,5070.60125142207,2325.629442458455,12352.094425483503,968.8579551394403,2532.028441410694,1090.9882771745215,12204.1598407281,1618.2237787503684,2667.2025028441412,1535.5397557339172,12092.531854379977,2036.249913897495,3019.071103526735,2252.9681544357372,11946.435722411832,2392.0248876862775,3159.6581342434583,2456.14563712025,11953.436291240045,2264.2288468977376,3145.4232081911264,2457.802625449169,11920.180887372013,2210.772104220632,3207.6285551763367,2486.764914189566,11830.207053469852,2369.0566730232,3135.9038680318545,2411.830254453436,11835.055176336746,2450.524285446217,3211.9180887372013,2479.22963210336,11701.075085324232,2587.884426372675,3318.52787258248,2648.8255919523676,11666.056313993175,2576.188262163435,3447.730944254835,2739.740065911915,11525.417519908988,2619.0812667006844,3555.8759954493744,2767.5976963944117,11247.275312855518,2907.5302614516354,3859.0819112627987,2994.2030887555075,10864.340728100115,3149.262296187795,4169.951080773606,3170.5258105947764,10504.544937428896,3306.3163953006338,4582.46188850967,3334.6210449381856,0.052901023890784986,0.0005688282138794084,0.022753128555176336,0.0,0.013651877133105802,0.009101251422070534,0.013651877133105802,0.0,0.0,0.0,0.0,1.0,0.0005688282138794084,0.8868031854379977
SUPPORT,DIAMOND,420,0.07845931106618581,0.06997795330384264,0.18672687799588372,0.0972041290465021,0.40357545494305935,0.20787728756193963,290.87858533576116,139.07331111749158,113.18598555024485,156.1324918679556,0.1274367084313384,0.07718710372038609,459.2476515004422,289.6520929844056,80.94478377009662,74.82682694888405,33.72234007696365,33.85115046245934,1.051221631658373,0.4541078568067697,513.8046357888933,165.042399888543,270.7539208501401,44.92039377417574,1.0689191196260084,0.44654834836316826,4.702814744999452,2.6401294257577157,0.5242292608077801,0.15803483982806008,0.1971037505440996,0.07427447585612487,0.4820347660092451,0.23297656350171328,1.9381721575689395,0.557986608384751,0.02955549847119068,0.0685202481538239,0.0036785597130140645,0.02340244592030289,0.24801479818289401,0.11664989204507642,0.9787022891348909,0.32075403183081236,0.25100784061558645,0.1390234485036415,7766.102112676056,6958.124638198302,8092.8239436619715,6961.901353547546,9261.387323943662,3003.8630213216256,5403.588028169014,3027.805803155637,12382.55985915493,1287.585057031081,2485.7323943661972,1199.1847755930003,12130.799295774648,1927.3540821971574,2714.8838028169016,1600.4078931988088,11723.401408450703,2681.3882435236496,3221.257042253521,2153.828113260124,11677.87323943662,2625.5949925963573,3474.3380281690143,2635.3853417417868,11096.19366197183,2980.470310759122,3469.5669014084506,2674.1716393378956,11225.028169014084,2789.7978356626513,3697.950704225352,2798.445604202712,11132.647887323943,2705.7015058630254,3701.176056338028,2631.3998741195815,11173.017605633802,2817.6560083364307,3603.1091549295775,2529.38612338804,10943.169014084508,2978.2019250406165,3980.43661971831,3023.1662209515234,10840.922535211268,3034.311072224458,4375.514084507042,3189.055937126056,10568.68309859155,3164.389197716519,4783.225352112676,3251.2018226792934,10396.99647887324,3097.1436099450734,4682.827464788732,2983.398713177169,9786.654929577464,3401.1733125065916,5422.947183098591,3481.5104588294766,8965.426056338029,3520.690432531877,5794.197183098591,3289.8846655961815,0.007042253521126761,0.0,0.0,0.0,0.6690140845070423,0.045774647887323945,0.23591549295774647,0.0,0.0,0.0,0.0,0.9683098591549296,0.0,0.07394366197183098
SUPPORT,PLATINUM,420,0.09603258559335684,0.08819834805970317,0.1908013764896984,0.09628180408570963,0.43246757688298015,0.2090401298218574,333.35745478035676,160.21295108741882,117.86005869874896,185.7506167808442,0.11698264834311045,0.08578787775117128,468.99883567236037,276.56720373682464,95.60256070351848,110.7904480926765,36.12171815290315,36.199676984622485,1.0807683556611738,0.45370290354758186,535.7976018059825,183.93293524478148,280.27267301828186,55.193535299876096,1.0367951242774867,0.41959266709685167,5.137023682643044,3.384776520371209,0.5400540556849472,0.14193364820473625,0.19436807420140795,0.08130373177688753,0.528500162476337,0.2381508754490515,1.7768591739062525,0.5119646817415336,0.07591548359085255,0.39767856010545743,0.01472896619281,0.10505425167394054,0.1986036243966325,0.10500474671664153,0.8527755152097874,0.2709709301718986,0.20820774886316828,0.1258236408674344,7787.778546712802,6955.665579380384,8099.110726643598,6959.85076978645,9300.965397923876,2759.793245107862,5072.058823529412,2411.0220300044266,12332.491349480968,1203.1921867652584,2568.110726643599,1649.8413628040914,12299.56401384083,1514.8310744951252,2752.6608996539794,1483.7913955287047,11679.179930795848,2420.4689302927427,3338.78892733564,2822.486651211279,11869.083044982699,2405.2770370633043,3706.8477508650517,3280.43803673394,11846.851211072664,2208.9557413783373,3747.5709342560554,2882.8116608977084,11307.55017301038,2844.206170691137,3590.7750865051903,2785.516074254952,11412.307958477508,2616.140336922155,3447.750865051903,2722.4847961915307,11430.920415224913,2585.755116961827,3474.4359861591697,2638.4802450843745,10732.44982698962,3497.2283835056496,3863.2906574394465,3137.751929673434,10935.937716262975,3034.2406718058146,4334.6297577854675,3147.6030305836184,10610.52249134948,3143.17259006183,4177.920415224913,3018.1138190754623,10585.304498269896,3119.1081954200695,4358.2871972318335,3123.225581320486,10093.934256055363,3460.583425517767,4822.858131487889,3456.0353174150446,9711.359861591696,3477.4214527905237,5467.387543252596,3362.2006251461526,0.0034602076124567475,0.006920415224913495,0.0,0.0,0.71280276816609,0.10034602076124567,0.1695501730103806,0.0,0.0,0.0,0.0,0.9584775086505191,0.0,0.04844290657439446
SUPPORT,GOLD,420,0.0932539967584417,0.08308271362946965,0.19319455502925623,0.09409058797636705,0.40048876378559284,0.1902200581165718,351.10594137855793,182.70825955567756,142.92145788580115,209.30386809785574,0.10769345295314198,0.07650431945093417,465.4171725276751,323.0958218838168,85.69705749520199,82.50130062872768,38.97429732071738,40.41248839033844,1.0525484687171223,0.4883637342513187,558.586705659742,207.17102808657114,275.89769801578444,50.96692172230101,1.0111204264025637,0.49346002723135507,4.838016405526419,3.211497001746683,0.513336675459975,0.1440804042241849,0.19131137355995104,0.07688982601351879,0.49374276054403454,0.21007763996149614,1.7068832518339876,0.515755705303435,0.05221731991789719,0.308609131264581,0.0061880759451799815,0.03303392886915707,0.16674543991199695,0.10090968672994868,0.794103770034142,0.23852320922802991,0.1899642176319962,0.11991392366136557,7667.029315960912,6961.722206995411,7990.048859934854,6966.270132787299,9449.41368078176,2590.3080724130677,5189.938110749185,2397.912160912347,12331.071661237786,1142.5896661420857,2476.547231270358,970.3567736594379,12135.28338762215,1956.8153001178764,2578.0684039087946,1451.8539911594014,11952.527687296417,2148.2103484129048,3006.781758957655,2465.260134478017,11749.459283387621,2718.7437147345527,3289.8501628664494,2551.5922486986933,11797.110749185667,2606.385363083738,3335.9478827361563,2738.3386113145484,11622.250814332248,2565.4358136602777,3399.7394136807816,2862.0750431789675,11494.498371335505,2715.1091846924423,3451.1400651465797,2854.889745806272,11954.2996742671,2107.7911342107427,3476.416938110749,2547.032854429292,11169.41042345277,3075.956073425404,3635.3745928338762,2791.678279122365,11077.599348534202,3070.903039206664,3808.169381107492,2968.791632218403,11300.530944625407,2663.033324078092,4011.986970684039,3020.1335965493568,10560.71335504886,3076.3190447803972,4489.511400651466,3407.2256518821077,10025.00325732899,3407.873439895076,4514.511400651466,3254.6729636569935,9788.263843648208,3636.193815356763,5087.319218241042,3562.4992561478925,0.0,0.003257328990228013,0.003257328990228013,0.0,0.7263843648208469,0.09771986970684039,0.19218241042345277,0.0,0.0,0.0,0.0,0.9283387622149837,0.0,0.048859934853420196
SUPPORT,SILVER,420,0.09095236746152073,0.08017747002421703,0.18559620351102382,0.09922396054575836,0.3802981245249184,0.19655004583372362,345.3075562226005,184.2770121303061,98.52658815297691,165.40675371811628,0.09756676083466369,0.0744940959584102,450.9197576449722,309.7570860930183,82.23546681399725,81.17974011268417,40.27429461499909,43.820679032292226,1.146436811436957,0.5549123096283847,528.112682245839,182.46381605295156,273.6770455249793,50.67630392287226,1.0794507356993297,0.5164198536344046,5.146962180204958,3.8138447859048004,0.49927020387261156,0.14800791710586947,0.19146009411329146,0.0779543583945552,0.4712504919864392,0.22123725353931153,1.5010675000220737,0.509440886944814,0.0604383198989028,0.1346320631566829,0.009006828751433788,0.03936168348412761,0.1321589262871052,0.09385792450096955,0.6895128503359033,0.23718329070746974,0.16567602656385488,0.11420786447773411,7390.307443365696,6972.218556759652,7717.349514563107,6971.93686271632,9342.93851132686,2539.535848167721,5079.779935275081,2485.8425882368747,12399.022653721682,1196.2258409147312,2529.7928802588995,1432.252649418854,12296.174757281553,1423.7158882304072,2690.812297734628,1821.706393860627,12158.673139158576,2199.826250508322,3321.938511326861,2658.1439231796194,11609.919093851133,2764.99323815978,3112.3171521035597,2531.4929972630507,11787.695792880259,2699.4046850946256,3281.233009708738,2923.8945825637734,11720.595469255664,2388.306173427384,3217.741100323625,2560.2434982664577,11436.818770226537,2931.3097433067314,3383.621359223301,2564.0412949111865,11649.983818770226,2757.3129664932603,3494.145631067961,2786.8021230217582,11324.73786407767,2856.2929429361498,3665.84142394822,2978.0481553663776,11180.699029126214,3119.761316528789,3588.1909385113267,2879.4615036646096,10997.692556634303,3018.0567745045364,3814.391585760518,2805.8763161190022,10767.436893203883,3260.939271916602,4337.711974110032,3128.317994061113,10636.880258899677,3062.292330923209,4317.909385113268,3071.8024360378386,10273.77993527508,3316.3865335219853,4979.0485436893205,3566.5072287282587,0.0,0.0,0.009708737864077669,0.0,0.7799352750809061,0.05825242718446602,0.1650485436893204,0.0,0.0,0.0,0.0,0.9579288025889967,0.003236245954692557,0.025889967637540454
SUPPORT,BRONZE,420,0.09851632441985478,0.09016963775344605,0.192019450115511,0.09965889500320145,0.38461793102269853,0.18991136261416233,363.8492251875954,187.23778087532867,111.78398062268,195.51426952705003,0.08661960894867,0.06861722563593996,487.2195533403552,347.85740481113874,81.41356804106933,75.52338749953249,40.70846518233096,42.437448420277995,1.149823233222637,0.5381439248793787,539.1595700991342,197.17105024294824,274.387062300697,52.60197175551546,1.049574168998108,0.5771352222447746,5.126817642118941,4.323466547048781,0.4991442107313703,0.15144811208994205,0.1965618520588977,0.08763141791784208,0.48313425544255334,0.21174040222769777,1.4269909953081517,0.5380976335310057,0.048231202503326034,0.10579812559831812,0.007862668220660961,0.03680816722756102,0.1033633100377574,0.08801102824836554,0.6650711418548431,0.22505148349400958,0.13812135985308224,0.11289421528493597,7679.841935483871,6959.740735428627,8014.61935483871,6966.281010465791,9443.506451612904,2346.9708973828638,5028.041935483871,2183.0250103117755,12309.409677419355,1261.3886514485264,2516.9129032258065,1125.4115373106554,12361.01935483871,1401.9910920822213,2639.606451612903,1469.4034872602153,12136.206451612903,2080.5676027163368,3021.1193548387096,2195.8688460253193,11947.554838709677,2439.41655749811,3152.335483870968,2522.2058301308166,11775.561290322581,2527.701194355565,3176.1838709677418,2824.3542117898155,11874.345161290323,2647.8282986720183,3469.5612903225806,2898.4524094795393,11812.13870967742,2550.1256667020234,3460.267741935484,2773.0606779426084,11452.422580645161,2902.3939854433365,3753.909677419355,3068.929204837958,11659.790322580646,2571.6345169131605,3518.6096774193547,2688.9287022161516,11560.86129032258,2603.1260539094183,3580.525806451613,2799.2153970599866,11346.016129032258,2558.099892105748,3528.251612903226,2674.036557211138,11163.912903225806,3086.253908310909,4001.474193548387,3140.422656862156,10773.448387096774,3111.748366854554,4325.858064516129,3088.4763944922825,10501.774193548386,3205.096321144005,4701.258064516129,3397.9999301677726,0.0,0.0,0.00967741935483871,0.0,0.7258064516129032,0.041935483870967745,0.23548387096774193,0.0,0.0,0.0,0.0,0.9258064516129032,0.0032258064516129032,0.05806451612903226
SUPPORT,IRON,420,0.09270437483412518,0.08032880026246328,0.19210171577044535,0.10622806151461119,0.32096581706065214,0.18325914133055662,332.5128056808533,191.8109607247344,83.86284846063438,150.22470606736937,0.08704063258195298,0.08263951767379112,451.2648947169809,311.8658558457245,84.4997253105928,83.1827034481066,42.5892543599716,44.81858963103126,1.0512509844316755,0.5379925716523734,526.048701476429,195.2001951294333,269.1723351878161,54.972860525182845,1.1136998507747553,0.6075483508091971,5.124501421389429,3.8179708881859673,0.4553211455917314,0.16341202472459382,0.20254421736156256,0.09078803685376209,0.41367019189477733,0.21360681912143523,1.1402992351989658,0.5473099426431313,0.04501174918006994,0.10213867341612325,0.005600372412548103,0.03444710388698883,0.07509300596622216,0.08033551493403755,0.5543817597643045,0.2486143021831112,0.09292562502438273,0.08955904503246513,7963.72,6942.039725664261,8287.974545454545,6945.322648835689,9538.374545454546,2528.7852500668264,5107.123636363636,2255.988199964904,12201.956363636364,1384.618152685372,2542.0654545454545,1206.0871232977897,12263.229090909092,1451.4936964986957,2598.6181818181817,1556.9215096656144,11951.603636363636,2403.9245936200964,2980.629090909091,2440.17367020392,11651.967272727272,2771.926746107539,3270.2836363636366,2704.168342190707,11663.258181818182,2757.146942985749,3440.4036363636365,3044.9970300684063,12169.789090909091,2036.8018330657078,3682.0363636363636,2994.067420967771,11979.312727272727,2092.9418710435684,3488.418181818182,2775.203805831527,11781.287272727273,2662.274846588727,3468.130909090909,3009.7946672496855,11694.414545454545,2603.013065143144,3316.3236363636365,2642.7520964048863,11644.683636363636,2566.1160741708695,3722.927272727273,3003.4640927993855,11284.261818181818,2911.2765988223614,3816.52,3034.258941406229,11021.592727272728,3089.0255085783356,4148.2472727272725,3327.0632527107377,10969.134545454546,2919.2556645686454,4613.7127272727275,3451.5390972435657,10434.756363636363,3396.8757504186624,4867.989090909091,3640.4345879210155,0.0,0.01090909090909091,0.01090909090909091,0.0,0.7236363636363636,0.06181818181818182,0.13818181818181818,0.0,0.0,0.0,0.0,0.9709090909090909,0.0036363636363636364,0.08
SUPPORT,TOTAL,420,0.09177163685415322,0.08250705609609121,0.19007101905745363,0.09866822157666837,0.38757490878923495,0.19880789444653496,336.9073635362285,176.72403046736622,111.74932214775878,179.67908970677914,0.10371943768563106,0.07886033006250294,464.10382254589075,311.0911501454229,85.01287772475814,85.41144255494451,38.75865648086608,40.54690313326947,1.0900843155721316,0.5080541933850762,533.9581852165893,189.4444421919847,274.09362901446065,51.70092134837411,1.0590792110930842,0.5147038489386767,5.013772797058958,3.5806923451488624,0.5055093601407326,0.15309150415786707,0.19542132653626337,0.08158953853225165,0.4793465456433882,0.22355045589114794,1.582720241292888,0.5872259873552169,0.05206843189835414,0.2231230052971938,0.007870214853121199,0.05262235412912058,0.15363799952800627,0.11341658335586273,0.7552874521276203,0.2907961476343582,0.1743761790381606,0.1276959492972917,7702.591882750846,6950.915960794985,8027.246899661781,6954.539655221669,9389.341037204058,2629.237528057649,5144.621758737317,2470.984954382142,12327.581172491544,1245.447830177495,2519.4188275084553,1279.4799744308755,12248.633032694475,1629.206842361338,2661.9909808342727,1568.921933249556,11939.177001127397,2327.57433078414,3148.5501691093573,2468.618580276663,11752.684892897407,2623.605622177082,3329.3308906426155,2715.397909614594,11666.84892897407,2646.1491651312153,3403.1397970687713,2850.6937799874377,11653.452085682075,2577.9515013427617,3502.8624577226606,2817.952144358744,11543.79425028185,2632.4668929380196,3486.229425028185,2719.9570856929504,11576.433483652761,2658.6923543983407,3546.6708004509583,2770.080197786705,11256.138669673055,2961.9476109895363,3663.1894024802705,2885.8877225536676,11206.945885005636,2927.478486360244,3893.450394588501,3010.2955173203227,11023.638105975197,2926.2153194345074,4013.2373167981964,2988.498349740446,10751.368658399098,3130.2856104135635,4334.456595264938,3191.674436216954,10381.798196166854,3257.8614567155823,4658.342164599774,3314.696715796715,9953.476324689966,3462.061019104542,5142.078354002255,3487.183639410741,0.0016910935738444193,0.0033821871476888386,0.005636978579481398,0.0,0.7237880496054115,0.06764374295377677,0.18996617812852312,0.0,0.0,0.0,0.0,0.9509582863585119,0.0016910935738444193,0.0552423900789177
TOTAL,DIAMOND,420,0.18062346395957454,0.1408678553834186,0.18824273541828937,0.0951753535898971,0.2752144573760519,0.178818359266857,529.3586105963162,251.8435283523871,62.81929209108358,141.66660712008678,0.07891516623766821,0.07422634718621149,535.0500498039884,333.3325375611592,320.7658844204141,328.62500022028496,86.0504334786487,104.0217024183714,0.7373402281958774,0.5739186284440286,719.6904457332944,257.48079017549924,372.79096499491425,87.16711811274742,4.274375456782853,2.783751994539059,7.330754714913739,6.184826144219709,0.4988386552488599,0.1679428404939644,0.20008926643170943,0.07847861976189043,0.45583792133562645,0.23119016054001582,1.0126455967061752,0.5951243305596627,1.1254369305214202,1.7748745687066003,0.11899058356750995,0.23792310539340944,0.132228592139149,0.11116321847097327,0.43812225472328276,0.32722866436904935,0.14946552037298858,0.11457474796523806,7920.590714285714,6944.732305407205,7993.5028571428575,6946.447404122011,8241.485714285714,3117.6277137634074,6752.632142857143,3275.675306195349,8653.88,4034.5706091089337,6379.537857142857,4000.941526431309,8202.287142857143,4099.128490384028,6790.420714285714,4106.883988177797,8350.843571428572,4239.443622270039,6715.845,4125.342905353596,8479.039285714285,4145.865632744786,6605.51,4171.684416629738,8378.514285714286,4120.067743368533,6615.312857142857,4199.031998201702,8405.325,4058.238792631163,6592.3664285714285,4105.419815742324,8391.215714285714,4026.7283226175473,6546.1107142857145,4036.0009745951515,8317.910714285714,4097.001883457179,6609.966428571429,4073.219568550847,8290.160714285714,4119.544309417569,6764.977857142857,4156.296402886161,8225.075714285715,4112.649888287001,6719.725714285714,4012.4205620477514,8342.450714285715,4047.853141009306,6591.964285714285,3924.8870284379145,8540.350714285714,3928.9471714693204,6596.568571428571,3895.8941701307253,8069.059285714286,3911.9117132649812,6799.895,3788.212908917824,7856.518571428572,3874.5434769486906,6895.195,3809.4265247271137,0.025714285714285714,0.2,0.22714285714285715,0.0,0.2907142857142857,0.014285714285714285,0.05928571428571429,0.0,0.0,0.0,0.0,0.9707142857142858,0.024285714285714285,0.18785714285714286
TOTAL,PLATINUM,420,0.1922077154024878,0.1393776767580945,0.1968393075867477,0.09555303395238975,0.2872112787346155,0.17914702376763564,557.5141517983478,257.782772911724,67.21745917287171,164.63492712134445,0.07384700163563447,0.07059406571883169,565.4691849876289,331.62872369519306,310.47543467325687,315.27067952704135,84.31424071419862,98.57744694237095,0.7676874667602261,0.6460070857994904,750.3777276472235,264.08347492102826,372.45588174470606,83.49666071388292,4.08542034252162,2.6083800103314725,7.421766676383761,6.306924693206487,0.49542038253619597,0.15619342787488794,0.19971008165342582,0.07771910758829115,0.4794189941371033,0.22589330255121257,0.9664537775539207,0.5376135585259056,1.1086939730973588,1.6783095944710629,0.10953058134038117,0.21008428146411137,0.11150139357263256,0.09292480074225935,0.40117025064649775,0.2763421801740111,0.13308665692535054,0.10420809871060702,7915.329362298528,6945.139195238207,7987.787666433076,6946.9614051641865,8232.99649614576,2988.92117522574,6511.59985984583,3135.2346161876553,8605.79327259986,4036.5712157143907,6388.4954449894885,3988.34132434014,8209.761737911704,4185.783368932817,6817.011913104415,4114.5062388602055,8262.527680448493,4134.249996143767,6677.1422564821305,4158.931515005876,8619.296426068675,4220.089522458957,6605.313244569026,4220.978717606599,8508.742817098808,4221.077016254096,6607.3763139453395,4120.6095387929845,8495.866152768045,4089.31500429748,6470.640504555011,4067.2127183537614,8446.50525578136,4118.247093426758,6466.169586545199,4121.65807069499,8158.846531184303,4133.158645403266,6735.480728801682,4165.545086746694,8112.394533987386,4238.552774631474,6704.281009110021,4111.880021374537,8248.934127540295,4147.138427387038,6669.719691660827,4126.08057586944,8411.575332866152,4057.099842707455,6576.957953749124,4073.951812245372,8553.896285914507,3902.4775241560324,6448.113524877365,3946.409383143255,8395.215136650315,3991.242291055979,6645.737911702873,3982.1134938579567,8167.428871758935,3873.9412907909987,6943.380518570428,3840.032395658188,0.015416958654519973,0.1997196916608269,0.2263489838822705,0.0,0.3090399439383322,0.027330063069376315,0.039943938332165384,0.0,0.0,0.0,0.0,0.9747722494744219,0.018220042046250877,0.18920812894183603
TOTAL,GOLD,420,0.19073687203992012,0.1364590899753632,0.19957843885238913,0.09394287919345548,0.2686950118416257,0.1609521080997782,568.0064534474059,270.22112300808874,67.60412935803986,158.6386983073224,0.06851492998679036,0.06501517079038589,586.1111558699954,381.63906776247313,307.40448095560095,322.6818019123474,84.64830997051064,97.3478997864431,0.755938008150986,0.6301502239752462,764.9403013889573,264.2354612585178,369.0636210599318,82.17553598393333,3.998067797216049,2.505047738233826,6.988258485007289,5.982289833156422,0.480351770467503,0.1605669401584387,0.20003270111183782,0.0772832351327857,0.4594318838815458,0.20829250606359284,0.926014514362095,0.5285470196744342,1.0873545263521516,1.654530777886572,0.10962457446672554,0.21280384757875997,0.09470482028093971,0.08597433558134922,0.38806742973305497,0.24992034340963526,0.12280211695884635,0.09680152109037263,7777.905820797907,6954.387835027081,7850.601046435579,6956.111877383769,8135.97776324395,3096.4987774621472,6584.236102027469,3059.9654753903037,8688.733158927404,4023.731190630911,6358.233485938522,3926.097841399169,8062.918901242642,4154.401252839776,6735.914323086985,4102.764491138738,8219.822759973838,4207.163207502198,6598.300850228908,4193.723581592096,8563.65336821452,4224.115747509076,6488.499018966645,4111.703969828442,8467.017658600393,4253.698930266181,6563.763243950294,4181.9930672575865,8568.689993459777,4127.911632340131,6503.6834532374105,4229.464538905395,8463.030739045127,4068.6049331193594,6494.599738391105,4183.457291097845,8396.767822105952,4158.999218292752,6746.135382603008,4080.838949696634,8259.077828646174,4174.869679263536,6766.020274689339,4173.120345470807,8338.266841072596,4181.782856555026,6678.820143884892,4110.254946133118,8445.860039241334,4098.525172748694,6546.603662524526,4076.9445787316517,8381.755395683453,3987.7365977599206,6536.16939175932,4153.732462005848,8051.497056899934,4038.413367117729,6630.410725964683,4015.3171014796103,8091.02419882276,3983.832935099127,6872.499018966645,3998.317732654838,0.01765860039241334,0.2001308044473512,0.21386527141922826,0.0,0.31196860693263573,0.02877697841726619,0.04643557880967953,0.0,0.0,0.0,0.0,0.9744931327665141,0.01896664486592544,0.18770438194898625
TOTAL,SILVER,420,0.18629172827111531,0.14182969640637125,0.1918193712962151,0.10132154981508038,0.2527747247442658,0.16498219193145897,532.2308111924759,263.4183497030461,62.993304890582245,158.99958018872476,0.06761613033909132,0.0588189758989504,531.4397879950191,332.9137095801872,291.2521436556092,311.1318452768261,90.2188923956299,108.12914501300806,0.7682589588715077,0.6330516977010535,720.6735834529774,260.8300364548197,359.64521192862776,82.07126889111865,3.882429144010504,2.4503807200548464,7.371494216457399,6.726658053778915,0.4678902545381336,0.16297939837007946,0.2,0.08761126529992871,0.43906645301538116,0.2199478019600021,0.8288937757341767,0.4831868479119267,1.0194292969601348,1.5860755896827843,0.09885181032210807,0.20287163405297023,0.0761515171848409,0.07712600942924297,0.35682836698437875,0.21678627684121862,0.09590822875865841,0.09009458110952831,7476.269902912622,6965.686741176242,7548.702265372168,6967.600670460853,7909.774110032363,3230.6539587832394,6583.974757281553,3213.629441183787,8581.645307443365,4113.552448101604,6351.943689320388,3930.3246927550276,8106.820064724919,4165.3976105375295,6768.219417475728,4138.991412604326,8351.970873786408,4238.240434163458,6656.88932038835,4095.6026553062266,8420.171521035598,4192.593660805783,6373.42783171521,4164.857259075466,8437.54498381877,4239.4609207299145,6454.774757281553,4253.046023467213,8511.643365695792,4105.77034911193,6394.847249190939,4155.110227953624,8488.590938511326,4186.271921649425,6410.631067961165,4041.082975366999,8372.15210355987,4260.138944136929,6739.9812297734625,4159.250317971859,8265.855016181229,4177.477939024768,6809.311974110033,4127.8643527912045,8319.526213592233,4246.180794261735,6586.766990291262,4133.83837961526,8380.860841423948,4040.5214674196873,6518.561812297735,4078.898774028833,8572.64854368932,4098.340007863099,6536.536569579288,3943.9226611804825,8455.379935275081,4004.1481633718863,6480.708737864078,4005.9289541350763,8120.9618122977345,4047.470399225683,6857.709385113269,4066.572438712555,0.012944983818770227,0.20129449838187702,0.20129449838187702,0.0,0.32815533980582523,0.022653721682847898,0.040776699029126215,0.0,0.0,0.0,0.0,0.9792880258899677,0.020711974110032363,0.1928802588996764
TOTAL,BRONZE,420,0.19322071656849327,0.14679339568803718,0.19421217766933047,0.09860211321956827,0.2607766194647298,0.1618125413545529,556.902031246775,278.85998170619627,56.96310716687433,142.9231874153648,0.0610243081366465,0.054425564756454006,570.3620187570089,378.02646984711885,278.6396527028423,290.0771853118118,90.1949151032512,100.26748059805321,0.7826028685491971,0.7120241383667295,738.3541279229306,266.14882954130786,355.2158860822285,83.0111922300325,3.600451894157074,2.2625473297772998,6.90807552245372,6.530797021696797,0.46970511286484734,0.16113382189614808,0.20019399872399124,0.08238403393107163,0.45399733603322306,0.21404049501369485,0.7754622411706265,0.46596373566874416,0.9765651720603046,1.5035804927774503,0.10087298693117915,0.20229714710161922,0.061093441843874205,0.07009514281000631,0.34209051547457675,0.20989167044080012,0.07742938916567871,0.07967487503281839,7778.1442432082795,6954.288620185202,7850.4320827943075,6956.214040105413,7886.089909443725,3130.4458402760065,6630.423673997413,3188.5126168423426,8709.578266494178,4039.6645152952697,6314.5381630012935,3916.8212570950077,8162.152005174644,4159.1569339023135,6816.989003880984,4077.188261329811,8307.324062095731,4233.780567409468,6766.357050452782,4153.046785107687,8504.90297542044,4167.091424106082,6615.72574385511,4212.923777745966,8359.183053040104,4189.588576721831,6505.139068564036,4226.328669203286,8623.891332470892,4180.660626922988,6492.267141009055,4131.0590305274945,8542.778783958604,4249.915660487667,6468.071151358344,4115.609422891712,8288.807891332472,4134.541115162998,6792.177878395861,4160.733939339292,8246.331824062096,4226.265153469042,6738.6196636481245,4104.422861278144,8379.800776196636,4202.48244733452,6682.981888745148,4177.152018705333,8314.648124191463,4129.67574415128,6543.410737386805,4130.572867027815,8546.939197930142,4138.5831362422505,6523.844113842173,4033.9408821162333,8491.804010349288,3993.4426226419505,6713.227684346702,3996.2011178947814,8335.9191461837,3989.4642044723087,6725.210866752911,3998.534378521511,0.012289780077619664,0.20116429495472185,0.18564036222509703,0.0,0.34540750323415265,0.016170763260025874,0.052393272962483826,0.0,0.0,0.0,0.0,0.9773609314359638,0.016170763260025874,0.19340232858990944
TOTAL,IRON,420,0.1791967334906443,0.1459256826773178,0.19088960212782957,0.10212781948812896,0.2200358675766705,0.15133333752284658,514.7155235524775,288.6597040059473,51.840149564432416,137.2303826884425,0.06067935785621224,0.05290336865923454,528.2838216550514,363.8319003641601,253.72786347212252,277.44767788548165,86.31852997155555,100.88368710640478,0.7639365225629666,0.7193892611353474,705.8133290194901,268.8539628758372,341.516364901117,85.15781930535016,3.471742546091472,2.2024559257364973,6.816023227157279,6.081327469336148,0.44233718168045166,0.1751589208146105,0.1999455249859588,0.08640783441876405,0.39923260106731484,0.21928596249622778,0.6654609618491839,0.4025027117860814,0.9308612502979077,1.4823816730442283,0.10528688526564098,0.22457017919259603,0.04581656215852696,0.06303983253830639,0.3134865813022907,0.1858360906267447,0.05800326717314899,0.06470841345098181,7977.819110138585,6939.42247050785,8050.757840991977,6941.660529145757,7945.183807439825,3280.381338621183,6861.411378555798,3231.0662737988914,8666.815463165573,4028.670774641041,6230.857038657914,3889.9622879206613,8111.650619985412,4150.9688315642925,6838.572574762947,4133.720395617623,8229.23194748359,4223.322496699086,6841.513493800146,4189.230356861148,8489.503282275711,4196.6953642239405,6601.82056892779,4170.920624089185,8465.422319474836,4264.616224291955,6673.298322392414,4264.344082591649,8656.52078774617,4237.561536461444,6616.190371991247,4073.96275503661,8604.439095550693,4226.441318155676,6597.5696571845365,4110.704631740696,8459.749817651349,4213.169730268321,6688.260393873085,4153.699308921369,8340.886943836616,4276.219564589877,6744.886214442013,4268.123607128726,8325.636761487965,4248.961839463489,6691.924872355945,4166.987761071667,8442.52370532458,4166.373571840513,6629.685630926331,4099.66775060291,8518.776075857038,4188.1424269606105,6790.110138584974,4195.0088988681855,8482.797228300511,4103.416242189408,6761.019693654267,4058.336197366201,8256.613420860685,4061.0996864871677,6858.258935083881,4099.080061925062,0.006564551422319475,0.20423048869438365,0.18088986141502553,0.0,0.3522975929978118,0.019693654266958426,0.032093362509117436,0.0,0.0,0.0,0.0,0.9861415025528811,0.015317286652078774,0.20277169948942378
TOTAL,TOTAL,420,0.1872316405512848,0.14196589085894776,0.19368423161305154,0.09787578092336971,0.26098346405722306,0.16761024645172432,543.6718919440355,269.33334955781714,61.6574622073511,151.30333670089217,0.06834000151855374,0.06335451813026616,553.3329356960613,355.2064226530424,293.8040939776845,308.8638148042487,87.02500866478312,101.62345865063722,0.7629640108495456,0.6543649419542302,733.7894765811224,264.3024419493448,361.8433567062257,84.47684353755903,3.884268180627372,2.4886194995596704,7.139099119780876,6.317156166796938,0.47576499025932606,0.1649216266257313,0.1999984686217818,0.08174855444610774,0.4482151046085079,0.2209205899836768,0.862390797853488,0.5187014783287343,1.041197762202249,1.6164383681079633,0.10700010607499602,0.21500326667926037,0.0866358867876005,0.08940113608625644,0.3730049978710581,0.2511698602139906,0.1059579670176218,0.09815522677672697,7801.072578816058,6951.0360049398405,7873.684282150148,6952.925184674881,8055.320821047857,3144.529368047325,6650.363574506691,3184.4099337763087,8651.26173735541,4046.0570420041017,6337.946132909957,3940.9602715317005,8141.475618053981,4152.1757567774575,6793.527443864822,4111.025996512452,8287.492855522794,4212.414747935603,6707.265139487412,4151.912779926887,8512.255726922205,4190.643398782847,6545.743365842594,4175.138687791454,8435.40077114992,4214.566120270735,6566.66160127013,4207.494104454289,8544.306872306646,4133.086572284216,6508.83760489907,4128.91740421948,8489.40054434112,4147.098210012445,6494.823429349059,4101.48107018015,8332.297119528237,4167.06029512185,6720.7879337718305,4131.814292042976,8251.947493762758,4201.276024488822,6755.358924926287,4154.632849890248,8307.8740077115,4189.986496300064,6670.480381038784,4121.345544271011,8388.982195509187,4089.0134121337646,6566.161941483329,4065.1125753238903,8518.502721705601,4042.3461396637117,6568.894307099115,4029.6103909787967,8324.92628713994,4010.6456862859336,6668.396688591517,3976.7279320756443,8140.083579042867,3975.1925642424503,6856.944658652756,3971.248086613284,0.015082785212066229,0.20106600136085281,0.20571558176457247,0.0,0.3230891358584713,0.021546836017237468,0.04524835563619868,0.0,0.0,0.0,0.0,0.9770923111816738,0.01893853481515083,0.19222045815377636
