position,tier,killsPerMinMean,killsPerMinStd,deathsPerMinMean,deathsPerMinStd,assistsPerMinMean,assistsPerMinStd,totalDamageDealtToChampionsPerMinMean,totalDamageDealtToChampionsPerMinStd,totalHealPerMinMean,totalHealPerMinStd,damageSelfMitigatedPerMinMean,damageSelfMitigatedPerMinStd,damageDealtToObjectivesPerMinMean,damageDealtToObjectivesPerMinStd,damageDealtToTurretsPerMinMean,damageDealtToTurretsPerMinStd,visionScorePerMinMean,visionScorePerMinStd,timeCCingOthersPerMinMean,timeCCingOthersPerMinStd,totalDamageTakenPerMinMean,totalDamageTakenPerMinStd,goldEarnedPerMinMean,goldEarnedPerMinStd,totalMinionsKilledPerMinMean,totalMinionsKilledPerMinStd,neutralMinionsKilledPerMinMean,neutralMinionsKilledPerMinStd,neutralMinionsKilledEnemyJunglePerMinMean,neutralMinionsKilledEnemyJunglePerMinStd,totalTimeCrowdControlDealtPerMinMean,totalTimeCrowdControlDealtPerMinStd,visionWardsBoughtInGamePerMinMean,visionWardsBoughtInGamePerMinStd,wardsPlacedPerMinMean,wardsPlacedPerMinStd,wardsKilledPerMinMean,wardsKilledPerMinStd,killsRatioMean,killsRatioStd,deathsRatioMean,deathsRatioStd,killAssistPerMinMean,killAssistPerMinStd,xcor_0Mean,xcor_0Std,ycor_0Mean,ycor_0Std,xcor_1Mean,xcor_1Std,ycor_1Mean,ycor_1Std,xcor_2Mean,xcor_2Std,ycor_2Mean,ycor_2Std,xcor_3Mean,xcor_3Std,ycor_3Mean,ycor_3Std,xcor_4Mean,xcor_4Std,ycor_4Mean,ycor_4Std,xcor_5Mean,xcor_5Std,ycor_5Mean,ycor_5Std,xcor_6Mean,xcor_6Std,ycor_6Mean,ycor_6Std,xcor_7Mean,xcor_7Std,ycor_7Mean,ycor_7Std,xcor_8Mean,xcor_8Std,ycor_8Mean,ycor_8Std,xcor_9Mean,xcor_9Std,ycor_9Mean,ycor_9Std,xcor_10Mean,xcor_10Std,ycor_10Mean,ycor_10Std,xcor_11Mean,xcor_11Std,ycor_11Mean,ycor_11Std,xcor_12Mean,xcor_12Std,ycor_12Mean,ycor_12Std,xcor_13Mean,xcor_13Std,ycor_13Mean,ycor_13Std,xcor_14Mean,xcor_14Std,ycor_14Mean,ycor_14Std,xcor_15Mean,xcor_15Std,ycor_15Mean,ycor_15Std,spell_1,spell_11,spell_12,spell_13,spell_14,spell_21,spell_3,spell_30,spell_31,spell_32,spell_39,spell_4,spell_6,spell_7
TOP,DIAMOND,0.1686072945039955,0.11472651868856232,0.1916611551204062,0.09659327526724881,0.2115237454465594,0.14024899778082045,585.9646308786396,209.52363802856203,14.548122039490647,70.43481568425479,751.1746380830953,377.2987081885594,259.79261030404444,191.88357398709525,131.31752400222217,109.57575136486093,0.6792626467060895,0.24368911786807845,0.6191183250507221,0.399999004909586,836.1443361134379,221.8533983944859,387.07375702100154,68.65974351358466,6.175856626554869,0.9788025164560139,0.2613300060818061,0.2613591661080697,0.06582569587019425,0.12060725799857173,6.6180461525823056,6.246566836365409,0.08029105631141184,0.12495793662583576,0.3117037507443467,0.14390526743859172,0.08613536327055374,0.07037464328014978,0.42075710649018155,0.1592231915341599,0.2028331236688587,0.0817187785759141,0.3801310399505549,0.18933696746260537,7870.237226277372,6964.750621659459,7890.007299270073,6967.613366277189,5683.656934306569,3032.4501244592125,9390.44890510949,3118.7590326880268,2427.284671532847,973.5209045687254,12419.05109489051,1068.3923311236958,2788.2664233576643,1908.5524130539286,12137.638686131388,1745.814399239833,3067.080291970803,2301.263952934424,11607.649635036496,2619.265568542636,3317.405109489051,2820.8744883885206,11845.675182481751,2489.006352552126,3260.1788321167883,2541.6351765806853,11615.321167883212,2507.3636606025034,3395.905109489051,2786.9428072249757,11567.784671532847,2782.573189369223,3332.492700729927,2618.4140591068117,11693.737226277372,2610.2668334264317,3212.215328467153,2444.4213232334687,11736.054744525547,2353.39492923792,3425.200729927007,2923.9759623540635,11529.029197080292,2634.866093841913,3952.0109489051097,3262.629057959708,11184.233576642337,3043.437875017044,3911.2372262773724,3454.9899092743935,10724.62408759124,3337.9081373863655,4788.762773722628,3880.1539986716584,10127.288321167884,3998.4982346730653,5062.478102189781,3871.594395876897,9996.474452554745,3825.780200216758,4803.532846715329,3512.772896444355,9776.61313868613,3658.992435720783,0.0,0.0,0.8722627737226277,0.0,0.12408759124087591,0.0036496350364963502,0.0,0.0,0.0,0.0,0.0,0.9562043795620438,0.040145985401459854,0.0036496350364963502
TOP,PLATINUM,0.17176817740909814,0.1056492016848126,0.187159969948176,0.08706148654707181,0.19252688232905346,0.12943503054358949,593.5746696857743,211.64006636293925,14.878052246305518,68.37762114732267,766.5935991441794,379.87522389699717,255.9029430866317,206.46178056943037,131.37731443874702,115.43367067776659,0.6573652076153924,0.25906470719857716,0.7092955397776822,0.4630125875523382,847.9398011597349,222.57028377081707,384.2990583672954,70.0344504362255,6.079772250560284,1.2227828349500955,0.3040190951838673,0.30060744507268006,0.07245672189604442,0.13772359438880896,6.700145062701853,5.547660813100474,0.08478641061217035,0.2434315342260382,0.3023038019480007,0.23913234294248026,0.08245080521676845,0.06337680547730244,0.4033513346295394,0.16037390132383397,0.20757887341720674,0.0913043873544149,0.3642950597381516,0.17434637731255076,7847.126712328767,6965.255191608736,7870.020547945205,6967.122469479848,5689.897260273972,3081.933332900969,9478.565068493152,3098.5402913843636,2508.4349315068494,1413.6491709647805,12463.691780821919,1043.375137652013,2671.568493150685,1722.7522111027974,12033.760273972603,1825.432501798575,3157.0616438356165,2179.2167426181486,12129.232876712329,2054.7962266879263,2965.198630136986,2313.375534993999,11622.503424657534,2720.0707749260473,2719.6609589041095,2137.976611468267,11715.801369863013,2261.7646856064703,3605.599315068493,2977.800013663459,11749.253424657534,2618.966552854589,3219.3082191780823,2646.757396451561,11572.308219178081,2567.9980772200265,3336.5890410958905,2538.1384638077266,11875.674657534246,2155.8277511002525,3497.4794520547944,2854.3486849689352,11344.356164383562,2982.8513521230343,3899.253424657534,3039.3548234971477,11505.106164383562,2682.7830587992808,3877.9657534246576,3242.9764422531207,11117.90410958904,3179.9168056911603,4447.736301369863,3736.576846740696,10545.866438356165,3693.8361120452832,4618.993150684932,3443.592874181621,10766.938356164384,3193.3160440225333,4903.267123287671,3756.3348733808684,10035.335616438357,3682.2620947451874,0.0,0.0,0.815068493150685,0.0,0.1267123287671233,0.0,0.0,0.0,0.0,0.0,0.0,0.9794520547945206,0.07534246575342465,0.003424657534246575
TOP,GOLD,0.18980816590309652,0.13522336783231118,0.19703208815380546,0.09605519967691971,0.2051428952245336,0.1202533582969657,614.2406865833699,251.60656354502567,20.610263180933124,77.62855918451116,796.3252493702888,408.78314374657947,251.17444353872838,202.83634692328314,131.9350943371668,107.3823732965729,0.6520379214352267,0.2735452498324993,0.7516525657993708,0.5224097598010231,857.7021967019441,232.2595231851147,384.7063981993262,74.92682129367708,5.7973129099556,1.1982022757370938,0.27661449967260027,0.2966707651412149,0.0719637328497405,0.11955777964901981,7.571548025369458,8.351657525332456,0.06599255708893045,0.053621803378819825,0.28864803388256727,0.10260440412642782,0.06824454755491921,0.06028995663316352,0.40621515894093735,0.1578152109822261,0.20709592819367423,0.09204356272409683,0.39495106112763,0.19780750493338733,7901.504918032787,6962.655538809448,7921.9704918032785,6963.093506956976,5000.301639344262,2980.7881454281405,9780.698360655737,3229.7813292899878,2358.4852459016392,611.590775698717,12531.606557377048,580.7016535908738,2686.895081967213,1879.1292186901205,12174.629508196722,1565.9756975478936,3031.8754098360655,2585.0394983656324,11680.826229508197,2525.4291426553445,3179.6032786885244,2496.08269475756,12000.075409836065,2413.203653358772,3169.5737704918033,2477.3936422216548,11825.262295081968,2471.9189082309545,3052.1540983606556,2319.5052924780057,11758.87213114754,2485.513577404918,3308.927868852459,2780.5746781614434,11638.603278688524,2781.218957837837,3298.144262295082,2679.4643647101393,11696.87213114754,2647.7445801823947,3397.2852459016394,2904.2078661058918,11393.695081967213,2936.2507739253215,3404.87868852459,2760.977430205386,11082.652459016394,3253.2134139917475,3856.098360655738,3280.554740400934,10949.452459016393,3296.4046191310426,4049.9475409836064,3403.0600573333913,11011.354098360656,3069.358839140908,4399.426229508197,3689.5143644336695,10465.52786885246,3426.8080273954783,4801.314754098361,3530.8998851975653,10042.518032786886,3844.6897426972414,0.0,0.0,0.8065573770491803,0.0,0.1377049180327869,0.003278688524590164,0.0,0.0,0.0,0.0,0.0,0.9868852459016394,0.05901639344262295,0.006557377049180328
TOP,SILVER,0.18779700392952137,0.1431265100212956,0.1914978136432496,0.09616197502289762,0.18327287258806946,0.1239187678097236,630.3076645882156,281.031104248325,11.680599252697332,61.78140306705625,849.9939179348424,455.5194303480908,257.7307939203908,224.48480784731757,136.52170210993523,109.87570929489918,0.5783443691025395,0.254652958823928,0.783724367126425,0.6092583403982634,870.1176216209361,248.08883146147332,378.97512297969615,86.74642234657196,5.633921250928809,1.3353673402822557,0.3239611280596241,0.3789163538654106,0.086264387156748,0.17063694420642364,7.539931596852173,7.009120515032795,0.04452340787761674,0.052071066230956774,0.26615609828493936,0.09493875573914203,0.057798578555793234,0.05660442124247417,0.3844585885672786,0.16407895590697383,0.1959248322499054,0.08230171982073878,0.3710698765175908,0.19157003628114253,7979.221476510067,6957.771377146679,8003.221476510067,6959.939576874641,4396.261744966443,3006.4300952776007,10226.352348993289,3216.8036857839575,2426.010067114094,938.3717916833027,12437.48322147651,1196.1201481491908,2780.0973154362414,2134.542356409425,12157.05033557047,1919.9203408743076,3210.5335570469797,2829.1055421994784,11966.969798657718,2130.2425026970354,2956.731543624161,2203.338546215116,11815.338926174496,2685.323789497134,3220.6476510067114,2656.409307841265,12136.295302013423,2041.1011750472342,2898.3523489932886,2468.7313690237484,11497.224832214764,2834.8209843398117,3231.463087248322,2733.995257431225,11653.993288590604,2843.495182899676,3328.2651006711408,2645.70363878871,11654.912751677852,2654.0805351970002,3148.1442953020132,2645.8693420251043,11542.187919463087,2615.1273330249865,3206.2751677852348,2677.830366705348,11406.953020134228,2783.5832194983864,3605.218120805369,3042.9194939300014,11290.08389261745,3142.602772362031,3651.9664429530203,3100.092252165104,10886.379194630872,3503.133931292919,3981.8422818791946,3445.2975093456284,10722.55033557047,3496.46011934137,4191.375838926175,3149.259065179665,10451.154362416108,3493.5216575901763,0.0,0.0,0.7348993288590604,0.0,0.19798657718120805,0.003355704697986577,0.003355704697986577,0.0,0.0,0.0,0.0,0.9832214765100671,0.06711409395973154,0.010067114093959731
TOP,BRONZE,0.20371465620073395,0.16217857629572435,0.19171887212217187,0.10043731271130979,0.19516087357469003,0.13696506639878572,633.9847702415998,295.2552307598557,25.630171817934816,104.08486797364539,826.7122320443258,469.15093107307433,267.56744719919544,223.65167315681057,149.70694289607292,129.2939421764613,0.5383153493568901,0.2536480914810273,0.7577807172270318,0.532267507104445,864.2045485369358,258.55069748183405,376.1779171932104,85.05736032585789,5.277754014647467,1.2665700579532686,0.2890623179055717,0.3072182274142388,0.08208428284575732,0.15676710223401324,7.468319765794558,7.820469746993307,0.03373158836652771,0.04371476946943454,0.2586531407961863,0.09262754103787159,0.04534309999196561,0.05207572278353571,0.41082366830584527,0.18107980547181213,0.20184456875183834,0.09502229541415723,0.398875529775424,0.21817256701384008,8316.03355704698,6929.349686392744,8334.302013422819,6929.019578501363,4175.093959731544,2993.858295381621,10736.942953020134,2935.282712010597,2333.8120805369126,804.105914335749,12365.241610738254,1278.6591548794356,2563.993288590604,1459.1215958941316,12267.989932885906,1368.6281378432534,3044.01677852349,2307.0298561772647,11787.345637583892,2519.8312629890784,2903.3892617449665,2186.7505487465237,11942.295302013423,2403.0773943025965,2907.463087248322,2303.5265498736776,12200.426174496644,1849.7745088493039,3207.2080536912754,2838.2152066503904,11829.942953020134,2554.7574410486154,3217.6342281879197,2748.9011046723617,11730.520134228187,2732.576918235123,3195.8255033557048,2560.6671380073244,11783.651006711409,2664.0438716071226,3170.7550335570468,2579.8248766795873,11365.352348993289,3000.8749117051734,3431.5,2958.7375142873316,11331.325503355705,2721.842801073964,3826.003355704698,3087.4308209355518,11437.18456375839,2880.3418117219203,4172.963087248322,3596.6490776636037,10875.442953020134,3278.4645270284445,3913.1241610738257,3205.4607617267493,10818.607382550335,3138.906543114969,4069.1610738255035,3136.8926905053104,10873.29865771812,3126.3263735580977,0.0,0.0,0.7080536912751678,0.0,0.24496644295302014,0.003355704697986577,0.006711409395973154,0.0,0.0,0.0,0.0,0.9899328859060402,0.03691275167785235,0.010067114093959731
TOP,IRON,0.18989591908436085,0.1588128183585488,0.18782558897897103,0.0966500934421044,0.176560344320583,0.13515961692794923,585.4779280321097,292.08344005745295,15.674392624086538,74.66995932643879,726.7481954214031,440.2184575862779,235.10708652398225,220.7270588951231,130.92732588282078,119.32208502719217,0.4944923753376429,0.235924881282775,0.6801845720120235,0.4945244731323345,809.9900048910924,240.26179537378047,356.1503324390059,90.40542900554262,4.943237570726526,1.329867584942721,0.26527346566846854,0.37159302654896914,0.06978178275823976,0.1720854300169069,6.658093806621819,6.168586806175138,0.028003811399675033,0.0479831131757275,0.2436106079166333,0.08925262228790111,0.037371602999341225,0.0456463422134342,0.37034266180891556,0.1643576935415427,0.18628933775261472,0.07810155970382206,0.36645626340494375,0.21952804164617779,8099.144578313253,6965.921927946304,8120.096385542169,6970.626706513742,3891.9939759036147,2813.982010876979,10914.843373493975,3082.869269510989,2549.1867469879517,1093.812828736316,12482.831325301206,1025.9876284832371,2932.897590361446,1988.99118217805,12429.253012048193,1547.5485979023924,2753.722891566265,1793.6781597954928,11859.156626506025,2248.044844704907,2668.4337349397592,2037.5775349011494,11940.27108433735,1884.2028887749607,3084.987951807229,2486.655005223981,12036.325301204819,2267.0958601242105,3156.1987951807228,2392.452481323815,11971.789156626506,2198.4325347440395,3033.367469879518,2450.705779089495,11651.915662650603,2938.425545041629,3199.7168674698796,2620.5902546919638,12109.325301204819,1600.580596237796,3464.5361445783133,2881.0766603698826,11616.210843373494,2944.3867228096015,3140.9337349397592,2466.4914036069895,11433.084337349397,2973.636541972336,3583.5361445783133,2827.862835046489,11180.518072289156,3086.2571108410375,3903.9036144578313,3069.675869235818,10805.367469879518,3423.4542652957616,4244.753012048192,3265.626988732229,10807.397590361446,3457.6786798493968,4555.415662650603,3673.2299900102594,10205.397590361446,3792.01611663804,0.006024096385542169,0.006024096385542169,0.6686746987951807,0.0,0.25903614457831325,0.018072289156626505,0.006024096385542169,0.0,0.0,0.0,0.0,0.9879518072289156,0.03614457831325301,0.012048192771084338
MID,DIAMOND,0.2232631830377495,0.12999088736947048,0.18364943911242954,0.0983518051461558,0.2307924034862036,0.13598170909683507,642.3482701871122,235.9692114788803,13.599985013916093,47.11173041936552,514.2449131856558,293.2789403542074,191.125520267206,160.7762890102964,81.19330960153339,81.91904678668206,0.7657073334815675,0.2716604769786276,0.7867130760832386,0.7200847920377078,724.921205114506,240.31632862761398,399.9423480661812,67.39446737289278,6.154437015627222,1.1570547760903058,0.3650260430127916,0.3261463732722353,0.061611008724556354,0.12424341095003409,6.489567310017454,4.906575684300504,0.11981435226235515,0.17731880457834778,0.33231652466026285,0.1890902609974108,0.10839313165720593,0.07409693989593714,0.5051701156835315,0.15444587732251744,0.19278589209187383,0.08388872989546937,0.45405558652395317,0.19588473715958024,7812.7992565055765,6959.254139343497,7763.148698884758,6961.877076304015,7340.055762081784,2354.9075497298213,6992.617100371747,2446.6652797022557,7340.442379182156,1158.8382054481372,7516.342007434944,1114.490634833589,7227.204460966543,1307.08733642961,7509.561338289963,1283.0482742368204,7457.397769516729,2451.7289851372584,7414.308550185873,2436.678821024553,7669.182156133829,2458.9152049942772,7298.855018587361,2532.3884553131757,7537.7992565055765,2210.8458713837044,7411.014869888476,2132.6602212216194,7807.171003717473,2646.17327484414,7064.847583643123,2725.741070497891,7553.773234200744,2435.919375892413,7200.111524163569,2438.686907087405,7805.724907063197,2270.1151440676053,7629.382899628253,2366.985857710605,7593.672862453532,2704.586318418351,7417.680297397769,2732.8541859906245,7664.144981412639,3022.3019171081646,7368.182156133829,2814.307012918809,7690.855018587361,2577.883158649404,7091.5724907063195,2728.533454591038,8246.171003717473,3010.7617745656876,6903.784386617101,3110.598336821856,7925.985130111524,3105.850371416628,6766.141263940521,3197.6993599129905,8317.003717472118,3128.7775562118163,7089.847583643123,3049.491826243245,0.040892193308550186,0.0,0.31970260223048325,0.0,0.5799256505576208,0.011152416356877323,0.022304832713754646,0.0,0.0,0.0,0.0,0.9925650557620818,0.01486988847583643,0.01858736059479554
MID,PLATINUM,0.21559242141702753,0.1295635569491364,0.19100920009598252,0.08347287398376273,0.23169878998259122,0.12487202950202236,635.6182144066373,219.58687920120238,13.32790709390485,51.516625085139985,547.9733597700039,338.6426538743456,195.64712499107674,182.48985052718032,86.93713500117263,101.49834349621489,0.7193030104427857,0.2593916952674509,0.7481220130932412,0.6860519201269171,732.2178708076098,212.9848942049845,393.8369641303985,68.2394814381474,6.011478437581392,1.135349133315276,0.3911579370389138,0.3820769743906431,0.07844760169187842,0.16384097639728093,6.586569116030738,6.1561109866779615,0.09014301125495892,0.06952303022949889,0.30833691949352104,0.11919880185117523,0.1080888302730663,0.08493163778141703,0.4946528898996032,0.14635046241481758,0.20801534493526036,0.07874657334119685,0.44729121139961875,0.19003983892729595,7673.707070707071,6966.843532703516,7623.518518518518,6970.583740956684,7644.666666666667,2397.053386804138,7243.575757575758,2423.4274258432492,7368.414141414141,809.6415123887415,7413.498316498317,770.7505517376637,7374.882154882155,1422.7078018496943,7523.811447811448,1326.1214828592958,7342.888888888889,2267.214570769584,7379.989898989899,2241.963492248101,7515.936026936027,2442.7291213073154,7360.86531986532,2415.5768508454707,7499.457912457912,2369.7053184656834,7229.03367003367,2373.775890557537,7747.343434343435,2610.305766086646,7420.525252525253,2531.532964204377,7558.956228956229,2455.4348767353686,7076.451178451179,2386.096001176687,7646.7037037037035,2177.4152215521613,7432.1144781144785,2103.6840947809324,7508.080808080808,2512.8396032827823,7354.572390572391,2561.0255340638514,7541.080808080808,2840.7699779764494,7557.861952861953,3010.876589235822,7649.804713804714,2669.4309727901223,6910.2962962962965,2633.433125556215,7941.680134680135,2903.026003163462,7061.50505050505,3052.3669239881433,7681.430976430976,3151.538019436881,7309.7946127946125,3019.4185913799497,7590.750841750842,3288.71961117905,7232.447811447812,3227.2433740592055,0.02356902356902357,0.0,0.2895622895622896,0.0,0.622895622895623,0.020202020202020204,0.026936026936026935,0.0,0.0,0.0,0.0,0.98989898989899,0.013468013468013467,0.013468013468013467
MID,GOLD,0.2518109906882455,0.1564024008076507,0.1959647979189459,0.097164463857793,0.2250526448443069,0.1326014868978893,683.5041881087014,252.12274128909596,5.472792484604258,48.41085575554479,532.1135075126446,271.3019577880131,191.0589881946009,177.9304483103815,93.2798334880612,93.66230654917666,0.6889561879882953,0.25907430599351544,0.6351266839117071,0.599823891265381,741.9042437764309,208.44890688324304,400.3443908126188,78.14984157846384,5.739450204592984,1.2147518049167572,0.4029209920334232,0.37154836416896164,0.07961520754775925,0.13832018560882414,5.286247624778694,5.066176979336884,0.07337665716499751,0.05906803584564408,0.29610246518220124,0.1013423474684086,0.08790628299567035,0.07335272500028434,0.49384521838331824,0.1631987120685598,0.20576855171472988,0.08895398655300625,0.47686363553255234,0.20453936395171876,7686.068627450981,6965.52367055851,7637.496732026144,6971.1879431940115,7733.339869281046,2230.239084921934,7314.954248366013,2286.9907318867713,7372.14705882353,667.9438534918565,7436.261437908497,499.8801334515756,7386.35294117647,1348.2028668216349,7459.85294117647,1294.0034590654261,7413.813725490196,2154.810889258436,7475.18954248366,2115.9654905972543,7442.4477124183,2122.524288735806,7424.18954248366,2077.7572831999128,7544.058823529412,2117.4743035127117,7294.611111111111,2086.7084070704354,7559.885620915033,2418.753788998079,7189.519607843137,2381.6682115916306,7607.754901960784,2552.542103259086,7076.114379084967,2485.162068796723,7437.9477124183,2372.9374444535683,7451.362745098039,2393.105908842187,7510.944444444444,2671.335184089769,7134.408496732026,2603.8232217814298,7713.516339869281,2653.0843160850964,7559.277777777777,2868.217592054935,7934.166666666667,2502.034189136223,7092.049019607844,2479.247301338807,7783.660130718954,2877.1907181089755,7067.771241830065,2921.1043173334338,7751.509803921569,2935.3040049614815,7043.803921568628,2954.5276564795604,7682.225490196079,3226.2928568510006,7248.235294117647,3048.262038055764,0.02287581699346405,0.0,0.27124183006535946,0.0,0.6666666666666666,0.016339869281045753,0.013071895424836602,0.0,0.0,0.0,0.0,1.0,0.00980392156862745,0.0
MID,SILVER,0.23930211806960908,0.1447773538547408,0.20247699568124503,0.10624032576340184,0.20573593545350524,0.11639179218688385,648.1810491116811,259.9695089542654,7.056133066086056,36.25608001546508,548.6551908598998,305.58710428786736,185.72368435621956,178.2730871054061,90.70365825200477,93.86182332643205,0.6322174624824684,0.2633888342727871,0.7450213308556591,0.8434827096927616,752.9239759046878,207.23754835601494,382.116045109019,77.11405096815466,5.217173151458981,1.273236763589315,0.3763394963545674,0.40793066344862244,0.0818398992752734,0.14762033302415006,5.478553805894548,4.564918846768087,0.06266670380944372,0.0600246544929145,0.2859781012292766,0.10635819709546676,0.07404675505242662,0.07351766604724225,0.4641412057161862,0.1475977657926475,0.2060680076381408,0.08259797658637347,0.44503805352311426,0.1963674685340314,7746.21768707483,6963.039765186124,7700.598639455782,6960.8052721155855,7584.663265306122,2222.617641372017,6885.581632653061,2426.236524081642,7368.503401360545,867.7481616241218,7417.258503401361,855.6070322868884,7350.088435374149,1350.5751394015654,7462.122448979592,1355.7520256009004,7531.003401360545,2036.682916000841,7742.6768707483,2013.7002484116083,7495.166666666667,2156.327832909611,7382.278911564626,2147.150271998567,7723.231292517007,2129.095241412132,7510.3231292517,2145.672495599238,7748.401360544218,2366.1407863042464,7351.510204081633,2419.136402384665,7649.799319727891,2738.181611285451,7383.969387755102,2704.9049144709907,7604.380952380952,2294.5335375019636,7411.482993197279,2258.8266362754193,7713.775510204082,2435.6144252761396,7341.93537414966,2474.236832572637,7538.523809523809,2726.7851035858425,7225.591836734694,2673.3006027563824,7609.187074829932,2590.149668683355,7149.833333333333,2562.114072717191,8032.741496598639,2981.9709600645106,7198.656462585034,2842.3140564639275,7953.122448979592,2903.1108427271347,7193.969387755102,2842.720834532824,7730.809523809524,3086.549854538336,6879.863945578231,2965.998298438604,0.02040816326530612,0.003401360544217687,0.20408163265306123,0.0,0.7210884353741497,0.03741496598639456,0.0,0.0,0.0,0.0,0.0,0.9965986394557823,0.0,0.017006802721088437
MID,BRONZE,0.2585890091300732,0.16549525690818614,0.2064063834500844,0.10381236236696088,0.21624390717205041,0.12671252925406468,667.6846200593606,293.6347949535793,11.536108319281142,60.66225727509174,534.7488288127861,313.9746963500795,178.05482566862855,162.2829997902536,86.24945192532716,96.56284642399825,0.5839112790985223,0.24060126367418297,0.6813370742312295,0.5074943208633927,748.0301030649531,239.37022264983952,381.01130539015367,86.65120493488804,4.853953129035162,1.260103798029849,0.36149696249697105,0.37484705816333597,0.07597101989781516,0.1553839065003286,5.241928783657373,4.637933157057095,0.05330095169077077,0.058796608162210134,0.2848984147395552,0.101851344980839,0.053334848971874856,0.05856492615721319,0.4829244549996065,0.16615503544973093,0.21331037981837123,0.09581188019090618,0.4748329163021237,0.21837960364147604,8165.523648648648,6921.8025157638995,8110.594594594595,6924.2022724401695,7998.969594594595,2048.262058450853,6949.125,2178.1431653426307,7559.27027027027,1001.007909649541,7536.4222972972975,989.7931785553508,7510.246621621622,1615.0500637636976,7539.902027027027,1585.2144592748903,7295.378378378378,2002.2573325714168,7583.611486486487,1874.2124097924855,7926.398648648648,2273.075040302371,7692.844594594595,2260.14275749163,7770.27027027027,1952.326273768998,7597.581081081081,2007.9746909523708,7775.976351351352,2264.4172512093346,7243.763513513513,2247.3193201980466,7819.239864864865,2280.235555754589,7515.780405405405,2225.0004279004356,7839.560810810811,2100.789276136516,7277.864864864865,2198.0086955570464,7630.25,2602.384073518299,7570.543918918919,2518.815509509568,7928.52027027027,2674.3109651966006,7299.125,2592.23508060816,7692.256756756757,2689.4993816104525,7484.1824324324325,2760.4877806185937,7997.2128378378375,3095.8292016957134,7546.391891891892,3035.141302683628,7655.222972972973,2935.708886922984,7118.209459459459,2947.826716277324,7826.834459459459,2764.611848740859,7052.209459459459,2769.937333326204,0.016891891891891893,0.0033783783783783786,0.11486486486486487,0.0,0.793918918918919,0.030405405405405407,0.013513513513513514,0.0,0.0,0.0,0.0,0.9932432432432432,0.013513513513513514,0.02027027027027027
MID,IRON,0.2452822064379511,0.1616166850795081,0.21506464938734696,0.1107924565084197,0.2066890577079081,0.12434469680716369,654.659255990497,298.94494020252307,7.853796744493386,48.91715011789576,488.0537972079999,293.24375257132255,167.33447001559392,164.66782554784976,77.05556487299215,79.51755253312969,0.5751981121935055,0.24408578869056735,0.7351571246484965,0.803114350504781,731.4531793134031,225.2452210998781,368.54641187359397,78.90344368637206,4.767373823699192,1.2841685984574467,0.24842363269000964,0.3409545031303679,0.06661664121764611,0.1749792744537811,5.0748225832840905,4.767984937784737,0.046287711777753794,0.06079388030187124,0.27874416713120836,0.08895653826402287,0.04323336372728309,0.047194245506778934,0.46678696448178053,0.1648922658967203,0.21428942638578016,0.08719261677164696,0.4519712641458593,0.21954567606122916,7996.698795180723,6944.505619308304,7944.590361445783,6948.5885814029525,8026.6024096385545,1939.931501069727,7074.234939759036,2097.3564079680264,7425.518072289156,933.910226838011,7439.536144578313,812.5565091141867,7542.22891566265,1419.5233243917305,7553.463855421687,1371.596948667772,7187.024096385542,1988.7490539069643,7365.391566265061,1983.0520333462619,7637.6626506024095,2082.7375590916663,7642.939759036145,2040.2308178949818,7654.349397590361,1803.894732087818,7550.94578313253,1868.3876609494537,7636.656626506024,2451.9188940905547,7290.3674698795185,2413.6515961886175,7456.831325301205,2083.7217014160437,7420.277108433735,1978.0647310746142,7611.578313253012,2456.897149438855,7495.993975903614,2344.2965566280295,7739.259036144578,2423.7328758973695,7539.8975903614455,2217.66747686247,7760.463855421687,2542.646768545474,7572.289156626506,2676.389680510354,7756.21686746988,2769.222967475272,7578.668674698795,2816.8473057841966,7852.439759036145,2895.5860817725816,7721.349397590361,2596.3960987152705,7864.150602409639,2870.1772358271264,7232.289156626506,2724.644085870591,7678.993975903614,2914.8821619656096,7421.801204819277,2918.059500961222,0.006024096385542169,0.0,0.14457831325301204,0.0,0.7831325301204819,0.04819277108433735,0.006024096385542169,0.0,0.0,0.0,0.0,0.9879518072289156,0.012048192771084338,0.012048192771084338
JUNGLE,DIAMOND,0.22137917792595194,0.14847755114783373,0.18954032276081098,0.09229210113259215,0.28532550310154636,0.1438677820938836,536.978494940811,237.38972413567961,114.39324997031781,288.38656967042886,676.0720873681689,321.82275859553374,733.4151211530561,425.87066938858413,42.4954205509531,57.64584458045401,1.0109527660867845,0.35235453764098107,0.6662514819065617,0.5463678496461659,974.1329215442192,215.4058918309064,392.4271574369213,73.45265555127034,1.197532379394266,0.5856264086857831,4.565423596106887,0.9094815987990978,0.3790837036685866,0.3487020897394443,10.98758754025819,6.131112526215923,0.16683073283379998,0.10264706971340715,0.26832970681000673,0.16145041788511832,0.18908381439458682,0.11880737993914106,0.5591061405136479,0.15799140765799807,0.19873362063268157,0.07703715330180781,0.5067046810274983,0.21871896587523315,7835.06015037594,6969.648930558569,7642.022556390977,6970.302055084265,8037.582706766917,3239.4106945323806,6601.8646616541355,3678.715065421323,8297.093984962406,3379.7048875578694,6999.526315789473,2441.986029286284,6218.932330827068,3046.56534897781,8628.845864661655,2956.6163773083144,7177.0,3245.179348475764,7591.116541353384,3259.764256661572,8335.477443609023,3554.318773126395,6373.075187969925,3344.7673334748047,7738.086466165413,3734.3974538657217,6967.928571428572,3497.6335318584465,8187.766917293233,3016.9489745898522,6798.3421052631575,3307.4035235253655,7786.616541353384,3340.1901645600155,7243.736842105263,3246.3403125406026,6771.62030075188,3364.765410337724,7910.454887218045,3397.679235672961,7320.067669172932,3667.0282671919417,7766.154135338345,3478.842445021723,7538.661654135339,3626.386532254456,7299.421052631579,3477.7559414201874,7962.296992481203,3501.0754765635506,6894.071428571428,3352.4352644646065,8590.022556390977,3347.350493717558,6666.68045112782,3332.407337577585,7705.875939849624,3391.656438916734,6942.124060150376,3546.801817905026,7767.402255639097,3361.7172857451756,7329.109022556391,3116.2086602928766,0.0,1.0,0.0,0.0,0.011278195488721804,0.0,0.0,0.0,0.0,0.0,0.0,0.9586466165413534,0.03007518796992481,0.0
JUNGLE,PLATINUM,0.22195425652008072,0.14421379834625042,0.1839539853662081,0.09368363827436965,0.2790952522854336,0.14430722395265286,529.1284178885959,238.23365788922726,86.00004730875686,256.6725864450423,717.9271230528371,314.73285608714195,700.0886174130685,430.6259939689456,49.09252991121194,60.90100405456888,0.9233795376143181,0.3290767116931385,0.6597985159998184,0.35881542060963495,979.5310505198997,225.0432553674155,389.0500396424901,70.11563387127073,1.2609052586913407,0.6451205867710958,4.384252705536341,0.9172353424176819,0.30997476138545876,0.33955723323523185,12.195048593222692,5.543299264746661,0.15038739229719747,0.09877311714270412,0.248845109420425,0.14517123231462956,0.16473728763246218,0.09781010463199181,0.5485868344504486,0.14868138078400056,0.19362069737832588,0.07777746261603322,0.5010495088055142,0.215045738765961,7915.215488215488,6962.828212509732,7729.801346801347,6968.037756786209,8438.925925925925,2945.7801233349096,6416.026936026936,3128.4525564439436,8377.56228956229,3200.594691941895,6823.272727272727,2502.3930066694184,6337.087542087542,3163.175688806494,8709.148148148148,2771.4650795991347,7192.259259259259,3265.793161925059,7692.262626262626,3047.238873983915,7842.835016835017,3565.8764108446508,7105.2053872053875,3643.3094819576104,7951.848484848485,3581.636951257658,7129.538720538721,3678.752595853982,8465.548821548822,3074.542595920355,6767.306397306397,3389.918123222873,8099.861952861953,3594.75023722661,6599.400673400673,3461.5064821664896,7076.882154882155,3219.275133953704,7712.131313131313,3307.927161788574,7224.861952861953,3339.184580093269,7885.744107744108,3328.2678386691714,7548.104377104377,3580.1277210741728,7307.49494949495,3354.8035932775033,8105.592592592592,3330.5289074039056,6877.946127946128,3496.237052048248,8319.356902356902,3177.101322177113,6600.323232323232,3382.5726161127723,8196.363636363636,3313.636232832156,7045.367003367003,3163.5353539670514,7815.79797979798,3456.723255013722,7176.538720538721,3564.841308304523,0.0,1.0,0.0,0.0,0.030303030303030304,0.0,0.0,0.0,0.0,0.0,0.0,0.9461279461279462,0.02356902356902357,0.0
JUNGLE,GOLD,0.2263241184657212,0.13034243836676793,0.1885137285309445,0.10078399202778669,0.2899552965631515,0.15347990752067597,516.8812265172672,205.28834248822523,81.57962015670914,258.2270816835914,768.4629731277577,345.34869983153186,687.7711586743037,449.4971021880163,42.132309611307896,55.04097880553404,0.8943148920864149,0.323422123526541,0.8309921555171454,0.8510244930089198,998.2081400644086,222.42862494424685,386.8408731225041,63.31361986637699,1.2674427533605452,0.5999029077811426,4.2092132575308,1.0083304583090587,0.31901198724251784,0.3311296943100696,12.286291862147065,5.427470391584678,0.13312100542496058,0.09021620312143519,0.24836457260014877,0.14596231930005482,0.1406429385557528,0.08985319557735057,0.5345783713220124,0.14633616676707564,0.18955416974542702,0.07505136928040729,0.5162794150288728,0.20156371139182583,7903.57095709571,6965.504400286601,7722.722772277228,6963.276417458714,8583.521452145214,2642.151977377181,6196.83498349835,2887.373123699264,8515.943894389438,3248.37421487859,6731.514851485149,2442.9470678740327,6071.5082508250825,2890.538771549754,8996.798679867987,2717.622428637579,7230.772277227723,3428.6149402106275,7675.62706270627,3219.8898683698403,8133.716171617161,3635.558427272913,7141.023102310231,3473.5938490188137,8043.5676567656765,3365.026171317608,7170.23102310231,3576.042849716414,8310.610561056106,3184.825048500619,6630.531353135313,3121.2473168199035,8221.874587458746,3344.746582246763,6951.8712871287125,3364.590060925718,7051.079207920792,3418.0374195804748,7864.135313531353,3195.233928699597,6961.5379537953795,3501.7070025205935,7631.726072607261,3286.4650972300537,7465.452145214522,3599.1088646206686,7422.950495049505,3630.9114304017307,7935.521452145214,3469.6192538839746,6585.561056105611,3253.133811892926,8165.679867986799,3292.4673420552926,6686.521452145214,3128.082573736576,8052.260726072607,3198.2533728732055,7142.907590759076,3264.171446147223,7716.013201320132,3388.3908192822164,6969.122112211221,3270.1198585086663,0.0,1.0,0.0,0.0,0.033003300330033,0.0,0.0,0.0,0.0,0.0,0.0,0.9471947194719472,0.019801980198019802,0.0
JUNGLE,SILVER,0.2158885503947332,0.14278875493994023,0.19269310923040317,0.08942441002983144,0.26445193253941734,0.1441495607900014,511.0968410413244,232.3736596888925,67.56156050786812,223.3862989628824,754.3071829669344,331.98329065389987,646.0218163968824,397.465636858901,45.78449169581153,60.0494417294981,0.8075439061414728,0.2730590869885118,0.7353648486404865,0.7228275266001604,981.1140148760749,197.26058679662472,377.7855843472812,67.24985996272228,1.2863716549118491,0.6091279400402896,3.9854168482804684,0.9876993875590641,0.3000223882032278,0.3346701609432835,11.402526533476442,5.908585980747176,0.09321582818928968,0.07993176019695318,0.23489132296986814,0.12841398320784422,0.11495372516485716,0.08707774685142664,0.5010154354016572,0.1529977929022561,0.20177140133719965,0.08031638302054464,0.48034048293415055,0.20742970990999138,8007.319865319865,6958.169464691669,7823.060606060606,6960.884116655275,8763.491582491582,2794.8308186413637,5941.457912457912,2908.4811872581913,8553.919191919193,3325.654535282128,6658.848484848485,2215.36430426561,5865.723905723906,2682.19231967632,8738.936026936028,2559.844711152992,7283.306397306397,3421.518828183522,7832.481481481482,3257.2686141650684,8248.831649831649,3378.733049363292,6614.80808080808,3469.157270739346,7766.653198653199,3285.327875199939,7021.996632996633,3357.054455654818,8272.003367003366,3218.0497551063404,6763.73063973064,3201.5139389864057,8043.309764309764,3164.8479594483847,7093.983164983165,3203.684705504459,7238.400673400673,3383.5504008762473,7671.104377104377,3353.0104513767305,7230.080808080808,3611.1677670937197,7903.508417508418,3309.1261279230853,7707.4175084175085,3398.584914297776,7115.8552188552185,3393.109232861472,8114.49494949495,3523.8488642940642,6905.861952861953,3485.2113198078023,8476.996632996634,3252.9856748323223,6677.484848484848,3258.4953283177047,8197.57239057239,3496.3195372272976,6945.656565656565,3616.7718410999196,7548.158249158249,3518.746394344218,7259.097643097643,3490.295097184995,0.0,1.0,0.0,0.0,0.013468013468013467,0.0,0.003367003367003367,0.0,0.0,0.0,0.0,0.9696969696969697,0.013468013468013467,0.0
JUNGLE,BRONZE,0.20913161489692006,0.14777715441644937,0.2007924272983169,0.09607842286108743,0.26197588406338596,0.13945120394707378,491.11959298594667,248.6697226289624,39.00775698614164,174.0893026974578,716.775730696476,380.25694364058324,589.6087837650919,390.7708763493583,42.434993665262915,58.31087044264939,0.7008132589914563,0.28512608081253094,0.7855972338920515,0.9538419878051103,945.6842064366191,219.593329225386,366.1169698229189,76.03969336279553,1.2195644621368662,0.710065316015441,3.734285742396219,1.0352778692179152,0.310561296060736,0.33581938705710285,11.028038396428402,5.914616723333647,0.06954538477988749,0.07666667229464978,0.23412751660488748,0.12380227825159433,0.08202778480882471,0.07664976164840467,0.4786002953824396,0.16881018418231164,0.20835454652630567,0.07924002815980272,0.47110749896030607,0.21883487514289918,8306.204697986577,6929.249088539221,8130.3489932885905,6935.242679429087,9049.73489932886,2719.0099728605833,5955.862416107382,2757.5534558399804,8883.902684563758,3179.089370588385,6601.956375838926,2106.059393703724,5953.137583892618,2755.9612238205063,9173.644295302014,2496.026268352842,6727.5,3306.8718546328587,8289.29865771812,3054.145074499977,8618.228187919463,3345.29123637576,7291.140939597315,3423.1509162695943,8021.1510067114095,3639.2572706763535,7294.684563758389,3600.0973061807194,8386.832214765102,3234.9421716482366,6829.315436241611,3213.3976681334716,8463.48322147651,3309.7687247755007,7088.342281879195,3097.7007586583886,7533.8892617449665,3324.562542471845,7783.395973154363,3441.1463594156753,7140.4496644295305,3715.812465025055,8045.852348993289,3512.038343316759,7807.6107382550335,3617.8513848108664,7440.463087248322,3371.202975497006,8070.728187919463,3316.332491658474,7203.694630872483,3581.469009597191,8541.976510067114,3340.1135552157393,6979.922818791946,3402.3000851547295,8094.046979865771,3229.2173767760405,6910.7885906040265,3107.274739814768,8051.01677852349,3214.689900223611,7264.184563758389,3380.019650516162,0.0,1.0,0.0,0.0,0.02348993288590604,0.0,0.0,0.0,0.0,0.0,0.0,0.9664429530201343,0.006711409395973154,0.003355704697986577
JUNGLE,IRON,0.20106726386458795,0.142390157884271,0.2085916083694721,0.11474148115890406,0.24673518076208395,0.14263546700821952,452.46791903085415,228.312647030582,69.85014431012367,231.38340759791168,692.8359922418165,333.4309479115107,562.3063824818744,386.07007984646566,40.10720358880155,58.1462658960484,0.719687886581742,0.3430344234605485,0.7368225163414852,0.7633270666882543,953.6729339475058,215.46700369555015,358.98676254912334,72.85777003557088,1.0501106500015873,0.6909176886444915,3.7139231453190096,1.0416053335070408,0.26398415608053144,0.33753628657585205,10.394944755533073,5.945817031401299,0.060556269404574044,0.07458384979224844,0.23854478524148626,0.1231830511349464,0.07056557027933388,0.06672022836118502,0.4666706130924925,0.1686368223322791,0.20571259713950374,0.08480653759248563,0.44780244462667196,0.21357708760480068,8138.4011976047905,6954.74586342433,7955.395209580838,6956.808253199461,8799.179640718563,2890.0861272558122,5775.431137724551,2873.6719457089603,8631.646706586826,3404.0990547326705,6721.904191616766,2157.982037157207,6257.814371257485,2981.5773896370074,8972.838323353293,2481.8986836921517,7022.22754491018,3189.605304125289,7807.059880239521,3422.953223092173,8130.970059880239,3637.6170579850723,7470.904191616766,3563.8777145490603,7842.562874251497,3757.6396342681683,7173.550898203593,3610.443397424785,8376.005988023951,3205.366844590126,6657.45508982036,3159.2989990090523,8262.880239520959,3546.558667661003,6829.377245508982,3456.2855412090416,7169.706586826347,3339.1964860466405,7738.526946107784,3179.259894958451,7081.119760479042,3465.572422340455,7693.473053892216,3337.751659776656,7504.095808383234,3683.3118940483096,7082.616766467066,3466.055015477914,7924.856287425149,3636.5667896199648,6919.826347305389,3427.502986530447,8091.425149700599,3425.0223997283274,6745.167664670658,3380.5848083457404,8280.31736526946,3136.8688173058476,6717.982035928144,3106.855246671743,7842.029940119761,3390.6267384985154,7135.8443113772455,3246.652544806631,0.0,1.0,0.0,0.0,0.011976047904191617,0.0,0.0,0.0,0.0,0.0,0.0,0.9820359281437125,0.005988023952095809,0.0
BOTTOM,DIAMOND,0.21452337369185395,0.13771512729728708,0.18447900884164303,0.09609866803527432,0.25183469702598926,0.1370948803724958,666.9279775310775,273.08488427769987,89.57174172780763,83.74662094381483,341.38904627988074,159.12867082306389,354.0326864826678,269.50664494715966,129.88593917915733,109.50632915122739,0.7816073075575699,0.3122777732159841,0.5477957712039997,0.48383200429637374,597.7010140660212,156.99889670121183,416.79973596208544,72.28087012510088,6.77895684481933,1.0901130994828734,0.49604999586494386,0.39430754161029336,0.07607844413742683,0.1329807058461363,7.445703959259645,8.287841548406073,0.06707600398221175,0.056545916222599864,0.30928270915167777,0.09223156108450783,0.15151782980740916,0.09978779506242182,0.5084901381434563,0.16570772910186704,0.19006503172907727,0.0802362562209668,0.4663580707178432,0.22132890270429773,7674.575645756458,6957.81213382676,7924.571955719557,6960.473987251918,9494.30258302583,2576.2823381536023,4891.103321033211,2346.43895920717,12422.073800738008,755.696398287785,2519.309963099631,1010.152141022074,12223.586715867159,1360.1024004370884,2685.059040590406,1327.2084335668335,12040.162361623616,1783.68669069938,3130.2066420664205,2477.8018113642916,11916.970479704796,2232.2562226522673,3078.608856088561,2114.9732653408328,11935.033210332103,2261.789431451638,2946.7011070110702,1933.465975133457,11668.974169741698,2635.6847425846076,3232.3284132841327,2696.036950078707,11839.952029520295,2310.294563852061,3188.121771217712,2531.9086615243523,12131.811808118082,1956.6994275150769,3178.859778597786,2243.3621433444628,11662.033210332103,2485.4617282502445,3378.4428044280444,2627.1976147411783,11552.365313653136,2816.0858814989265,3562.9852398523985,2931.336492013662,11312.007380073801,2970.313480142408,3711.6420664206644,2639.8658848372515,11283.228782287822,2973.346028756839,4311.380073800738,3210.910871026406,10476.937269372695,3267.1716264670017,4387.907749077491,3276.115047212072,9744.60885608856,3547.6788846599434,5467.557195571956,3511.6878040093,0.0959409594095941,0.0,0.01845018450184502,0.0,0.014760147601476014,0.025830258302583026,0.02214022140221402,0.0,0.0,0.0,0.0,1.0,0.0,0.8228782287822878
BOTTOM,PLATINUM,0.22308791470232978,0.15661791492103805,0.1881590048775906,0.09593516057562108,0.25300878334973453,0.13736059447875695,668.144330217762,276.5354843554876,92.21437698057767,70.81569814912054,322.16251150053245,126.98501733314615,344.3015468207953,276.91440626542476,137.91110869424924,122.71040253000176,0.707930906663125,0.2917785787000855,0.5681356547534632,0.4973980578835243,601.7484244700505,158.15637899320885,413.9247312673512,77.34274281708868,6.524053314447264,0.9950950618310834,0.4729994474641842,0.35385572053104225,0.0616484484056583,0.12137422102149706,7.053066407508323,8.047763580359556,0.0607024904649245,0.0579402142366997,0.3075839542370395,0.09153476194803284,0.11536146452221335,0.08708232308092097,0.5086118834187949,0.16528289484534625,0.197698760043793,0.07681847131918253,0.4760966980520644,0.23321958362912434,7618.834482758621,6961.792612597258,7868.165517241379,6964.2259955040145,9717.037931034483,2465.5702208874914,5294.441379310345,2533.801529728296,12348.186206896551,1001.7244403928521,2489.303448275862,1229.5242297230086,11992.779310344828,1957.5476907365944,2628.4896551724137,1705.8849213661856,11925.575862068965,2095.6729393250985,2816.0482758620687,1846.275758816156,12109.479310344828,2014.0971483768774,3226.8793103448274,2628.104256288817,11755.493103448276,2449.164436633142,3079.613793103448,2312.059115173794,11942.193103448275,2334.756753396406,3263.9862068965517,2268.6394074543373,11800.703448275863,2361.359041050156,3245.306896551724,2534.770143538682,11687.11724137931,2476.162782333827,3173.4517241379313,2515.7677344121275,11598.062068965517,2522.9777779652422,3222.9655172413795,2580.1584362012054,11776.241379310344,2582.699667935166,3702.5758620689653,2964.8989717881036,11458.4,2721.6981301052997,3497.6448275862067,2753.447010100231,11063.141379310346,2950.7817468696308,4132.603448275862,3454.3760569093547,10636.948275862069,3384.023971988097,4481.227586206896,3392.2208743146457,10266.831034482759,3171.369437057115,4591.248275862069,3311.8809780676434,0.07586206896551724,0.0,0.013793103448275862,0.0,0.0034482758620689655,0.006896551724137931,0.017241379310344827,0.0,0.0,0.0,0.0,1.0,0.0,0.8827586206896552
BOTTOM,GOLD,0.2132878279772637,0.14752873987104018,0.19124812326252102,0.09766516599985577,0.2576191400688181,0.13131000132824497,638.7799173135335,264.3736072159733,90.65301030592815,59.71347330465639,321.3960836251541,144.049167164996,335.7520567605054,250.94016331897993,137.27239728463405,111.76857732073722,0.6811143037429207,0.2903863876114192,0.4700552142950505,0.45147978781740367,600.5975736709494,164.77726944612536,403.77774751072457,75.10223376979191,6.1855104696510175,1.1065098501961121,0.48110237997869415,0.39205330322193305,0.07618095654706193,0.13473139453169766,6.168915270828174,7.056006215499784,0.05538312237758604,0.052489628275118376,0.29560796454851884,0.08495127176832831,0.09985845528872,0.07491976912337363,0.4756603674496582,0.15230729572984297,0.1955768740194021,0.08173750131343083,0.4709069680460818,0.21820069115144022,7557.575163398693,6965.785791591064,7802.3725490196075,6964.401581515889,9622.741830065359,2514.03681820567,5231.470588235294,2435.7195915458556,12499.745098039215,608.3310577272576,2599.330065359477,1300.190346295998,12072.150326797386,2229.3771585428694,2831.532679738562,1851.981673397624,11990.888888888889,2324.7398826621597,2988.552287581699,2096.8595266031116,12179.235294117647,1762.692055397107,3089.6372549019607,2224.6431452532506,12091.549019607843,2183.502191933721,3344.401960784314,2672.579447550914,11865.062091503269,2412.3144670492866,3193.4281045751636,2384.449879792052,11905.277777777777,2310.6093975746508,3194.375816993464,2490.8824269434895,11937.833333333334,2366.071595510577,3173.5359477124184,2116.2255249556974,11611.578431372549,2746.122640401086,3375.218954248366,2563.8933063464406,11581.68954248366,2790.610161558207,3426.52614379085,2620.5992621453747,11383.78431372549,3024.680549323854,3618.4901960784314,2723.1934462695094,10991.758169934641,3220.632995568751,3845.6470588235293,3042.342986172978,10631.823529411764,3392.3355726709124,4201.555555555556,3231.9829834174843,10358.209150326797,3470.7908696766435,5004.813725490196,3455.9739935185517,0.05555555555555555,0.0,0.0196078431372549,0.0,0.0032679738562091504,0.006535947712418301,0.00980392156862745,0.0,0.0,0.0,0.0,1.0,0.0,0.9052287581699346
BOTTOM,SILVER,0.22847718581707407,0.1554970014974998,0.18884617034088844,0.08975118656699163,0.24892512877432948,0.1327360234435343,677.6507955190136,299.8879687545943,92.09337118742151,59.385087795699164,333.92064575247446,161.27372535300637,321.37799651442816,249.55137429406173,137.31989119210905,116.45661424828907,0.6371312631395121,0.2811217773117449,0.5574598973042086,0.4773105442914739,608.9253953357863,158.66391018397437,401.30454842790806,76.01206853856816,5.8858184544800425,1.0996869225757386,0.4760004299486347,0.39862986495104547,0.07337897051578852,0.1361046408341926,6.528235951531574,7.078779589204952,0.043147932165978974,0.04823841145685106,0.285144124658941,0.0868352983645014,0.08208714745674268,0.06823113748984358,0.4900673530115218,0.15778718483515636,0.19392333056904462,0.07189918523158488,0.4774023145914036,0.2265382575046063,7657.586666666667,6959.896232058754,7903.44,6964.880076594126,9453.506666666666,2746.5299767158713,4842.886666666666,2455.383113610631,12317.97,1169.5266611484851,2470.366666666667,791.0041027225894,12113.333333333334,1644.9957951646118,2649.86,1690.8372153154342,12047.603333333333,2161.775748610346,3097.07,2536.925969821452,11977.3,2129.749509506728,3077.0933333333332,2402.9435526063157,12032.243333333334,2221.155738236416,3169.0133333333333,2499.283565536082,11910.466666666667,2282.94376987482,3090.26,2396.484875450056,11634.196666666667,2669.610392951765,3030.8133333333335,2443.46841836094,11750.936666666666,2461.5849530181376,3104.1666666666665,2440.3178377799163,11785.003333333334,2415.136165723479,3387.39,2874.1963433221736,11664.49,2559.334619691579,3211.86,2555.525704394185,11616.36,2551.4916413186743,3479.2433333333333,3024.331776293603,11384.18,2772.3858362458723,3603.3166666666666,2736.723758955525,11063.753333333334,3121.765824877559,3789.423333333333,3113.2769824340076,10260.516666666666,3416.3199826423697,4353.393333333333,3171.045544417718,0.056666666666666664,0.0,0.016666666666666666,0.0,0.01,0.01,0.013333333333333334,0.0,0.0,0.0,0.0,1.0,0.0,0.8933333333333333
BOTTOM,BRONZE,0.20424412890817,0.1417389686385419,0.1790510362436392,0.10045025304023407,0.2394600157687607,0.12635280116344585,592.1911096851657,281.60810792379175,84.31475353343193,66.84159071724568,301.8870116998723,146.1973455526653,291.617394984439,241.02767994958688,129.37813033144525,116.09171998063249,0.5317126184028899,0.2377750845751666,0.4857380129177313,0.4642790790660816,574.2771603664089,162.7218947102232,379.59086490861455,76.47192381697762,5.460768974924834,1.1211454317027232,0.4209177446897979,0.4225642116484737,0.062468438275977235,0.126741129234421,5.669582433735917,6.608719207610336,0.030818666044168306,0.04235025740198511,0.2635722163707882,0.09153856315814304,0.05711197504561728,0.05896558701163826,0.4519092580170832,0.1661314640161621,0.1778899961173366,0.0793286474883149,0.44370414467693065,0.20822228558289632,7983.359060402685,6928.926240313538,8233.28187919463,6929.468437234814,9826.825503355705,2343.384181903141,5157.439597315436,2281.564063783288,12314.140939597315,1102.342959460062,2550.3489932885905,1111.2933098667243,12319.996644295303,1397.4505153133846,2835.557046979866,2012.020509439384,12273.657718120805,1643.4249642403447,2864.298657718121,1835.653346032289,11906.238255033557,2531.0640155451456,3164.577181208054,2705.0816020632324,12077.755033557047,1909.9196160544016,2961.1241610738257,2255.1841783177747,12051.44966442953,2310.2339436866946,3327.0637583892617,2541.1249528947233,11815.147651006711,2575.9882033730323,3228.6375838926174,2601.0706451784345,11840.828859060402,2428.08709695722,3070.6476510067114,2482.2061722372664,11860.691275167785,2457.459876053972,3318.4161073825503,2539.734164091089,11847.295302013423,2082.479149344022,3447.93288590604,2733.0214472577354,11494.291946308726,2785.316582240145,3496.318791946309,2909.6301688665403,11773.76510067114,2534.863799764607,3459.268456375839,2807.0333049015585,11455.100671140939,2964.456360231454,3847.3959731543623,2874.302143542725,11049.771812080537,2979.104402108803,3946.288590604027,3183.2022613986946,0.030201342281879196,0.0,0.026845637583892617,0.0,0.030201342281879196,0.010067114093959731,0.006711409395973154,0.0,0.0,0.0,0.0,1.0,0.0,0.8959731543624161
BOTTOM,IRON,0.2211566515537228,0.17403871730160958,0.1945598640809611,0.09593207996779227,0.24983164041665312,0.14247054909715656,613.2408849623455,298.6528570723062,81.49883202725168,63.76633321914189,316.85176715279255,171.414134953811,264.3362324342794,244.40194499029155,134.06544624856667,142.00933214079885,0.47912344811595187,0.24193618158161928,0.44923572493832997,0.4364760210612654,584.5304827897622,179.68516066510819,375.94668560343706,82.26753067035479,5.2835246575779715,1.2151451033425966,0.33991951282375665,0.40718695312040537,0.05296109379392245,0.1028596276682049,5.060510256882458,5.9785040089736015,0.028491570996334648,0.04766232009186996,0.24670831473749014,0.08595907127874454,0.047949152643353504,0.058058343902513306,0.4786306380530647,0.16509185186447436,0.2007728323039159,0.09204688656242561,0.47098829197037606,0.2457065630049116,7816.826347305389,6958.568725724202,8062.25748502994,6957.030250270699,9776.40119760479,2246.8998456504683,4928.4011976047905,2255.023126694329,12290.556886227545,1438.6470870305793,2647.2155688622756,1558.9071091430924,11958.425149700599,2205.506245760046,2673.1736526946106,1873.1360501667164,11928.51497005988,2204.5130704503877,2651.682634730539,1592.2282450122227,11997.880239520959,2141.3456213111363,3116.7964071856286,2478.7370509876237,11481.952095808383,3072.033451610162,2977.7964071856286,2473.076393859788,11741.874251497005,2460.8419393283098,3030.5209580838323,2163.9909355485815,11898.005988023951,2377.868739213286,3407.5389221556884,2602.2044402346914,12007.65868263473,2215.8693601733116,3224.6167664670656,2568.947944002428,11565.766467065869,3001.37600159746,3478.491017964072,3115.4932036560876,11811.497005988023,2270.3895050209017,2945.359281437126,2064.650205857854,11679.25748502994,2708.726984966407,3238.11377245509,2591.48850890702,11201.922155688622,3030.267442159552,3596.6646706586826,3070.894996519408,11010.610778443113,3369.212318747334,3852.736526946108,3147.575514091879,11016.844311377246,2985.559443803206,4171.4011976047905,3267.397369005874,0.011976047904191617,0.0,0.03592814371257485,0.0,0.03592814371257485,0.005988023952095809,0.005988023952095809,0.0,0.0,0.0,0.0,1.0,0.005988023952095809,0.8982035928143712
SUPPORT,DIAMOND,0.07912192129058428,0.0744405312307745,0.19880168318928856,0.09374499054060205,0.4103926118032168,0.2027573057322898,303.0635926993514,152.89962452087784,114.79346546737546,161.21452312927562,479.68507344173986,286.9264717422919,86.74470911226537,78.0611624353543,35.25382477877088,37.03993497743539,1.987834423151694,0.5662746067775002,1.0710752472080445,0.4694954958052119,551.4163700203426,179.73487333684577,272.1743564291616,48.21975860902915,1.0491477659882,0.45605391179955357,0.0609399303794461,0.38305057739871595,0.00800717919348811,0.04186809706328287,4.936697996157353,2.91523417669759,0.24985775302396926,0.11860196997861108,0.9930977023695607,0.32573407813706146,0.25539543290582944,0.1521880363447062,0.5315392689223444,0.15017982047768272,0.21162247651549548,0.08396949404233324,0.4895145330938011,0.21869785792141927,7705.887272727273,6962.300740181742,8039.385454545454,6965.581144671228,9479.352727272728,2630.3358412763796,5286.785454545455,2755.6435497920056,12436.272727272728,1046.4415484868084,2469.461818181818,1213.7199113353397,12194.454545454546,1553.1497173354508,2771.36,1692.731793483992,11656.16,2347.5323796652183,3294.8654545454547,2583.776879605373,11653.352727272728,2332.4471382009197,3373.672727272727,2478.8082701062044,11643.796363636364,2301.2059981609923,3517.0327272727272,2699.907444145857,11378.65090909091,2765.549588657888,3500.2,2670.98307170657,11382.701818181818,2582.5244351619135,3700.04,2874.167027894095,11584.385454545454,2592.1465297904065,3491.701818181818,2617.7287876427567,11024.225454545454,2720.504894921402,3659.0472727272727,2616.534910088787,11156.116363636364,2871.8086497391596,4118.109090909091,3060.100382833747,10645.549090909091,2808.8249394479,4568.283636363636,2953.6038112789142,10664.076363636364,3027.6431532613583,4910.392727272727,3436.045061218004,9744.17090909091,3346.133853068983,5259.7127272727275,3488.3226326468093,9291.458181818181,3381.1608717122795,6177.858181818182,3559.8854249734345,0.0036363636363636364,0.0036363636363636364,0.0,0.0,0.6654545454545454,0.05090909090909091,0.21818181818181817,0.0,0.0,0.0,0.0,0.9781818181818182,0.0,0.08
SUPPORT,PLATINUM,0.0857464793146303,0.07241232551031553,0.18551421538913368,0.09960857206724766,0.4144356492627512,0.2000377598130069,318.3962241504306,165.29701483047836,120.61868215373944,159.17757005876155,465.0696764008381,294.79631245594186,83.27743070782194,83.82965798318588,37.63257822333846,38.9009210579053,1.8660587844102734,0.502987452359725,1.075305884477146,0.4943506079457787,527.954972719283,169.7167491329292,276.1036890192504,48.838046568166135,1.0780421405227392,0.45373100717154263,0.033704580560007205,0.07942730625164221,0.005460101833692407,0.03276751205377305,4.630457281809995,2.93402263184161,0.21022090029745263,0.10691353032871874,0.8906073229973491,0.2625378580367441,0.23794861625562677,0.13661804620298817,0.5380560053414299,0.1400116546966184,0.19429709124784214,0.07799251020098026,0.5001821285773815,0.22269034588281378,7605.667785234899,6969.21934773696,7931.2885906040265,6966.4717200459045,9468.5,2648.8782064348015,5218.654362416108,2554.9588684607743,12416.181208053691,998.5223632017581,2313.201342281879,804.5743001380523,11949.496644295303,2088.7745964568594,2564.8859060402683,1563.4108271814437,11813.164429530201,2330.257255883093,3136.738255033557,2429.945147420901,11748.647651006711,2362.4432068803694,3095.503355704698,2015.279050529691,11785.305369127516,2289.8607512185267,3320.9362416107383,2716.147458464507,11572.56711409396,2741.4688235132908,3479.6342281879197,2581.2017697573015,11489.956375838927,2694.771323564583,3622.1107382550335,2833.7242649767413,11280.325503355705,2567.619556441358,3695.577181208054,2918.4838314601616,10844.872483221476,3186.758622122368,3474.3322147651006,2681.7607199926347,10967.291946308726,3143.086738830748,4070.0,3231.337479392071,10860.372483221476,2698.4460521713854,4046.9161073825503,2905.842281217049,10393.073825503356,3240.5556733332824,4132.3489932885905,3005.094836346549,9839.409395973154,3643.780064497573,5304.496644295302,3636.5164290906127,9531.295302013423,3151.3606040265927,5336.9496644295305,3437.7222307081383,0.003355704697986577,0.0,0.003355704697986577,0.0,0.714765100671141,0.06040268456375839,0.2080536912751678,0.0,0.0,0.0,0.0,0.9630872483221476,0.0,0.04697986577181208
SUPPORT,GOLD,0.09886262802689581,0.09294378276387917,0.19186727205937787,0.0938712208488516,0.4135551803851199,0.19304651418011742,366.8065765870681,190.24962513454898,120.19412862253448,189.5605826405189,467.6770619922624,302.6170010844894,103.38012417222328,131.2246570041615,47.71928760261535,57.684776132063526,1.701353815629882,0.5289369075993018,1.0576073189011292,0.4309774284631203,545.7196104562238,180.94032321890109,282.2018622913276,54.090616826413054,1.091150764904782,0.5130151276533339,0.0836935609743865,0.3920453513875708,0.011671178669710926,0.059167778127000296,4.911820587956905,2.8427438477066285,0.16680997756761107,0.10092465945807402,0.7924276507725185,0.2684961776966813,0.19844587240731312,0.11619227474289277,0.518611778531681,0.14461430073495882,0.2011303935321549,0.08943616672281636,0.5124178084120158,0.21676800085828526,7738.87417218543,6957.344942473859,8062.013245033113,6965.436025338242,9537.754966887418,2570.0852215581476,5490.860927152318,2764.1122442597934,12483.15894039735,1065.1852900921858,2554.639072847682,1206.4627102783413,12290.619205298013,1648.2012013187596,2757.0496688741723,1577.8475289987089,12005.5,2257.0781081696614,3234.791390728477,2483.5009716001573,11931.91059602649,2230.351408173274,3403.817880794702,2643.994552308311,11656.586092715232,2809.0717418220124,3481.069536423841,2798.1613324332643,11665.470198675497,2469.9835858546353,3513.225165562914,2504.6015383840113,11429.314569536424,2798.5072356335504,3559.2847682119204,2963.4420565099863,11477.943708609271,2976.5412501923265,3703.8476821192053,2630.1066796153723,11398.907284768213,2884.3135905073314,3757.764900662252,2887.209502614338,11119.334437086092,3027.5634783361684,4078.844370860927,2969.8757324279673,11021.155629139073,2910.673435157403,4319.264900662251,3090.0226841773706,10827.8940397351,3022.249662963001,4300.615894039735,3081.529229161786,10308.19536423841,3268.1304720442263,4760.079470198675,3281.9000189718295,9563.867549668874,3484.0272324545635,5524.496688741722,3361.9299993585537,0.0033112582781456954,0.006622516556291391,0.0033112582781456954,0.0,0.695364238410596,0.09602649006622517,0.2052980132450331,0.0,0.0,0.0,0.0,0.9470198675496688,0.0,0.04304635761589404
SUPPORT,SILVER,0.09620407587916575,0.08751552127270497,0.1971254894227997,0.10340708560147734,0.3937516989030915,0.20485978167760135,368.1881188364586,186.7104134914806,120.0953980554454,178.07044322711408,485.79668867177764,353.1319849906971,93.42640695069385,90.9228776541382,43.18452597080525,50.27694274283686,1.5539872114632605,0.5265548877049948,1.1301868286737178,0.5423642667920209,552.5392178887769,200.87381721866998,278.123851381538,54.46010952713584,1.0440081324342054,0.5164859138601506,0.05309074139267758,0.11115335992114682,0.008642155538937126,0.03179514608114341,5.0497379693573885,3.6904857080909217,0.1310945560003825,0.09364567063074883,0.7129659405472176,0.2407339424243726,0.16865512491206075,0.12074341332924682,0.5049893275712917,0.1597743237136681,0.20097449787713992,0.08340427272869869,0.48995577478225716,0.22887051745541434,7741.276666666667,6957.599826420333,8064.7733333333335,6960.549693960662,9474.33,2558.3490432680674,5043.256666666667,2441.6160058156306,12362.476666666667,1268.3474235179826,2502.2966666666666,1173.8416315281138,12208.07,1487.7356630498468,2570.6566666666668,1627.9499857107019,11915.416666666666,2377.569686698144,3132.633333333333,2635.4196810387225,11780.233333333334,2545.9655038337146,3454.536666666667,2909.703782574781,11609.113333333333,2792.970155249773,3261.5266666666666,2718.296393004811,11592.95,2560.4158278565733,3286.83,2644.2465443027163,11355.95,3058.5094803905376,3320.3033333333333,2800.0581727095264,11493.61,2657.251107704726,3356.2066666666665,2838.0033887819823,11602.85,2603.192867329474,3748.5266666666666,3277.6423958192563,11361.066666666668,2676.5285837731562,3499.3533333333335,2541.94702358736,10989.896666666667,3142.9515151756164,3492.8766666666666,2730.033996160033,10791.896666666667,3160.031327792652,4000.38,2963.6027793401017,10694.236666666666,3212.5162166328932,3993.516666666667,3070.635092173362,10075.61,3392.150033641759,4893.766666666666,3456.4256585862418,0.0,0.0,0.01,0.0,0.7333333333333333,0.07666666666666666,0.20333333333333334,0.0,0.0,0.0,0.0,0.9233333333333333,0.0,0.05333333333333334
SUPPORT,BRONZE,0.10259097703124512,0.09251931359913233,0.19175754268494669,0.09659457949727304,0.3580684229944782,0.18054655364315345,374.7198511167011,209.2471616785264,113.00527908497432,181.65536190718336,449.9894358452303,314.54221878242873,90.65160382034534,106.51219078692172,43.99921555075042,57.607633485603245,1.3314454751621212,0.541707329460942,1.0838451525646602,0.5433158023608596,548.8600215984793,202.56926746149094,275.40655740555036,50.4795280601796,1.0948608534205422,0.5767864986120116,0.07051961644622501,0.25456757778151384,0.011080819645226368,0.04375592644487063,5.3237378693005555,4.241575459387652,0.09608563346081395,0.0870910389510974,0.6174104543403118,0.22973408245857624,0.12378438216979643,0.09123317992823336,0.4718719713595003,0.16599789068718654,0.19894092159320234,0.08610242719379421,0.46065940002572325,0.2074288111204435,8088.345514950166,6928.719762954396,8411.411960132891,6931.343382278537,9903.720930232557,2406.6039312401335,5197.09634551495,2495.4181067214504,12278.920265780731,1194.863465123915,2604.328903654485,1506.5201541284232,12357.82392026578,1478.5811911736805,2674.5581395348836,1815.702294093168,12204.382059800664,1898.0808369360202,2891.5913621262457,2202.080433542745,11863.511627906977,2575.825561646403,3597.378737541528,3210.313093154581,11953.186046511628,2248.7543393186934,3374.0996677740864,2987.529770568525,11727.920265780731,2835.800974496376,3519.093023255814,2892.8074468673444,11884.976744186046,2303.882562716836,3394.375415282392,2705.1250473733944,11700.767441860466,2595.963088926683,3368.093023255814,2896.457789205837,11585.365448504983,2850.0822103936257,3671.504983388704,3171.568183744715,11428.136212624584,2895.8917725030647,3729.893687707641,3137.243623840311,11344.840531561462,2539.903129613093,3962.794019933555,3137.6613197460915,11385.873754152824,2826.492696613395,3981.43853820598,3023.4112666065116,11352.664451827242,2712.1018743830614,4236.906976744186,3088.0513841770553,10573.308970099668,3093.271346145684,4350.182724252491,3104.1876988729086,0.013289036544850499,0.0033222591362126247,0.006644518272425249,0.0,0.7375415282392026,0.026578073089700997,0.18272425249169436,0.0,0.0,0.0,0.0,0.9501661129568106,0.0033222591362126247,0.07641196013289037
SUPPORT,IRON,0.11857988304637976,0.10491249939217424,0.1949274304635255,0.10491761917283908,0.33791459790226586,0.1983391142428194,382.5126195564635,230.2762941200472,89.0611776110647,180.30083889047214,462.4794785933042,395.26825554926774,83.7048013724654,83.35809584952797,44.47894326630543,49.91864340395431,1.1469353263923578,0.5330114627357696,1.1025725959786126,0.5527048813315298,534.875753781443,217.3246980887679,280.17222069628394,60.53288501564528,1.0584780641127838,0.5851383034629037,0.08947168642865479,0.20928699612299778,0.017822320589457118,0.05365612910479363,5.193513700750123,3.8803499878124725,0.07744155360957565,0.08196531756555263,0.5532266202237387,0.25061513880495606,0.0953696906809996,0.08283594328787307,0.4588667452505709,0.15712599184881496,0.19323580194135048,0.08224335767381831,0.4564944809486456,0.2454615427507781,7901.802395209581,6954.4727128466875,8231.071856287424,6957.831087385544,9617.62874251497,2488.329583144004,4950.25748502994,2408.1268778467834,12214.748502994013,1353.3250783509216,2511.0,1079.7369157479593,12179.91017964072,1604.43968309905,2626.2395209580836,1631.0766427649144,11827.365269461077,2511.6157434772763,3120.2335329341317,2895.26264898016,12115.616766467067,2007.9346360999211,3228.5808383233534,2655.500046684969,11272.526946107784,3329.842274954891,3066.359281437126,2743.1634500176497,11541.79640718563,2859.132174213981,3055.293413173653,2251.2790295322734,11676.155688622754,2521.0466725177116,3488.4011976047905,2825.678954682983,11598.946107784432,2897.8417836559383,3375.754491017964,2470.6210756818223,11354.377245508982,2844.881795280371,3640.736526946108,3076.012765346303,11559.652694610779,2726.9082385190254,3550.4491017964074,2910.5566760608604,11371.74251497006,3046.424949916007,3644.491017964072,3127.390478215359,11124.197604790419,3146.255397608748,4189.856287425149,3622.788978014353,10861.562874251496,3289.8184399767356,4463.88622754491,3655.574812511627,10368.323353293414,3343.7492056424435,4803.173652694611,3590.1005288170527,0.0,0.0,0.017964071856287425,0.0,0.8622754491017964,0.029940119760479042,0.12574850299401197,0.0,0.0,0.0,0.0,0.9461077844311377,0.0,0.017964071856287425
