account_id,summoner_name,match_id,position,playtime,kills,deaths,assists,totalDamageDealtToChampions,totalHeal,damageSelfMitigated,visionScore,timeCCingOthers,totalDamageTaken,goldEarned,totalMinionsKilled,neutralMinionsKilled,neutralMinionsKilledEnemyJungle,totalTimeCrowdControlDealt,visionWardsBoughtInGame,wardsPlaced,wardsKilled,killsRatio,deathsRatio
qUyd7H6jPW93_CKg8nOrPtXk3Ozf75Hj5fPoYiwD1mzJ,탑똥흘러가유,4539652353,top,2400,8,10,4,26165,12705,46498,38,28,47942,15849,230,4,0,92,6,11,10,0.5714285714285714,0.2564102564102564
tnG5Zr4xW8z4D0gIINjC1BBxbkRUw9JTuwHAx4XZYTRP,뒤통수퍽치기,4540487602,top,1680,4,5,7,13844,5305,16676,16,15,23353,14162,236,16,4,66,1,4,4,0.2972972972972973,0.22727272727272727
ayxqbgJ8yW7DBBzxuyQ0w3LOsNfquq4Og0T8q442UT_ayrM,The Lucifers,4534421422,top,1438,6,2,4,9570,3042,26271,21,19,14693,10860,156,20,9,569,1,7,5,0.4,0.1
9LuPl0Xg2RvME7Kdec3dK8a-e6PzX64tio-TpXNxNM99rhwM9QFoqtha,눈굴러간다딱대,4533125383,top,1658,4,8,5,11998,4637,11647,14,22,22330,9584,125,1,0,375,1,8,2,0.5,0.24242424242424243
3Yf0iBB6-syORJdeVnLSJyhVqGkDps2qyS-9PHoOGgvoOHY,조졌으킹텀,4533125383,top,1658,14,6,5,22058,5855,18981,24,19,22989,13786,165,9,0,205,1,9,1,0.5757575757575758,0.3333333333333333
70cYAQLgMi1aUfASVOlaxsHadCHImC6dvk5MYQmgb5b8rYIeLFY922Xz,피지컬 괴물l,4540087419,top,1347,3,12,0,10431,2416,11440,8,16,20073,7822,126,0,0,59,0,5,0,0.23076923076923078,0.3333333333333333
M7exgsBpPysqRzemgmpZc680f-H-JnmQUze9KG86pXHhxhYffbo_8FUs,진 제,4540087419,top,1347,7,4,13,16982,2875,15108,11,9,16202,12072,170,8,4,54,1,7,1,0.5555555555555556,0.3076923076923077
GVbC8RMQPOjv8vn8ZwXA8M5IeKRgVrFKW-pCGvHpDqjZ4wE,냥 삐,4521070593,top,1221,7,3,2,13252,3308,7415,15,12,14332,10376,171,8,4,168,1,7,0,0.4090909090909091,0.21428571428571427
X9P1sluYLgei68S8F5sU6AT7fRyML8lSVWJyoaJaVlfg,백수가 될 사람,4532949732,top,1330,6,1,4,12755,3177,6483,16,8,10989,9253,137,4,1,243,3,8,2,0.5555555555555556,0.14285714285714285
sGEHQfP0ar4ApJKJX7HFqAS4rP1JpjVU1ycaxEW7fyiD,기도메타탑솔러,4532949732,top,1330,1,3,2,6234,2403,8958,13,6,16756,7600,136,0,0,32,3,8,2,0.42857142857142855,0.16666666666666666
WJzQW0t-_kMDDrcIIBrV4fwg_m5Wka_oFXAYRfsoB_4MvelZ0cigcWKy,창바나,4525917747,top,1865,4,2,8,21390,9450,32024,27,2,28121,13424,205,24,13,34,1,8,3,0.42857142857142855,0.15384615384615385
9QRhVZQWWvEGPR54VYMCvjSIxtIF-Ts41eCyrLXnb0V_66yR_pL5MumD,가슴이4개면4슴,4522066279,top,1626,5,4,1,16011,3209,11887,18,3,21457,9676,152,0,0,73,1,9,2,0.375,0.1111111111111111
F9IcH5EVCqR6CyanuEUzH115pvvm-doIGTBtY3P4ox7TXGQ,김영빈엉덩이점,4522066279,top,1626,6,4,7,16662,6708,10021,20,10,18883,10905,134,13,1,278,3,9,1,0.3611111111111111,0.23529411764705882
jsLuMGgI2n3hr2fq0TPZlFFU4eNGwucIcxySOLof9aOthUQ,매니샤,4540236536,top,1683,0,6,2,8983,2464,17804,18,16,19508,7260,144,4,0,311,3,8,2,0.16666666666666666,0.18181818181818182
q1AcM8OGt6i_xmIfPBH2O8-KwACEe1cj5iII6wENRh12noY,망나니 망령,4540236536,top,1683,7,2,6,19606,7615,25110,19,25,24258,13548,216,8,0,175,4,7,4,0.3939393939393939,0.16666666666666666
1yXdrTQZmQKAphD-xyf5WexzrxP1WTtHgyrJ2drA5p7c2wc,후 냔,4540771894,top,1986,8,8,8,21712,3095,51220,26,44,28862,13089,161,5,5,656,3,12,3,0.3902439024390244,0.32
-WsN2N9UMwfdQU76XFheT_Pb5l7GKZkj217uEGKTcCSbsRyRGeUwwJiv,내장변태,4539284851,top,1326,4,1,2,9674,5447,8802,20,6,12470,9709,177,4,4,97,1,6,5,0.3157894736842105,0.1
m_38EP2cmYI_Nd0EBuGeYYcUKC2b8Hd7klG3bBE-ze0YYJ9GOoX6makW,15분 칼서렌 go,4539284851,top,1326,2,3,1,9033,3440,7980,11,11,15555,6664,120,0,0,228,0,4,1,0.3,0.15789473684210525
0Ql7hm7m3vidDprhLLFjA0LVCM7zY_XuXqGglgHkHqMDS90CiF8tSHYq,나이재경강한남자,4509581615,top,1216,2,6,2,6879,692,3958,4,18,10719,5913,89,4,0,237,0,1,1,0.14285714285714285,0.5454545454545454
1sijOrIfjSg7VLKIqH_FMvU_fWOo0YdWQ-fA0OyfjENg,사람이름이여태찬,4535331398,top,2010,12,8,4,40327,7342,54767,27,28,30914,15544,196,28,9,234,1,10,6,0.45714285714285713,0.2222222222222222
YQadl7Mmx6SEAjW-vhyA4eebZKgniYXQuDaY6Xt11gL97LZ51fZdLOJ9,정글 뒤지게 못함,4535331398,top,2010,1,5,3,5708,3196,6326,13,1,14329,8239,127,0,0,37,2,6,1,0.1111111111111111,0.14285714285714285
rZGljQElMrUaHfdKBnnkZlhUbUYYEFdxAVH4P0qz-Zh0JUs,니뚝배기내꺼임,4498595734,top,1604,18,4,1,31967,9239,49156,30,27,35986,16870,203,33,4,116,1,7,5,0.6785714285714286,0.19047619047619047
X5cUu2I8ZyyN52k9mSw1Dh7ORSqbJa6fDIqd-UBVG_1h,Ashiary1,4498595734,top,1604,3,9,0,9396,2510,13377,13,13,22400,8568,155,4,0,62,1,7,2,0.14285714285714285,0.32142857142857145
nJNGsi_vdWslcXfThhGhOIlX6Oy2dA_kIp6-9xiwBUPX,럭키스마일,4516123788,top,2076,9,9,2,21420,8457,22389,23,19,34877,15797,269,3,0,371,3,13,2,0.4583333333333333,0.1875
bsY7VyGzspWF5i-OqdBkUpPP7qtlHXNYIv78Yvpo8TGB0q0,깻잎한장차이,4516680344,top,1575,4,4,9,16594,2859,17230,13,13,21419,10130,135,16,0,47,3,8,0,0.35135135135135137,0.2857142857142857
l_8j-ECIkpX__DuzFvMgsnulSaBiCYrxv7wCD9kg2efn,탱구가캐리할게,4536830885,top,2305,6,6,7,13520,3027,55503,28,26,30525,14978,174,8,0,570,7,17,2,0.52,0.3157894736842105
GYZkmdnE_LAqJQ-JneWzFsrUknG0ZnAwup53cfNN-2Oo-9k,인직이방광,4532010230,top,1861,2,6,5,14789,3302,19840,22,13,23989,10387,171,12,1,31,5,10,1,0.2916666666666667,0.15384615384615385
8JU-XfoLvgR7geBL2_PVqtWQNt0iC9S7GGSkHixoaFb9,모나리장,4532010230,top,1861,6,4,10,23128,5243,55396,23,36,25815,12163,209,0,0,1394,2,11,3,0.41025641025641024,0.16666666666666666
-sj0BxAXsVVkzy79UVv_akUTuKKKvLHhQWUPZM2003bw,출격    미스터송,4442720309,top,1742,2,5,1,14766,2356,11845,26,2,18188,9820,180,20,0,22,3,9,3,0.25,0.20833333333333334
izZMap_cPi959ye_Rj4PFOylbjpUUuftrpLNQubpf0oS,싼건치우고가,4442720309,top,1742,3,3,10,15992,2864,34532,32,29,19961,10189,150,16,4,384,2,10,5,0.5416666666666666,0.25
Yf-58-469Aas30teDZyv3cbPNazEC1ElKIEbjLx_vuVxY90,Ranker G,4514604621,top,1617,3,7,6,16610,3699,9821,23,24,19388,9649,161,0,0,154,5,11,6,0.3333333333333333,0.25
HV5dYAkqd-b-Y7vMvsgYZ7rorxmr-VXa0uMLdw-0l9VZ,RavenLoL,4514604621,top,1617,2,7,3,6401,4626,24599,20,8,27342,10557,157,12,0,20,3,7,3,0.17857142857142858,0.25925925925925924
CI_1wjv34upA5ajWi88B7tNJ60qLkMLZ0rcdiY3yN2DAuta4jH8mhUdH,Pure lovee ,4540611573,top,1733,6,3,10,27342,7764,26309,20,28,28484,13873,255,0,0,879,2,10,1,0.5,0.25
fYDImV2ds4bwNlqH_sGCUlBA9j2hN5zP2CRdec-bHoIE,흰 잎,4540611573,top,1733,1,5,1,11789,1132,17689,31,12,24967,8844,162,10,0,92,1,11,2,0.16666666666666666,0.15625
fHFdNcnHCLx0qXMUA5vDUIG93Ad3TeYPF6ltw3u0IpoQve9rk0NG3fvw,Fionaovo,4524537903,top,1255,12,2,4,22291,8459,18403,8,5,20335,11777,135,13,5,59,1,7,0,0.6666666666666666,0.10526315789473684
INHZ5Ts6bAMV8xdkJf45N2geXgSzoFCk85CAzCb-Ct0j,송도탄성주먹,4524537903,top,1255,2,7,1,10176,3717,8807,6,15,19746,6260,125,0,0,32,0,4,0,0.15789473684210525,0.2916666666666667
gCLBXBxVvCWe2PKN4kQ-9tOffmIguHxhXCFJOUH2nbReoXs,곽정모,4540317084,top,1851,2,11,4,19774,2955,27975,20,22,32706,9426,168,4,0,137,0,6,2,0.375,0.4230769230769231
SdzAoiTlsb8pLSFdugS3dv_49o5xyqRYF4asT6qzSJhk,아니 하 댔음,4510696382,top,1613,8,3,2,18503,4139,18988,17,6,25028,11555,200,0,0,49,3,9,3,0.2777777777777778,0.16666666666666666
IglwpPoDLi4wWKR3oMuasvem8Cpu3dr1oE5i__i2aOZhpTU,으이안,4510696382,top,1613,3,6,5,22356,333,14401,28,12,20419,9385,185,8,0,191,3,11,1,0.4444444444444444,0.16666666666666666
an5CcjoK3mFrbx2SAZhSU0RuPRO86mVpCzXiaeYcHy2j,Nidoking,4508703189,top,2267,7,7,9,25098,7363,62079,28,38,41381,14034,161,16,8,215,1,13,1,0.38095238095238093,0.20588235294117646
h9YnJDgS1GQpErGCRT4lkjZdbk9z_JXQw-Zj2A7v5SaG,민짱이,4508703189,top,2267,11,5,12,57232,17274,60958,30,35,50460,17226,239,19,1,191,5,11,3,0.6764705882352942,0.11904761904761904
eWYxPsvZ9zEVxsM3wqRFQDDS6-niqP5l_HPuFnycncW2,별빛참치,4527311285,top,1465,2,5,1,9403,2324,15603,9,4,14985,6492,108,0,0,17,0,6,2,0.25,0.2
qdxHrDEI9XFW2WmKn64wsXFddM91EvAgCXP7JZh3M3PQkqiXM27Ogqft,바텀은계집애라인,4527311285,top,1465,8,2,5,18983,6609,24253,15,29,22480,11393,143,12,4,234,1,6,2,0.52,0.16666666666666666
YZpU1DRF1QzSunODdYaDKoQ_RvDXIN6J-lSKxYvbS18IX05wr0nfpzqX,뉴비좀살려줘,4534020800,top,1921,2,4,7,11174,2314,37694,17,23,26188,9573,156,2,0,489,2,5,5,0.36,0.2222222222222222
c8jCqLOV57sRyuqyWGr_BQruFtmlBI5TttSElaUDoTQF,서 힝,4534020800,top,1921,0,5,3,10618,1646,12667,19,20,19604,9070,179,10,0,95,0,10,2,0.16666666666666666,0.2
SwbYczBNS8Z1wOVLNJ0Xd-zmtN7bTdVmW1NRzLneFRfCX3JmuxLEc7gy,차가워 완전,4515405111,top,2123,2,12,8,19820,10148,18891,50,6,34208,13883,190,100,18,272,0,25,7,0.2857142857142857,0.3333333333333333
_Ojs2rApzBmNDjmvfxqoqvrSEzbAbks2GlfBDHKsy7tcklo,빡치면쎈언니,4397558051,top,1769,12,4,7,37228,13995,44478,23,23,44278,15985,233,12,5,169,1,10,4,0.6333333333333333,0.16666666666666666
uhr3LIe00YkwcBsrAfjC5HBcb7WkGI85hdjvTQLM88Z9,까드득까드득,4397558051,top,1769,5,7,1,14283,9834,40853,11,51,31271,9491,151,0,0,394,0,4,2,0.25,0.23333333333333334
-Di4j2HgfJAFEgCEApTXOJHsQ_F9V-7YVUiQBa-PxE-b,꽃미남혁이,4220895228,top,1802,9,4,5,19124,1448,9634,27,5,14079,14945,220,13,9,119,1,8,7,0.6363636363636364,0.36363636363636365
GPLPVLnCHgRZ5xIDul3A4dEphyr76i_PtCHdj21XRas6a8A,뿌렉탁,4540381127,top,1960,4,2,8,17557,10432,16748,31,12,27713,15140,266,3,1,405,2,12,9,0.42857142857142855,0.125
e4t5WslCukGBs6-uKwBHWRLGRE0YJwkzbDb2XqPB8YGwRtNEFWizxgT_,Aiue Oka,4540381127,top,1960,1,5,1,19367,2558,17334,21,12,21819,10817,239,4,0,403,5,16,2,0.125,0.17857142857142858
CZE1UpQ3sUz7zP1I6IYNxg-N2_wa8Dl3sib_kPPd4pHV,SONGBORI,4539191607,top,1354,5,4,8,18958,9342,28232,11,63,26602,9126,104,0,0,445,1,6,0,0.7222222222222222,0.13793103448275862
vM9cVhen9BPzgHPQzz3pSVVoCH1655gSMYfDBXvy0OpMWYqQW_kvN5sC,seusi,4539191607,top,1354,5,6,1,19513,7171,17685,7,4,22858,10666,171,28,20,27,0,5,0,0.20689655172413793,0.3333333333333333
SKCjd5oPtM1EA8deWpRFJ_UHlNjXsef9GA0kNwhK8g4rQyPmuPr27Goe,날만나서축하해,4540349937,top,1751,5,4,2,26408,8039,22857,23,26,29553,10440,217,4,0,168,4,9,7,0.3684210526315789,0.12121212121212122
t7rG--GqSc6JSfBO6PxGx9h8P3ExZ3K_HPb9iapwC0gWDfM,이상협상이,4539987460,top,1989,2,5,18,19647,12742,40609,29,90,33521,11066,152,16,4,804,1,11,1,0.46511627906976744,0.2777777777777778
rZL18_MddcJJX6hbaK884j6JdVzAEqIJZ0jmV_n9pMqnCAlA0Qxa-ecm,Reallili,4539987460,top,1989,4,12,2,25205,6913,34656,24,7,35203,10930,219,4,0,43,2,12,2,0.3333333333333333,0.27906976744186046
z3VmnIyFGYeTyfdCmot5U19wyc0p1zraP6RrEibDGmLC,라이크라이노,4532158926,top,1561,3,3,6,12222,2506,35424,18,22,22315,8287,148,0,0,215,2,11,1,0.6,0.14285714285714285
MX7hBSHyXw8PibhjVcFQMtu9pLSJI5P7kXR7U-7BJ9GHd58,비타민지민,4532158926,top,1561,3,4,6,11504,3678,11841,19,22,17050,8641,141,4,0,281,4,7,3,0.42857142857142855,0.26666666666666666
txUkarOHoOAyv01UExxw-g-e1BiGx72vQFYGGrbLk10HUFnsksGleKER,KO N0 Dio Da,4524379326,top,1888,6,9,9,18839,11811,24680,15,13,33952,12394,142,0,0,280,0,10,1,0.2777777777777778,0.2647058823529412
hzpiJpL9joMH9LKSscMNyfYCcWnQsgtN-7XpP8_oHn7v,쑤쑤꼬꼬,4524379326,top,1888,5,9,13,15245,2598,45984,28,39,27801,9886,134,4,0,589,9,11,4,0.5294117647058824,0.16666666666666666
M12RvkboBGD0EXsi1M1IWgrJrdve9jor-zo-X50SwSag,데머시아,4431918215,top,1768,0,9,2,10307,554,33253,10,17,27017,8319,170,4,0,115,0,6,2,0.10526315789473684,0.20930232558139536
KNwZ788iUdCfXjmrojR25HKF-KhlwSSIUHLO6w6phpNSwes,맞은턱,4539948528,top,2094,8,6,15,16293,10405,48299,25,88,34048,12221,156,0,0,586,2,13,4,0.48936170212765956,0.14634146341463414
fkcc87ctwYZF8d3Cv78ZxVPKnc074gBObrsUgxE_k2g-,뇌룡공,4539948528,top,2094,10,10,12,39818,3883,24186,41,13,31323,16010,194,4,0,155,5,15,4,0.5365853658536586,0.2127659574468085
orXX4mK20-eBQlURzikSWNcKHFwf056fDJ__XrBsnRxNNHLbe1S-fk6T,zxcasdasqe,4510814200,top,1698,7,1,8,18812,6008,7042,17,21,15664,12267,173,16,8,84,0,6,3,0.5555555555555556,0.058823529411764705
hXVx08yeBA0Z-3eoooBk_2b0-K0pBf2qvah6fJccn-Xk7B0,덤비지마다쳐,4510814200,top,1698,3,8,5,12278,4368,11679,31,3,21727,8357,130,4,4,79,3,9,2,0.47058823529411764,0.2962962962962963
lZ6q4GdlaDRIX6MfBsK0EKXlerk22Pu5DJCBx_tKiBRn8-Y,남동쉔,4523550976,top,2442,7,5,10,16695,1472,52912,30,39,27950,15845,241,16,9,447,1,13,6,0.7083333333333334,0.23809523809523808
zAwdxTlB-JLI9WzLLZQcEyabo0X4UvmGhhhW4aASh1ks,귀신같은 솔로킬,4523550976,top,2442,2,8,8,13738,2894,31028,35,42,26343,12508,242,6,2,890,3,16,3,0.47619047619047616,0.3333333333333333
KINM2FdAOd74TljnLM0uFWCNg3soV5Buax4DwZ6bJ_lz,나르호가마니막사,4379201820,top,2156,12,3,14,28876,12703,27864,24,12,38173,18637,277,16,0,89,2,11,3,0.7027027027027027,0.0967741935483871
tQy62L8djX1bnZsEhO_BE-ALybTFwUjMBn6xoYEZ49Rr,문 짱,4537554099,top,2074,4,9,5,12940,3533,23732,24,15,28860,12204,165,8,0,199,1,10,3,0.20930232558139536,0.25
VAEFjIv6LU6kbKfXRvjcvuDtzfj2n7lH1iDsiW2Nzqy9PxU,정력킹다리우스,4537554099,top,2074,12,5,8,31850,8272,32441,27,30,40239,16216,205,16,0,159,6,7,4,0.5555555555555556,0.11627906976744186
7prQIjlW5d2kWbUll2R7Iwwym0o-FvcpiNOkJpHup8ii-aE,마동석상,4537794027,top,1307,4,1,10,9963,356,16943,4,24,9218,7844,111,8,0,233,0,3,0,0.3783783783783784,0.05555555555555555
Lwxp99xfqEYbw0SzplwZgmrmFVx-TNfSOmHblpEwjR3ZS5E,달에베인,4537794027,top,1307,4,3,2,12123,8509,14152,11,15,18882,8976,149,0,0,135,4,9,1,0.3333333333333333,0.08108108108108109
3e3D2jldxY6rJ1Q4hKqJR0xVbNk9Q7x_IfmUsVuZrxe48QU,폐인끼,4537778587,top,1770,6,2,4,21089,6176,43212,26,24,25943,12608,175,14,8,81,1,10,4,0.2857142857142857,0.06896551724137931
sWhPO_KqPS_HgGF2kVnEoL2Lm0e7hGheE_-3jgDSqQFV550,나무랄데가없는애,4537778587,top,1770,2,6,8,13416,7829,22192,20,24,28712,8837,153,16,0,183,2,7,5,0.35714285714285715,0.17142857142857143
FndPmMW1K8lKGUFi1N5lr737YIHRp2mF3BCTa72msFkW,예민보스 빌런,4499716292,top,1802,5,7,9,17862,2253,9624,18,35,24517,10675,140,8,4,185,0,8,3,0.3684210526315789,0.23333333333333334
94hrK14gcd2w96JeTmR7IbxPvTNlVVRCVcWcRs9s0hBv,goducks,4539635383,top,2406,2,15,12,18235,6228,39308,51,26,43880,12522,164,23,0,139,11,23,4,0.358974358974359,0.36585365853658536
0-TpfJEdsG3bctLup0l1U4gUIKWZg1z-kxofHCk7MLpY,윤곽이,4539635383,top,2406,5,7,17,18384,6262,84471,30,25,43959,14312,179,8,0,317,4,10,4,0.5365853658536586,0.1794871794871795
hPIr5TUL9MHA48soprLUCKIp8gwFk7dALGVHLioqw1MT,얼붕이와 빈붕이,4325749295,top,2026,5,3,9,15248,15170,47087,27,54,31890,12017,216,4,0,501,3,13,4,0.5185185185185185,0.15
ZjmNAek0e9y7zSVPEurZgzf84fubAM3zGPErQl-J3Iu4,똑똑한 이디엇,4325749295,top,2026,6,5,3,17926,2599,13274,43,5,20339,14043,253,13,4,83,4,15,4,0.45,0.18518518518518517
pOpjzfxcWG9lZsSGdu77pYOv6YeYgva1-RoLpmRI5UlUfxs,BlueErin,4399610489,top,2107,4,5,8,25878,12971,48855,13,80,34380,11610,179,14,4,705,3,5,3,0.41379310344827586,0.14285714285714285
MZJ9eaNpf3IkBPehsHFhSWj1dlTbgECw5jefp1CdZOrvrug,SKT Clid토리스,4325336530,top,1974,10,7,9,30022,14097,52132,26,29,35088,14685,183,16,4,545,8,11,4,0.48717948717948717,0.16666666666666666
4S_sq5YcrP_bsJ-tvWyBzcRVhTLaMiqs5-2gOMtSF4qd8-HWApkvb4xm,야 그래서 그게 도대체 뭔데 ,4535735764,top,1266,1,3,2,9442,1466,6021,12,21,12109,6737,146,0,0,186,3,8,0,0.3,0.17647058823529413
ee2CeXtR9s9Rx-LJL9UYIn8gRffU8hAGfSXUit2eXsncvtdGmshA3ty_,twitch bumiblade,4535735764,top,1266,3,3,3,9921,362,4806,19,18,10555,8051,157,0,0,55,4,8,4,0.375,0.3
Q1q-GNcSdKs4DeJDazN2zbZ4bP-cksGw5Sbzn_3nIlka,제주감뀰,4539110611,top,1252,4,4,0,8052,1066,4811,15,3,12020,8889,141,0,0,16,3,9,1,0.25,0.36363636363636365
1cDM8TfglMZXOhC8UDqpG2v-8ovYP_7SA5poAlO2M6lcJVKzk2Vmy2yw,69포차 제육볶음,4539110611,top,1252,2,5,1,8163,3053,6413,11,4,14173,6234,91,0,0,173,1,6,2,0.2727272727272727,0.29411764705882354
2nHIdEkBeDBk3U3v27PUCUCCCtr_546Y5twrlQhwzuXzUG8kztEL97ZK,내마음이가는대로,4539310163,top,1678,1,1,9,13527,2049,31527,16,13,11248,11603,240,8,5,653,1,9,1,0.4166666666666667,0.0625
53BndBEKQ7WcqGHP5vQlTd5ZVDmLLEwBfa2BD67nVmH5,숙명여대 윤성아,4426111605,top,1493,3,4,2,16245,148,6582,20,17,12989,8896,148,5,0,483,2,8,5,0.5,0.16666666666666666
1aa5M__ek7tZZ7a-3gNrWpJnqEvpBmMod2lJn4DumsB1JPJ2Dy0e9xXG,탑가면기도하는편,4500287303,top,1915,3,7,9,17617,2844,18740,32,17,26031,12014,201,3,0,99,3,12,4,0.631578947368421,0.21212121212121213
FNC_OlBW0yH8PxPhKtj9BXblmNrDzZ56uShs4WbU2KaeQIk,롤처음하시는분,4500287303,top,1915,7,5,5,20670,1530,52606,22,24,34442,12835,167,28,0,422,1,10,3,0.36363636363636365,0.2631578947368421
j_PEArCRLYaaOIJJMV6u5mLPeX1kULcaBDEk_FCxJTGb2xY,in drop,4539154469,top,1563,1,6,6,5678,1003,29670,6,32,19786,6639,122,0,0,328,0,4,1,0.4375,0.25
_wDF9o3Gj3OCaxxFNjkkWrFfySoJ6UCs7Qnqqy3mTTi7xEg,Aoi Yu,4539154469,top,1563,1,3,8,8229,430,24094,15,40,13207,8978,132,4,0,403,0,8,2,0.375,0.1875
5DaTbO9SSLu1_S3TrbeqZpBbxgyYHHUQwhKNcJHQilkZ,아차싶지,4516705668,top,1235,5,4,1,9875,1544,22293,7,15,16959,6719,89,0,0,158,3,7,0,0.3333333333333333,0.14285714285714285
GrdrAnUpnSqnqZDbOJMG6PsZBz5M6i0BmsyyXyu_NH4vEHB0CM2azYfr,말 걸면 오픈,4449344527,top,1757,3,4,3,19999,5310,17590,18,12,26325,11735,202,35,21,159,1,7,7,0.3157894736842105,0.14814814814814814
VEbUAiiOPuh6KnyYTn-zGRIIoySJA2VfIA3wb88LgOFP,우리동네폐인,4449344527,top,1757,4,4,7,11220,2308,17680,21,4,22500,11336,159,4,0,54,2,10,4,0.4074074074074074,0.21052631578947367
PuMMQ0dFNCM7_yG85FOyhxYILHJCV1cqeoWe54kAiUkV,종보s,4532781819,top,1839,1,4,5,15945,4400,16600,15,22,27640,10060,195,3,0,474,1,5,1,0.20689655172413793,0.18181818181818182
OwIWzzcFLWneUY_UKRwYbZz_C3rvVb1u2j5mUdSerfbtPDxoboo87Xs9,시볼룐아,4532781819,top,1839,11,3,4,28540,35109,15590,14,3,32227,17485,250,15,4,109,0,9,1,0.7142857142857143,0.1
fz_RbS0fhxxwLqTWaeTwz6rtkrEpPXL5Qsu6oFtolgLzKkE,흐잇쨔,4519864087,top,1567,10,2,6,14461,6488,25654,18,23,24914,12880,194,1,1,180,3,4,4,0.5925925925925926,0.18181818181818182
c63q0wF7QpkLStyAQUXSz2-enyeuKkgu8PLNZzCeRlMlMF_Wf9qg6iu4,KGB택배,4519864087,top,1567,1,4,4,13043,509,23221,22,22,14604,8199,174,0,0,697,1,9,0,0.45454545454545453,0.14814814814814814
tdd0KuiPcQRg46TvFWCmTfHyBOiY_PrRqbi2I-gZysMsoro,또구라,4502557885,top,1340,1,6,3,8323,4414,10577,3,3,21704,6511,89,10,0,56,3,4,0,0.2857142857142857,0.17647058823529413
KiTBig6fWY57Z6La_XaeGWKgNliT-stuBbXZilPoP0M,항상침착해야해,4502557885,top,1340,13,1,5,28533,1901,15468,17,31,16203,12123,132,10,6,227,2,8,1,0.5294117647058824,0.07142857142857142
LKlvjwqAckXVFcspbUgoz_j69MP2EicfHZ_JNxI2fSj4ASvptT8EiB-d,탑 갱 프리즈,4534968047,top,1666,6,8,7,18004,5651,14563,13,8,27065,14138,177,20,5,297,2,7,2,0.4642857142857143,0.19047619047619047
oAzZtQz-ELmVJMfTEM7GYmd7qJwvG-NqdU-kw4LLHxbB,TF 브레인웨이브,4534968047,top,1666,1,8,15,11800,3366,15286,15,24,21204,8573,109,0,0,162,2,9,0,0.38095238095238093,0.27586206896551724
Fy6jnoP4GUlytyCkFKMTK0ec3KrfmqEVQYZvor-q2U1s,아디싸게팜,4540841102,top,1321,2,11,4,9209,3520,12138,6,29,25899,8109,153,12,0,321,0,3,1,0.375,0.39285714285714285
x8vIoqgZhQxFTQjE8SGP52ZN7vR6nIVPs4VmZGmfI0Q7,조금아까워,4540841102,top,1321,5,2,11,10392,5800,16476,12,46,15404,9471,103,4,0,383,2,4,2,0.5714285714285714,0.125
8dQziD6k4u-BJZDMx2ocA9AnoLySAKGUlINw9glsWZeqOA8,부캐임대리아님,4527584058,top,2355,9,5,10,28310,11540,30230,26,17,35938,18708,315,19,11,116,10,13,4,0.48717948717948717,0.12195121951219512
PR_mi7JSVZwxgDXvRdp3x1IIiKuLmziafrRlhxWp-O_U01U,블랙서바이버,4540733695,top,2007,5,8,12,29145,7434,19087,21,43,35504,12038,172,0,0,794,2,9,5,0.5862068965517241,0.15384615384615385
RKWgdMB1k1LAYkD8mBuB3Bs_CujW3eX_YRtTjw1_wV59,정신차려 현우야,4540733695,top,2007,6,5,11,17153,4771,14241,23,22,26422,11676,159,26,11,459,2,6,1,0.3269230769230769,0.1724137931034483
xNlE2-J-PFPCpflU8k-zC4wn-2jdIsKsKrLjPIUW2B_Fbr0,럭 키 DA ZE,4532929572,top,1270,2,5,5,10076,1185,11080,11,16,13107,8023,112,8,0,126,0,4,2,0.25925925925925924,0.35714285714285715
RNiYTHaFrbYldK9QDQICXBBd5KmBeNoUgpomQzN5As7Z8HhTgFHP0IVL,초렉일,4525629794,top,1958,7,8,12,25129,6426,49077,22,39,26255,12721,179,9,5,858,4,9,4,0.5277777777777778,0.36363636363636365
3JxP1cqlTomNLMhjvhukcWAmwvxHl--yMhBJ65Ip74Ixx34,jotgogi,4525629794,top,1958,6,11,4,18419,4836,31031,15,38,37466,11927,196,4,0,113,2,3,2,0.45454545454545453,0.3055555555555556
V8bNmb3G8PktPNhdcPWRNq1FiAcmSymXSVNWO4fnItZgI14,벚꽃모찌,4539221784,top,1358,3,6,3,15614,2885,10402,7,27,21591,8872,134,6,0,270,0,5,0,0.75,0.20689655172413793
Y1_NPSsQbDcU5Y6pDVSS5STTL6CSLhYag35hv2jZW_sornU,성 현 시 현,4539003549,top,1954,9,8,2,14106,4275,24109,8,17,25142,14977,202,12,4,182,0,7,0,0.3793103448275862,0.24242424242424243
hc0uoSyekO8rOOWxNlngm7KD1-Mw6rRYyhzX3Md7iKRX_Kg,난강아지,4538576445,top,1689,8,4,5,23010,6498,20631,26,39,26756,11583,144,16,12,382,5,11,1,0.38235294117647056,0.23529411764705882
pz73WHaz3K46Eb6IVkmt2JFANt6wr84NP7-4wLvnpU5DOS4,굼진하,4527076529,top,2318,4,8,10,30955,2699,18838,45,12,25027,14390,265,25,0,160,0,14,11,0.5833333333333334,0.20512820512820512
KEq1Iai0I3sMRcvhVhPVStKgebQ1-mifQKd0ttxaOGTRpps,짱구의액션가면,4527076529,top,2318,5,3,15,16961,2826,45912,36,32,23941,16332,260,8,0,793,2,15,4,0.5128205128205128,0.125
TRAMvgMpx9p5I1Xr1hlLP-LNxSNVntKUAra6ZnyvwqUKS2KAZ28Uw2AK,사람없는팀,4522492770,top,1885,4,10,3,22058,20394,18440,11,6,30761,9823,175,4,0,129,0,9,0,0.2413793103448276,0.25
84zt_CVByqpq6bCT0QyxRMUYODoESy8mRUrzN1vsOIZ7,알라딘의요술쥬지,4522492770,top,1885,6,2,10,22184,16359,36390,11,69,33125,10782,141,0,0,429,0,4,2,0.4,0.06666666666666667
TbQys4YLeakh_LDNThJ92nO_HF7zXGopyGDyAOYhotfY,매너일,4537912045,top,1666,2,7,13,18699,6526,17429,22,5,24482,11844,185,8,0,110,3,11,2,0.45454545454545453,0.25
a_i3TN6YVzatJN94dnE6d5yaHot86qn4YWlFooarh1LS,SianLouis,4537912045,top,1666,7,4,6,16244,4043,17497,12,21,25206,10559,168,8,0,140,3,6,1,0.4642857142857143,0.12121212121212122
ULHrxFWtHQPxqju0Apb5AbbSH2UXyWGU0WnXeX0yZMQm_4IVeBgQCqkQ,남말절대안들음,4519792519,top,1518,2,7,6,9358,1810,12536,15,7,18515,7772,106,4,0,147,1,8,2,0.38095238095238093,0.2
JwFNH9QrIHberf9Pa0igPa__u1wnRXpBgM38gCziRhQQkD4,Fairy Heo,4519792519,top,1518,10,3,10,22405,6924,13518,15,19,21059,12497,163,4,4,252,2,7,0,0.5714285714285714,0.14285714285714285
7lNh9AaOBtZXOjBfzHAPRQ1Y6Wa_RJftDeg7OBi5KqeE,므어지,4539869046,top,1241,2,4,11,4774,199,11849,13,10,12928,6401,98,0,0,175,3,6,0,0.7222222222222222,0.3076923076923077
wesMClobUfLV5BOfAHODyobLSRP2mq3VIR70VKYE8L0h-d8,개강승아,4536258481,top,1755,8,5,2,14468,4678,13170,22,13,19704,13938,207,28,8,97,1,11,3,0.30303030303030304,0.25
7-7-MIjzQsA6rivn6B4bqOcDy9DfobMa4kfvoz378cj2OsQ,Khannn,4536258481,top,1755,6,9,0,20958,8039,21049,18,14,32774,12651,230,28,4,121,4,9,3,0.3,0.2727272727272727
eRr8sgKk6uey7UJvSKLQeLo5SV_txeTmhFtotZ5x7ffO,El Azahar,4539558848,top,1659,4,8,2,11813,673,14418,22,24,20070,8988,152,13,0,159,1,10,1,0.2857142857142857,0.27586206896551724
5nzonr5sp2eVB8yOl-DkHOeFZUrHit0ojkRSDdAAdFn5,inginghengheng,4466159552,top,2344,3,5,21,17544,13681,47442,22,64,36914,11721,164,0,0,754,6,16,1,0.5,0.13157894736842105
_67ktm39wIC7UBWHVsYx9Cdxm01ip7T-ryeFPrmCGGtw,팬티두장준비해라,4518341113,top,1544,2,13,2,11765,3869,20056,12,4,23605,6940,97,2,0,28,1,8,1,0.2,0.35135135135135137
0TrWLLVfczO1AsflqAHKp1y28gtLIZ-et7P-pSglU3OyYN_LiQXE2Er8,천오rb개못함,4539024076,top,1561,4,4,3,17499,4433,13555,9,20,17499,10686,182,4,1,146,0,5,0,0.21212121212121213,0.2
8Lt1DsTw9ZOr2Q6VRZEfzztUso4JMYv326DQVvuXtEwQktU,원챔갱플,4508712727,top,1361,7,0,8,17280,2164,8491,22,14,9310,10664,151,22,13,301,1,8,0,0.5,0
ZUYyjIWqS0NkLixceYmcmMbg1Ve-qMYDwwAP7fvFfIG5b0Rv9aG54kFO,목 멸,4508712727,top,1361,0,9,0,7649,0,8690,11,6,15227,5602,126,1,0,98,0,7,2,0,0.2903225806451613
Q7_o-f6sB_Vjqh0RwBeRtelLq1RvmuvjEBDMHUVebqcRBgc,열번찔린볼리베어,4539419659,top,1801,3,7,6,14514,5408,21399,16,19,28690,10904,183,12,0,236,0,8,2,0.36,0.175
W8HcRL02fnvRoq2XRynAfdk1tuqJ_oH9YZj4MF7h-HOukCDMxV-20UON,30세 남성 무직,4540218116,top,1907,3,8,3,25686,3571,81836,14,47,57204,10288,200,0,0,578,0,9,0,0.375,0.32
v-_v782ENy-kaYXySfDPUtxaJb4idkmi4yPUJT_FyXkJHOg,난 부자,4540218116,top,1907,14,5,3,44446,32439,48757,22,49,52062,14043,157,12,8,358,0,10,3,0.68,0.3125
UmYVjnLu2rjBhabm8foeyjjajJirQ8ctvbXXIu3BcKB2rLk,입털면겜안해야지,4540781238,top,1394,11,6,6,23179,5633,16878,18,5,20151,10319,119,0,0,32,3,7,0,0.5862068965517241,0.25
43_0fPNVztg6Ze3MQupjaXd0-pj-HQFhmaqAFhDYx_IcGAE,탑쉔캐리,4540781238,top,1394,2,7,5,11647,1984,23142,23,36,21669,6227,93,0,0,238,1,8,1,0.2916666666666667,0.2413793103448276
1mpcmtogPW7GOCNw7pi2k-U2zNgUdWGyu4aEBvCJ3-Tq84EVdPBZtU9F,김유빈vs유연종,4532581135,top,1507,6,8,3,14989,4314,11118,12,2,24134,10092,147,0,0,54,0,7,2,0.32142857142857145,0.20512820512820512
fzsWjUSygVMwKTDzjcw-HJGQs5sfTJ7RCHdjww09bVqgKZw,지상계 악어,4540076160,top,1687,4,3,5,11402,4109,25326,25,23,20509,10077,162,0,0,313,3,10,2,0.34615384615384615,0.10344827586206896
KAVV0d4C31rT8HaMsrO9EHtAPyf7ZJFJDFxothvmHtpZExBXQ3eXmXJH,어매낭,4540076160,top,1687,2,3,6,12424,1757,23324,21,27,11266,9725,155,4,0,432,1,9,3,0.27586206896551724,0.11538461538461539
QbzvtbdsbK99QgOJ7jLyoJtqOdqOeCn_ftpiFFGG39VX9onfA8aTGTg3,우리함께던져볼까,4540685205,top,1626,6,7,2,12827,3328,14303,19,18,20138,9811,138,2,0,252,2,5,2,0.3333333333333333,0.25
agryyqWR88GhsB9-Ji4zo80lyBlt0PoHCNAzgu-Xrzko3naJaIxq69aZ,못하면패드립,4512710531,top,1865,8,1,17,20980,5792,51122,32,44,25965,11989,183,11,0,678,1,11,2,0.7142857142857143,0.045454545454545456
HfVX3Tg3nNHk02ZY63JTTqQplOLwWItNCL5IllxNmLaz,김팀장님이다,4413099096,top,1624,3,12,0,10800,1708,24363,17,10,23226,10562,226,8,0,96,2,5,1,0.13043478260869565,0.34285714285714286
sNgD16wciPhnCyyRVxbGF70EqMegSJYZeA0OJLDHwPlO,Spell Caster,4535553601,top,1949,3,7,5,18017,4813,10218,24,14,19933,10775,202,2,0,341,2,11,4,0.21621621621621623,0.1590909090909091
aBAgvLTVEBm-Y3K2e_OB_Pu4oGEdyBipVePJ4tA4vm7G,Hunari,4540266910,top,1474,2,6,2,7931,1766,11823,20,8,16769,8817,176,4,4,105,1,8,1,0.3333333333333333,0.23076923076923078
EBnDMx0ZcInUcgxfG4hRmu8J-o9gMo2MxtvIEH4xN4AVyGo,장어와전복,4540266910,top,1474,5,5,2,10228,3237,8788,21,8,16859,10226,146,4,0,71,1,7,2,0.2692307692307692,0.4166666666666667
fpBbOE5D3zTkZlZGe2N5Joj1zI1sb1YHfIhFlyufHU1QFMk,VIORA,4533703791,top,2035,3,5,3,26844,9150,31366,29,5,25836,13609,273,12,6,44,2,9,1,0.35294117647058826,0.15625
wV8THkfNpViVrFC6O0yFIaudTeZQCStW556F3Im89XU1GeU,누나 이쁘다,4467589870,top,1836,6,5,4,16275,7475,33211,18,23,28259,12225,208,4,4,216,2,10,4,0.4166666666666667,0.1388888888888889
v1T7unQCHNCixI2ODVSnDn0ifpte4G36NBQzwg7-qRpu7LaCjx7m_n8X,HJ Occupation,4467589870,top,1836,3,7,5,11462,5188,9105,28,15,17619,9958,169,12,0,65,4,13,4,0.2222222222222222,0.2916666666666667
5Tkc2XrQW3G6HLWpvSXOZEcFeOe3k3746DFLZr43Z6X3N1kqmjMS4GyK,탑무무장인,4540810285,top,1425,3,2,6,9067,2446,19623,21,25,16854,9935,133,12,0,98,2,9,1,0.3333333333333333,0.125
h1mMGj5OKUbHJAP2nZ4MCfQCvgCB-plcsGsLs6mnFGT4,단벡질,4540810285,top,1425,4,5,3,10325,4468,12735,13,12,16609,8330,160,0,0,346,3,6,4,0.4375,0.18518518518518517
0rkG1VnFM8Yk4pkB722ZHnCVccC_EKZdtn7sDiMeBBOBjUPrmbVR47wD,국밥사이온,4540139678,top,2040,7,6,6,28027,724,45658,14,51,40241,11926,195,0,0,589,2,9,0,0.40625,0.14285714285714285
-3o7T8Oow3YA1zISeaKZgfOkTPjGs1QiRru6rj4dmTl6813wdLcT7U8M,도구혼내주는사람,4540139678,top,2040,9,5,8,32386,16392,35378,25,11,36708,14257,215,25,0,142,5,5,2,0.40476190476190477,0.15625
CEiyUVSpfNScatOCtdbESVtn7dCv5CKvesCc8tyNDRm6FnWG9aDjfo3T,46473,4381101315,top,1924,3,4,6,21947,7398,12123,33,29,19987,12228,226,12,4,579,2,10,5,0.24324324324324326,0.14285714285714285
-gfuLlN3FIOJZy_8tcz28kS7rH10Y0ADfT7YqvKQLig,유모차,4381101315,top,1924,3,7,7,15865,2937,12567,23,10,22055,11580,204,0,0,270,4,9,1,0.35714285714285715,0.1891891891891892
sc8uFpjUg88ZwcDgdT6tDAuCT9IDnvj64ggCBdphRFhY,세최방,4535254955,top,1303,5,9,7,16452,0,36436,8,27,18029,8875,120,0,0,1078,0,5,0,0.5217391304347826,0.1956521739130435
T5NKfKD3Dxe2-lJVqDbYTI9JFi40gzr1Z2YkMNH0pLaXKl5mFb-7Dm66,앞장선다 딜해라,4538995352,top,1613,6,5,2,16947,1207,33329,18,42,22960,10289,173,0,0,432,3,11,1,0.5,0.12195121951219512
p0As82bbjM_IKQLzUcyjHhOJhfQopzE015IuSh5FLlnLmRqmfvgHJa2o,칸나 꿈나무,4538995352,top,1613,6,5,8,19261,5862,17180,18,21,22820,11556,169,0,0,55,1,9,3,0.34146341463414637,0.3125
hmJuLRYw06xNkQblFAyscckQTJ7w8SBC_mRHVSfFVvX_,넌내가지킨다,4446284084,top,1916,13,9,8,36034,14632,43344,31,31,48123,15471,189,28,8,154,3,9,3,0.44680851063829785,0.3333333333333333
t1VlpI38HHeYJjYSoeHrgjEZEogQWMxr_-jEwPizmj27ABo,미드또터짐극혐,4446284084,top,1916,7,4,7,20942,2541,81672,34,54,46896,11668,170,0,0,808,3,12,1,0.5384615384615384,0.0851063829787234
nwriVlq_mlVvSx3SrZ9FlQvSRXDbK8_OqdHCJhDq9Qa4,반숙 완숙 진숙,4522996803,top,2258,6,3,9,21310,6295,14441,31,20,18438,13969,226,1,1,62,3,12,4,0.40540540540540543,0.11538461538461539
aVcpLlkoDmhZIO5g-hJgCRs8L0Y2czIHUltyn_8IFJKxyTA,자연의이해,4540010400,top,1575,4,6,3,13182,3734,20824,15,8,22599,10926,153,9,5,27,3,9,1,0.25,0.35294117647058826
Uvp20V-m1yEgsMvS4PoWhwhSUFjjT6vkoGWK7afVSeR6,고도균,4540063710,top,1724,23,2,10,39108,5661,12654,15,5,25652,18561,179,37,16,92,1,8,2,0.7021276595744681,0.125
I_InkHPsTvj6o5H0fyFdiE1FZXvOreRv6d2XjTWV_no9,살찐 토르,4540063710,top,1724,3,10,5,10312,3420,21689,13,22,25247,8449,117,1,0,211,1,5,3,0.5,0.2127659574468085
2GMcAGlfy8MgzbpUyoZs-dVKDGLCyNI7PyDXh6cysyuw65A,Givir,4509240257,top,1296,1,6,3,9255,425,4756,13,16,10058,6070,86,0,0,200,0,6,4,0.21052631578947367,0.4
AAqWpTCJq1v7h18sFy8IQUbssxMSRzHcDKekMfU7woB0fGc,우르프 Dragon,4509240257,top,1296,5,3,6,11436,4493,20297,11,10,21953,9054,123,16,0,88,3,6,5,0.7333333333333333,0.15789473684210525
RHQli-Qk4kaMPCKTP4_rgdpP0-buxcwMl_7y001o4FjWRrw,탑지면 니탓이다,4539725160,top,1722,5,4,2,13851,376,5411,11,1,11023,10172,175,0,0,16,0,8,1,0.5,0.21052631578947367
U2O1hmnIoY0TDja1X9juvigf1BKR9MehritHaqsJWyjztiY,페코린느 카와이,4539725160,top,1722,5,6,8,17390,9181,22652,15,12,25649,12502,186,24,4,401,1,7,1,0.6842105263157895,0.42857142857142855
9tHpiuqid2cTWct-VjcCvZ3VqRk4X606cGPhKw4t_8Oj,벽돌로대가리깬다,4535100814,top,1287,2,4,0,5971,1707,11244,3,6,15123,6365,126,0,0,50,0,2,0,0.2222222222222222,0.21052631578947367
8e466UqEGI2lUX1xiQfqhY18z-hN4hztGVV1v_xwYlcH8q6mwr3VXjGl,건강할게용,4535100814,top,1287,3,2,9,13978,0,5269,18,21,7009,8767,147,4,4,91,2,7,0,0.631578947368421,0.2222222222222222
NS775d710WUaQnyQChb_XY6tZ1dm_C-TfBwDgzOHstqy,SKT T1 전땅크,4525908879,top,1494,15,3,5,38016,10352,42861,17,34,34921,16532,235,4,1,266,1,6,1,0.6896551724137931,0.3
KxYsF_pWRXOiSOTQnhgxzX6ZJqY8kvGRHe8Zq3ejGa7gsRs,포돌라프,4525908879,top,1494,2,8,1,6605,2519,15783,1,9,19583,8541,163,4,0,82,1,1,0,0.3,0.27586206896551724
WHn7oyWDALwheh2eHgWxnDqGcLMFaoKG0F_NhLg3qc0vkBiHegfjOrSC,친추아무나안받음,4465713210,top,1481,5,4,5,17120,1883,26092,5,29,20161,10127,166,12,0,345,1,3,1,0.5,0.13333333333333333
psrfj4qhummiDyeW-wWzpAaidefLeXX0ZmlHoQITx3h_86sc_3VtlO6K,동현짱짱man,4408686956,top,2427,7,6,4,19486,3207,60303,23,21,39807,16448,268,16,8,136,1,14,0,0.3055555555555556,0.13636363636363635
PZJSAh0RwBBcCECfL5eWS00VX9S4eZbhW3NuX6LGgQLy,러블리 다정,4540678982,top,2782,14,4,14,38799,19885,35073,30,6,48425,19374,233,30,4,102,5,21,2,0.6222222222222222,0.09523809523809523
BJ0WL6zWt-JlQZ5GFZcjr5e7DCm2-RFgVZfzNm43JZOG,김다지니,4540678982,top,2782,10,6,14,38599,10056,30271,39,38,32522,19442,273,25,9,126,9,11,4,0.5853658536585366,0.13043478260869565
vTrlwoKaiUvNg4Vdn-eCG5Todsg3C7wdraVQnZLQAOcA,짱성필,4535535664,top,2282,10,9,19,16701,4954,64669,14,33,47445,13050,120,12,5,405,1,8,2,0.4915254237288136,0.21951219512195122
L2RpavAkbzTUioWDaeNN6TNtO5ExuNUrwcdbWJFIWNJJ0xw,기찬이즘,4499421129,top,1679,2,7,2,11109,3006,25529,8,27,24069,9153,193,8,0,156,0,6,0,0.4,0.2413793103448276
Nx_Fcq_X97YxPKNxbB0X9cQX_MTYuY3i-xXm4EeSz_KVlXg,김민민재,4499421129,top,1679,5,1,5,14165,6318,23165,11,54,15493,10534,176,0,0,631,1,7,1,0.3448275862068966,0.1
7BiAfTBniDVzOvxBmwyXqSS76GMZ7jhZif7Px8KgSGmw_nE,지니어스 웅 ,4494695279,top,1457,4,6,0,13001,2248,27102,9,3,19615,8613,158,0,0,26,2,8,0,0.2857142857142857,0.20689655172413793
UJHTCJuTvccY4PyRYrqSUcTh0vEqucH2H5QuXT9xJVccZYo,다빡이,4479814230,top,1870,6,6,10,16751,6679,60251,27,36,28892,12035,161,0,0,452,2,9,1,0.42105263157894735,0.3157894736842105
ZeTZuEJRQKqgjIf0rSGGLy-i3_s6maSspk1P3TVPbVX_,별난e,4479814230,top,1870,4,9,4,14693,2621,26813,15,26,27946,11448,179,10,4,73,1,9,0,0.42105263157894735,0.23076923076923078
pIN1TD4scR4Fq9bajHCN_R_4wES2yuHB6cPPw45RWwF4MJghtaP-mZN5,영주우니,4540782865,top,1553,12,2,8,15683,1502,13214,11,18,14838,12953,163,12,4,108,1,3,1,0.7692307692307693,0.10526315789473684
ZMtpEYyNAa7Dp16Zmcd38uB_HMKfjn9F7hKthQpERRec6RI,정시파이터임윤택,4540782865,top,1553,2,4,4,6942,2085,9824,17,9,14131,9224,177,15,0,71,5,8,2,0.3157894736842105,0.15384615384615385
ymAdZKHnoQJKn4_PtDuPoLuZY7811omimDE0chlSFJJK,후인피치,4539023632,top,1831,7,3,8,25034,3261,14657,18,11,19872,14244,223,24,1,150,3,9,0,0.6,0.13043478260869565
4Bx9smhjq7IScPFIwIuSrVEyPNy2-PurNwOJr3NTTcpG,같은 날에 떠나,4539023632,top,1831,3,7,7,21515,5263,27547,20,3,22784,11341,178,8,0,99,5,9,1,0.43478260869565216,0.28
fp-z5H_o75NeLnnssgGji3HOT_7ZDDGwqsQGwmEkrQM,스쿨존슈마허민식,4521274721,top,2004,6,10,4,20928,12219,44295,24,25,39006,14392,240,17,0,382,0,8,5,0.25,0.35714285714285715
ODqBk4eGtEQjOLNSvq25D9GrgZ5CUQEm5lJfkAuk_a5hOv1CKacv9jXk,귀욤뽀짝한아이디,4521274721,top,2004,4,7,14,19661,4218,49619,24,22,37346,11959,179,11,0,237,1,10,4,0.6428571428571429,0.17073170731707318
cAIr0x8EDRcxaiY6QZZA7B-fMrzS-_srVFGpWP7E1DTnoObhd2JokyWA,lllllIlIIllII,4540262409,top,1686,10,3,6,20044,7488,16291,20,16,27529,12548,126,12,9,99,1,8,4,0.32653061224489793,0.16666666666666666
g555BWpZgclDxWBSikO5hwJ8711L1Mcmv66ASrrNGWFatko,이태원 꿀라쓰,4540262409,top,1686,1,10,4,17620,1240,33664,11,33,33479,7407,126,0,0,389,0,7,0,0.2777777777777778,0.20408163265306123
aVxauRBly9iwtgFw694CFA7sYqQoikOfCTv7RSsn0VYb0GZvlFtI_jnv,A Fairy Of Tears,4535497075,top,1690,4,2,12,17560,8828,16022,24,23,19066,10037,146,0,0,232,2,9,1,0.5,0.125
pbHN-ZfY0re8YYZJyYVqUDoauE5Z1ITvYbr9pFD4-DqZQEA,탑솔러미드솔러,4515717704,top,1378,4,3,7,12528,5265,14894,17,17,18969,8709,152,2,1,29,3,8,2,0.44,0.1875
kRuPlMRn0x51dSbYqj_tv_TMXNxOejqRwkpcg5gT6igr,La vida es diver,4515717704,top,1378,3,5,1,11531,5401,13210,6,18,19876,7484,146,0,0,126,2,5,0,0.25,0.2
6eEs3CTRRb3PLXllqGDVt8WxhYSgKnH_U32-eJfo9Wt7BSM,SGC T 겨울상어,4490673680,top,1593,6,2,6,13655,4447,13644,15,11,18934,11773,196,2,1,58,0,4,3,0.46153846153846156,0.125
zWckDofD9gyscZmc9plGlEs8Kn-dbxjHvhHArXylqAkqlAzo4xxWgXTz,종목이형아들진성,4490673680,top,1593,5,6,1,13700,2754,7824,18,3,14852,8205,122,0,0,57,3,10,0,0.375,0.23076923076923078
K6zxRjBm0xFzPt_C2u_5gnHjfzP66RVsd9q89KrFukruMiI,스다만다,4536557656,top,1527,3,7,6,17049,2918,8672,16,2,22426,9734,174,8,4,41,1,7,3,0.375,0.25925925925925924
dls7cUQUqabhuL6orFL8mHJ8K4_Z_CB9Xwj4QgltKpCMQv9XL1sQHshF,specious,4536557656,top,1527,0,4,3,5901,1760,16280,26,2,15061,8310,149,8,0,27,3,10,4,0.1111111111111111,0.16666666666666666
7Wd13_mUYOomxWj_3WK8FgHF8h6JwiFcpvQYfODuzeUUERPrTIVxg3ii,티꼼수,4530011683,top,1947,1,5,4,21504,3018,10406,32,30,17627,11333,225,14,0,659,2,12,8,0.19230769230769232,0.1282051282051282
snbmOc96LMO_b-OYsAm1FlJn13JSc7OU8jSdH179pWIr3NY,노량진컵밥도둑,4479098801,top,1928,9,4,8,23604,6622,30109,11,12,26235,15564,237,4,4,131,2,4,2,0.40476190476190477,0.14285714285714285
4ddWfWOwGd9MjgnsvG_bhaxBkLuNfNRpDZna4ktxgE2Yy5-JCyzazQuD,좋구렁이,4479098801,top,1928,7,8,4,21112,11945,42625,18,14,32956,13492,201,18,4,309,3,10,1,0.39285714285714285,0.19047619047619047
ZqG3VQ7lsGyTrZCY8U6Cz4vnORlYV-XeyQ6L5TeEuSMt,Stove league,4537775947,top,1437,1,4,0,6937,2315,7721,10,23,13307,6104,125,0,0,420,1,6,1,0.07692307692307693,0.12903225806451613
aI4ZR-zJFjEQr8woIU66FtsUUeXSSzBzWPWlluOVQen0KENj9OOX-vch,구 룡 연 도,4534241794,top,1862,8,5,2,22992,6101,13005,20,27,18662,12954,212,27,0,182,0,9,3,0.47619047619047616,0.13513513513513514
zKqVmat6rK3SrAQqUD5zsGgdWW8u5K8QMwh53F-cgCFu2ew,응수피오라,4534241794,top,1862,12,1,5,20104,10504,20811,18,6,21735,15820,230,20,0,114,1,4,1,0.4594594594594595,0.047619047619047616
iGIB0g03RaJUe2FvVT8-KQopoJo9Weil4N1qv_xtwRkgw3U,지구최강정희성,4540783451,top,2149,3,3,13,13413,2672,49084,27,23,19252,11800,166,0,0,521,6,12,1,0.5517241379310345,0.0967741935483871
hJMZJO52gDwsOvw2eN9WapBx7JJEQ7auLmyWP-Q3N5T_br7F3mX46UME,SanMee,4540266456,top,2819,14,3,14,32806,7338,53369,17,44,33366,17299,200,8,0,771,4,11,2,0.56,0.0967741935483871
RUUE7xAet2_SX3wl5SsHDC4pCvHyd_4M3KiD4CtTqESm,왕비누,4540266456,top,2819,5,6,6,44988,14043,39647,47,65,44734,18580,254,21,9,592,3,4,20,0.3548387096774194,0.12
YxB5AN79Nr21xnDsN6jtcbMSUfeJjmNS1XDcu7quskv7RHOhj7pRuP9h,bapsody,4540085757,top,2237,4,6,9,26925,20035,63778,25,43,45725,13305,202,21,0,241,3,7,3,0.65,0.23076923076923078
NbajFAdyaOKOrwCrZJUqU80Qdd5u91v_3oZxwyY99fHy,너는 나의 꽃,4540085757,top,2237,5,5,15,22690,14117,72677,16,75,35192,13726,188,10,1,685,4,9,2,0.7692307692307693,0.25
FIt2nI5GlQ85XjGI8WxoeYpHoSVettXvzbbeGbCO7RVK5r_PoPz8nbaE,KR Mid God,4502720720,top,1658,2,7,3,16696,8103,19790,8,19,30221,9625,168,10,0,258,1,5,0,0.19230769230769232,0.20588235294117646
eEYINe690GJL6SN9VJSYTt78zQdhJNrC5oY6PtOa_slaJyhYER1gCR_j,서너머,4502720720,top,1658,9,5,10,30615,6367,30259,9,24,26644,13761,190,0,0,173,0,6,0,0.5588235294117647,0.19230769230769232
gQV1ASNwZsp1AOL0-P7U2CtaejHqLXu4WcBN4KJYLGqu,은행왕뱅king,4527724849,top,1266,2,5,4,14731,2140,16382,7,17,23229,8048,126,0,0,106,0,5,0,0.5,0.25
0Pt31c04ERaN98R2kCEvE92AQ1zmFHmZLYbgIRUF-4Ye2IhHs6jzwJ1I,띠르빙,4527724849,top,1266,0,2,9,10944,4490,21006,10,36,14818,8101,159,0,0,800,3,5,1,0.45,0.16666666666666666
sHVrqirgi08qAJzf4753t340b3by2slN5F_caugLD6XyssV52VaQVQrF,소주곱창전골,4310943979,top,1926,3,6,10,11125,5959,17379,21,19,23064,11927,186,14,5,81,3,11,2,0.28888888888888886,0.24
QSQ4aFX4hAyIYwGe-eB9mDWG3Rznj666SI8XZddTXUnb,꿈은있다,4301138268,top,1945,5,7,7,20090,7108,30812,32,20,35622,12929,223,12,0,116,4,14,1,0.35294117647058826,0.19444444444444445
WY2G9X7UYph56O-af2C_Mtda74T5CVM5OjFPC4nncxfU,너랑은 대화안해,4301138268,top,1945,8,5,13,26178,17915,31301,21,24,32959,14550,187,28,9,219,0,9,4,0.5833333333333334,0.14705882352941177
hidKWNJ1MY3cITFeWxQlNfA1cpjHQc5FPipk55TLWv0LAxQ,Najin Consalad,4529097771,top,1622,10,1,5,18899,9012,21379,10,56,22510,13127,180,12,4,684,0,7,0,0.375,0.047619047619047616
4ay0lL0Qat2Yvn-LH9xPfQcH6MLSVm4KACd0nXMbodA48iI,옥산은 못말려,4539959089,top,1492,2,5,0,8828,0,8487,11,5,14767,7950,169,7,0,69,1,6,1,0.2222222222222222,0.16666666666666666
PQ4TlXjwzjNzYxQbX5cPB2EGIOT92LL59KQ132yaq7J-,L Poin setia,4539965845,top,1597,4,6,7,16283,19553,10322,24,3,23672,9848,141,8,0,85,3,11,4,0.3235294117647059,0.3
Gb_8VnMcZ8uCHWyhY1l0i22KOGgG0-olBBDmBsGoQ1Ep,흐헉소환사라능,4539965845,top,1597,6,8,1,16878,6687,25398,11,10,27689,11637,219,4,0,77,1,7,1,0.35,0.23529411764705882
PC6wQ3toDcK6-5Ub_bdtlvDam266qvDHco6LAuC0dCKMhxC9Ujow9W98,플레티넘4번째,4526640171,top,1883,8,6,8,27297,1794,9432,22,16,18269,13417,181,12,4,79,2,12,1,0.45714285714285713,0.2608695652173913
ISHZLQgnMsoFGVx1VOt9ailUIDABvasBBxs0jd3EQeKk_6Y,kallina,4540089448,top,1747,10,3,5,21522,10129,27293,22,21,32088,15705,243,19,11,41,3,7,6,0.5555555555555556,0.1875
YnUE7KoS0tgeAue116RQ0RUKaZNARVTMYR5P4zmOKQSlPz4,M1 즐겜전용,4540089448,top,1747,1,7,4,13054,4391,14617,14,28,21762,8010,144,2,0,178,1,9,1,0.3125,0.25925925925925924
dNiKHKo692e9FTAnlslWseGCDOkdWiwugsisuuUGT8DydBg,앞은우,4490538558,top,1327,3,4,10,10435,832,12252,21,18,16502,10075,147,0,0,142,2,7,2,0.28888888888888886,0.2222222222222222
ESppM4KHJyNng2EZ2MF0zEu_PdYj4tjGDyq8LGVoehsx,귀요미애니,4490538558,top,1327,2,9,3,9383,1981,13009,7,11,19846,6711,123,2,0,23,1,6,0,0.2777777777777778,0.2
DYBt8XltaSx5zQMvEU9jBVMOMTdPjPIZDDpnd3bQiRx9EIfrRd-ga3oE,익 호,4469962301,top,1964,5,9,6,18795,11914,29962,15,7,34786,13168,212,21,0,63,2,4,4,0.34375,0.21951219512195122
XmJQ-tGlns7raV47_gMXW-tx1CVpzt6zn07iXq1a3dA0RvA,B베키,4469962301,top,1964,2,7,13,18784,1592,34446,21,33,22173,11078,174,8,0,687,2,11,4,0.36585365853658536,0.21875
SjvVNPUQ8iN84IjItWs3E9-U8Ag3k8zCBT2MpovkJNVh,이폼폼,4486502305,top,2096,7,7,5,42709,8003,26798,60,43,36423,14818,238,9,1,679,9,18,4,0.5217391304347826,0.2916666666666667
GMEcmWcp1krwjuJK7dYM3d9rU_jgwm_9PyEgzY2Hh8EOUKM,난참잘하쥬,4537842549,top,1377,7,4,4,18426,5216,18775,16,5,19353,10213,149,2,0,38,2,7,1,0.3793103448275862,0.17391304347826086
SFXVJY4d2_D_sFpn_NhBwtljkLC0aOjveg-ppCilg7j2AmM,LIL YAZE,4535102035,top,1952,2,11,1,7163,1315,27834,17,24,26939,10500,182,20,0,167,1,8,3,0.0967741935483871,0.2619047619047619
BiwnLG6KIBg5c5sMcC1esd1TF8WrADhbHId9b8gOVbVCq6VeEyY5Ab1o,마음의평화좀제발,4535948728,top,1975,7,7,3,21536,5982,29711,20,9,30336,14812,205,25,14,91,0,10,3,0.23255813953488372,0.2
t9-HAeSvTwZXiRYP21nxyiyJBAfRnXkdmSkWpX0b6Mz7,민콩준콩,4535948728,top,1975,12,9,2,35713,4538,60874,15,42,48040,16485,224,9,0,256,1,8,1,0.4,0.20930232558139536
oQrDKFTWqva20i9Kjwx-evx0rsma8m9dMSSweAPt2LgK_CM,치킨만먹는사람,4419420247,top,1743,5,6,10,13921,2272,36166,16,25,21890,9233,127,0,0,436,2,8,2,0.4411764705882353,0.16216216216216217
tt_POhGTtiwwZTS9dqIVmOI78c0CYJzjvnLpHGE0gXBq,계보현,4540086189,top,1927,10,2,13,24171,7066,9443,33,26,17885,12185,153,8,0,65,7,17,4,0.5227272727272727,0.09090909090909091
pElvh0FqF_1qS_1VyifZ6Uql5lebpDVFoRi-K8UT526b,빈 처,4540086189,top,1927,6,6,2,16029,11023,26497,25,21,34387,11315,176,12,0,121,4,10,6,0.36363636363636365,0.13636363636363635
BZcXmxBBLgC7Z02vEMNrsCdOhSnFFGzEtxoFySYpLsW2wdM,kmnnn,4540513612,top,1958,1,5,3,14372,0,18374,20,23,15062,9438,204,0,0,601,2,12,2,0.19047619047619047,0.14705882352941177
hP0S_P5NFZPqskr6m3XDi3iybIhO2PvMLuYWVqB9ZTTgJUU,소다맛양말,4540791253,top,2218,10,8,6,29744,9463,25204,21,10,32428,15077,209,4,0,162,1,9,2,0.6153846153846154,0.25806451612903225
1LDsEjMny6NLWBq2jpLXWZ7G_YjT9VoJ3JqnB40S3ffc3ms,군대는 처음이라,4540000890,top,1251,0,4,1,2856,618,10759,8,3,12556,5937,151,0,0,79,1,6,0,0.1,0.15384615384615385
TcOgGMxJgUJE94K70slJCKoonx6xPOaizjAXttVrCgGE,아 너무 화가난탑,4540816538,top,1676,5,3,5,14272,810,48534,9,24,18713,9765,151,0,0,644,0,2,2,0.47619047619047616,0.08571428571428572
vYCULwL02spovQ4IXPQOYk3fOToekrBUG6I2xIjmDyD83sY,실력의 정점,4540816538,top,1676,8,5,5,21829,10657,24358,16,6,28172,12427,187,20,4,35,3,6,2,0.37142857142857144,0.23809523809523808
UMT43pP0sQdtJnagvouWIyCIv_0WQPFjIsDa967OeilJ67I,전두엽 절제술,4540154121,top,1984,5,4,10,15681,4172,27773,24,26,24622,13334,170,8,1,243,4,11,3,0.5769230769230769,0.2222222222222222
-EgyrEerAYpwyuD_anF1lWUWCqeG9HaiOC66Zq-tgbe2x0k,A1PH4,4540154121,top,1984,3,6,4,11064,1595,26674,28,22,20964,10214,172,4,0,492,4,15,2,0.3888888888888889,0.23076923076923078
CU1jJrv8Q1KbruRz91m3FuZjPWxbFt3yIwrmwETcVvbw3z0,한타를몰라요,4540573170,top,2140,16,6,12,40527,14403,58587,25,32,47767,19011,208,4,0,59,0,4,8,0.6829268292682927,0.18181818181818182
XUF58Cq6r5kTklLszMxGzGu9_1a0tofvViJFAPkw4kyI,노란메뚜기,4540573170,top,2140,0,7,18,24059,15420,54613,18,83,38389,9578,162,6,0,572,1,13,2,0.5625,0.17073170731707318
-2ymVIBM7LDAUrYiT33V0u0g_hs8P2vCrA6K-luoxgPd,성오랑동거중,4540811022,top,1811,16,4,3,31611,3968,16216,26,4,27299,17221,202,54,22,80,2,10,3,0.4318181818181818,0.18181818181818182
kyKc51U0xZvKyjpOXmwi1dW1TQv1cSz2b6Qcn77zNFt7,푸른아지랑이,4455957555,top,2767,7,12,19,40169,17388,20992,33,13,44454,20361,302,52,0,306,1,14,7,0.4642857142857143,0.1791044776119403
ou-3Snx4U9en0wsuVk0T0DYlLOtJLjKRfQ_rb3AVf-Tv,Muere,4455957555,top,2767,7,11,5,34428,29588,93238,21,27,64933,19941,293,82,26,366,1,6,3,0.1791044776119403,0.19642857142857142
VmCyzh9S3iuuxRzOS8Oqdxrhl-sVPhigrnHNN5c2aje1QGM,권욱순,4520047041,top,2052,5,6,5,23853,2777,16748,25,36,23374,10439,170,0,0,60,5,10,3,0.43478260869565216,0.1875
BvexaLJtPmhUxFN0jBmR22lrF1Ew2rlWd7QwV_RbhSg4LliLx8lSyTbd,보통사람A군,4539101286,top,1640,3,4,9,17775,24524,27712,20,35,36758,9907,164,8,4,266,1,10,3,0.75,0.11428571428571428
5nYSDsp_Vvh88XU9rV_6UP8ZXYaWkJqf-G9sIS2A4usma3Y,연습용 bot,4539101286,top,1640,3,4,8,18294,10113,32628,33,54,24059,10130,173,8,4,390,3,9,4,0.3235294117647059,0.25
