account_id,summoner_name,match_id,position,playtime,kills,deaths,assists,totalDamageDealtToChampions,totalHeal,damageSelfMitigated,visionScore,timeCCingOthers,totalDamageTaken,goldEarned,totalMinionsKilled,neutralMinionsKilled,neutralMinionsKilledEnemyJungle,totalTimeCrowdControlDealt,visionWardsBoughtInGame,wardsPlaced,wardsKilled,killsRatio,deathsRatio
vpOEx1HAPS7xoJd2YENN8PDEDWDYdlWC5DrIlc3DddPQ,은비득,4539652353,support,2400,2,7,9,9462,5388,18548,117,37,24263,9228,41,0,0,119,20,64,12,0.5238095238095238,0.1794871794871795
mxrmpTUVeqdK4-onNejjEmGuLRAQ1E0E92mDNDl_MpVJtl0,Leaner,4540487602,support,1680,7,3,13,9913,2330,7060,72,48,12357,9532,40,2,1,71,9,33,9,0.5405405405405406,0.13636363636363635
qSR4Btp_BsMkFnQ7wvxL4jUkGgF4Tnqj-JrQVrEZ4M6G,3판왕자,4534421422,support,1438,0,6,10,4619,897,11425,26,25,12499,5589,27,0,0,101,5,10,4,0.4,0.3
x5sRSwxikNYvZXQSgsEUDR6UQzLYF80WCMut-S8QtH5jouU,경상도 서폿님,4533125383,support,1658,1,7,4,3961,672,18948,48,31,17219,6015,33,0,0,305,10,24,3,0.2777777777777778,0.21212121212121213
DHWVB-6gZZzIN3jxdhwu_1t9EvNehnHm-cClHLsunWc_YqA,그랩잘못해여,4533125383,support,1658,1,0,24,7901,5362,21609,59,35,17213,8679,25,0,0,123,8,34,5,0.7575757575757576,0
czOpSqsFceGwZHmQdChNbW78tmIEKs2IbZhjO-mTXuEjodk,Kaiser Morde,4540087419,support,1347,2,6,3,3875,190,12181,37,35,11395,5956,23,0,0,177,10,19,5,0.38461538461538464,0.16666666666666666
zKFTMHsuh6qZgDJconhz6cyZCCJs2Dbup1FfoDDufdur,텐동판매원,4540087419,support,1347,1,1,16,3451,4639,4502,52,14,6490,6410,37,0,0,82,5,17,10,0.4722222222222222,0.07692307692307693
r6uoi4niWif5mKfU02b4jTtBh9jG98KkLy0iDltSyugdDAY,정승호보호자,4521070593,support,1221,2,5,5,4045,439,4035,29,9,8191,5031,2,0,0,71,6,12,2,0.3181818181818182,0.35714285714285715
rzdjOE4wHu8Cio76msIaGR8xJb1o0gkMTKzPvMeTm24P,믈브갓,4532949732,support,1330,5,1,11,7328,2638,6017,48,32,8221,8522,18,12,8,69,6,19,2,0.8888888888888888,0.14285714285714285
PKz0FxTZqbguXYCeuqRfHyv0yH9iWdp7u73j4OmbBLjZHr8,wecanwin ToT,4532949732,support,1330,0,4,3,2800,803,2209,10,3,6180,4148,24,0,0,49,2,5,1,0.42857142857142855,0.2222222222222222
gCQyXt4FAUiIPMrnGgQtwatwVPeYqTfOKGkVIqCX6nZOqYk,화가 안나는 남자,4525917747,support,1865,2,5,15,11998,9351,11696,68,29,14837,8192,44,0,0,247,5,38,9,0.6071428571428571,0.38461538461538464
HdZ01Grr2mP6ErrxSZdIMafQJEB3jNmTiSSATFc9h7bCpDs,피눈물질질흐른다,4522066279,support,1626,4,11,4,12548,6340,13175,57,19,23962,8045,21,0,0,42,3,24,10,0.5,0.3055555555555556
_XnagqaRpJhDYLddOOufKKATGCQc-7dDA0eyw2nGzJF6Mvc,Ayurveda,4522066279,support,1626,4,4,8,12900,1836,5220,59,23,14091,8881,28,12,0,48,4,25,8,0.3333333333333333,0.23529411764705882
qqYsPoqVNsti3WRBpgje7K5JVxZqKk6JtY6WG2rxbO-Wrq0,7월22일,4540236536,support,1683,0,6,6,6580,2878,3932,53,13,12310,6114,62,0,0,139,6,26,6,0.5,0.18181818181818182
FhUv0ZR4DBRxBAN07CeCYPz_7x3XSyoek-HyJ0EdL2sgBl0,영원박,4540236536,support,1683,1,0,25,9980,2823,7605,67,48,8608,8997,33,0,0,75,7,31,7,0.7878787878787878,0
9wysNbwtKnZpqJX7kDeR_N4eMpU8i1F31xR89kX1iQ2qQpJFeEcuZw1j,생모찌,4540771894,support,1986,3,1,25,13582,5405,34113,82,45,21203,10418,63,4,0,551,2,23,11,0.6829268292682927,0.04
Qd_a1OeTVLk42hLxJKpmWYw9-OdoRSjXbBdAu_A1R4FrpZDXN-55sf-Z,서폿이하윤했다,4539284851,support,1326,0,0,11,3369,890,2862,38,13,4799,6092,15,0,0,156,5,15,8,0.5789473684210527,0
QvU427wXfsGM1hx5cmH3IbcTrQ3T5k_yOyVAgPKHWnkWX_o,더이상은못해요,4539284851,support,1326,0,4,5,4813,454,5312,32,12,9191,5058,47,0,0,121,5,11,7,0.5,0.21052631578947367
W64l4yPKrivUTZVA63KV0NuAOJ6XF8Gk_Vd603j7xbBsFfuuFS8LcgjT,neowana,4509581615,support,1216,3,2,6,5204,411,2814,23,16,6904,6979,15,0,0,76,3,13,2,0.32142857142857145,0.18181818181818182
K4Htc0ru1-QvwHcFBDCoTObo33DKM3-jP5lGr3Xdjgf2,땜튜브,4535331398,support,2010,3,7,11,19511,1561,23274,91,21,20331,9456,49,0,0,234,9,45,6,0.4,0.19444444444444445
lrb7V-eAi6JK3BfPyLF9QHOL-jKGDdlxuSxpEo0JNlTbHt0,노잼시티동탄,4535331398,support,2010,1,7,17,6195,20213,10259,50,39,17500,8452,28,0,0,191,10,26,4,0.5,0.2
7CTsIPnKEZkUNIEWpCkpinmTz6w2swAoWIP2YLxou5lA2mcTADBMPNFf,워터멜론꽃꿀,4498595734,support,1604,6,6,11,13325,11162,7815,37,33,20046,9889,26,4,0,198,4,18,2,0.6071428571428571,0.2857142857142857
t5MK-LvCc4DmXo4SrGbRaaGfuSxlfvpEGLk281m14n0jKdc,정글부,4498595734,support,1604,10,7,4,24697,793,9965,46,78,13545,9527,41,0,0,364,2,15,5,0.6666666666666666,0.25
07ip8RIIGamdpX_3osc6cuH1AlOPSMEBdHQMN_T6CszmTPlDy4iscKtk,달 엔,4516123788,support,2076,8,14,11,26354,6148,21213,79,40,37856,11439,58,0,0,155,5,41,11,0.7916666666666666,0.2916666666666667
wUsqPj2YNTBw6b6fDFhElgZV86bRWh6x13TCLK3de_mH,훈이싫타,4516680344,support,1575,5,3,17,17174,12849,10220,51,44,18536,9332,17,8,4,219,3,18,8,0.5945945945945946,0.21428571428571427
JPUURGcfpX6o9G2Hu1Xqb_Gp2zAe5tHdX7Jeq5hn_Uw-mgc,버스그만좀태워라,4536830885,support,2305,2,5,10,13228,2983,12732,117,47,16718,10264,45,4,0,366,9,65,14,0.48,0.2631578947368421
dBSsRSdyxe5O0YoF60zFd5TumgvuJ0ZpsmkP66qxtbBXMxD6GqTxXNe7,민머리대두,4532010230,support,1861,1,10,8,13467,0,54620,49,41,25370,7304,33,0,0,203,4,22,3,0.375,0.2564102564102564
Lz1hcjsVsZjZtqQIfMFjUYvHlXZOmTmnbGHbcsQKhiSQ,케어전문가,4532010230,support,1861,8,5,21,17120,30117,9995,50,50,18351,10910,25,0,0,227,0,21,4,0.7435897435897436,0.20833333333333334
t2oj2Q6WChEqrU4rlXeqNmbhbpuZh3omPV-2L8JAqIM8Wv_4LaU46Ey9,응 석,4442720309,support,1742,0,4,9,5715,2626,8631,56,26,10689,5732,7,0,0,131,5,29,3,0.75,0.16666666666666666
flk2wfm8mRtc9xpoLSCGKg7MCUbDj-l9214mCuXyloUbMyU,단축K,4442720309,support,1742,1,1,17,7564,14770,1411,38,11,1903,7868,3,0,0,37,6,24,0,0.75,0.08333333333333333
1ri8sX8p5lXveY9maZ50IE4p_fgtk9AWgGqNm3HXEVdCPjk,아디여섯글자,4514604621,support,1617,3,5,14,4996,631,6419,49,29,10852,8320,14,0,0,261,5,26,3,0.6296296296296297,0.17857142857142858
Ffitx_e1Mm_MymiFe7oZbWgyhyTLXx2lxr6GLC7nVk4e,까망자두,4514604621,support,1617,2,5,10,8064,9528,8390,42,28,15529,7515,17,0,0,108,8,22,8,0.42857142857142855,0.18518518518518517
22FHFOcpFgjdwQHZ4lE1_dlx7Ax81ERp1302xLSYvvo2,그렇게 사랑은,4540611573,support,1733,2,2,18,7446,3102,6184,43,48,9085,7852,31,0,0,76,5,24,2,0.625,0.16666666666666666
mPI4enj7za2i-j15PVi_RN1Drex2rqTbnDRi9vFTTbe5,교통사고빌런,4540611573,support,1733,0,9,5,7462,2793,15181,41,18,19853,6398,40,0,0,129,8,21,2,0.4166666666666667,0.28125
nO5P2WLzJ_RfhJR31mJRQgCJX6LEdP-g4Ne--LdQDxzoneUSxYGSb3rd,greedily,4524537903,support,1255,4,4,4,8832,444,4380,32,20,9294,6703,46,3,1,52,1,14,8,0.3333333333333333,0.21052631578947367
X1qkPlzfGiwiIa2mtFdPB1SJ3IV0ZLSti7YeWdq_EhSMHh0,rlawjdgh12,4524537903,support,1255,2,4,9,9232,0,11121,30,22,15430,6577,40,0,0,72,5,12,3,0.5789473684210527,0.16666666666666666
3MlZLN_rxMPD_l2owNqoxRerRQMjYlcgjbFX8PE9PUqyHNa5mfcgfZ10,행복하자1,4540317084,support,1851,2,3,9,6401,6204,2913,68,13,8445,7482,11,0,0,81,13,45,5,0.6875,0.11538461538461539
ChrNmgvKXS_SXkFaISd2QPWY_s3d_Enphe48CZxAYyw0ymQhWi4bYBqZ,Skn,4510696382,support,1613,4,4,18,7228,4364,5073,31,17,11776,7895,23,1,1,153,6,17,3,0.6111111111111112,0.2222222222222222
xabKVYypPNt7hKc5AIuCNdZPFAjFvm1LasiKujQN9f0JCx0IHAlxlC2z,부활성택짱,4510696382,support,1613,1,9,7,9774,1182,9744,63,38,14418,6074,23,0,0,69,7,30,6,0.4444444444444444,0.25
wBH6JxuNRtaezdbJ_i6mGmlZUvSdeuZ4yJ8GtmzjqzUJ,독일주방기기,4508703189,support,2267,3,10,25,9537,17742,11715,98,24,19087,10989,13,0,0,136,11,40,12,0.6666666666666666,0.29411764705882354
S2lZNnuUl9BMtbmiTRO3VEtRZ1sQsSYXIyV9ZJA81kuhlfc,BaB먹자,4508703189,support,2267,2,10,17,7681,3559,17134,60,29,21867,9663,11,0,0,290,7,31,8,0.5588235294117647,0.23809523809523808
4qWsVADBjv7wSlndso2XtWe2sUD-2k2RD8zHGoK-rGHo,기묘하다버근가,4527311285,support,1465,2,7,5,6036,630,18174,43,37,15709,5967,25,0,0,105,10,32,2,0.5833333333333334,0.28
HHT9uPPgE3NcGiSXLW-BZVF7crWL82pNtmjguzc44xTjPWM,미드가주라인이열,4527311285,support,1465,2,4,14,8013,1327,16566,52,35,13983,6855,29,0,0,141,3,26,5,0.64,0.3333333333333333
jezAm0dORMGfarImz7OLZI2FD_HZrJRnFiZpWgk91Jqtbw0,마법공학정비소,4534020800,support,1921,5,2,18,10593,1100,16490,81,43,11797,9790,29,0,0,106,15,47,7,0.92,0.1111111111111111
oS1MTcVWhwWNMhHOQWYJXrPU666Cdce3HJVEJQ6xrQGt,사이시키,4534020800,support,1921,4,5,4,4434,6399,25250,71,42,16134,7971,43,0,0,143,7,29,14,0.4444444444444444,0.2
0a6yxPNZxM6LZsUZI7Z4q7Atk7aByo-TN0oQ11hUebh_,신동철,4515405111,support,2123,6,6,14,25364,2635,5338,57,26,16267,11345,43,1,1,133,6,24,7,0.5714285714285714,0.16666666666666666
ku6fii-Z_vVUbPcriJgcaWktARTZ9XLxbDVEPss5b5Eig0c,백 다 르 크,4397558051,support,1769,1,4,13,8029,15798,3850,59,17,6557,7677,19,0,0,41,5,25,7,0.4666666666666667,0.16666666666666666
FZ-KOlBZSCAQeXPL4YRGoVvDvsgj_GkjfTh95Fh6jTBJu8c,앙괭이,4397558051,support,1769,3,5,16,7849,5949,32833,60,41,24160,8491,29,4,0,74,12,28,8,0.7916666666666666,0.16666666666666666
k_3_iEWLAAP3JuVBI9b9vlGGIklji9yDRrkV8uxO0kCs,감기엔감기약,4220895228,support,1802,0,2,6,6914,363,4705,70,20,9735,7967,42,19,8,409,2,24,6,0.2727272727272727,0.18181818181818182
bcR5dIt7nmcZNwH3oXqCoVaULA6bk2HLG2h-H_Qk2rLC,친환경인절미,4540381127,support,1960,2,3,17,11362,13177,8446,88,35,17688,9593,33,6,0,121,13,40,16,0.6785714285714286,0.1875
duwj-dEcltx5XwC4f57AUmVHv0xfUC7sAFk6W_dBThRE5vtFAhRc4nht,se 쫄,4540381127,support,1960,0,8,7,3746,14909,10958,67,23,15310,6642,19,0,0,145,9,30,12,0.4375,0.2857142857142857
pimSpWH9G4AzeK2kgoTs7Pcj-_WP-FXDPUb_1Vfx6t5mssI,Hi I am ad gosu,4539191607,support,1354,2,8,8,7144,497,11559,26,31,15696,5548,22,0,0,118,4,12,1,0.5555555555555556,0.27586206896551724
aR60PzydcmBUJ6I7ZYWc5Sz0zYAHtdw37z_xlWomvzG5_3FnvYR0AtR7,불쾌지수 100,4539191607,support,1354,10,2,8,18900,6886,9955,29,28,21287,8869,30,0,0,185,5,12,4,0.6206896551724138,0.1111111111111111
qVuV5ppvBMG8VwYCwI8tRotbTn0BuL2Q-6ZOCTMgz3htpDs,8 C,4540349937,support,1751,1,7,8,6876,5034,12411,46,46,15092,7156,7,0,0,196,3,36,2,0.47368421052631576,0.21212121212121213
eMDLs5BKnz5mCVk1klwfLxlnEucDCw2MyDJGeKH5hWN5,리우에,4539987460,support,1989,9,3,14,13334,4867,10856,111,23,17269,14088,47,2,0,105,6,39,22,0.5348837209302325,0.16666666666666666
Gejggto85mHr-n6_XIAZLBSkp0DKfXhUYlm-7JSWz9yf,엥간치하자,4539987460,support,1989,0,10,6,8370,5004,12226,38,29,21114,6790,13,0,0,79,7,29,4,0.3333333333333333,0.23255813953488372
KfXoGtYQSoZ0zKMGPAzQU6n75dqYT3zXytpy0Yxu2t01Qg0,민식yee냐,4532158926,support,1561,4,5,2,5030,614,17162,27,18,19572,6570,25,0,0,62,0,13,3,0.4,0.23809523809523808
J7enRVyEJhYJZefGE70L3s6Qiy7E8eSstJg3OQ3M_oKjfDc,흙인그기핥짝,4532158926,support,1561,2,3,15,12381,7149,5241,34,38,9229,7834,10,0,0,157,3,18,3,0.8095238095238095,0.2
_6WFpJGIVT4ZTy8kbEZiD96yUpW8EWc4dCR4jOheLzWVKqQ,켈 라,4524379326,support,1888,7,7,19,23919,15527,19314,75,43,34370,12433,34,25,9,269,1,26,7,0.48148148148148145,0.20588235294117646
lQV_rFt_E61mDUfJydeFVgOhWEbDlcxtBM41L4rV-2BYrQf7fcGQFb06,핫초코파우더,4524379326,support,1888,2,11,17,21523,5594,16118,48,41,31045,8749,58,1,0,167,7,22,4,0.5588235294117647,0.2037037037037037
yAR4a8FDjysTZLv4p9I8-SfDKTR0f8XCgP1q7H2ifPRo1Tk,MS0511,4431918215,support,1768,1,10,10,8059,2026,25214,48,27,23427,7234,45,0,0,113,5,29,6,0.5789473684210527,0.23255813953488372
Y1OW0HW458z7l3FkrDQnRmQjduX_PabgOWPMVKfa1C_ScJs,쁘으띠이,4539948528,support,2094,1,11,32,8681,11157,46567,63,60,27312,9248,38,0,0,171,13,42,3,0.7021276595744681,0.2682926829268293
ufkDbYcGoI-k_UdfZNUZIcoToZ4X4GayJ1pT2sadJkoS,돼지닝,4539948528,support,2094,5,12,19,13107,2601,51532,70,71,28262,10460,31,4,0,144,13,32,8,0.5853658536585366,0.2553191489361702
xFc51FHRSdPUBWl8SygfzJs7K-N7fd4RDSxGwHAxq8t4,최고랭크,4510814200,support,1698,3,5,12,7117,302,15916,64,32,14716,8295,36,0,0,96,9,27,10,0.5555555555555556,0.29411764705882354
G_shv3gZrHnwwzMP-mclKK73nIBD41nM-NbQCkG5WrzO,브로아,4510814200,support,1698,2,6,5,8804,1949,10410,43,13,15570,7021,32,2,0,139,5,23,4,0.4117647058823529,0.2222222222222222
uADnpyojThzDxtDu0H6wfAUfMnQuDRMweE2SeYJiDSX6,짓밟기,4523550976,support,2442,3,6,9,16081,312,3499,84,15,11057,10018,38,7,0,296,5,33,16,0.5,0.2857142857142857
iBWdO5Gzq6Wj7jg1xIO__fvJg4TvHK-SmJxlCL7GWVZFDA4,우주 검객 yee,4523550976,support,2442,2,4,12,5772,1392,28748,71,26,16591,8934,32,4,0,168,0,41,5,0.6666666666666666,0.16666666666666666
i4yfqgtIQyhel2MnalQXp-JCV2rGLcq7K2i04A073jrC,Dear My Deer,4379201820,support,2156,5,5,20,9123,2785,28712,66,48,22804,10235,33,0,0,159,12,33,5,0.6756756756756757,0.16129032258064516
oMTyQ0C5Yo5x55gzJGSHFZ1Aj0yICAFgawdZ0Smf3inc,지존오성빈,4537554099,support,2074,4,6,25,10861,1968,23637,85,52,23303,10156,38,0,0,144,13,44,7,0.6744186046511628,0.16666666666666666
r9x3dwbgEgV-cIHnCIZq-dV8r7KpSa_-SyX_sKzRJoU_12Y,교활한 녀석,4537554099,support,2074,5,8,14,16166,1989,39873,56,25,32096,10228,75,0,0,104,8,24,11,0.5277777777777778,0.18604651162790697
z6Xnla8EyWPzPKnOiHdUWvX_UNvxNviBmxS2EbAWCKZY,솟구쳐버렸다,4537794027,support,1307,9,5,18,8382,1782,6260,37,23,10180,9148,5,0,0,175,2,10,2,0.7297297297297297,0.2777777777777778
6Vc6SdsCniiqw2JoND-6HHblLUVrQ-nHNyTXcPuFru_G,king of sup,4537794027,support,1307,0,10,9,3803,2045,7379,18,19,11888,4673,5,0,0,74,4,13,0,0.5,0.2702702702702703
Vx5-OmglvRd_7kG9dp3VsSV3GKDJH5Ud9IUf6ANXLmBfr5A,뇌간지럽노,4537778587,support,1770,6,6,13,19973,648,5570,37,79,11610,9398,23,0,0,261,3,17,5,0.5428571428571428,0.20689655172413793
xG6U0u7nHjHd0-wdft_K_DVRlZUHidtRq2e4yPmBzV-ZCms,메이플재밌음,4537778587,support,1770,1,11,17,10648,14234,16131,30,14,22334,7660,26,0,0,34,1,13,3,0.6428571428571429,0.3142857142857143
phlGX4ReHufIklmy34WLEYdDH0LtmaOcYoRR4_FWpj2dUko,추석밥상,4499716292,support,1802,5,5,20,9332,3911,30053,39,62,26316,9611,29,0,0,88,2,13,5,0.6578947368421053,0.16666666666666666
8xWMJrUOE2MHANNHVbFlS8Ct78iwgId0FnjEyaGMQHs8o5M,미들잉글리쉬스쿨,4539635383,support,2406,2,5,20,10448,3624,23398,90,63,17681,10767,16,0,0,122,5,39,5,0.5641025641025641,0.12195121951219512
cFu2t1sWc0wvobKIG4VLqBY0QQnb8XZBuvG3gk0rjn9F,핑두감별사,4539635383,support,2406,1,10,16,10913,12687,19163,55,19,28017,9944,31,0,0,107,0,38,2,0.4146341463414634,0.2564102564102564
sIjjCRsVOgY0YozmeY5MYsJFBkxq8I0Oa2ccnWU6Hm0pvvJXB7JkDYzT,뜨거운진심,4325749295,support,2026,2,2,15,6471,15335,3182,38,13,5523,8413,2,0,0,40,6,24,1,0.6296296296296297,0.1
YQbQhteSdLycwBR1Q4qagLh7spyuX76I9MOtzAZOpcp6,명탄전코난,4325749295,support,2026,1,3,9,16890,1300,5616,97,23,11725,8617,42,4,0,187,5,37,14,0.5,0.1111111111111111
hj3H5TFVrwnspaMw-irJSidD1pr-LSle62LqRSJdiGIO,빌딩숲,4399610489,support,2107,3,10,16,10701,1458,44541,39,59,27037,9393,28,0,0,881,0,19,2,0.6551724137931034,0.2857142857142857
_rO6cyAJoL5OJBZUMGD1LWmhwh1qXF8vAobQ4GkjD99I2pE,Luro,4325336530,support,1974,3,11,12,8711,1140,21011,13,24,23985,7648,20,0,0,86,3,9,0,0.38461538461538464,0.2619047619047619
GJOmW1QicISPfAuZVEqSJvV9iWQT4M3hrNZS9ypiT_VF,Vll l l,4535735764,support,1266,2,3,2,7004,174,13438,26,16,13397,5293,37,0,0,61,5,14,4,0.4,0.17647058823529413
O21128qayV3LHWwuJxNxtVkK-IooL_pQ1zyLz3PUowJM,BlueTrow,4535735764,support,1266,1,2,6,4277,5218,9727,35,24,10570,5548,29,0,0,40,5,15,5,0.4375,0.2
0KT36EZCRiz_h28337Jf10MRLCs3E0qCeS0sgTSPdsox90s,Lovely yosep,4539110611,support,1252,0,1,6,4480,732,3792,31,25,6527,5171,28,0,0,34,5,11,3,0.375,0.09090909090909091
l2jYAev1A3iV7s3rkbVMhIZye7iy6vW4NijZZ7RG15dk,참치다랑어뱃살,4539110611,support,1252,1,4,2,3475,0,9511,18,14,11232,4441,23,0,0,48,1,11,1,0.2727272727272727,0.23529411764705882
Xo4IVOeWGjk4B9DI-B1TEAqft5NIwa_nRL_k5DpKloaRN6s,티모정말좋은사람,4539310163,support,1678,2,2,13,7075,2585,35774,33,52,17287,8325,32,4,0,350,1,8,6,0.625,0.125
c8_wPnysjujexn44WHDMUpzXINf3Qt9VYcgh00GOsiNYumw,챌린저 가는 아뒤,4426111605,support,1493,1,2,4,10830,6,6171,33,47,8631,5516,12,0,0,192,5,19,5,0.5,0.08333333333333333
vtmQJf5aRfEVQKurQRrA34UXdfXgy4Rn0Uu2cl3vpq_2M5w,플루오라,4500287303,support,1915,1,12,3,3592,123,21732,27,21,32519,7127,51,0,0,104,1,10,9,0.21052631578947367,0.36363636363636365
sWqZZFI4TWPAl8w_CWdt6VP55T3EWMbH0uFHavn6Hngk,빨간오니,4500287303,support,1915,7,3,11,29524,1037,6833,70,28,14725,10517,24,4,4,214,6,27,7,0.5454545454545454,0.15789473684210525
cis1dtbzvCJr4WBTqNpS12i94FXljD9shT0BJNv8Eijj53Y,안녕난순찬이야,4539154469,support,1563,1,6,12,5865,1837,12013,55,22,14050,6258,23,0,0,57,7,24,11,0.8125,0.25
t7cKBTiYq_-kG44RngsaxoTNPfdRE-ZNKu2XSHRa67Z9xuk,불타올르네,4539154469,support,1563,3,4,14,8144,2592,6905,47,11,9006,8612,31,0,0,125,6,22,9,0.7083333333333334,0.25
vxOgRAaanfjzYhqQEWsWhYbM5c4CaLaMsYQt6GxMSt-Q_9s,MID Lulu King,4516705668,support,1235,1,5,6,5147,3271,19703,22,38,14467,5483,40,0,0,103,3,6,2,0.3888888888888889,0.17857142857142858
aaWllARguk0668dwei6_FbOlJPOKi0tZRGARrqeCjG8_t_SftCAUnsCQ,DRX Dongria,4449344527,support,1757,0,6,11,5152,3204,9571,66,28,12942,6565,11,0,0,133,12,37,11,0.5789473684210527,0.2222222222222222
Pqt5ssQetYPSJsxWkFDv7nf0c2y94kdgoa84WQ_K-lo,슈퍼중성브류노아,4449344527,support,1757,2,5,13,8396,14147,6416,65,23,11275,7676,15,0,0,108,7,29,10,0.5555555555555556,0.2631578947368421
oyxXPCNHX78txXLZT2DQolI4VZgsYMC4Ll4b79o5HCbL, 미드가변비약,4532781819,support,1839,2,5,15,9245,9436,6534,72,32,14838,8291,18,8,0,135,8,31,11,0.5862068965517241,0.22727272727272727
rAse4M6w-q-E9vDSyoXVFs4jT7TEJxfLT8iJUJMIEQf28ac,실 거,4532781819,support,1839,0,6,13,3552,764,4272,36,16,9746,7296,11,0,0,124,8,22,5,0.6190476190476191,0.2
srDedh98UntWsojpI3Ob4tmYosBP1ykan_IVI8Awp-ak,곧죽어도즐겜,4519864087,support,1567,0,0,19,10662,11693,8021,53,32,10207,7067,37,0,0,228,2,23,7,0.7037037037037037,0
8lPRh-WLib51XAcrJZLcZfXetYzuhPUVbdQjr-ea_0qC,소환사환이,4519864087,support,1567,1,5,3,8651,3843,5140,43,33,11602,5436,16,0,0,126,5,24,11,0.36363636363636365,0.18518518518518517
vnhYyzROB4PChpwtYuW2QMEtP5Qttq4qITpdU03tyIqnRnM,연구원럭스,4502557885,support,1340,2,4,4,12228,0,3094,30,46,5130,5843,27,1,0,220,1,19,3,0.42857142857142855,0.11764705882352941
RzkCjvy_HncdcOSfzwKzHzBiv83NvUkAzSJuqeOGGSU0,전라인블리츠,4502557885,support,1340,1,3,12,3199,400,8492,18,20,11026,6812,20,0,0,38,3,8,1,0.38235294117647056,0.21428571428571427
28B_W0naGGjHn26SLEfYZ-NWOo16dTandn42BS-3lEFs,그거분신입니다,4534968047,support,1666,5,10,9,14482,1235,6495,41,52,14257,8510,29,0,0,301,5,23,4,0.5,0.23809523809523808
iHQi3WyWpSg5uMaMdpe98EqQ63m9-zfl6b9pYUdiTlJ9Wuk,귀여운 매실,4534968047,support,1666,4,4,23,6216,2307,9948,61,21,11458,8727,17,2,0,173,6,29,8,0.6428571428571429,0.13793103448275862
GLl7GnrVOkFtWocSLWqalGgOHwyMjD36oV5VqGwEJBpOb3g,SE Gyeong Min,4540841102,support,1321,0,5,7,4433,1014,14107,33,23,11388,4850,29,0,0,152,4,15,2,0.4375,0.17857142857142858
UavtoN44-5dxHqtx-HfNauNpOxMo1uI3rpBnIg4JT-06,모래주머니입니다,4540841102,support,1321,3,3,10,5233,1218,4302,34,35,6430,6730,11,0,0,64,6,19,2,0.4642857142857143,0.1875
T2WMw2ymO4q6j9-upRqYAWDeTVvNPm-DWrWt1IHnlVzEJWU,oegolsu,4527584058,support,2355,2,10,21,12015,3648,35869,89,49,32590,10320,38,0,0,143,8,43,10,0.5897435897435898,0.24390243902439024
jATw6l_lZJzzsDK-Mlbth6Fm72uKKgwDSnJnMK4qfkBbcQZ5RDMyK71f,사실 서폿은 황족,4540733695,support,2007,0,12,15,8197,427,40829,83,60,26722,7154,40,0,0,267,16,33,15,0.5172413793103449,0.23076923076923078
VoSuf1tjpdojxUR9sZvmFSBOi3E8wAONwWuErpejuLll,Beriosdk,4540733695,support,2007,3,11,26,14518,18614,12601,80,29,26386,9832,15,4,0,103,11,47,10,0.5576923076923077,0.3793103448275862
ei2AJH4HIJubnhNoHIGRCC4AR9iMeRzln61fxGNcA5xqVOo,최다원,4532929572,support,1270,0,2,19,4550,4596,5354,37,23,6847,6998,7,0,0,97,7,17,3,0.7037037037037037,0.14285714285714285
eGRltpw6HujuO_FYN2v9cTY1cxSm-L8c9EOlSV5Ka8dWQ3o,와사비랑 업진살,4525629794,support,1958,4,6,9,7909,2784,21594,77,30,25613,8660,39,0,0,118,12,28,10,0.3611111111111111,0.2727272727272727
GhgqwfuQuhFybd_9xc7UrtI6GsxysLR0lFk4oqbjHXMuY4lFrC6tS-Mt,asmfn24tnksgns,4525629794,support,1958,1,7,11,9820,1518,22945,53,37,23055,7430,45,0,0,145,6,28,8,0.5454545454545454,0.19444444444444445
0K2uRfonbBJxDG9Im7DnyyIJsT5XcSnHC_e_7OZNXBB-M5y__WWRzjXD,저절로 눈이,4539221784,support,1358,2,6,3,3560,0,12753,45,20,9763,5496,36,0,0,50,8,21,6,0.625,0.20689655172413793
l9XygMUjGokXhUf-um-fZ0zBm1qu9oaFY89azcSWf4UZ,너구리총공격,4539003549,support,1954,3,6,18,20056,14178,12008,61,62,22589,10955,59,3,0,212,4,38,8,0.7241379310344828,0.18181818181818182
mGy4-LWLaOMZHodiWZjc1R4QsLV6Hj2KIlVOGHsUYi_h,여름에는수박,4538576445,support,1689,4,1,9,11825,1809,4745,51,32,7640,8978,24,4,0,270,5,23,7,0.38235294117647056,0.058823529411764705
ubgE04H5qaq_6cRa4g3btGCiF72_vdkGgAlOyCN2RBES7v0,싸이블루,4527076529,support,2318,1,9,16,10251,7259,32300,111,55,21940,8611,36,0,0,364,11,51,16,0.7083333333333334,0.23076923076923078
STkz5nQQ8V3CJ-mtSIRZMjDhrInO-wt0_Ti6phPiy1-t,섹시김치맨,4527076529,support,2318,9,4,18,11300,6421,51125,102,28,26690,12518,53,4,4,134,8,38,21,0.6923076923076923,0.16666666666666666
R74Z9NilQW_zqyXHMpy_pfo29S7pjs-34vMPBk3ILPHy8PQ,JunnJuns,4522492770,support,1885,4,8,16,20170,8294,13401,76,62,23392,9331,18,2,0,188,13,34,12,0.6896551724137931,0.2
xfULjCEN9LMI_e6AAMgiLM24O-PKU8tAFQ-NQStkM_-jb1M,권 근,4522492770,support,1885,2,7,16,8309,3432,23711,73,50,19430,7715,20,0,0,207,7,38,8,0.45,0.23333333333333334
DgGa4LTp9yQuD2cSL3X01uTbWHRMtIeqnfLztj4dmn8v,칼 마,4537912045,support,1666,2,6,20,13516,2661,11511,70,31,13863,8645,34,0,0,146,5,27,12,0.6666666666666666,0.21428571428571427
RYSOSaUuFNQOQK1AVRVEq7Uv9WhaDEkarIFxlYBLRy2Qw07AWubO_ENe,꼬리버리,4537912045,support,1666,2,9,11,4131,449,15336,46,24,19925,6740,30,0,0,84,8,23,11,0.4642857142857143,0.2727272727272727
Hev9rXNPuPA_9owJElWxnZ8UGiCGgHpWjAG9cV74BkX-,와딩전문,4519792519,support,1518,6,6,6,8936,2478,9628,53,27,15261,9964,47,3,0,110,6,25,9,0.5714285714285714,0.17142857142857143
8sOsPQClTFJDB15L1KZ4hJ0kv3OYSJ1WFRhMX0y-g4UwoBc,MySignatureStyle,4519792519,support,1518,4,3,10,13139,1295,3518,50,11,9146,8815,50,4,0,24,4,21,10,0.4,0.14285714285714285
MJy49sJ-8qf-ARXFWO6VdPU-fxu-A7G32Gg0RUdmzmXGYq0,오 롯,4539869046,support,1241,1,4,6,2154,4310,3420,22,11,7215,4682,5,0,0,65,3,13,4,0.3888888888888889,0.3076923076923077
YhdcjmDZ0J8Pmi5drXGabcuh9Vhx15oWBwIO6UOzA0Ei,요들왕조재훈,4536258481,support,1755,3,3,12,5714,2771,18898,78,39,17261,8207,36,0,0,72,6,38,8,0.45454545454545453,0.15
yuBAQNTdvcmPvA2c3gw6Jgv1k1GTwBll0L3kuLE2bo_na1PrSZar4qAo,너 어디사냐,4536258481,support,1755,2,8,9,6012,1779,19150,46,29,19051,7452,46,0,0,119,3,21,7,0.55,0.24242424242424243
ahMDBvWRWhPrFJrHgH5R7VOmFoaqPRcNK3NXFPYFBTsfrbg,나는 반딧불이야,4539558848,support,1659,3,6,10,9238,5054,8987,51,31,17117,7998,21,0,0,174,4,20,7,0.6190476190476191,0.20689655172413793
ezVifIJVeJDOUBsykTNEqGguDnTGru35hKvM5MrCxqSZzKw,Najin jja motae,4466159552,support,2344,1,8,34,19162,6500,45042,85,64,34113,11337,33,4,0,236,14,50,9,0.7291666666666666,0.21052631578947367
Kbm-azu_uIEgtN65H6rSamb-3NOmxfbdb93VOFl-N5puULw,타투 아티스트,4518341113,support,1544,4,8,9,8012,554,15840,24,32,19560,8096,36,0,0,98,2,12,3,0.65,0.21621621621621623
mLoGwxwVTzG5IHlPu-4xNSKpQUT_6BmK2ZD-xmizR4Cb,Thanks so much,4539024076,support,1561,3,3,17,10177,2938,15391,64,17,19091,8586,48,4,0,69,6,25,13,0.6060606060606061,0.15
HHxAEzqlD04otJYqeLe2oqSibFmwpzUODWv3G10RpbVDNYo,뒤지도록패기,4508712727,support,1361,3,2,15,10221,9032,5513,33,22,13909,8475,19,4,0,70,3,11,5,0.6,0.2222222222222222
fnRiWjeSX8Dj-qbcY3j0Yv31EufU2JeCFKzWm_rRWaBt,소리벗고팬타질러,4508712727,support,1361,2,8,4,11074,217,5780,19,27,16145,6404,27,3,0,180,1,12,1,0.75,0.25806451612903225
3AHlsK3ap_8fbfQxOQYKu__z9-mYvFkmcayoa1FkSf1Y,원딜님회복드세요,4539419659,support,1801,2,7,9,6263,1563,10090,54,14,16207,7425,30,0,0,111,8,26,4,0.44,0.175
ws3hbgaA4FxvX262Vh-tkzTwh_mKtB3ZgrMQhYI3C-5C,푸다다닭,4540218116,support,1907,1,5,8,2928,15563,15343,64,23,12020,6989,34,0,0,123,4,27,8,0.5625,0.2
GIPPKqlCHE-uCQXfw-uKrkebgG-IdMyKm5MGGTzydxPR,허벅지 긁적긁적,4540218116,support,1907,3,4,8,7592,2346,20382,59,21,20297,8701,31,0,0,65,9,38,5,0.44,0.25
lUE1frZ9NqwuEEBlWN3cx2XMuhaWukbPBB9YOLpQRKZ419g,졍아정신차려,4540781238,support,1394,1,3,15,5658,13121,4518,43,25,7223,6505,9,0,0,121,6,22,8,0.5517241379310345,0.125
rPpSpcHU8mc4e36yEaaUdfesaDJFknYjkdVKtR4kDbY_,CHING CHANG,4540781238,support,1394,5,5,6,5506,8173,6506,39,17,11051,6739,9,0,0,98,4,16,7,0.4583333333333333,0.1724137931034483
zrNO2h2X426qt30pzAWf7OPkH4RzmJi2waVy2MBQG7er,싸움잘하는법,4532581135,support,1507,1,8,15,11013,147,30776,42,45,19769,6534,29,0,0,93,7,23,3,0.5714285714285714,0.20512820512820512
yQ1E73wpYOB3viapA2vdmk1TrNvt4MOkB7oVjLE5K4yaA563DjOEdmND,너엄마우한폐렴,4540076160,support,1687,2,8,11,7512,471,20751,42,27,17241,7517,46,0,0,140,4,19,5,0.5,0.27586206896551724
_qUIH42sxmj6XjZIi4JEHE55Tn4ubI2NpKvq3DWwsGvL,지카콜라,4540076160,support,1687,3,8,15,9600,3130,9909,44,28,15952,8257,12,0,0,109,4,24,3,0.6206896551724138,0.3076923076923077
IsBmyWGOLLBFgOKAEqPE44kW2k6z6TPlBOmTyu2d4vz8,MLC SB,4540685205,support,1626,2,6,11,4537,7124,25065,45,25,18662,6913,28,0,0,58,4,20,2,0.5416666666666666,0.21428571428571427
GIdS3q7piFUeprtT9nT1aImB1Buc_hYYgfMcX4EafBN94RQOAW0O4aTk,yuumi bb,4512710531,support,1865,4,2,29,7243,16762,3249,52,19,4562,9579,6,0,0,44,7,27,1,0.9428571428571428,0.09090909090909091
jV_gIdQ-0XBB1Tb8XgZMnjpoZJ8iAVotLZbkW2lh6p8X,본주 롤체충,4413099096,support,1624,9,5,2,14413,507,9963,47,54,13297,9797,51,4,4,347,2,20,4,0.4782608695652174,0.14285714285714285
2nEjfH80UW1GR24k4DZzZI7K0yGDaQ9bLkO1SAgB6JlljBM,골게아수,4535553601,support,1949,5,13,15,13240,1416,44100,58,63,30661,9010,31,0,0,200,9,27,5,0.5405405405405406,0.29545454545454547
_6B1k753BAfWJnc2FqYu68gvAE8mqk4ci1o0m5elMAcVFTo,ThrashA,4540266910,support,1474,0,3,4,3469,1193,11632,31,16,13319,5007,23,0,0,74,2,17,4,0.3333333333333333,0.11538461538461539
LUd8wx7OCvzkiuL6ErYC9zh9MA--ORtQabWdzEk5rTD93qg,요괴마왕,4540266910,support,1474,1,1,8,5897,1573,8451,40,25,9689,6737,30,0,0,87,5,20,3,0.34615384615384615,0.08333333333333333
ZoNHKKGV9Hs34osAOuEqaQtceRm2m63V4Y-Hm9l8VwQl,잠깐우리말로할까,4533703791,support,2035,6,6,1,10851,1630,7912,36,45,12162,8564,24,0,0,77,2,16,4,0.4117647058823529,0.1875
Iety3j5KJSudqkeOg2lP9dNEgi66NTfn9rTUzud-ESp8,적당히해야지,4467589870,support,1836,3,8,6,6641,1583,35369,51,51,21804,7604,38,0,0,259,6,32,2,0.375,0.2222222222222222
ssxcX4gDiiCjVwf3ufjyr12zgymjFjzaTR3-wNbhxrYX,Youwon,4467589870,support,1836,0,4,28,8618,3824,15460,78,37,19245,9083,41,8,0,78,11,37,7,0.7777777777777778,0.16666666666666666
SpFifLPkh_9Ks8_c0daDt27hWJvyydQluoBMlok4mIXQ4y4,Wolffy,4540810285,support,1425,3,5,15,14706,7041,6492,34,31,14908,8427,12,0,0,110,3,11,5,0.6666666666666666,0.3125
ayUnhlbHpqoxbmw9dKGl15TwP263wOuw-1EXJYEQ5n6w,새콤달콤 뚜벅초,4540810285,support,1425,1,8,4,5036,0,22887,38,32,13689,5396,25,0,0,154,1,21,4,0.3125,0.2962962962962963
1_KIVzV-U8M_815_Fhx1mfloczqmhFdBie-4V7XxrFiLD-4NKfEUT6J2,너네고양이돼지,4540139678,support,2040,4,9,15,13412,129,30595,72,53,25809,9374,37,0,0,197,2,27,6,0.59375,0.21428571428571427
heV0G1fItKu__oYKvRXh-IvgjkwihsNGOJocR77e7szS7ECWsHX_QjYJ,멍멍아 앉아,4540139678,support,2040,10,8,12,13614,10028,20275,78,27,25210,14212,48,14,0,112,1,24,16,0.5238095238095238,0.25
E1e8jkPVvd6AHmht0T3hAfDKCTfVqGDPZaQAlG8BpBXa,너거맹,4381101315,support,1924,3,6,11,10473,7342,37118,74,42,26416,9473,52,0,0,165,4,28,13,0.3783783783783784,0.21428571428571427
qtd1CiN6zLK_JjV3yReVeX1MX__u-jXhPaPXLTdEV8wk8mlyyoADNynt,저 한번만 봐줘요,4381101315,support,1924,3,11,10,14920,258,7022,46,17,18985,8090,27,0,0,206,5,24,7,0.4642857142857143,0.2972972972972973
JXS4yEz4f032WLvfVuc9hDKOB6lC0rono8OCHoFybkBnNIkYPZQizZmK,sonyi0,4535254955,support,1303,1,12,10,8216,724,8433,27,18,16339,5348,9,0,0,141,6,14,2,0.4782608695652174,0.2608695652173913
mOkx5ub62-J0_UWZK-r_HhiVb1dbJ97tgxVFLGlxXCJhiUo,나미 밴좀요,4538995352,support,1613,0,10,4,3841,7999,6970,43,14,15203,5100,7,0,0,39,6,21,4,0.25,0.24390243902439024
nBJcJpmfR4rZiho-V8Y1bS8OThxyAxEx-6Dhekg1l5XD,Z2nny K,4538995352,support,1613,1,4,17,7166,1543,19221,62,35,17633,7983,34,0,0,57,3,21,10,0.43902439024390244,0.25
qSDzM9-nV_Z99uThr3bVCwyIYDLZZxjjKKLSGgFm1ko,ShowModule,4446284084,support,1916,2,4,18,14920,15091,11511,56,47,19462,9878,10,8,0,172,2,23,3,0.425531914893617,0.14814814814814814
GllroFEhzwiKDGZ44HLHrQyhF6qOf4FbSjMDbGec168BO9I,못하면뚝배기,4446284084,support,1916,1,3,14,9090,24326,6748,26,18,9947,7858,15,0,0,44,7,13,2,0.5769230769230769,0.06382978723404255
lQtu09BxWoR32AvSYD6PnG_OgCdsqTU9-t8JHYfUIkcE,베이가다,4522996803,support,2258,3,9,19,14319,1381,13974,81,76,23332,11498,36,11,5,275,12,40,9,0.5945945945945946,0.34615384615384615
W2g1yml9S9aHi_0tidfEDicPWjoPCuZeURuTM0x9mZ4,강민우 님이다,4540010400,support,1575,1,2,17,7767,2559,14243,42,29,17261,7812,31,0,0,151,4,20,6,0.6428571428571429,0.11764705882352941
8W_YABpQ8IdbxuArghAaTyl5qgB-_G0Cx54NCcKA1C9H,어색스,4540063710,support,1724,4,4,19,9444,14443,9735,56,26,15746,9339,35,0,0,183,9,34,7,0.48936170212765956,0.25
A-vMJKp-QM7M50v-nFo9rtVzH9wa3MiXYm6G5Gb9OOhmSao,지혜는예뻐,4540063710,support,1724,3,11,6,12447,1324,9395,32,38,18518,7324,39,0,0,206,2,16,4,0.5625,0.23404255319148937
JN_sdn4iTWfLpzXvpoV37ZGrvmasNCnF3jFHSXnqPyWt0YM,원딜머가리딱대,4509240257,support,1296,2,1,11,6054,65,11238,30,30,6819,5931,22,0,0,148,2,12,3,0.6842105263157895,0.06666666666666667
i02yA4KFcNLytrI1Y0eS_1mvdxbTy6D63_OdLhUmfLnc,대룡골롤유저,4509240257,support,1296,0,6,1,1638,1466,3082,33,9,7836,4338,27,0,0,52,3,11,2,0.06666666666666667,0.3157894736842105
29BOIs_zJjOA6JnwSLHNW_vBpYUGblUtdkfjP_0c38IP,Team 0f Legend,4539725160,support,1722,2,3,3,7079,526,17146,73,14,14417,6642,35,0,0,63,4,27,11,0.35714285714285715,0.15789473684210525
xkWWKg6-5iVKo-Tid-Bq3E5THj1chpKFz8_yy0xp8wSc0UA,탱글한푸딩,4539725160,support,1722,0,1,8,4415,1412,11037,56,22,10298,6350,27,0,0,109,5,30,5,0.42105263157894735,0.07142857142857142
cDBSUS1CTGvfnYQuUB54dwcAWfCjmL5N4HV8IEmqcFZP56pBKhKpv18A,나때리면곱등이,4535100814,support,1287,1,4,3,5029,852,7000,38,33,9590,4997,12,0,0,51,5,19,6,0.4444444444444444,0.21052631578947367
BIcW8Jq0D-_ULEijCF87AcGmya4XrswAUbekoOnMPg8ph4I,바드코패스,4535100814,support,1287,2,3,6,5649,3456,8936,45,19,10518,6299,39,0,0,365,2,21,9,0.42105263157894735,0.3333333333333333
nIsl64PV1UZ_-95WKhe8GauVxxzSLKFo_N9IOY0gREYv,Nusis,4525908879,support,1494,5,2,6,8025,444,4213,31,16,5756,8906,31,4,4,124,0,13,5,0.3793103448275862,0.2
ajHR7GZBt5ExHOFHD8dyeqEAQxTUxHDRtXQHeo_B2S4v,HeiSe Mao,4525908879,support,1494,1,4,5,5874,5332,6523,45,9,9528,5588,31,0,0,15,10,29,1,0.6,0.13793103448275862
4lzKj-1mC6AQ5XLsYnkCcssguX5_xMtf4aKj5EtDf3fn5WY,코담쓰,4465713210,support,1481,1,11,6,5111,210,8628,45,30,18058,6764,41,0,0,135,10,19,6,0.35,0.36666666666666664
Pxyn7_1uxTQ01fUZEoa_MRLy4mBVA3CbR4ZojXSVp33YHRU,곰팡이선장,4408686956,support,2427,2,8,16,9406,9195,59193,49,18,35501,10138,42,0,0,619,3,25,4,0.5,0.18181818181818182
e0ZzdlpZ21qX5kxzKSdFhzEbKwi37aM9-FKC8Z6a0ihbINA,Big Dog KR,4540678982,support,2782,1,9,34,24491,39751,12206,82,50,16437,11819,17,0,0,90,10,66,2,0.7777777777777778,0.21428571428571427
ow_kD24HNyx5kxRQrPUqzursaw6J4kJFuTyQoMqjPkaEIO2A7ocMImAB,05 Keria,4540678982,support,2782,4,9,22,21641,1372,86060,101,44,40506,12201,42,0,0,164,3,42,11,0.6341463414634146,0.1956521739130435
308DIoIMb8_-Af9V-D49SN0cSd2LizMUgnMbpurDI5-0S1_nz6m1xux5,머리 큰 곰돌이,4535535664,support,2282,6,11,29,19048,3703,69460,60,56,38168,11412,43,8,2,389,2,30,6,0.5932203389830508,0.2682926829268293
VJJPBj5r7DoTxxa1hbF0kQlZloOX6Hy5fsZ1JqWGOs_F,미드건너탑구경,4499421129,support,1679,1,4,7,12200,7027,8668,51,42,13735,7112,19,0,0,142,8,29,7,0.8,0.13793103448275862
8gGtxg-Of1XU6WVuVSWZYtPrUj96yQoc0z9mx-MfZXmktFN44WGRDLou,doublelift fan0,4499421129,support,1679,2,3,16,9957,1637,8311,51,34,11642,7998,22,0,0,70,11,30,4,0.6206896551724138,0.3
7TDE-SA8UGMDqvSn5MIjDk_uhEDyi5qJ9E9u09RHikkK,정글아님닷지좀요,4494695279,support,1457,2,4,4,3324,1419,9712,30,17,10989,5860,30,0,0,115,3,17,3,0.42857142857142855,0.13793103448275862
HiTj20yVEingyzXYiBDp3qVbAUj6KJeYYXHFyNIl3m8t,우주비행사 직스,4479814230,support,1870,3,5,18,9985,2623,18687,44,36,22054,9451,42,0,0,130,7,27,2,0.5526315789473685,0.2631578947368421
tjqcvWCZ-gfj2LtL2ZCsFn4LqW9F8gQ12bGdgtD7_9F6,박죵호,4479814230,support,1870,2,8,13,12263,4156,13991,70,47,18867,9623,37,11,4,195,7,33,13,0.7894736842105263,0.20512820512820512
WGF1yg89KFNzZG8SYAQ9UeJauHkISvh0ZzNCJ8rVRv1C,차돌짬뽕,4540782865,support,1553,0,0,20,8874,8044,3052,48,19,9242,7806,17,0,0,66,4,25,3,0.7692307692307693,0
7PzEeQkz4cjqDTpr7Gc9_XcjUWOki8Cv3_mwN2hVNQdpTas,깜시320,4540782865,support,1553,2,4,6,6278,7643,4906,24,15,6819,5581,4,0,0,39,4,17,2,0.42105263157894735,0.15384615384615385
xH3DR0oRQ_rT7HHJUJVQ_zEOgiiyOm88bXuivnnUKMzOHoI,강꼰머,4539023632,support,1831,1,11,10,4206,14528,9644,72,29,15185,7669,20,0,0,141,6,23,11,0.44,0.4782608695652174
R1iXfzoMpBbNI-EeAccWZo4UZGY86T5RrstLGBgTY8Q_,PITCHBLACK,4539023632,support,1831,2,5,10,7251,1741,22560,64,36,16740,7195,29,0,0,80,6,35,5,0.5217391304347826,0.2
pPbJU1qt3_we68PCqqx5JoHH7_Co5UEHeKj236MTUoyg,상콤작가시니,4521274721,support,2004,2,5,11,14074,3174,15913,79,27,16598,9003,30,0,0,201,4,31,12,0.325,0.17857142857142858
fFiwTaI55Cu5pPcoLJiw_eNn4lxow9fe3AkTfzHC_jxw,빙다리핫바지닭,4521274721,support,2004,1,11,10,4293,14531,12576,62,32,21699,8117,44,4,0,195,0,29,6,0.39285714285714285,0.2682926829268293
s7PMOVdaLfTgz_S2jz0P48IsfVUcXaUAjJy9zjx9rn2_DbwrzkZbqJs8,Redsterm,4540262409,support,1686,4,7,23,9794,1206,23958,57,48,17476,9664,33,4,0,111,9,19,10,0.5510204081632653,0.3888888888888889
bKVIMLgO_prujPe97RHbhEu_6Ibor29XH0A01i2eQJCwEFw,Spr 촉수 챱챱,4540262409,support,1686,0,11,10,7335,7607,9155,33,24,17403,6019,22,0,0,65,1,21,2,0.5555555555555556,0.22448979591836735
Xqk9-LHzKUeczzUGQroiHHQWXXpRnizS_qHP7-MXgh0tazs,Lulu bug,4535497075,support,1690,0,3,16,5267,712,5240,58,21,9373,6832,33,0,0,160,9,31,5,0.5,0.1875
QVolIJv-zkJb9pKIzW03KaqqV81ffap7Id17enH6VgkAXCI,불 축 케 넨,4515717704,support,1378,3,4,10,4131,254,13425,33,13,9675,6611,25,0,0,43,7,21,1,0.52,0.25
r9MfHlrjfjIu_6mmszbc85lExpmMSrgb4BGVecZsJJkEqA2vmR24eYov,강한남자 윤이,4515717704,support,1378,3,2,4,11317,2303,2720,34,15,8011,6615,19,0,0,102,0,20,3,0.4375,0.08
Q4v_dIo1fwIeS0hYyemwmJGEmuUM51TD4T9HPzM0smGq3RWm8xu7faXY,전지적 승우 시점,4490673680,support,1593,4,5,7,5358,2132,19318,55,36,16390,7747,27,0,0,71,1,21,3,0.4230769230769231,0.3125
IIdq7jjSfp0etUnwlZkzwQLvfFhsg-Zc_QqK8WsIL9yRZA8,보이스카웃박호두,4490673680,support,1593,3,3,6,13569,5154,6753,56,17,14579,6347,35,0,0,69,2,24,7,0.5625,0.11538461538461539
BiWnsW27TVr59PaSUGIbbwgLFGBSi-T8L_qxX9DBtuI4,니가먼데이키즈,4536557656,support,1527,1,1,13,5330,12432,1733,24,12,3893,5693,7,0,0,32,7,14,2,0.5833333333333334,0.037037037037037035
yTB1rhZsnpj3nWv5uQMcTOrOHDFsaCCIqlhYrzbWf2avqls,고삐풀린경주마,4536557656,support,1527,5,4,5,16331,3916,9024,50,28,15114,8198,25,0,0,150,4,22,5,0.37037037037037035,0.16666666666666666
qfgnV-2aSbDwkC5z17p6MubJXppwOtJ_V4nudsXmsNU,꾸 우 자,4530011683,support,1947,1,10,13,8358,5506,6396,21,23,24111,7855,16,0,0,91,6,13,1,0.5384615384615384,0.2564102564102564
LYds6V_XP_KqBmSHXNqepWoXuZkSv0_ak7H14QplTRQ,강경자님,4479098801,support,1928,7,6,16,9668,3479,33086,59,40,21311,10046,34,0,0,164,10,32,1,0.5476190476190477,0.21428571428571427
SgpJt-1b3iw_ci8uLGsw-uBoomDO8tWNGrnGhSyCxvqCX2M,늦으면 노으시,4479098801,support,1928,3,7,18,9463,8381,35919,76,36,24480,8788,36,0,0,95,6,24,11,0.75,0.16666666666666666
xQbqlunIJr_RLwiCYfehv1OEKBTdbSGTvz2HzN7aM_yx,Fist monk,4537775947,support,1437,3,8,4,7583,88,4290,23,13,11552,6555,37,0,0,125,1,12,2,0.5384615384615384,0.25806451612903225
ljlYZAzSfCt1JGqTFtpRJLJm0IR7f2bufSq_HXIYc64s-tk,바이 잘함,4534241794,support,1862,3,8,10,10762,12595,6013,40,17,9852,7449,3,0,0,67,4,20,0,0.6190476190476191,0.21621621621621623
b4jfX_UcYmsB-BCByYWZhIHUul-4ozRDyi2Bjk02QnSt,와꾸대장촤승민,4534241794,support,1862,3,6,25,11041,4724,14799,54,40,20968,9341,24,0,0,130,5,23,2,0.7567567567567568,0.2857142857142857
3NN12k6_1Y3fr0Pg5Bz_ONHu3whLhigDDUUNyPtAXU0,꼬노키오,4540783451,support,2149,3,6,16,12320,5033,18397,53,18,20033,10209,30,0,0,206,7,26,1,0.6551724137931034,0.1935483870967742
9wXZQ79pBop8cUhLoiIBPSgIGYdEhomZnFMqjRXBuzyEuDf61-uxMV6g,Etoile Rose,4540266456,support,2819,2,3,34,14785,37622,8836,106,14,10230,11506,21,4,0,53,8,63,5,0.72,0.0967741935483871
ENgzrt4KSnaP2-9UmDSJsZlwgTxFuHXcI1AIHZsHxPynMJM,홍서이,4540266456,support,2819,0,12,15,8153,4372,26645,95,42,23388,11554,58,0,0,417,11,47,5,0.4838709677419355,0.24
3Vadk6bskSDsjU2p8j5FDP5FRwKewGo5w28hDflyJtA,절대 욕하면안돼,4540085757,support,2237,0,3,15,7745,16167,6274,41,47,8337,7836,7,0,0,84,5,21,7,0.75,0.11538461538461539
HfAMh3w41OdPBgquGDVj5UgFjmKqEBGbWcfoFAmxXiCQaso,옥경만,4540085757,support,2237,2,2,20,4544,7002,19211,86,27,21429,9219,38,0,0,251,8,37,12,0.8461538461538461,0.1
DA529QcNX8G2YecezbtPfXeQGG8_rMHY8CofTAI60-c_QvI,Future Life,4502720720,support,1658,4,6,6,17310,7650,12805,65,32,25121,8789,19,0,0,146,7,23,7,0.38461538461538464,0.17647058823529413
QaEx3-n05aDgphzy4PbT7wNfL5HnEVPHyv7zYiGN2RaPJt0,백곰중대,4502720720,support,1658,1,3,19,10076,12097,3784,30,17,7152,7506,4,0,0,49,9,20,1,0.5882352941176471,0.11538461538461539
Ftm5DHpb_pfLcQ2piC8BDdHvf4aUp0CYDC_MBN8pgfOl,강태산,4527724849,support,1266,2,1,6,5276,2501,1774,39,11,4490,5746,41,0,0,85,7,15,9,0.6666666666666666,0.05
ILJu5uipDyKMI-wr3OBNq60FRB0O7p9GSxuZnUomh6-Z,솜사탕장인흰둥이,4527724849,support,1266,0,1,10,3580,5806,2350,28,13,5011,5251,28,0,0,65,5,17,3,0.5,0.08333333333333333
IB-BxlxStZNEjS5UtizYBmrpjs95TDKq_noLqR4p3q1i,Ysoldine,4310943979,support,1926,3,8,24,11584,6065,20724,75,36,24835,9829,22,0,0,204,11,37,10,0.6,0.32
yJx3QbCE6RH3QuUtXMrQcv8E-MGYuTeRQBFlv4R7F3dRIF2tq0qahmc6,Arthur Morgann,4301138268,support,1945,5,7,13,9539,1278,36534,61,63,20824,9384,35,0,0,310,13,33,7,0.5294117647058824,0.19444444444444445
bHXrFpjp4RnKvyhjEq2TI9Ell1LkSznOq2Y7Hm6E1XEI,건들지마진짜던져,4301138268,support,1945,3,9,22,9336,4037,15247,75,35,21683,9065,36,0,0,178,7,29,9,0.6944444444444444,0.2647058823529412
zq3keRTusl8gYvqjQwEd2gVGBtMjyq_-_6S3062VskK4,송헐크,4529097771,support,1622,2,4,19,11062,1166,7013,62,25,12060,8948,25,0,0,157,5,22,7,0.525,0.19047619047619047
vI4PN6Luk90rUCBsvZy2Dm1mT2R_sr_i509qQPOa3wlWDAg,카이튼칼바트스,4539959089,support,1492,2,7,5,11849,27,3461,23,22,9101,5986,21,0,0,164,3,15,1,0.7777777777777778,0.23333333333333334
kXvvLLCKtDVyk5VVB3L2tmMcOb9CRkFvXi3xIbztAg6ijfil4CaI2sUN,상어는 크앙,4539965845,support,1597,1,2,12,6452,213,2492,25,20,4202,7001,22,0,0,142,2,17,2,0.38235294117647056,0.1
cA00ZAqDTyHmcKxd5fsH0BuLo8yoNXEx_10nDnn4WqFK8xwKn0Ai4atq,Always Support U,4539965845,support,1597,3,5,7,7831,1472,8532,44,12,11471,8206,41,0,0,179,4,20,9,0.5,0.14705882352941177
8xWMJrUOE2MHANNHVbFlS8Ct78iwgId0FnjEyaGMQHs8o5M,미들잉글리쉬스쿨,4526640171,support,1883,1,2,13,5726,8412,24515,66,14,22996,8366,33,0,0,94,4,35,6,0.4,0.08695652173913043
6hvgqlWamLJKdBR9PLZ1FqCy26EVhuBBwd97k7vj8K3T0Nw,몰래싸기,4540089448,support,1747,0,3,5,8647,1061,3625,65,3,10011,7136,37,8,0,15,5,25,6,0.18518518518518517,0.1875
sT4X0EMwzoShw2ulhrS0DSWpfMThesX5wKMteWgkDPqDH00,눈사람snowman,4540089448,support,1747,0,3,5,3717,2215,16694,40,15,15521,5591,26,0,0,91,2,21,4,0.3125,0.1111111111111111
GTjflO3mhpu0ajn_PvfZaym-WhmFVpWPUo6iwedAfwCHXmT2MaVQjaxW,MIDMIDMIDMID00,4490538558,support,1327,1,5,27,10687,8174,12962,22,37,17760,8320,24,1,1,120,6,12,1,0.6222222222222222,0.2777777777777778
gqT1tfEVd9Q-0EXoWwQXgIIDkOGzwKwfa0xbYGopV6Xf,폭군아K,4490538558,support,1327,0,9,11,5659,4330,6545,35,3,13334,5028,9,0,0,9,4,19,2,0.6111111111111112,0.2
39uJf-iJFN15Wlk_hVzBNBy8m6NABVHwIx0Fw8hlDmD-FJA,정글이랑연애중,4469962301,support,1964,1,10,17,8154,2792,33090,63,35,24178,7841,46,0,0,134,3,28,8,0.5625,0.24390243902439024
p4kOVtXGQGocc8mTn5PbdUbpcYNOasEoxJ923pxPOCK3,애프터 시거렛,4469962301,support,1964,1,7,11,8082,1284,14697,103,22,21436,8711,41,22,0,99,5,50,16,0.2926829268292683,0.21875
NB5SaTQW6xZFpHzVl3KiWL84igUh-7bJYgN2VDvx-cVK,서포터라 서럽네,4486502305,support,2096,0,3,18,12974,13319,21971,109,31,26040,8100,41,0,0,316,15,62,10,0.782608695652174,0.125
hBl9t9VUfGFQNL1_KYeM1b5AwUdD5nKS6_c0arIOgRX4,난 니가싫어,4537842549,support,1377,0,6,9,3346,710,10416,24,32,9779,5228,30,0,0,146,2,9,3,0.3103448275862069,0.2608695652173913
ThUkVD9m96uXiDJCCeSVEsKKUMWRj9QB4uoCX5EgOJp9,해운대쓰 나미,4535102035,support,1952,2,4,20,10345,4815,27967,76,65,21129,8711,41,0,0,134,11,36,10,0.7096774193548387,0.09523809523809523
201mo8gb6bgilRkiyAFwPRsntB4eMOaiCBCH7h35yLqD4Lo,미확인훈남,4535948728,support,1975,10,6,14,20879,3040,15124,70,38,24088,12452,40,6,0,89,5,34,9,0.5581395348837209,0.17142857142857143
jn9P0Lq5ma8lC6Ush7o7AQAv5O5Ebde4y5yeQIlcFtsUedurDC3HEFQQ,게임이너무쉽다이,4535948728,support,1975,1,9,14,11291,6825,12887,62,27,21943,8044,14,5,0,91,6,33,5,0.42857142857142855,0.20930232558139536
bo6HMMxbWac9dye24l9Eho29u_3ctn94C1viHXuzGCBo,Maintargeting,4419420247,support,1743,7,6,20,23391,7450,11207,56,58,19294,9920,20,0,0,297,5,25,7,0.7941176470588235,0.16216216216216217
jDVCnId9MmxU8WFjlLe7uiEqo5YNgyCe97OnfWcXjGCsljw,정지의요정,4540086189,support,1927,6,5,20,18444,9884,12415,92,35,23708,10388,51,0,0,237,14,53,12,0.5909090909090909,0.22727272727272727
jWTgQMGfiVIt5k2yRjyJZtkGRyauWQD5PAwgEL9vGLLLZv4,THIS IS BIN,4540086189,support,1927,1,7,16,10031,7331,9335,56,27,12970,7346,17,0,0,146,17,38,15,0.7727272727272727,0.1590909090909091
uzpEyk-yOaZKvpt_K1j3lXBfQDPsezUplJ521uI_17YkjSw,리시빡세게해줘,4540513612,support,1958,4,5,9,11403,7139,7116,54,21,9065,7782,5,0,0,46,12,31,5,0.6190476190476191,0.14705882352941177
-Dy4RMEQNn5HYbwacYGrWWP1gTa9q15B49aWmbGOKBmMEIsW_LFVJRbX,배달장인 김정민,4540791253,support,2218,0,8,15,7802,5115,25788,77,46,24561,7778,43,0,0,157,11,36,16,0.5769230769230769,0.25806451612903225
bpN84wFHh7RdAhuENXlKPmWzQ4TpmI6HSb4iIJg-biF_,축구왕하날두,4540000890,support,1251,3,5,3,4319,760,14397,16,23,14238,5365,19,0,0,39,3,7,3,0.6,0.19230769230769232
eqdVrNO_xU8fD0jo1SMo2ugEtoy1fansK9xBhDvPdhvr,희야 아주 칭찬해,4540816538,support,1676,3,9,13,7003,1453,9718,49,33,16819,7620,14,0,0,161,5,26,8,0.7619047619047619,0.2571428571428571
P02uTaajumCF62x8YmDXiWtLgCG83mozQGNK-8EgDuC4,산타는있단다,4540816538,support,1676,2,5,19,7080,14488,5993,40,16,8321,8520,6,0,0,38,10,20,0,0.6,0.23809523809523808
0f8sYNxyEOS_inhwCY3gh_sDtX4qt7wTJQtRhZrwvIX7,대가리 컷,4540154121,support,1984,3,5,11,13421,576,9190,44,40,13526,9601,45,8,8,239,9,24,7,0.5384615384615384,0.2777777777777778
3__bcqI4RoSt84DDzgrJ9mARTzhcgHm0pU05OP4dyfzcd4LiviblL5jW,Ordre,4540154121,support,1984,0,5,11,5365,8029,7893,70,25,14902,7931,16,5,0,73,11,31,12,0.6111111111111112,0.19230769230769232
sEP3KRe5dUgliMNb8tauD80HSjqI7uKqu6xAJS_dwvwrz4Q,PPXBA,4540573170,support,2140,2,6,17,21032,13699,10362,87,57,20390,9785,41,9,0,87,5,30,16,0.4634146341463415,0.18181818181818182
w00Mgaz8PWVLddwL9_XWPx0-BCO88DLUa6rfQ37u0cr9,나미정점,4540573170,support,2140,4,8,16,13113,4568,30384,69,47,23284,9496,28,0,0,130,6,39,4,0.625,0.1951219512195122
t3ZBnCv4aj79dhU10TNoRKXY1HkQuK4xN1Jii1LcfIhw,Cerebrum,4540811022,support,1811,2,5,17,9714,10920,7412,45,42,19008,9323,36,4,0,143,5,20,7,0.4318181818181818,0.22727272727272727
TwKBC2tP-Pce7NDxTf1Qhon23HcD8mYrS1zrwzZUexywNPw,바드캐리바드세영,4455957555,support,2767,8,12,24,18771,12057,54777,90,55,44597,14808,58,1,0,765,4,47,7,0.5714285714285714,0.1791044776119403
8bYEjf63yJERLUunqWjVVBtsze8oi9xGJem5UYUeInujtUnlQygx4vaI,BON III,4455957555,support,2767,11,8,30,24630,14685,95170,84,73,49356,16541,72,1,0,368,3,36,17,0.6119402985074627,0.14285714285714285
XuGcAfCNUO2ivZC0zPIZdw0bP-rK3N1AgDZU480Bta-6,01기,4520047041,support,2052,2,7,12,10178,967,21476,76,44,20535,8262,35,0,0,138,12,35,8,0.6086956521739131,0.21875
ANnFtshMzdcIexWEhoD6SbYAeiJ-iLpDYeJ3yUFxIoIx,맵좀 보면 안되냐,4539101286,support,1640,3,8,4,14277,721,7374,51,21,17792,7320,47,0,0,122,4,22,5,0.4375,0.22857142857142856
0FWYt1IDUbqxpO_3h5aVWbFgNtKk7MFzb0JPyX0NwAtm,인새앵,4539101286,support,1640,1,3,16,7054,12632,4141,35,11,5254,7259,4,0,0,29,5,19,2,0.5,0.1875
