account_id,summoner_name,match_id,position,playtime,kills,deaths,assists,totalDamageDealtToChampions,totalHeal,damageSelfMitigated,visionScore,timeCCingOthers,totalDamageTaken,goldEarned,totalMinionsKilled,neutralMinionsKilled,neutralMinionsKilledEnemyJungle,totalTimeCrowdControlDealt,visionWardsBoughtInGame,wardsPlaced,wardsKilled,killsRatio,deathsRatio
Yxy1fkdg2TncBnlVW6rLIY9fSjBXvJ0cW813ztOYGfqgmy4,최성딘,4539652353,carry,2400,5,7,6,15966,3640,10890,34,18,20815,15030,236,48,0,118,3,12,8,0.5238095238095238,0.1794871794871795
cOi1HnGEVKFA0W007AYSMG9zTkmq2BqlRRJBQimeVGZrqMA,리바텔포이즈리얼,4540487602,carry,1680,10,4,6,19842,3440,6193,15,18,14808,14132,231,21,4,208,0,7,1,0.43243243243243246,0.18181818181818182
5UfWUtu5tb7XZPA19p6JosGCSgN6Y1kx-BflT9RxYkIV,All mute to D1,4534421422,carry,1438,3,5,9,9473,863,4129,36,34,10193,7831,112,0,0,384,5,13,7,0.48,0.25
PAh1S3x8GT1NWFsZa6xSFLmkrl-DFNcC5AqIlR7VFIuBWoQ,조멍뭉,4533125383,carry,1658,2,6,4,13503,1257,4957,24,6,13129,8472,170,4,0,109,1,9,2,0.3333333333333333,0.18181818181818182
mhL36e5IhjmUpqbCb8Uiezmg-a3sW_wPS9mghGQIwJ6o,ABSoo,4533125383,carry,1658,7,2,16,24054,5354,14999,30,10,16797,12405,157,10,4,234,2,10,5,0.696969696969697,0.1111111111111111
qxPUMY9iv-6d3GlJy9kTB59yntAwXzFaB2OFxpkRK8hi,팔로유,4540087419,carry,1347,3,5,3,9356,1871,4915,10,11,13127,9102,183,1,0,46,1,7,1,0.46153846153846156,0.1388888888888889
HXroYNHAIU0hEpsNB8eS_3GI6KYbPW4Hu4YfMJ81QB6Iryw,수수깡의 만찬,4540087419,carry,1347,6,2,9,14552,718,3205,15,10,6867,9354,153,4,0,376,1,7,1,0.4166666666666667,0.15384615384615385
6aSYlLUqDrCq_O7k0f_AXMwTBloYPRY_TZM_eBva0xYWCq0,tuandui chayi,4521070593,carry,1221,2,4,4,10744,1064,4455,14,0,10160,8057,157,6,2,38,0,5,5,0.2727272727272727,0.2857142857142857
mpsm4rbtzm_Pmd3TeC8RuEubwCQ1gsx5UGOm0h8KuceC,진솔에,4532949732,carry,1330,7,2,6,14720,1583,4593,10,4,11180,11109,161,32,4,41,1,4,3,0.7222222222222222,0.2857142857142857
OX36axv85NajB5vk7lAZShxVpek0cgWwuE_fBAMtcmrTJJw,Jackey1ove,4532949732,carry,1330,0,5,2,3887,684,4399,8,14,10572,5625,108,0,0,422,0,3,1,0.2857142857142857,0.2777777777777778
IO_htO8LE7P5-1QG2oCykvnPp5RbTcXTwD8tayPk0AG1,evada,4525917747,carry,1865,3,2,12,17017,2204,5501,36,42,11966,12968,226,28,4,771,5,12,8,0.5357142857142857,0.15384615384615385
xaiqWSbvuMYYZjYhS45UHjW1P05cE0xSkhwct3ca7vd5WdD8IOye8EBn,연애 안함,4522066279,carry,1626,2,5,3,11487,1592,6196,12,0,15027,8314,150,0,0,0,1,7,2,0.3125,0.1388888888888889
hCsKxcYcNKsus-xAwE3OZoCnx0X3DTCFNM2xX8dscsT65SY,귀욤뽀짝 희숭,4522066279,carry,1626,7,4,11,23109,7311,11406,16,24,24498,13914,192,39,15,264,4,11,1,0.5,0.23529411764705882
EZfv_s9Tui3W78XtKjOCSmnVluNLptKXtgIOk66NEA3c,만보야간식먹자,4540236536,carry,1683,4,6,3,15199,4910,6764,22,40,16873,10311,201,8,0,548,4,9,3,0.5833333333333334,0.18181818181818182
NLzOXjFy8xBOdQuj1LCa1HmcS5GaWkIp4wJ6gT91AI2J,평가팀,4540236536,carry,1683,15,3,5,23279,2219,11675,18,13,12893,15885,251,15,7,111,1,6,6,0.6060606060606061,0.25
Yf6dJysWXWHOHNjWCc9GH6voqrIyciMizvQYgKTPnDmU,너 진짜 맞는다,4540771894,carry,1986,15,2,11,40495,4982,16698,40,12,13618,16108,205,24,4,293,1,12,3,0.6341463414634146,0.08
IvGBHMVG-XDgn6w4C4eDdz-dN7IC5dubqlrSTDoLtAZnMiI,성거같에쌀민아,4539284851,carry,1326,5,2,3,12217,2664,5726,13,5,12534,8982,148,4,0,272,4,7,2,0.42105263157894735,0.2
LMydlVLeR1oJcH6YzoERPIwOK1iaWCE7r2A0DJjo5rL7hFI,IllllIlIllllIIl,4539284851,carry,1326,0,6,3,8913,1294,5271,19,11,10780,7375,148,8,0,28,3,10,3,0.3,0.3157894736842105
Cv_qzHBE3k4BHXEF5eOAoaguleooM-dFncbT1jLSaqaaPyU,핵딴딴,4509581615,carry,1216,4,2,6,14173,1255,3732,13,2,7426,9340,140,12,0,98,1,7,0,0.35714285714285715,0.18181818181818182
tgvv5NSeAYloMWRX099KlW3xpv7cFe_u54Y1HdTJp6oh,백업중,4535331398,carry,2010,8,7,12,25261,3107,13379,23,2,23432,15094,209,48,8,58,0,5,4,0.5714285714285714,0.19444444444444445
Os-luBSmi91YYgKMh5CUKmqPYujvTt8T62p_1Vdlq50ohXY,심pig,4535331398,carry,2010,9,7,7,24732,1530,15082,22,10,25472,16271,259,22,0,143,1,11,4,0.4444444444444444,0.2
TSSlSZCiBFgWatmLutBvgaVYhto-uxpKS0IAXcSPp8zh8nANr_lwU-0e,채팅치면급발진함,4498595734,carry,1604,2,7,8,10633,2154,21283,10,31,20113,8152,120,3,0,496,1,7,1,0.35714285714285715,0.3333333333333333
KHY8evNmoPmn5L5Qk6HmlYOZ3CDcQ2YdASqIDbvII8NUKMbDtKVAwWG6,원딜장인박상욱,4498595734,carry,1604,2,3,11,25873,3430,8296,7,3,17258,10767,178,4,0,22,1,4,2,0.6190476190476191,0.10714285714285714
I2h8toiYBLjuZOyZgCW9Ef7YA4jn0ThLMlABqvkJ8EmZ,skadmlgus,4516123788,carry,2076,1,10,12,11948,2752,10502,16,14,23308,11459,214,4,0,50,4,9,2,0.5416666666666666,0.20833333333333334
VXVi9xsn6coBehRUibg0_ipbarIXV_dGybX3ap9e2tHp,한남서태훈,4516680344,carry,1575,9,3,5,19379,2085,10939,16,9,14115,12468,160,29,17,77,1,9,1,0.3783783783783784,0.21428571428571427
gnTDijlX3koVRZbs4gYKhJjGVjjgKcIiacj7zFQ4NvWQ,까만검정,4536830885,carry,2305,5,3,9,29643,5787,15900,31,6,15837,15922,268,21,1,401,2,15,6,0.56,0.15789473684210525
vLYMP96Mw7kMPNeXfutLNtMW5gLhvG6w9cyMSWu19LWsf4E,재댕이빵모,4532010230,carry,1861,7,11,7,29630,2797,10055,10,20,21798,11602,158,0,0,407,3,7,0,0.5833333333333334,0.28205128205128205
CD8L0laq-tMIEJ60Y3ZGBJgxSry3THX2pxio9_VAMLAAuV4,히잉 너무해,4532010230,carry,1861,7,5,16,29358,2299,10412,16,12,20329,13683,190,16,0,249,0,6,2,0.5897435897435898,0.20833333333333334
gnF6_iPyyKKugnR9-vVshXofbbn0E1gFJZ7m0qv7KfkSMY42uN8j0ePi,9vs1맞냐,4442720309,carry,1742,2,6,2,13088,2463,16365,24,4,20062,10281,220,4,0,232,2,3,8,0.3333333333333333,0.25
zjl3Aq4Yk37xSoUfwCbQxV_E5plqkcSY1b_VVHyawwuM_6COMjLlTEbf,정진동입니다,4442720309,carry,1742,13,4,2,37032,1028,11307,21,11,23018,14964,237,24,8,190,1,8,6,0.625,0.3333333333333333
OyvNmCT9lWmPb7ilpO8ld0Ehpgqa9HSRmiC20MdT6km7,애쉬장애,4514604621,carry,1617,19,6,5,35852,2846,10585,13,48,19881,17430,171,26,6,877,0,7,2,0.8888888888888888,0.21428571428571427
VObjCTn_7Ei1BECcJdFxQK1TWa7AzSGM9sUdYq_aFlgl,동네아파,4514604621,carry,1617,5,6,4,18601,96,11985,27,6,17621,9744,164,14,8,196,1,10,4,0.32142857142857145,0.2222222222222222
_LghQdmRAEBR_Za90vUOjx4cJCixrEbp580e86VGOKhj,밤편지,4540611573,carry,1733,13,1,9,23346,2099,5030,33,12,9714,14239,211,8,0,67,2,11,4,0.6875,0.08333333333333333
Rd1-5b3guEPXEEF2sAoTJSpDOeLkYVa-op0Q40qb894W87Y,아이언가는사람,4540611573,carry,1733,2,6,0,8989,2130,18462,15,19,16998,9948,191,40,0,233,0,8,1,0.16666666666666666,0.1875
4zneg41nVTwXJl96u0aCZENrc1uYbH-ypT-xpTwQjEdT,CHESARE,4524537903,carry,1255,2,4,6,6198,814,5177,14,30,8112,7120,106,12,4,491,2,7,3,0.3333333333333333,0.21052631578947367
sLp9CcBYKUn6k08KUbZK2dQu-AdznnBONm0Dpu-GvGiT,TnTsar Bomba,4524537903,carry,1255,7,4,5,11058,891,3098,18,1,9956,9185,139,0,0,12,6,9,2,0.631578947368421,0.16666666666666666
fVw_JVhk_YdFUZq28_DXfezSdbSRV7_KOfL3i3niH4qbrac,진수쀼,4540317084,carry,1851,9,4,3,20727,1733,8604,33,8,17409,14321,261,14,0,111,4,15,5,0.75,0.15384615384615385
NjJc7mdZAtm3ULELF8pI0U_Mkad5lF_zUPOL-eEsWD8HGvE,권소정잉,4510696382,carry,1613,8,4,11,22724,2697,12178,25,9,17251,11677,168,4,0,135,2,10,5,0.5277777777777778,0.2222222222222222
Y_0x2WWU1igbtY298SQJx79ktnUAUVzivbq8kxxGwsU,Richa,4510696382,carry,1613,2,7,6,15536,1608,8308,24,36,17215,8708,150,20,0,790,4,10,3,0.4444444444444444,0.19444444444444445
6jaciUr3-r1dQndKD2hS5sEp8ds1H1fokEpQmFvzOY7I,Nox 5,4508703189,carry,2267,11,6,11,37731,5550,23614,52,14,31883,18294,218,94,0,238,1,11,2,0.5238095238095238,0.17647058823529413
9e4ev71741rJ7sH9LQ8c91dxLzgnMT3ad6iW-mEW77tP,연승아이디,4508703189,carry,2267,7,12,5,36083,3793,17729,47,68,35104,16436,251,54,0,1013,2,13,8,0.35294117647058826,0.2857142857142857
CYyb65ILzFTLalOBcYHXeAJs5MZ9-w9YBTKZ-rEDmeeH,현쭈2,4527311285,carry,1465,4,4,6,15624,2017,5634,26,22,12640,10357,176,7,0,46,1,8,8,0.8333333333333334,0.16
zmNHgs0-1VkB4XwtSKTH18Le0zqyC8-bt6RtmK2422iXb-s,창 횬,4527311285,carry,1465,4,1,10,10222,2329,4042,13,0,9412,10064,177,12,8,20,1,2,5,0.56,0.08333333333333333
x-Xow_2QnT51HdGBpFxaGv3Q_Sik-sYGRhJV3MUqKJ4MMGU,너무 지쳐,4534020800,carry,1921,8,2,12,31160,5519,11977,38,3,19389,15202,262,32,4,125,2,11,6,0.8,0.1111111111111111
yoSROuqXwqNkefk3FEcf0O8gwh10FuoSB537AjyIwKPmlRwwz3Ei6DkA,태고해,4534020800,carry,1921,3,10,7,19309,2183,10831,16,7,20308,11200,183,12,0,44,3,11,3,0.5555555555555556,0.4
yxwsYl4_h2Q-N_gNonZLVikzzp0menlazHURw8hQPvoc,로얄튼,4515405111,carry,2123,5,6,19,27439,4538,16443,27,70,22472,13719,188,4,0,1020,1,4,5,0.6857142857142857,0.16666666666666666
Suv5v1CY5w9uc_NwtH6-mOqUWZsiLQ8be4qV6gvKGayc,야프리카,4397558051,carry,1769,7,5,6,24976,3550,15287,15,12,18152,12602,215,13,0,385,1,8,2,0.43333333333333335,0.20833333333333334
yhcAWpK2jR5jp_IY4-00aOgEpLhwr6HTx8lk-yWXTAtN,보고있나손,4397558051,carry,1769,3,6,11,26682,2749,15620,16,25,18066,11258,198,8,0,207,1,11,3,0.5833333333333334,0.2
4X6Mgx38xkBocdts7vYjA6k7h3x6B9KRypUa5aNlUiepOyk,자혜지,4220895228,carry,1802,2,2,7,10910,2317,9006,13,16,10582,10599,196,8,0,167,1,6,2,0.4090909090909091,0.18181818181818182
bmCr7EyMkkVLhNZAJtMb6ecjy1FQpiZxbAsIce0oG0gqXdTSnd5wL_JH,원딜왕자서승욱,4540381127,carry,1960,6,3,11,19300,2772,7845,30,19,16138,12137,199,12,0,102,0,9,3,0.6071428571428571,0.1875
qiJ6xzJ0Gm8vSEXncWRNgdqCSqxnw649G8tSHFLheis2,ji 쫄,4540381127,carry,1960,8,4,3,27718,4102,15601,15,10,19498,13707,209,8,0,296,5,11,4,0.6875,0.14285714285714285
cygVZODMxmuuENrNMipiiGAvUW378gmAU7UER8gNdmTJ,개기고자빠졌네,4539191607,carry,1354,5,7,1,12873,1798,4781,18,9,12995,7097,100,0,0,33,1,7,2,0.3333333333333333,0.2413793103448276
ZYNGy9BMMSPkhYoUy5LmNckc0XKxSnOYyRqL1p6u1zFm,니면상잣밥,4539191607,carry,1354,6,4,6,11181,1658,5198,6,10,11820,10029,145,4,4,72,0,5,0,0.41379310344827586,0.2222222222222222
_2ScZuEZJJ3DmgYKF_xfYzWhQDmxsDgwoNc1dRWganMC,아엠세쿠시,4540349937,carry,1751,3,7,1,16677,1672,11387,15,2,20516,10654,196,20,0,40,3,11,2,0.21052631578947367,0.21212121212121213
wMt-wMlOtUYl-iHqfHleAFV5MZy21MideAPVZhS3zN12,왑왑왑왑,4539987460,carry,1989,5,5,12,20021,4271,10493,29,4,18789,14062,218,32,12,94,3,14,3,0.3953488372093023,0.2777777777777778
YCBH41tzPwGCkpY5fUGicpFiyvlYmkUnsn3CCfc6acLJRdw,난 불꽃,4539987460,carry,1989,4,4,1,23190,3448,18392,30,10,23050,13947,274,24,0,451,2,9,11,0.2777777777777778,0.09302325581395349
pbL-aGFjU8N9xJioRk7tSvePK6eYMMx0ozlp5PJjpZwwmcBHwIb_DAEv,주형 Fan,4532158926,carry,1561,5,4,6,15441,2345,7199,15,1,16335,10463,183,4,0,9,2,7,3,0.7333333333333333,0.19047619047619047
a7nVXPSfG4cVLawH033R92Nu9h2Ha6HD9uN71P3A1vtE82mEkOfR1n8K,linnah,4532158926,carry,1561,7,4,8,23942,171,6808,19,0,15194,11817,179,24,8,12,1,8,5,0.7142857142857143,0.26666666666666666
UIZ3tlxXQFrfNT9fSLnsFbM6DuIdc6xs6PJLM-QTZ8Iz,어제는잘했어,4524379326,carry,1888,24,7,8,44245,3755,25330,22,11,42834,21095,187,30,10,92,0,8,2,0.5925925925925926,0.20588235294117646
-nEbDNo3jxAiNwPB6RbyTfn5--kECriOupN6WwYb_Uce,트페하고싶어,4524379326,carry,1888,11,11,6,27430,3201,13567,10,7,24111,13899,181,4,0,217,0,7,1,0.5,0.2037037037037037
T5pg6SOCZMP4xbvrQyyNZqK79e693-JlxR1iAZLT7JcH,우언딜,4431918215,carry,1768,9,8,3,25547,2981,11404,8,8,23810,13507,219,12,0,54,0,4,3,0.631578947368421,0.18604651162790697
jUJR84lKUoCEfW3ZEQMKMqdlUoC0GDVVV8y9vOLuPRuCWnDBz5-KtqA_,서폿 사용설명서,4539948528,carry,2094,18,7,17,30679,2225,16244,39,69,16233,15937,141,23,0,787,0,11,10,0.7446808510638298,0.17073170731707318
3h-Fs26K6H00_hwy_lBjpEUp-GUCrn9vMAu6s73dbmoc,오찡어임돠,4539948528,carry,2094,7,11,10,19714,3145,17888,42,42,22049,13602,186,16,8,95,3,14,7,0.4146341463414634,0.23404255319148937
5Mv_noVsJaRwJk493qTYUdK2kNy53Rtp8DriY8X73Mnau-I2p6FSqu3r,경비창,4510814200,carry,1698,15,2,7,31610,2371,7203,22,12,14555,16149,222,18,0,122,1,7,6,0.8148148148148148,0.11764705882352941
94NNzUH_iPWIkUnGO9BKOhUz7PPKPdwQRfLs7mH8xybc,여러분침착하세요,4510814200,carry,1698,2,2,3,13356,1433,6516,12,0,12526,9968,201,13,0,1,1,8,4,0.29411764705882354,0.07407407407407407
Ydyp0DXxFyLA2vrpXQiBkw1pM9GAnfrjo0xOczYek4OLQjw,Dr Draven,4523550976,carry,2442,6,1,9,20625,3660,20385,38,11,17107,16479,280,33,0,172,1,14,4,0.625,0.047619047619047616
iekUJztawBPLolGGmHP69zsmYqUdYTafVZCTNyzybUzNu4U,I 김 주 환 I,4523550976,carry,2442,4,4,9,20175,5314,10972,57,5,23904,15369,302,25,5,141,3,18,13,0.6190476190476191,0.16666666666666666
WqHTr6RO0VqtAFA1R68_1X1wzsUER03gIA__x2dL8i2v,롤플레이스발,4379201820,carry,2156,14,5,14,36971,3827,12260,34,14,17772,20382,246,85,1,102,0,8,5,0.7567567567567568,0.16129032258064516
wUa5jf-aysuYVIYPc1QVAPm9RLTCFLAMHQWUN3VS23KF,양파철,4537554099,carry,2074,8,7,15,21772,2323,11772,31,8,20770,13280,169,4,0,218,3,8,6,0.5348837209302325,0.19444444444444445
DRIrIbaXfl8KdMiS0KI-VYnD3sNTRVs2PduZJXxpJx7Yf00,CODE 제로투,4537554099,carry,2074,8,11,11,21716,6162,28252,20,35,25772,14076,193,37,13,174,0,12,2,0.5277777777777778,0.2558139534883721
culbZsVCB14tlLK1qZT5_ca3Zvvdoit77urji8csLTIn,솟아버렸다,4537794027,carry,1307,9,5,6,16134,2361,6514,16,12,12810,9861,132,4,4,111,0,6,5,0.40540540540540543,0.2777777777777778
quHNCLYSIF53qawu2-8ZyhdqtORDzuMu0IPbpmGdwhT5G_Q,신세하,4537794027,carry,1307,7,7,5,10946,610,5588,11,29,12523,9229,121,1,0,483,0,5,0,0.6666666666666666,0.1891891891891892
rkfDAsaKyklLVujVSHwXsuttyDM868WxZhUzVSv7_NolH2c,ansrapda,4537778587,carry,1770,11,8,11,32066,4261,11465,27,44,24532,16115,213,55,8,843,4,10,5,0.6285714285714286,0.27586206896551724
wZ3Bem0foIE4gu8mFGca-b8AX_QiuCtK0U9Yi935LPiIUrs,Reader Xl,4537778587,carry,1770,9,5,7,22610,2668,9176,20,13,19396,12228,139,26,0,222,0,8,8,0.5714285714285714,0.14285714285714285
PW0HA2b2KGb_zMBSJYYXyIi-cnvDq_ue8PdwV8hOPZb3,돌부처멘탈,4499716292,carry,1802,10,6,7,28044,3437,8214,36,27,19062,14967,192,42,7,251,3,13,1,0.4473684210526316,0.2
I-CeKxHoFhGtV2OjNxk4t5iZVwIiZ--0SwXKVPj9UQmfdRQ2u0Mb8CvA,Thank you 400G,4539635383,carry,2406,18,6,12,61082,7963,20707,25,42,33474,23868,301,36,4,237,3,9,7,0.7692307692307693,0.14634146341463414
kY0gdjTsCTk9SdhvG66HLSKGfZ9jvtklRjaIkWpRA3RJ,말랑말랑한고체,4539635383,carry,2406,9,10,14,29758,3860,29369,18,11,32208,13648,161,21,5,473,0,9,2,0.5609756097560976,0.2564102564102564
fln5PemDyMTuXHqiF61WsF1LYxk3fKB3nnKVd66bHeRp,낑깡새,4325749295,carry,2026,8,3,8,20599,4199,9464,37,14,21212,14542,234,28,4,137,2,12,10,0.5925925925925926,0.15
4Rnf_xHZi17HeMRDKjLeXEzZM2TFMScNuAAglkDLb2Y0IRc,추몽이,4325749295,carry,2026,4,6,4,16541,200,7858,24,7,15794,12397,215,31,0,228,2,11,3,0.4,0.2222222222222222
aMb0inKXjmkqXXQ8uEJQ1GwHM-Eg9CMmZs1wOjCULZcHjiM,Move quickly,4399610489,carry,2107,10,7,12,29752,5528,12007,34,40,21364,15351,180,23,0,147,3,14,6,0.7586206896551724,0.2
Ksv-RshxrxVxxxyMlL4XVkLoLfwczBLkCM4D1yT_19BC,DodoB,4325336530,carry,1974,8,8,7,24574,2453,11341,20,7,22743,13515,229,24,4,158,1,11,0,0.38461538461538464,0.19047619047619047
k9WSFv5L5bXMFG0S_Yw3X0QoJKN8pUptwzwAB8CqU5Og,리라벨 고등학교,4535735764,carry,1266,3,2,2,10197,1037,3830,8,15,9142,7357,136,4,0,40,0,2,3,0.5,0.11764705882352941
PqIwh8VTLAJB1frVuBLx3LXQWMBEe1WTNSAZUWgQjzwEmfY,JUKE77,4535735764,carry,1266,4,3,3,11981,182,3446,23,0,9881,7877,132,4,0,0,3,8,7,0.4375,0.3
MqEyFudXLDStIKi9w-BLK0A28f4YshtLzr31DW3Mdz8xGhKfWUvo_nmX,Gumsan P S H,4539110611,carry,1252,10,0,1,18768,930,6549,14,4,6413,11397,200,4,4,29,1,7,1,0.6875,0
n6IMzqryrlFpa4I7csnqrM1MBrcVZj_qnm13Llf8MQyF,lol후리하다잉,4539110611,carry,1252,1,3,2,10981,1943,5449,10,5,11545,7178,135,0,0,23,1,3,2,0.2727272727272727,0.17647058823529413
yLz69atVEXR6_nnjdBfY28XUl7hBWdcnEU8DgmgMWhIH,어그로레이션,4539310163,carry,1678,8,5,4,16405,5018,11850,12,0,16797,13069,189,15,0,0,0,7,2,0.5,0.3125
xsDqafpNATi23ivOcJ1_AVezkPuZ8g6pJ_b8_9J6lVufmWw,려 홍,4426111605,carry,1493,3,7,0,10178,1260,6543,8,4,14503,7695,131,4,0,17,0,7,0,0.3,0.2916666666666667
9iI1IGt-QxF-Qvi0fnGpqe4HENvq1qnGrRhohjaWeRqbZWY,벌레 진,4500287303,carry,1915,5,1,7,13710,2957,4249,30,24,12246,11627,205,3,0,251,4,14,5,0.631578947368421,0.030303030303030304
MKvu5mVltNa82ce18jCKVFbckycoSyMziRdrXZ_5G5xqh1U,조 엘,4500287303,carry,1915,5,5,8,19133,2181,7385,29,13,18344,15194,253,36,22,87,1,9,6,0.3939393939393939,0.2631578947368421
81RarhqpwctCm_uPvOBhukmi8PQxfHgQuV1YeBKl9Z6r,초보 딜러,4539154469,carry,1563,3,5,6,8624,2040,9204,9,15,17856,8246,144,9,0,148,0,6,0,0.5625,0.20833333333333334
bnsrUwcJCK9m4KktM4WdNJ4zN61YA3xj3vfQf8Ulk1k4ELw,Rip Seraphic,4539154469,carry,1563,5,5,10,24124,2577,5897,19,26,13663,11326,170,12,0,113,0,7,4,0.625,0.3125
qc2TM_oKz08eOyOgITsUoxPySSNXco7J4oQC-hwF-nJ0JfM,dkzmamx,4516705668,carry,1235,5,6,1,11831,3641,6859,7,6,15020,9120,142,8,4,13,0,5,0,0.3333333333333333,0.21428571428571427
6vWfoGFMSOY5CQLg81yZJfHBwtR-is5aQKmzlsVueF2z,WRRRR,4449344527,carry,1757,7,5,4,19314,974,10709,20,26,18975,11647,177,24,0,328,2,8,5,0.5789473684210527,0.18518518518518517
v-ZXn0wIhD-w0J2HakD23sMGWbBw0hSI3t9quMsC_Xdq,내세상이야,4449344527,carry,1757,6,4,7,14956,2103,10075,30,34,12302,11564,187,12,0,701,2,9,8,0.48148148148148145,0.21052631578947367
219IAtQO8ZLdY7oiJkody1HajQawlkNyRq9b3E0p5fEqLto,원성순,4532781819,carry,1839,11,5,8,21429,3632,13003,24,10,21988,13975,188,8,4,89,2,10,4,0.6551724137931034,0.22727272727272727
zKr6gtVuBQyjAssPt8dCHB9yv6VOg4KGagIxEHS80Hg,탑무호흡딜링,4532781819,carry,1839,4,7,11,28817,2226,13908,17,6,20119,11872,159,30,4,271,2,11,4,0.7142857142857143,0.23333333333333334
XwhAV1kUoVEui3g6Vb-58idygP6VdI4WlYuT0YcCgxEU30USC-GoQqpc,란왕지,4519864087,carry,1567,5,2,9,15025,1472,5430,26,40,10692,10947,199,8,0,748,1,9,5,0.5185185185185185,0.18181818181818182
X0j-9hIjHFCLcHHlltV25j2um3Tyy-Xi2aVxIDFQ5G6pWnw,T1 Teddy 테디,4519864087,carry,1567,0,5,2,7937,1350,5321,3,6,12877,6842,145,0,0,16,0,4,0,0.18181818181818182,0.18518518518518517
_boxbV9BgR6YWNYdkXh87kIcmyFvzk3JKDzYn_0U7s5ZPzI,잼현이,4502557885,carry,1340,4,7,2,7545,1424,5782,13,0,12492,7757,142,4,0,4,2,8,1,0.42857142857142855,0.20588235294117646
nB2YwbZI27EMsZZXtJiiZGrd9OudJrUJs2AW3xk9SkRL,어익후,4502557885,carry,1340,5,3,6,7055,1525,4056,17,17,10791,10087,143,22,6,420,1,8,1,0.3235294117647059,0.21428571428571427
K5rj2WbHOVf_yog9fq8w7hrIOVva2v10gAHi6inX9ttN,급식먹는중2야,4534968047,carry,1666,2,8,3,7704,2074,5048,14,13,15590,9556,158,12,0,36,1,7,5,0.17857142857142858,0.19047619047619047
SXrwDIJD5sWblNSD8g0B_JLIni7o0dcqtilDC3ME2qGm,뛰어다니는보너스,4534968047,carry,1666,6,7,8,11740,1786,7838,28,2,15921,10907,191,8,4,173,1,10,0,0.3333333333333333,0.2413793103448276
xf7JhN8vLz9ux9trZuAOoIKT1B7IT73r1cOEk8_YMfp2afk,짜임새,4540841102,carry,1321,5,3,3,8105,75,4278,23,1,8351,7694,115,4,0,53,3,10,1,0.5,0.10714285714285714
Y10Xe5QdcZjzKP_cQUiBY3zPM8JxFFhziR_AyVbhUgr0,MYX3N,4540841102,carry,1321,8,3,5,11989,2040,5333,7,11,11381,9226,120,12,0,251,0,7,0,0.4642857142857143,0.1875
IYuA82Alsa1MGmcH0amgvh3dMm-fniX7hA8bGVJP5eNG,나 눈 떴냐,4527584058,carry,2355,11,5,12,41687,11418,15540,36,41,31682,18380,229,44,16,277,2,16,4,0.5897435897435898,0.12195121951219512
on2hSkzcXLmiOtbGKBLiUSdUDin5yKTou5rMGvhHOTOp,인형이,4540733695,carry,2007,9,12,7,21721,4748,13636,22,0,24680,14262,197,4,0,0,0,11,3,0.5517241379310345,0.23076923076923078
6eWDYhL6EK_kgs1WgmJo99_q2q5HwWzDLenBiy0JjiDG,부산이민자,4540733695,carry,2007,7,3,27,28291,3140,8989,51,59,19358,14652,184,28,4,952,4,15,7,0.6538461538461539,0.10344827586206896
HIRp8R2UJfE9bYCvXGMiz6jJDlo0CRWy9kswc50y1yPw,um ah yeah,4532929572,carry,1270,15,0,4,35999,3055,8046,9,23,12798,11967,170,12,8,309,1,6,0,0.7037037037037037,0
FTqqXa7st13bJY89ySrFSh4rWA7HX2pxJGc714aQRQD1UXc,조 탱크,4525629794,carry,1958,7,4,11,30167,4038,7418,24,2,16856,14056,222,16,8,56,3,9,3,0.5,0.18181818181818182
tmlGXBVWtqrB5nhIjjWcomqmAW8gkVxP2duwYS2rJwEX,지방직,4525629794,carry,1958,4,8,7,14878,2754,14804,25,17,21871,11835,217,12,0,68,1,10,2,0.5,0.2222222222222222
z1zwWkFYJTyxkhdmpPJ2VVgNHYAA9tl-MtcOpfKbnGn8Ce8,꽃기태,4539221784,carry,1358,2,4,1,8965,1977,5728,14,16,10856,8459,171,4,0,30,3,7,4,0.375,0.13793103448275862
aDvBUbn3ro5xod7WUOiizaiz2cXuf6vHAAR4uKR3LFXNWrI,Xiao jia ling,4539003549,carry,1954,7,6,12,25850,4190,13885,19,17,22528,14689,225,28,0,159,1,8,3,0.6551724137931034,0.18181818181818182
sftpjnSdSvYnt763-dA_sRO5VJtPElSfLJQfCp7sl_LsgzE,카나가와,4538576445,carry,1689,10,5,5,20578,2743,17104,20,8,20317,13049,212,8,0,263,3,7,4,0.4411764705882353,0.29411764705882354
TUoW4T-HCPO5yDQ2e6HmftD6-Xu5FARFuwH-UQfuKZIW,2020년 8월 10일,4527076529,carry,2318,3,7,7,24697,2352,10476,16,7,21598,13481,246,24,0,102,1,11,2,0.4166666666666667,0.1794871794871795
73UcvzKw57hDcwz19b4s3eZ_j8pNESPtPrjwnVMkaroy,Tentacle Fetish,4527076529,carry,2318,16,5,10,32473,8743,20471,21,14,24398,19622,240,24,5,160,2,13,6,0.6666666666666666,0.20833333333333334
UIne5eKijLsJLzEA8JTmwzgdLAF1Pspnxz-WQbfMetdi,Heredity,4522492770,carry,1885,7,8,13,29476,2515,14174,18,8,23118,12479,155,26,0,173,0,8,5,0.6896551724137931,0.2
VeSteKAF5_rfJ3V0K0bGck9tQBw-MgH3Yiw26vigEuBKjApFcLr150yC,캬캬캬캬메롱,4522492770,carry,1885,6,9,14,21802,3505,17459,39,39,20290,13344,201,32,0,728,2,8,9,0.5,0.3
QjhTYs75le8-t129PKeVGkpIKiFqOORg2nARpGM-soY2Kkg,ParkChaeYoung,4537912045,carry,1666,10,4,7,14751,1351,6174,25,10,13675,12676,173,24,4,43,1,9,6,0.5151515151515151,0.14285714285714285
0Cu84GrYUzc7XGLyDPJS3hJqr_sDY1w7A4n4-wZ4XoMD,세젤예최가람,4537912045,carry,1666,11,6,5,28404,3433,12432,13,12,16891,12945,177,16,0,363,1,4,2,0.5714285714285714,0.18181818181818182
EuOJrH6FJWVUkXYqXwNLNXcWl9frmhgSXrgTMPp7tFKR,녀 누 ,4519792519,carry,1518,7,6,8,21249,1626,6524,14,18,16099,10356,160,5,1,69,2,7,2,0.7142857142857143,0.17142857142857143
vaGEFko3gcHSipMhsQeYMVlvGkjMnKw7benU-KSYBRoCtkA,맥도리아메롱시티,4519792519,carry,1518,1,8,7,7934,1499,6720,24,11,15214,8160,126,16,8,25,3,9,4,0.22857142857142856,0.38095238095238093
dKeg_xmIsdNgIuOVm2Lxiqu1eRhZozni0RlQCKTWLAPzyNd0JcRcepcK,갤럭시222,4539869046,carry,1241,3,2,6,6308,1240,3816,17,3,8482,8842,166,0,0,13,3,9,1,0.5,0.15384615384615385
cjFHU6uldXn81x0C6otQDpHUKhOHiHHaLUxPgubW3RWc,군산고무왕,4536258481,carry,1755,10,4,13,23797,3490,7524,25,28,15875,14356,216,12,0,113,2,12,5,0.696969696969697,0.2
seWuiymvkOOR53KiWbf2Kz3Si4QWQ7CHuJhcTNR_W9qH,딱 준,4536258481,carry,1755,8,5,4,25080,2273,8343,30,5,15673,12486,228,8,0,220,1,10,3,0.6,0.15151515151515152
0tJqEjg0hlfmr3LInHZr1L1lmPYsZlxlJ5Ms0L1uheDordY,명깨비,4539558848,carry,1659,7,5,5,12616,2290,7637,22,8,14557,12526,190,8,4,55,0,8,4,0.5714285714285714,0.1724137931034483
jjSU3J9E2Whyo48Xx5XMsfAcyWwVt6LDHbYWm---LvvLSwo,여현준,4466159552,carry,2344,25,9,9,53469,6689,17502,34,10,33085,23881,241,31,0,124,3,11,10,0.7083333333333334,0.23684210526315788
bpa2ntFkD0wLHc_m5nqb4eTsmT4sAvQGZjD1VszFqtQZ,독 종,4518341113,carry,1544,7,5,3,17030,2880,8433,19,31,16628,10954,198,6,0,694,2,9,2,0.5,0.13513513513513514
a8j1fUVYli-Qqb0t63f2qDYeuf_6V5Z4VB_eTR4V_2Uj,모닝사과,4539024076,carry,1561,6,5,7,12768,796,6868,24,5,11280,11793,188,8,0,7,3,11,3,0.3939393939393939,0.25
fhLOMrfOJmCCmamEzjZ93v8DHRAgRPnmtFBIydyoqsEEhEApx4KM6u9c,원빤찌 3번테이블,4508712727,carry,1361,15,4,4,19492,3349,4490,6,17,16634,12727,154,4,4,51,1,3,2,0.6333333333333333,0.4444444444444444
nZKOhqbKnTvLHebmKKU6o2alK2ISb7iUjTAPqSKhkhlb,착한말안하면던짐,4508712727,carry,1361,0,6,5,7998,1551,5325,11,17,13555,5977,114,0,0,120,0,6,2,0.625,0.1935483870967742
Sjb0NR9cb4bxCemNH4KO0htQytzXCcSzfLcfUvpg7uFA6Bk,검은나무 르블랑,4539419659,carry,1801,2,9,7,12754,4246,10990,24,1,24176,10754,194,8,0,8,5,15,5,0.36,0.225
FHoovKiDXmQE7NUzxRn9Kd2Xg-6lU9Az8oUSPvaqVTx2nB0,쌍두 살모사,4540218116,carry,1907,9,5,5,23591,4276,10953,42,12,23747,14620,237,24,4,131,3,12,6,0.875,0.2
wXb74P7wbwHRI7eDWnRnbaMFVt073Gnw0MzXLS6Rb-T1,werqfweqfg,4540218116,carry,1907,3,2,8,27191,3104,5763,22,19,10629,12687,251,0,0,784,2,12,1,0.44,0.125
ZOvExdVCc3ZER47t8fa2qVp0glNuLqWQ9J1ncargEKvObnI,가수 유재하,4540781238,carry,1394,8,6,3,19718,29,6157,22,6,15031,9734,144,4,0,106,6,13,2,0.3793103448275862,0.25
sv-9B_Yd3TvDNGshuPaVNGtF6bYsxZMvI7I3HG408OcvH6U4fmy_FlPQ,SSG911,4540781238,carry,1394,5,4,6,15253,3216,6492,20,12,15066,9371,153,0,0,74,1,8,5,0.4583333333333333,0.13793103448275862
S7w_trksgSWJjLaOdQqpvSMMCSllk5M3hAzqBpm2TAUE95U,통섭의 협곡,4532581135,carry,1507,9,10,7,22165,2744,8907,12,18,21925,9784,135,8,0,111,0,4,2,0.5714285714285714,0.2564102564102564
-RN3Is3ADrj3RngkWhn4ePYJEPIOMSCT6Kwtn2cI3Rl5iSg,여보 왜,4540076160,carry,1687,2,9,13,13506,1366,6718,45,44,15565,9761,171,3,0,666,6,15,6,0.5769230769230769,0.3103448275862069
e0ogTyIjWEcUrgmnmMcg3Rriv6666_xGfZi2bgaYqZul,1243,4540076160,carry,1687,5,8,15,13274,2657,8305,14,16,18205,11946,170,9,1,58,1,9,4,0.6896551724137931,0.3076923076923077
2WZAIk0XpxeG1e65P-eXKG_Y064Gz1iskIJl1IkXu4XIn7Y,아이디바꿀게없네,4540685205,carry,1626,3,3,6,17104,1481,9781,12,23,14696,10786,165,35,15,188,0,5,3,0.375,0.10714285714285714
Zo771z-4kZcuQFBsmYRMVXPgExm4q3jcA1XdE1APSSXC,아니맞는데,4512710531,carry,1865,4,8,12,12707,5210,9535,15,1,19049,11221,179,4,0,7,2,8,3,0.45714285714285713,0.36363636363636365
odo9OOMvxjVYWtP46iUfBo4-NP1Ol97B1HhpCrqf2o5vM3dmyyiq_9S8,킬값할게,4413099096,carry,1624,4,8,7,18671,1354,7158,18,1,19877,9589,151,4,0,31,2,10,0,0.4782608695652174,0.22857142857142856
noXBMQiI9uQtDI_Afjw8ub9EoQoWaaubRA6JJF7L9PLJ,Thom Browne II,4535553601,carry,1949,6,10,18,31187,3503,14726,34,59,24599,13792,183,6,0,817,3,13,5,0.6486486486486487,0.22727272727272727
FcwKri91L34lkC56RUI5HuhnH2Pc1WpbNHCLaQ_DA6r5jNp_14nUgtSV,아프리카TV원딜몬,4540266910,carry,1474,3,2,2,9323,900,6814,7,1,12780,9689,219,9,0,21,1,5,0,0.4166666666666667,0.07692307692307693
2tSQEF-EVdR8JX5N7ENxKir7ads5YFxUFAGhD6k1pBtT,토리토리민,4540266910,carry,1474,5,1,5,10757,2361,2657,23,16,6950,9915,175,8,0,94,2,10,3,0.38461538461538464,0.08333333333333333
KFEP8xLyOPDHO_PkOpnqAnt4_PGqYTIYUUf7z_MzbW-DtZo,성원의 감사,4533703791,carry,2035,3,9,7,22533,2409,9035,28,21,19473,11319,192,12,0,673,2,13,3,0.5882352941176471,0.28125
AwjnAF333MQLSjlHQkCHNwlAREo-gwfgp91LM4K4BLbp,LuBinas,4467589870,carry,1836,1,8,4,8833,2193,7297,27,12,17238,9001,157,14,0,42,3,9,4,0.20833333333333334,0.2222222222222222
-XY4YvK4B5q9dTLWaFHhcCofn8RlxaobdTTKaBHBstq3PzuYO3rihYo6,Manlala,4467589870,carry,1836,16,5,11,32486,5295,10627,34,26,19606,16266,216,21,3,224,2,8,7,0.75,0.20833333333333334
rOu-qL_8XgqGpXfGqSrc34fTBm8lVJAsnDHmHWzvPIrZ,너가 참자 창현아,4540810285,carry,1425,7,5,9,15915,1,4811,28,14,11534,10463,166,8,0,159,4,10,5,0.5925925925925926,0.3125
E32o1y0oMxP5L4s9FI99aDvlElE5TqLFZnYMZ5p-CNA6eB8,초심찾자영빈아,4540810285,carry,1425,2,4,6,6864,1945,6829,10,11,14427,8627,179,8,0,172,1,8,0,0.5,0.14814814814814814
x0C4MOlsUdlgptfkIwWFNG5wWJmuVONqzrwqxPU5d5z_SM4,리프 젤리삐1,4540139678,carry,2040,10,12,9,25972,4172,9961,22,5,25570,14809,211,12,0,65,3,10,3,0.59375,0.2857142857142857
bHZ4rf6-aXOV9NEhxrYYbPfKnxywGkKxQ0IEymXerLRYnHg,강력한평타싸개,4540139678,carry,2040,6,6,20,35365,4674,10704,32,60,18633,13414,173,24,4,970,1,8,5,0.6190476190476191,0.1875
a0TDqYljy6k7XJerHP_BX717WD9y2PVzRbnXXtlrkKCmeJ6_yqowyBke,대동쥐,4381101315,carry,1924,8,5,4,20114,3900,10563,12,3,17798,12953,213,8,0,218,0,6,1,0.32432432432432434,0.17857142857142858
FzGfTPn7f-jjyn04qVIEMhmnIIpNyDHFghMo-KpEjsCt,쑤호천사,4381101315,carry,1924,10,6,10,34030,1542,6509,35,36,18072,14041,211,6,0,277,0,8,12,0.7142857142857143,0.16216216216216217
stFU958-Itk6ftsrMA_emg17yHXuueTbSTJd8FRjUxrrvm4APGeOLDQv,타락한리쥐,4535254955,carry,1303,2,10,7,8413,906,6461,10,0,15363,5889,84,0,0,0,0,3,3,0.391304347826087,0.21739130434782608
2Nio9iIW1_sYeCxzEPugllbNsniMz4Ei2Ah9jRybPoGh,목화아파트,4538995352,carry,1613,3,9,3,13934,947,8225,14,20,19347,8468,149,8,0,91,0,6,3,0.375,0.21951219512195122
VV6ooDHYotjWnDIUqEOYksRZorlUywsf5_m5cS3D2Iqr,느그우깅,4538995352,carry,1613,7,2,11,24192,1542,7108,19,2,12155,11537,169,5,1,86,1,9,2,0.43902439024390244,0.125
EXuCyYigxK7pvzi5euj8xIWufinJB7p9Rn3HGn9CZ6G9,갑종풍압하중,4446284084,carry,1916,6,4,13,22781,3534,23216,41,45,21750,13356,172,36,12,771,1,8,1,0.40425531914893614,0.14814814814814814
3QYCiuQeHkFVzJbajQAOzEFP42ZZxD8IbOc7vGFPB7q9,주놔z,4446284084,carry,1916,4,10,6,18355,455,10772,11,33,25090,10614,170,0,0,302,2,6,2,0.38461538461538464,0.2127659574468085
0kax4xGk1H7CV9kUckrB5paEm1VOtLfwQd0nhW2kUgwU,선녀가 선넘어꾼,4522996803,carry,2258,12,3,12,41181,4400,13709,36,5,20386,18473,251,43,5,140,3,15,9,0.6486486486486487,0.11538461538461539
hWKyiGimOh-kDjzcMN7gsaubluAd6ht38dRzxX34rvjI,Like A Virgin,4540010400,carry,1575,11,4,6,18170,1543,7364,8,5,16126,13654,195,14,6,77,0,6,2,0.6071428571428571,0.23529411764705882
8TeViVJ_Bc-jf40J91bWAYCJMiENCO0GveQSPDEjzmN5,매직봉스틱,4540063710,carry,1724,3,2,10,14645,2520,8475,12,2,16343,10419,141,20,0,145,0,8,0,0.2765957446808511,0.125
TFYkIG_6gHlaganhBbYBztRrcRaNMRpIWP3LypiX42ZaMwE,회수완료,4540063710,carry,1724,2,12,5,14593,2057,8223,8,33,22677,9373,176,4,0,70,0,6,3,0.4375,0.2553191489361702
cKbKWu7R8r2U2KzCvb1UIWt9nzRzj08B0_MUg5Dwpeg,실버골드구간,4509240257,carry,1296,5,1,5,10469,2577,4025,9,1,8241,9061,164,4,0,39,1,8,1,0.5263157894736842,0.06666666666666667
oHDLOMyKUcUBr57U_URJss1KusDpG1UxxXYL4_NwUXKN,osam,4509240257,carry,1296,2,5,3,6028,1624,3741,9,8,11286,6520,118,0,0,30,0,4,4,0.3333333333333333,0.2631578947368421
smqoZrNnpj1H1xPhHjaqQfFAC5xNCY9zgz4P3vE9VGQ_,땅 불,4539725160,carry,1722,3,2,5,13379,7689,5241,18,41,12604,10174,195,12,0,181,3,8,2,0.5714285714285714,0.10526315789473684
msXg5yGLXW09zWbzWoZKaiyiXxVxf_rLt3ukkdGoorNUjRQ,6중 4먹,4539725160,carry,1722,4,3,3,13504,1347,5836,14,18,12054,10984,232,4,0,102,0,9,3,0.3684210526315789,0.21428571428571427
e0ZMioNaWLepND4F7cINDu2MHZcPOYGu5IKFnbDz77IE,비밀폴더준박구리,4535100814,carry,1287,2,4,1,7179,1810,4807,12,11,9490,7742,156,16,0,34,2,7,5,0.3333333333333333,0.21052631578947367
oJrW6Jx8ALq_acW27e6e8IkeYMBcjnIToYabjHY2amQbsQo,nc Day,4535100814,carry,1287,4,0,4,10943,642,2945,15,0,6927,9268,179,8,0,13,2,7,2,0.42105263157894735,0
ppCLsiTtDLsBuacQxDAXlOXHRXJeffX_U3aBYDFjq0NqQuU,욕잘하는유저,4525908879,carry,1494,2,2,5,7237,955,6210,18,3,6782,9382,168,4,0,32,0,7,3,0.2413793103448276,0.2
KH4gpoOaGS95dhQFAhel-R-gTPQluz4O9KX0-29_L0_K,Floret,4525908879,carry,1494,1,6,3,12275,1655,10365,8,2,19712,8293,195,4,0,33,0,4,1,0.4,0.20689655172413793
8QiPvYL8nB6ah_-Mk_WL7CGCYUnpBT2mqtnxWYeJyVJN,쌍니옌,4465713210,carry,1481,3,5,3,7811,1339,4954,13,9,14404,9304,185,4,0,21,1,7,0,0.3,0.16666666666666666
wynaSYVZtNt5T3121aUB8lrMXXpBfHEZTqOWshIEPij8,문빠따다,4408686956,carry,2427,8,12,9,30448,3667,21792,28,12,31443,16201,221,36,5,160,0,14,5,0.4722222222222222,0.2727272727272727
CGbLyPyL1ipjY5Ldg0CSu7PkyvQQQH8b11SMSt9veM4K,GoodKidMadCity,4540678982,carry,2782,10,11,13,39892,6853,27750,30,5,40827,20820,310,48,8,135,3,17,3,0.5111111111111111,0.2619047619047619
9LauVLdzeIlpUV3tp8Nj_b3QhcG3-xpiJWQ3vvnoFalk,Ak Uh,4540678982,carry,2782,9,13,16,31474,4097,15735,36,3,33885,18099,187,24,8,26,0,15,7,0.6097560975609756,0.2826086956521739
mwQAC5S88Y4xwoHJjOSkrt7sxhbIdznGjjE4oceBD1FzCa0,이영자이,4535535664,carry,2282,17,8,21,51833,12419,33803,48,10,41498,18436,221,26,0,133,1,11,8,0.6440677966101694,0.1951219512195122
nMGYvlHY-vIQDFOs1oVYQBckxnVnT-uiAHh1blRlSJw3tcY,돼지우리,4499421129,carry,1679,3,7,0,9903,1651,5728,22,36,15555,9255,183,8,0,674,0,6,2,0.3,0.2413793103448276
-dSYVHLVWu-eAzDmCV2mCnEgXDJe4YYc1OQ9rZ_17GyWVcg,EQ플,4499421129,carry,1679,8,1,6,18863,3773,17609,19,25,12608,14972,232,45,16,159,1,6,5,0.4827586206896552,0.1
KkBNmFV7VbBEpwQVHzlGzQ40z-zaKSClRqjj1u1sYi23,게임할시간에,4494695279,carry,1457,2,5,5,11717,2096,9041,13,8,11606,8255,150,4,0,190,2,7,2,0.5,0.1724137931034483
kKtRY8DTZ-0nUvivRrrs2IVmxW_4RhOyjQECxzPFdWhoILo,3급현역원딜러,4479814230,carry,1870,15,2,8,21240,4854,9516,12,1,16029,14888,173,12,0,23,2,10,2,0.6052631578947368,0.10526315789473684
UmFxN95gVh95aUhl4xeE9oDC4ZUw5Wi1T81ZGMyiImEcLyxBNgMuhlW_,강박결벽증걸린원딜왕자,4479814230,carry,1870,5,9,9,28129,1818,9751,19,1,20931,12722,211,17,0,9,3,6,6,0.7368421052631579,0.23076923076923078
sfHQKsx7-IlMJOlPBZA3g4QNsUZcAGsNJ5RGPC8rg8UH,왁구뎡,4540782865,carry,1553,8,3,9,19849,3087,4051,35,15,11525,12683,165,32,8,122,4,12,3,0.6538461538461539,0.15789473684210525
mncdrVk5vrLWuLKj0qeKafySBGoM-nhUmifDIFxvdpny,진희성,4540782865,carry,1553,2,6,6,9776,3765,13227,18,0,21467,9576,181,4,0,0,2,8,4,0.42105263157894735,0.23076923076923078
VJ9q4Q0z2qXMhM6HRWOnPnN1n3l4aRVSZuDtUsouf5D9,I0I 유정,4539023632,carry,1831,8,2,6,24734,3101,8628,39,23,16285,15504,253,20,4,116,1,9,3,0.56,0.08695652173913043
f4chwyIwz3A4fK966tpl37bMHVZFZg5nJwoACqm5lVKf4zF5chH6WJDc,룰렛 59개,4539023632,carry,1831,8,5,8,25777,1963,16125,16,12,21858,13170,211,16,0,252,0,6,4,0.6956521739130435,0.2
GISQXn5sAW_b_tUec_7ggUvDRR5oJTIdW5rmqDsD_7T59yw,뚠뚠이혁,4521274721,carry,2004,4,5,7,16083,3288,10652,18,1,20107,13514,238,22,4,24,0,9,2,0.275,0.17857142857142858
1FDPhak-JTr-jrf_z3btkoP9_OhrN6z8mA6uWg-3rWgU-EE,버터공학,4521274721,carry,2004,8,5,5,31566,4692,22676,24,9,25231,13581,217,8,0,267,1,12,3,0.4642857142857143,0.12195121951219512
ZKcGzSFXHfVUsmbAdWtCjv2IMS5_HPT2_DJN11KeMTr52av2vJXMbtMP,호옹구오빠,4540262409,carry,1686,24,1,8,39855,4619,10216,15,5,16048,18623,214,28,9,103,1,7,4,0.6530612244897959,0.05555555555555555
9Dzmxnr1OGu0uRCosUi1ozYnI2ntKT11_w15vbaJ3tAS,타잔 n3n,4540262409,carry,1686,5,12,5,14021,426,13852,11,15,20957,11134,201,4,0,98,2,7,2,0.5555555555555556,0.24489795918367346
tZ62SaJxdjvAgHpt-6ihlDnb7j7aLk55XUW9TXCLrkYLxebt40vH2yrb,승 쿤,4535497075,carry,1690,7,1,10,20033,2817,8079,24,9,12586,11735,189,4,0,88,2,9,5,0.53125,0.0625
qT4-CjcBw9Fb4oQ4Cb4fsmM3UGgwJ86F_uH2r99_jgrI,최고의카사노바,4515717704,carry,1378,2,4,5,11403,1714,5563,19,2,12030,7927,149,8,0,25,3,9,2,0.28,0.25
jfcXokLtICOqfuWZN1SdZ040e6njROp9MTdeoPWgV0TValo,유썬유썬유써닝,4515717704,carry,1378,4,6,4,11469,811,3018,10,0,12102,8416,143,0,0,0,0,5,0,0.5,0.24
mG0tVoB5sTQxMkrBR_-2YGLissW0kBjTCMuITIkh-Fmrki8hVfPh9tli,전지적 규태 시점,4490673680,carry,1593,8,2,9,26952,1953,11117,11,9,11266,12349,163,28,8,140,1,5,3,0.6538461538461539,0.125
xLMvHFnsKTyJbJFK1mX7_31swJGRHJrlfczfVVcCgwMNVfc,하 화,4490673680,carry,1593,3,8,2,15291,2480,9641,10,12,16197,8355,155,2,0,19,0,8,0,0.3125,0.3076923076923077
18lrqrB669gBdw1RqYk1gKPYs1pQQWP8T5juvDVqRaOMyiYk6NNVl7HZ,viveb,4536557656,carry,1527,6,3,5,18005,1929,7433,16,4,17273,11565,218,16,0,28,3,9,4,0.4583333333333333,0.1111111111111111
qfza_LjYXOU9qEH2korI7gzhBRxBotjZyQRDKywemb6i88g,개통령 강형욱,4536557656,carry,1527,0,7,4,15909,190,10397,20,7,13940,9941,211,12,0,187,2,9,4,0.14814814814814814,0.2916666666666667
cmmbCOwMDhNb0C1QCvo9uesB99j_dMxJMHwInimO2OZVgANky2Xc2Eps,bie mang cOng le,4530011683,carry,1947,5,9,9,16966,6040,11069,11,0,29225,12184,176,24,0,21,1,3,2,0.5384615384615384,0.23076923076923078
ACP6ByLAz_ZyDk4pMUJWIX_RXCqwQJHYO42mPv3aWkOS,히 쟁 쟁,4479098801,carry,1928,6,8,13,30548,3448,13827,31,9,21668,13581,198,30,0,269,1,12,3,0.4523809523809524,0.2857142857142857
RkayEFs4rqRZnYo1_j4sqadOqOBZsTV345g07lVK_Wdd,윳 항,4479098801,carry,1928,8,8,10,25520,6031,19282,31,23,24539,13872,231,12,0,285,2,8,6,0.6428571428571429,0.19047619047619047
BgeAEYVREpu-z_LSoeew0BYdWme8EOUnQ5vNvQN4HbcC,배가고프다,4537775947,carry,1437,4,7,3,13651,24,5785,13,0,16813,8236,124,0,0,5,3,8,1,0.5384615384615384,0.22580645161290322
vzQWi0t1GAi9S-_J6qRcaWTHtPIBicDZOh1QL-Q2R_uw,뿌리뿌리뿌링클,4534241794,carry,1862,4,12,7,17372,2523,14643,14,10,28848,10822,213,0,0,115,0,6,3,0.5238095238095238,0.32432432432432434
VFQr8JGZ1AWUxfJNWjSpf-g0ZqmBBklDCTb0YgXMRyp9CNt_N_XNFDtY,Gen G Ruler 팬,4534241794,carry,1862,10,6,15,22785,3145,15779,35,13,14197,15136,207,40,12,366,1,11,2,0.6756756756756757,0.2857142857142857
t94WrtmTZUmFZj0Cu-6TBD03jmlkx5NGkcGIwgBa9MApudUiQzldyTuC,김우래,4540783451,carry,2149,8,6,7,26569,4354,16822,11,10,20006,16563,247,17,12,353,0,8,2,0.5172413793103449,0.1935483870967742
DLo8GHdTc9ZJq5_Zn_K-JLHgOkD5eTjVvltmUzZtKGMFSuo,앞비전뒷flash,4540266456,carry,2819,13,9,16,44670,5192,23221,45,73,43002,22359,333,74,2,1559,0,12,8,0.58,0.2903225806451613
m3XQwa-fl1ttiOLFKyn6ST1oR9HXBOSxVj0NsYRpK5EX,내사랑아리,4540266456,carry,2819,11,7,1,33038,2122,35953,61,15,23477,22553,290,153,29,233,2,13,9,0.3870967741935484,0.14
G3eI9HDc77eGzkLWO1PJuBJNjMHFVyzlgnKGhvPKDfb8V_c,GLHFADC,4540085757,carry,2237,5,6,8,30925,6354,12237,29,43,28792,14439,276,8,0,169,6,18,5,0.65,0.23076923076923078
IpnnMOytJkpK1BWhGemj2Mm_09q5H0RoRonIJ-eWXRIU9b6tA3vwX1yA,순 딩,4540085757,carry,2237,7,4,14,39465,5134,14607,42,15,21359,15575,238,26,2,292,4,15,4,0.8076923076923077,0.2
Nswq0FyPkTWJJOupOM7A49aUORHHjK8hPRFgHlbLGRyBXlA,오빠야믿재,4502720720,carry,1658,1,6,10,12845,1103,6259,10,35,15755,9745,173,4,0,555,0,4,1,0.4230769230769231,0.17647058823529413
_ANu9rn_y7CBg2IeeiwNUW2tRXqV8oBtZH1x2avSv_p9ork,말왕원딜,4502720720,carry,1658,12,5,3,20670,3284,12304,5,12,25117,13082,152,20,4,157,0,3,0,0.4411764705882353,0.19230769230769232
9wrlQizCBo6cvdvW_822hIfIz5ShDT9OzPGSuondq6ymrNk,경주최가 최영진,4527724849,carry,1266,5,6,4,12516,1564,5218,11,3,12377,9630,148,4,0,45,1,6,1,0.75,0.3
1CQUsryJvxDxhl677jrpb_wXMAZd3TePruTTdVXn3p1pxXU,청순찌,4527724849,carry,1266,6,5,4,14337,309,8039,17,10,13724,8510,149,0,0,42,1,5,4,0.5,0.4166666666666667
diRPnmUHI0XUYJSOohauE0Gndvu1XrlCEHYKjgJrNCC2iZg,옵빠라구불러줘영,4310943979,carry,1926,7,4,17,26218,3351,10439,32,52,17729,13338,186,12,0,657,0,9,7,0.5333333333333333,0.16
k7ZobLZbUm6RQ4U87WDHgxEXyC9RNDzh-g0Viq5DMRkuzgE,성정동동네북,4301138268,carry,1945,7,7,12,29637,5639,12420,23,2,21310,13556,227,12,0,59,2,11,6,0.5588235294117647,0.19444444444444445
49mpVrw5bj6HZvnULL44nR8HUoScJBM_YRByEqtO5w2p,계정공유 jona함,4301138268,carry,1945,14,4,9,33721,4190,10780,27,11,21277,17750,235,31,7,96,3,9,5,0.6388888888888888,0.11764705882352941
ELHZu5LinQFaWvOPGe1J5rle55HsKUeaS8qxrDQX2nKOs1JSz3WqE_kA,Mvp KR,4529097771,carry,1622,7,2,6,9410,3476,12321,9,16,11910,12406,154,16,4,110,0,4,3,0.325,0.09523809523809523
L0m0JSFGTq3CuPn7SghlBHf93D6wyrO8u_ySp-AMErJEG03q10a8n0nS,빈지노 fan,4539959089,carry,1492,4,6,1,11333,1430,7408,10,13,11265,8215,132,5,0,103,1,5,4,0.5555555555555556,0.2
c6LByEEuBdHGQh1M-b3jEKmZZBz342ufwQVdFcAu68bb,코탄목걸이찬남자,4539965845,carry,1597,5,5,7,10593,2150,6372,26,25,14857,9817,121,9,4,532,3,12,2,0.35294117647058826,0.25
hCd8rBEw3yye86bD92BejLEob-0YLvcyNLXn9M2_2GG0,THE M 8,4539965845,carry,1597,5,7,3,11747,2687,6646,21,12,15219,10937,177,10,1,45,4,10,6,0.4,0.20588235294117646
X5qHVrOX7J_XikaKrm76G_mKf1dLHrVO0EnzjRXnZGYSH9E,Mortyd C137,4526640171,carry,1883,9,1,10,24146,2643,6880,41,9,14012,15507,206,12,0,143,3,12,15,0.5428571428571428,0.043478260869565216
snzkyZZucbVe-8EwTWBHz5TTiK1zjyNt2iRqXOZtbra4B33ErdVaSBhy,텔은왜든거냐,4540089448,carry,1747,3,2,8,9293,2026,2830,18,6,7930,11647,190,24,0,71,4,11,2,0.4074074074074074,0.125
Jbrf2BelxlVx2ZC9__k4hHYOp4i6VgEH364fU12smm5XFhIw_lbC0RMD,제            둥,4540089448,carry,1747,1,5,3,11715,1660,9660,15,3,14665,10169,225,12,0,158,0,8,0,0.25,0.18518518518518517
HkeGcrPfB3AHoCbK3m84jO-yEnNFbdi-sbYeyju3i-K5hss,성대 21학번,4490538558,carry,1327,24,3,6,33338,6478,21522,27,28,17286,16684,189,10,6,109,2,5,9,0.6666666666666666,0.16666666666666666
M1Jm0hJOuAlBtby-06__N9kRW-C0jYN7NaiMPIIKp8i1R2JMopnWZCL1,나는고구찌,4490538558,carry,1327,4,10,8,12311,2983,8865,9,0,19790,7064,97,0,0,0,0,6,2,0.6666666666666666,0.2222222222222222
560-NHo_byAHJ_Y5fNs0ByissPVsw_jE2UxDQFJBOI14,원딜은 양경엽,4469962301,carry,1964,8,7,9,19975,5267,12427,32,15,23807,13338,198,16,4,92,5,15,8,0.53125,0.17073170731707318
GKgrPthwbwof8UgD1WDRlAKVmy47h4Js4MEQ_ah4_FauttI,느그집어멍,4469962301,carry,1964,13,1,10,33022,6171,13356,21,13,12229,16535,209,21,0,276,0,10,2,0.5609756097560976,0.03125
ehgDihPfJpOwnOXvTURbMz-Dqyvvi0GGz7CeIcXjp7R6,송크스,4486502305,carry,2096,4,4,5,27356,3885,11479,52,25,18978,11638,225,6,0,318,5,17,7,0.391304347826087,0.16666666666666666
MhbtoFxlUWX5lYo6nvz7a68Ej-TijqtU3kJnhZPZWSe2,승아지,4537842549,carry,1377,2,4,10,16882,900,4133,11,2,9038,8321,143,0,0,42,0,7,1,0.41379310344827586,0.17391304347826086
gg25UALS4xWI1Sk4BO6oLBb6i8UJDFiTGew1f2tpe0SsSOw,매드랍,4535102035,carry,1952,12,8,13,39121,5727,18822,21,4,22767,15461,220,0,0,55,1,9,2,0.8064516129032258,0.19047619047619047
jguHQCYpDRfKzGiD4gA94PTwiNk_xNr-sdjozApXtHvvSdoTbyBaSpd_,예머더뻐커,4535948728,carry,1975,16,6,7,36609,3205,18590,30,6,24184,17927,226,38,18,129,2,9,6,0.5348837209302325,0.17142857142857143
IC4adE9C3Ky52C5qoXC_QoxEtRTEE7JI6O-ktwdn2oly,가든안가든던짐,4535948728,carry,1975,6,9,9,21433,2897,12751,11,6,20005,13281,207,0,0,292,5,7,4,0.42857142857142855,0.20930232558139536
XcUOW7geMO6bLvPV4__XVAMJtyFNVUgYt2_fdKQASF-t,남양쥬시,4419420247,carry,1743,13,8,11,25251,2273,10546,10,8,18893,13448,151,16,8,182,0,7,0,0.7058823529411765,0.21621621621621623
KqiFjCxFPJquEDy9DrpZ_AGfUOROr3A2RMZjZF-w6O6iTBfnqzgkkAYw,Nova1492,4540086189,carry,1927,9,6,17,25975,6385,9256,31,4,21235,15219,196,12,0,45,0,9,12,0.5909090909090909,0.2727272727272727
selAAsskv4kiRiX7qjBOqTYelZDVaPxpJK7Hxii8WkIsIE0,요리조리피한다,4540086189,carry,1927,4,9,9,18761,3411,11419,20,16,25025,11521,210,11,0,99,3,11,6,0.5909090909090909,0.20454545454545456
Yb_XP93j-hGL6BpKzP7Dx37OpVOdIRBd1KgxG0CqYaQ,v6oTzL,4540513612,carry,1958,1,7,10,16592,2173,11769,32,32,22328,10554,198,24,0,703,0,11,5,0.5238095238095238,0.20588235294117646
3xTgrFVb3nUXFFLANZScOpyC1yrT77Fi74FaTa_mzg6S,그대곁으로 순보,4540791253,carry,2218,5,4,5,18817,7583,10549,26,0,20488,13384,262,15,0,49,0,12,7,0.38461538461538464,0.12903225806451613
0OVNjgJ6qbUqss_0s9wdb3afMu0SlKm88Av3lwbAiVBC,백양터널,4540000890,carry,1251,2,3,3,6700,1599,3444,4,8,9223,7454,153,0,0,63,1,4,0,0.5,0.11538461538461539
vZmRdyaev_RDhAQf9xs_O1J5yHsOrukv_szYOND82Q2nrk8,나능공쥬얌힛,4540816538,carry,1676,10,6,6,20936,3380,10320,23,33,24107,13242,180,12,0,622,3,9,2,0.7619047619047619,0.17142857142857143
xTTmsftvuIoAMQ2cFbpi_F_RTdF21Is5Wpp7vLliEtsi0v8,유산국,4540816538,carry,1676,3,6,6,12355,3052,9739,23,16,18109,11723,201,32,8,176,1,6,5,0.2571428571428571,0.2857142857142857
rU_9yD4nK3FVOg4qdxPOEwktlerEqWEVelGcjxlDfQ4d,Sylvanian,4540154121,carry,1984,6,3,9,20141,6875,10258,33,21,19890,13901,202,36,16,37,1,10,9,0.5769230769230769,0.16666666666666666
zm_kUk0x0RcRKh4fabHw9KtBAoulMU9JtQ0fIvxRwzH-j2Jt2DSUvbA-,Hoya cornosa,4540154121,carry,1984,7,3,5,19495,3569,7485,35,2,15327,14095,256,4,0,18,2,15,4,0.6666666666666666,0.11538461538461539
xKD0eSBMO8XL-wu9xUXbonyLh4O92ZC04drg2ZvbxV2ROlgVyrSMtEZ1,씨렝발가,4540573170,carry,2140,5,6,13,17560,7188,24483,23,20,33823,13591,167,52,23,200,0,12,2,0.43902439024390244,0.18181818181818182
155bAHmBxis-21GA1K4v1-RJecKIBqJdZKX8yxtxmhgV,슬프게우는 뱁새,4540573170,carry,2140,3,5,18,28662,4164,12702,35,61,20793,11687,196,11,0,850,1,10,6,0.65625,0.12195121951219512
VNaAGenrUcRr_tKHrq9UpdZ8CVvk0c2dXpHvIj8n7fDc,밀정spy,4540811022,carry,1811,6,7,9,15468,2935,5948,14,8,17011,10778,134,4,4,28,2,5,2,0.3409090909090909,0.3181818181818182
4sMqlJT8lkwVqm5yE0dpV8KwmkBSqr2xTz9tdJ8d8_Hb,고댕쓰,4455957555,carry,2767,14,9,14,49375,12538,25796,40,26,42460,18832,200,24,0,196,5,23,2,0.5,0.13432835820895522
7Wfuojv-8aoJNR8aa-K_u_cYIXDvT8PoX7mPgtefkQfcv54,하루3시간만,4455957555,carry,2767,16,13,21,50314,7407,31593,40,71,39999,21039,251,34,9,1154,3,11,9,0.5522388059701493,0.23214285714285715
7r5c4Kr5M7XOPhg9gOKSNgWWAJO7w1qXLMMfJz9zcLXPVW8,자장면사주세요,4520047041,carry,2052,9,8,4,29004,4328,12657,47,21,25111,14832,241,16,0,294,1,12,4,0.5652173913043478,0.25
swowIPiUFgG8oQl3Rcja6JlsuOVLFMOYhBnqDKVDlHJt,이악물고던짐,4539101286,carry,1640,1,10,3,13021,1605,7248,8,10,20967,8863,181,0,0,65,1,5,1,0.25,0.2857142857142857
bwn6NEjHUsYWYdYHPyQNAgDXD6ja8nwHCBrQ7dPUIIlcz4caKXQKN0vf,괴묽지,4539101286,carry,1640,7,2,10,25274,1992,11630,18,5,21051,12365,188,23,10,82,0,8,3,0.5,0.125
