account_id,summoner_name,match_id,position,playtime,kills,deaths,assists,totalDamageDealtToChampions,totalHeal,damageSelfMitigated,visionScore,timeCCingOthers,totalDamageTaken,goldEarned,totalMinionsKilled,neutralMinionsKilled,neutralMinionsKilledEnemyJungle,totalTimeCrowdControlDealt,visionWardsBoughtInGame,wardsPlaced,wardsKilled,killsRatio,deathsRatio
EhunU5zG_cji62k4Cm38Cig4_ilI6y38uBHdtIpuO-qRAew,당신 곁에 영원히,4539652353,mid,2400,3,8,2,22482,7631,21333,59,186,36177,16469,301,18,0,399,2,12,5,0.23809523809523808,0.20512820512820512
9c9Dyy0FeZukOm65-9JbysFt9uwK7IJAqtVssZYHuDGI,에코 잘 행,4540487602,mid,1680,7,7,6,19931,3128,5393,34,0,17140,11646,165,8,0,0,4,12,5,0.35135135135135137,0.3181818181818182
P-04nPaWLRp5jAk3fxb1H-wH7vGfhcIgh0FLhk34YPM9XlBoJDkaVMMR,2003 09 05 ,4534421422,mid,1438,6,4,8,15559,7530,8055,20,27,17961,12108,200,12,4,457,1,8,0,0.56,0.2
HPPtVBpOQwXiP5_uwlC1EiFyHTHJKG-fm5vfOITdVKuy,GeYsE,4533125383,mid,1658,7,4,5,21143,9821,13872,19,46,21116,12559,208,19,0,786,3,9,6,0.6666666666666666,0.12121212121212122
m2T8VIBFUVkmm7S5gqtaHgI-0CIN7syOv6oLG0kQJW2b,네비독,4533125383,mid,1658,8,3,9,16718,2454,8793,19,41,16202,11427,162,32,12,1065,3,9,4,0.5151515151515151,0.16666666666666666
_5oMVvRi5Z-fuHZc6o5PEV655LEFl2jLSwx_OBCrrB2DGkI,어딜가쉬나,4540087419,mid,1347,3,8,2,10320,1237,5302,13,11,15736,6846,112,4,0,267,3,9,0,0.38461538461538464,0.2222222222222222
JrO6hAny_stfGqxosnuB5tfZev3PeTLM1UPG0BCZ2wZD,밍땃쥐미,4540087419,mid,1347,16,2,4,19737,3276,6258,28,2,12271,12863,166,19,15,104,4,7,6,0.5555555555555556,0.15384615384615385
o4edS-Q7HCIF3HuyQF0ep76YMo48lcUReT1nU6-Agv5_,렝건모,4521070593,mid,1221,3,2,4,6490,2504,3801,24,4,8970,7626,125,4,0,49,4,5,5,0.3181818181818182,0.14285714285714285
RZfSfsP9kF2viIVLBwnBRMvAnWXLjSpJTSDC_ahZ3i6z,Zhangyu사랑,4532949732,mid,1330,0,1,5,10774,1203,2374,9,11,6093,7588,138,16,12,209,0,6,1,0.2777777777777778,0.14285714285714285
DgF3YqyuE0SGB26QFBHUETkuLs4wIx8wTqyWRNbEkH0Grws,민간인 김재훈,4532949732,mid,1330,1,3,5,7895,0,13354,17,16,11524,6033,121,0,0,120,3,8,1,0.8571428571428571,0.16666666666666666
yBm3e8pfvzebJRWEjhl-ntOd7wf7KjjdPkwVUidokSU5,MNHJ,4525917747,mid,1865,8,2,7,21687,9599,30405,30,27,29051,14802,212,27,13,103,5,10,4,0.5357142857142857,0.15384615384615385
fIe3N8zh_8yuT1TqKAMPJSgMDEwugPU9SkirnoS9OnSI,김성흔,4522066279,mid,1626,2,8,4,11618,698,4971,13,16,14303,8010,153,0,0,34,0,8,2,0.375,0.2222222222222222
q7HC23j7M1oLj5Oecw-yuk8DCOL6NKBZTaJYA1bydTA3,우리왜헤어졌더라,4522066279,mid,1626,10,3,9,18780,5372,7546,18,10,15999,12233,142,13,9,152,3,6,5,0.5277777777777778,0.17647058823529413
AAoZl1FKmQdmNcrKNxoFKUgiRphhzUQibh6O-54JdhBWr-8Vm2tfxUH6,브루스 천,4540236536,mid,1683,4,6,2,15105,1049,8979,9,1,18134,9296,139,0,0,50,2,4,2,0.5,0.18181818181818182
3-FSKmYzj9HawBGbzdCHv-uC1bMISRBrgL2YR7cJMAiH3HQ,신호위반,4540236536,mid,1683,3,3,12,23151,6857,11718,23,11,16612,9961,135,16,0,28,2,11,4,0.45454545454545453,0.25
wnlaFYIr7qyryT_tlucRLUrep4Qemd7KfdGT1G--ZG6N9Pk,맛재우,4540771894,mid,1986,4,6,16,18299,10630,25798,26,24,29744,10868,143,16,0,375,7,10,2,0.4878048780487805,0.24
BSF4AzZm7UjdDzwZWotol2OxkeGSTdEVAwxuM4P57evuTfwLUFbkKreL,내년에 첼 갈계정,4539284851,mid,1326,1,4,3,9837,2229,11491,8,10,11758,7609,161,2,0,89,1,5,0,0.21052631578947367,0.4
5ieyk6mTLJLpdIWYX8TD_TbpX2fP3V62xgj8Reu9w3GwxGTR7-X7uV8M,건들면 멘탈박살,4539284851,mid,1326,5,2,2,9780,1710,8349,10,5,13037,7735,134,8,0,113,3,4,2,0.7,0.10526315789473684
WbieEYqujw4kQFdZuPT7RLaNMSgLiOoDUi25RLHLQvyfePYazFxE8SGD,계란이랑낫또,4509581615,mid,1216,15,0,2,21016,5111,5177,13,52,8928,13007,197,13,1,476,3,5,1,0.6071428571428571,0
Pl5jWXxhFzx9XEfIQMR7BS8RrDnNs5fnjH6sKUCtwXkRMuxzrGzVNkdn,서단이라요,4535331398,mid,2010,1,6,8,11139,3401,9265,20,12,15035,10789,173,32,4,63,0,10,3,0.2571428571428571,0.16666666666666666
OQQki9PjAX3Qdtfe3F1LUWfpk6vZj7MX6nT4aG_vCG5SlGM,좋망한계정,4535331398,mid,2010,14,10,14,39813,36952,78296,27,39,74433,16845,192,8,0,401,2,13,0,0.7777777777777778,0.2857142857142857
8zoGin4JavDV9C3tr7u3ibLYEdU20PKKDh7W3fvD4hMc1yA,라이칸96 Mark2,4498595734,mid,1604,2,1,6,9163,4550,14701,17,12,19969,9087,177,9,0,17,2,9,2,0.2857142857142857,0.047619047619047616
EVn09lD2Kp3CM-uOP9ZtW4BeSaJn008UxiBtf_vPGZ5SAPQ,min0517,4498595734,mid,1604,1,3,4,14310,2590,7306,8,8,12293,10396,226,16,0,102,1,6,3,0.23809523809523808,0.10714285714285714
fkeLYuFtEsrcos0VsgM0kYYJN-w4_lgaX7A--RiVfEHjNmBRJYWM7t2N,다 피하고싶어,4516123788,mid,2076,5,8,13,23547,4725,27336,18,27,24672,11977,160,8,0,347,3,8,4,0.75,0.16666666666666666
3L2d_naEbbXW3x8PPX9VHIj-jq20OjXkmBKc0dSGpTOGssY,아주 재미져,4516680344,mid,1575,11,2,7,17199,2685,9988,19,19,18229,10058,115,4,0,158,2,10,2,0.4864864864864865,0.14285714285714285
XmSOexSCL3gcEV76YNzVB90AeHn1Mig8a6gG9t8atLY9,걸 끄,4536830885,mid,2305,8,1,11,31827,6505,11491,41,23,17402,17923,279,22,6,101,6,9,8,0.76,0.05263157894736842
SYcb8D7ahgaFp_M6NLFBz8urxO1SMK13765EdNe4mjXH,두부쪼개기,4532010230,mid,1861,7,7,2,17261,1025,13342,31,7,19191,11924,182,12,0,47,2,11,5,0.375,0.1794871794871795
iXqJqTgdKQPyxxVg86wer-3hyvBp_YnuugPWCvyTX7wE,임창정소주한짝,4532010230,mid,1861,10,6,8,20955,3871,24385,22,24,24153,13353,183,17,0,134,2,6,4,0.46153846153846156,0.25
VXjyTrWkKczbeZb0rFiLk10w9pxFRUZNzsGYWtIV8nWFKXQgHz6ACLiZ,XX팀 미드,4442720309,mid,1742,6,3,3,17175,7652,16012,10,16,25690,11902,202,8,0,159,2,5,1,0.75,0.125
ZJUIchZPzVPhJa74vo0WfLl0--h6yeNCzfrzPVlgMlul,정도현1234,4442720309,mid,1742,4,2,3,10389,4833,8454,24,22,16042,12644,196,8,0,154,2,10,6,0.2916666666666667,0.16666666666666666
AuNzTvlIoaQ4J3X8X4JKbdzhANpnF0mnqCoeumZf5iP2UUc,게임을어캐이겨,4514604621,mid,1617,2,6,4,12107,1455,14872,19,2,15501,8173,113,20,0,55,3,8,3,0.2222222222222222,0.21428571428571427
1Js0UswHM_q2mzc0vzPkKVzgf9-GfWsQ772Rm-4S8TB3,멸치자슥,4514604621,mid,1617,6,5,12,15821,2124,7687,30,32,15873,10953,151,16,0,195,2,3,9,0.6428571428571429,0.18518518518518517
NThgGKkSvTKhz-1FXoYbWYBxWtX2kvpSTN2-8E96TZX6QCE,똥꾸2,4540611573,mid,1733,5,5,11,10771,1680,10412,27,18,12911,9993,133,20,4,289,5,12,6,0.5,0.4166666666666667
RsRI6nvOlKr0RJooSCRr-lzluUYKHdu29bcEQNysD_Gt,화를내,4540611573,mid,1733,7,7,0,14648,6205,19693,39,11,29460,12280,238,0,0,58,6,13,8,0.5833333333333334,0.21875
55ImwBEC0u7kxeGazh1MqDBdnReWmkOJFe1oJjdBPNsqklkXTrZRXgRk,어쌔신잭스,4524537903,mid,1255,4,6,5,11076,993,7035,13,4,12989,8565,144,4,0,62,3,7,1,0.375,0.3157894736842105
ft5bkHbmbzStTKX8TpaG4ZR9tgG_5C9STecbqiE7Paaq,곡반백형,4524537903,mid,1255,3,4,3,7602,822,4427,10,15,8838,6949,118,0,0,70,3,7,0,0.3157894736842105,0.16666666666666666
aNBtMV4uywFn_OcnZcyWUbU78Tvk6qI21wxdTI5b8jqx,맵리오,4540317084,mid,1851,2,2,2,8648,732,18465,27,23,14946,10335,200,6,0,74,4,14,6,0.25,0.07692307692307693
huqaaBdfZXs48vV4vEyxe_te7vDtMUEpYNQQUyL4uuuzmMDoFo6Gyi8C,세체미희성왕자,4510696382,mid,1613,8,6,4,13874,2569,8059,17,5,16158,10728,157,4,0,79,1,3,2,0.3333333333333333,0.3333333333333333
aPBMKzQRym8N-HJHXFBZdu4tQXa4jEut1bs-TtHYSFaO,춈춈춈,4510696382,mid,1613,7,5,2,18632,1759,19945,25,20,19488,12392,162,4,4,175,3,4,2,0.5,0.1388888888888889
rFwJicLf80Ep3v7Oxx-SJq6b1mYaq9DNGQupt6BEXGBP,전국도연합,4508703189,mid,2267,16,3,11,48294,45329,29144,26,7,41930,19741,265,5,0,144,5,13,4,0.6428571428571429,0.08823529411764706
-LdbhRg9A74gUX5Q8j4ng3y_KY_VGGEBGI9FfdcSHis7,기비미,4508703189,mid,2267,2,9,9,23294,2858,25139,29,24,31245,11035,193,0,0,261,3,9,5,0.3235294117647059,0.21428571428571427
7M8zsS0Xh6ihQLGnZ8fhtjtklZa-v1cfP2oC2JW3357V,후방으로가버렸,4527311285,mid,1465,2,2,1,10396,876,5421,14,32,9059,7500,157,1,0,151,4,8,4,0.25,0.08
-FjjtvJZnqrFDyzFOQQn6xxLX-HHUnS06E4XrTOSlibI,입에다 해도 돼,4527311285,mid,1465,5,3,5,10173,3953,6835,30,20,15662,8778,147,16,4,85,3,10,4,0.4,0.25
fVo6ekqPespHEwhqJKJMoh2DYIna5QefA9YhSNwEN8t83wGRwBVG9nOd,WolfMegapon,4534020800,mid,1921,3,8,2,9649,296,5429,39,1,16876,12313,213,0,0,20,8,13,8,0.2,0.4444444444444444
57pNjqJHTC_9C93YwfUrYqSNeoXK9qq56VWCATkAzJ9n,wwnsssss,4534020800,mid,1921,4,4,5,19604,581,7572,21,38,13675,10182,190,12,0,201,5,11,1,0.5,0.16
THV3Mz1tUoPgKXYvBUnNLViylNo3wHHACYeEOWPzmlzMjJI,협곡늑대도둑,4515405111,mid,2123,14,5,7,28310,15034,49396,25,35,35031,16757,233,28,4,152,1,10,1,0.6,0.1388888888888889
Bu_RUlycGZH8n2QoyfyjuSBjiGRpwyPZxqJQA9k5eKfq,유대경,4397558051,mid,1769,5,5,6,12582,4579,16015,24,12,20971,11509,195,11,0,73,3,12,2,0.36666666666666664,0.20833333333333334
TF63mmC5PGN2dNnLPiP7tuI9AOS16FtUNIMoYUW_5Vk,애기장대,4397558051,mid,1769,7,5,3,17408,4944,10670,25,33,17666,11526,177,16,0,509,2,10,5,0.4166666666666667,0.16666666666666666
p-0467hG735ezDoxNjPmLep5bwZ9F91RrhF0IV1xMr6b,대학로뉴발란스,4220895228,mid,1802,5,2,6,32306,1748,6188,28,41,12974,13641,209,24,0,220,1,11,5,0.5,0.18181818181818182
-5s2Lqit8jioL0RQpAZmD6vbc177YSkAY_H1hd8OSsz2WmkV9Jx-WS0F,샹슈레빠,4540381127,mid,1960,8,5,9,25976,5837,12949,26,4,23833,14605,207,36,0,49,2,13,2,0.6071428571428571,0.3125
U9huGxKE0ozd3MKTl5B6YGhwfI4m3xcmuJKYaA8JnuU223TLnHjdmjlo,레드벨벳의배주현,4540381127,mid,1960,2,9,6,12398,5166,12174,20,15,27813,10163,192,9,0,83,3,9,4,0.5,0.32142857142857145
gTNGspD99Q4CnlZI0Z5Hs65qvvKdu9oK2SALl-BkheTK,노무현의사망,4539191607,mid,1354,0,5,7,10270,1684,12927,10,10,13408,7130,152,0,0,98,0,7,1,0.3888888888888889,0.1724137931034483
iT3roNexF6M5HD-5-yCs5CiT2muJgPBb81U5R5I8kgvZSi4,나만 믿고 투자해,4539191607,mid,1354,3,3,7,12094,3342,9111,9,8,16620,8041,117,8,4,135,1,2,2,0.3448275862068966,0.16666666666666666
X26-z6LVqnMBt9yny1NmQjWdt4hR1BBDwS8xMxifyPUJ,SeokMaker KR,4540349937,mid,1751,6,9,3,23205,13726,44596,8,21,39649,11948,175,0,0,240,2,3,0,0.47368421052631576,0.2727272727272727
YZiz1n0ZiRkmSj4hxonwxtDmF_TRlM2JaMPJXmriYsGU,므아아아아아아,4539987460,mid,1989,5,2,10,15459,5390,11270,24,14,18576,12104,160,6,0,207,3,7,3,0.3488372093023256,0.1111111111111111
IMa8HhWhC-hjIMNzKX4BBP1ID93UC04_wqrhO78h8HU-,살인고수,4539987460,mid,1989,5,9,3,17151,1369,11128,11,3,23578,10343,170,0,0,115,0,2,4,0.4444444444444444,0.20930232558139536
Iy6XJl5COOQG1IIRYzTtL6HjKqEaXbjQK7e7Jl4xYcbZS-tiZ3gRg5Ju,바 퀴,4532158926,mid,1561,2,2,4,8455,1603,8139,26,16,17464,8366,183,8,0,211,6,8,7,0.4,0.09523809523809523
qVqwwLTA7tWw1CyDtd_E-KomCGax77lZyCx81K7_3Mw,푸틴a,4532158926,mid,1561,3,3,4,11362,2745,5481,27,21,11583,10450,182,0,0,200,5,13,5,0.3333333333333333,0.2
km7UZ2_rRkf0-7j6RtTaJo9txc_YznhKcWgM5EOZMnY42Adl5YC4RKrL,이즈하면정치함,4524379326,mid,1888,1,9,19,23153,1601,5876,9,29,17986,10821,130,8,8,145,0,4,3,0.37037037037037035,0.2647058823529412
olOqWi1fM0a5l_Fvo_z6spwIhLx4Zhfl2Cw8XMfk0xzD,최강근질 ,4524379326,mid,1888,8,9,8,24858,2903,10723,19,4,28334,12595,173,4,0,29,4,6,3,0.47058823529411764,0.16666666666666666
GbZAV_gU8YcUSbOuSg9NfZqIkFiV1-vMwmPeccdcPm5GP5RDsfHX-RFZ,Flower Closer,4431918215,mid,1768,5,9,2,16002,5834,13464,13,3,26620,9660,171,4,0,20,1,9,0,0.3684210526315789,0.20930232558139536
oUKX5FwDmNWmvABaTb9jY7ZkyVK8EmSpq5ByjW1PKEnlc_k,솔랭왕자 이준혁,4539948528,mid,2094,10,10,15,32537,8412,40909,28,35,38215,16281,206,30,4,195,3,11,6,0.5319148936170213,0.24390243902439024
TkSNTlSoAy8myrHXTvFXAMZbL_XMOimIu728cIKFPwWvrhY,권선동한량,4539948528,mid,2094,6,8,17,29531,223,42461,11,57,25968,12256,166,8,0,136,4,4,1,0.5609756097560976,0.1702127659574468
jvSq091Rzs4hd8BMVtiVTQowI-TIjLlRW0M2rbCLLAzF,CounterAction,4510814200,mid,1698,1,5,7,8249,1277,27803,12,30,16391,8476,109,4,0,680,2,9,0,0.2962962962962963,0.29411764705882354
PqjFnEv9Po6-ml6-LWnXI9ViiZzVQphZtr3sZ7TVPT27ZluA1vff5gT_,괜찮아 받아드려,4510814200,mid,1698,6,7,2,16453,4831,20492,24,15,28179,12238,230,0,0,61,4,7,2,0.47058823529411764,0.25925925925925924
RP-YbQY1ywM6dsTvEeJEFvgV0jfPutyQ_Zq9hjNjMoS65N4vQtWyxXLZ,뭐든지 잘될거야,4523550976,mid,2442,6,5,10,17352,3876,14796,26,39,22344,16373,249,37,6,371,2,7,3,0.6666666666666666,0.23809523809523808
NDfTjJitrZbhOk_fjkkb7ajMLPaHOpObu0aMjhXT4FGyC5A,TokyoBoy,4523550976,mid,2442,11,3,4,24776,14079,19660,30,19,27588,18520,258,44,0,165,3,7,6,0.7142857142857143,0.125
7nceBDiTGYfGFDClpS2e6h-mBPZt0-CTEHckBZK3rs7RI5g,차단장인스왑no,4379201820,mid,2156,2,6,16,24442,2421,37181,21,43,24545,11895,185,4,0,89,0,10,4,0.4864864864864865,0.1935483870967742
kz08PqNMZv8-_kYxasEObH7z65CyCSbYwnhzx-EfyhQ8WuQ,악 센,4537554099,mid,2074,15,9,12,36222,9122,20239,23,53,38444,17596,228,14,0,1094,2,6,5,0.627906976744186,0.25
DSmE-Z5oVm4hx4_ZrlDWhn_ZH2YZwQoKdRZbcdBjExuuyG0,난왜못올라갈까,4537554099,mid,2074,5,9,11,24985,3056,6811,17,58,21866,10928,147,4,0,278,0,11,2,0.4444444444444444,0.20930232558139536
vTK_CRqgKK77Y3vakAWCjC8-8bBN4PYSRMUYpP8jePtq,여민구,4537794027,mid,1307,7,4,12,18996,3774,14680,11,15,13249,10406,139,26,6,88,0,6,1,0.5135135135135135,0.2222222222222222
ZY5wkpxt-cIsj1XqhWKeBXUJQ5SR0ypFi6VNtdkfwyo0,미드킬은정글차이,4537794027,mid,1307,4,8,9,12925,4121,10065,13,3,17791,7813,99,0,0,21,4,9,0,0.7222222222222222,0.21621621621621623
-WNzZ35qZtx0MVsXqU_VZMxP9NVMQSUo7HJ8i8qLqIsT,매직긔두마수리,4537778587,mid,1770,6,7,10,15214,3753,10777,24,129,22233,9996,108,4,0,272,3,10,2,0.45714285714285713,0.2413793103448276
M4xadnWr9SRHwEeNjEy-McNYKQ_NR13vR0G9sLFmCj7VJ1ez1DTdhmYX,xialu qiang,4537778587,mid,1770,11,7,9,35451,3886,12850,29,28,21962,13069,192,14,4,286,3,11,3,0.7142857142857143,0.2
ZDd7mHzBhWbVsMaSDtdsunWha3_J2ttEi8Y5Eq5HBlwn91E,우찌함,4499716292,mid,1802,8,8,9,22297,1880,11598,22,25,23638,12789,185,24,4,309,4,9,1,0.4473684210526316,0.26666666666666666
qy8S404gBVjX4nmFk4rpLJT4qD7lO-_ZZaNI8o8p3zBTkrQ,횟집남자서빙,4539635383,mid,2406,4,6,7,18007,12478,15960,51,32,29505,13451,185,32,4,808,8,21,5,0.28205128205128205,0.14634146341463414
FkoLqsei2KbQmUFzGsL-Aa9woBkFe3uQR87cH8kYZc26VFQ,160626930305,4539635383,mid,2406,14,6,10,30592,1312,22218,35,25,28174,17834,237,28,5,390,6,10,7,0.5853658536585366,0.15384615384615385
JA-FmOppZU_sm3Oopg81lak4QhxxSVFLbr4FnckzCp5c3Iw,돌쇠진동벨트,4325749295,mid,2026,8,6,9,18754,6341,11495,33,1,23987,15098,251,12,0,411,4,14,4,0.6296296296296297,0.3
2ZO4HiGJaBhK8m1JmyYqRGRygmkO1CkU-gvNUuhJXIbkIh9KCOjYaMma,느그미드탈주권장,4325749295,mid,2026,7,5,5,23738,777,10577,25,52,17890,15130,245,32,4,523,1,10,4,0.6,0.18518518518518517
IJ3ymOtKSlrCd2ft1W4ZvR1M5cJOC8e3vn5bSOplOHP3,펭귄은황제펭귄,4399610489,mid,2107,8,9,5,23405,3900,21327,21,14,30051,13289,196,16,0,200,1,6,3,0.4482758620689655,0.2571428571428571
eBw2hZkPnDW8Api_EkxMrGKtq4pw4H1BHqclItzzuMpu,멋진 기적,4325336530,mid,1974,13,7,8,35180,3146,17511,29,5,25645,13968,158,24,0,170,1,3,8,0.5384615384615384,0.16666666666666666
2z0ppnDtf2AeA66thehZlGMseUgwuY0Z2-bE6zPJjVRHVsIb4bfmjQAF,DRX 파랑,4535735764,mid,1266,3,3,1,4846,1675,3166,15,12,8740,7210,107,12,0,113,2,6,2,0.4,0.17647058823529413
HzuUGvgBCF2YNTLL_0bfoiWW-ZQSWs3BV2iJqYqN8e-O1qM,운 섹,4535735764,mid,1266,5,2,1,9211,2343,8851,19,15,10461,10146,163,8,0,104,2,7,3,0.375,0.2
ouBsNdiGmktyG_XDmyTYCa3-gQnRrRvOrtYNkc9xAl9E,종치인,4539110611,mid,1252,1,4,3,7692,6114,10061,17,16,17578,6686,102,8,4,180,4,9,3,0.25,0.36363636363636365
w9OYPS2_envwYNVxU7VkqYkFeHjiqw05jcNJYkpmpwI5,다낭다낭,4539110611,mid,1252,3,3,3,8381,0,4199,10,23,7310,6276,83,4,0,292,1,4,2,0.5454545454545454,0.17647058823529413
dfuNFvgjGgzrwDJocRYXqf_ehjnSN9MXnrWDY-O0sNo8,마르티즈,4539310163,mid,1678,4,5,10,12888,5107,6686,24,29,14824,10315,144,6,2,87,4,10,3,0.5833333333333334,0.3125
3H5KnLHxQjWHae3JzH1IavO2NBzvR9EjJlMB1jqNimw,Mox sibi accio,4426111605,mid,1493,2,5,1,7361,2949,9736,14,16,15561,7869,139,8,0,149,1,8,0,0.3,0.20833333333333334
yuzCGb0ZHiJD6YzK6a33B9eMIoCwG14TucbPzxcIaAlu8Fe3Z4-3Y4zy,지고의 날개,4500287303,mid,1915,4,4,6,14455,8376,10053,21,30,23772,11570,220,6,0,169,1,11,2,0.5263157894736842,0.12121212121212122
7lf9MWL5exG0nwO9aXcKtyBgQNjZVwhJjiJfyzB-gOA8,헬레니아,4500287303,mid,1915,8,2,5,18188,982,8062,21,28,10366,11876,168,18,5,432,1,10,2,0.3939393939393939,0.10526315789473684
slF9Zfse6loRFvMaT3HiT4VSeMcBaFbZuJrLflpWV5BIYqJ4GrYwjUVK,Come back eye,4539154469,mid,1563,3,4,5,14407,1942,11638,14,4,19234,9478,163,4,0,162,2,6,2,0.5,0.16666666666666666
cvVqxn8touQuHV92Rel8EwmDDsIYor1IY5XtKodKeDWiH5ngt8ihI17O,Hansel is happy,4539154469,mid,1563,11,4,5,22965,7163,22002,15,26,18885,14177,210,13,6,156,3,11,0,0.6666666666666666,0.25
xUSPzaV4rEWt4iFRFWic_jOOPGV3AFxVLxtPg9bUzfeGBSs,Sibalgaejojgatda,4516705668,mid,1235,5,7,0,9920,3160,8872,13,15,17194,7821,107,0,0,125,1,7,2,0.2777777777777778,0.25
uUyFSLlqyTdeEqMS9tkX5E5exjT75wnorrwP-B0RX2JgAfs,복받은새기,4449344527,mid,1757,7,7,5,21978,308,5486,21,26,11952,10384,123,9,0,202,1,11,1,0.631578947368421,0.25925925925925924
2oy15f1craVCpjsZ9p_AUO712NerKoCQnLsZ536rcC0_C7g,미드 갈거라구요,4449344527,mid,1757,11,4,10,24299,14943,20088,29,24,32381,12937,135,28,4,319,6,15,4,0.7777777777777778,0.21052631578947367
uLg-Lc3zEi5qiRifBS-6BZRGZ9c1wDkeLmUhAV1SRuKQrqs,beomtarina,4532781819,mid,1839,9,5,4,22108,7709,15158,35,3,25672,12497,207,16,1,21,2,11,0,0.4482758620689655,0.22727272727272727
fE6Mq-9cu_QyrKHjpXQkvVScl21xmOdwCq8OTvbxYIERzVo,플레현지인,4532781819,mid,1839,4,7,6,15140,3728,9827,17,5,20163,11149,174,0,0,95,0,9,3,0.47619047619047616,0.23333333333333334
H3aGg_w2c0bJ5ldTfoZCgpk7YW2K38fryrQesNXNvVY6,Woney,4519864087,mid,1567,3,5,12,13271,1707,11399,21,28,15002,9118,139,12,0,352,2,10,2,0.5555555555555556,0.45454545454545453
1xoUL-RLuGUUXY--E4REeI1ew8Dn9DusYThEBz_MyB01,최근전적보고해라,4519864087,mid,1567,8,6,2,18949,3564,19861,12,30,18908,12023,198,17,0,154,0,8,1,0.9090909090909091,0.2222222222222222
rLvxRzebIkSVbK8qOYPhEfrMj-X2fp6sl_5Cy-WCg5_D,에코장인 임수빈,4502557885,mid,1340,2,7,3,6361,1089,10695,16,14,14625,7631,140,8,4,84,2,8,3,0.35714285714285715,0.20588235294117646
bKLoMJt9ZnHfZnmhiJKe0TTZK0JW8liTv3DntBRnt6QNKTM,메시오브이원,4502557885,mid,1340,2,3,6,5570,1662,9804,15,2,9545,9532,165,0,0,18,0,6,4,0.23529411764705882,0.21428571428571427
N7tlYEWkX_7dhU3N2qoO9H2EE7N5MYbjqzLOa-tv1gG_0g8,이겜이기자,4534968047,mid,1666,8,5,2,12271,2460,8727,25,14,16985,10543,142,8,0,34,3,8,3,0.35714285714285715,0.11904761904761904
aDkIlwZD_J5OGi8Nt89Zc3HlQV5AccZ4nwTr-KQaiVf5sFkBHXgCjdkg,시대를 풍미한,4534968047,mid,1666,22,6,7,39557,3520,10408,40,8,18643,16801,160,19,4,139,4,20,5,0.6904761904761905,0.20689655172413793
4i3MM5Y5ARCcDveOOt6G8PAXY6u36-nS-rJwGZSdxLOsCvNt75bu8aTS,도파매니저미야,4540841102,mid,1321,6,3,4,12198,1263,4763,17,4,9890,9151,134,6,0,46,3,4,7,0.625,0.10714285714285714
VDbHfStRqm3sUo2Cysd_ggjD4_wD4KJlCA1ZYTpHIGyt,Potential Player,4540841102,mid,1321,5,6,7,10559,2889,7726,18,98,13710,9432,142,20,4,218,1,7,2,0.42857142857142855,0.375
ujfWfmQrReMH1z7V19UQ2XTNpJWC0vBUkk8NffBLU7sO,베베빵,4527584058,mid,2355,12,8,11,35749,9991,16996,27,43,30505,17557,218,56,5,181,1,15,2,0.5897435897435898,0.1951219512195122
pmDeQseZd1604fr4ls-APMYF5a0_uXAoI5oCRfHyXm9R,짝꿍곰,4540733695,mid,2007,9,9,11,29306,3788,7786,36,44,23601,12359,158,9,0,199,2,11,5,0.6896551724137931,0.17307692307692307
v7nVipirZv3JRT5UHnPTcaSXSxBFShdITa8H8h6Uj0OLqaw,Jotganji,4540733695,mid,2007,13,4,21,26121,24866,41090,13,41,43086,15314,135,40,16,382,0,4,2,0.6538461538461539,0.13793103448275862
5u9p-wvG-vTuczZGT-2ZR1xduxF7KlLeAYvu-bvXMgl3MzI,Checkmate Time,4532929572,mid,1270,5,5,1,9754,2521,5648,13,15,14503,7509,112,4,0,16,2,7,0,0.2222222222222222,0.35714285714285715
pAHfPb4C7jRyad1EadfDzj5AKtRDoov09BRV43DwMF2O,ADPR,4525629794,mid,1958,7,0,13,22991,6012,10561,25,18,15351,15586,251,35,0,353,4,9,4,0.5555555555555556,0
IUKyqzx10fer7uOxsxFglKsn_TqSDsghqQqjIunrIilWL1tmAz4a7DMv,Wowser,4525629794,mid,1958,5,6,2,17267,3034,14571,18,12,24834,12504,227,12,0,242,1,8,3,0.3181818181818182,0.16666666666666666
NW4nL341GXYO9KWLGTQJ6DPM618ZKrkSEYDnbnFPVLGOxfm-6M6uvviD,정글레드주도록,4539221784,mid,1358,1,11,3,13385,3924,17497,17,13,22293,6875,131,0,0,49,2,8,3,0.5,0.3793103448275862
7hZId3aAxm53a64R4_0H7A2fmOXVFCvgVfpDt8PGs1CguXA,T1 Aileen,4539003549,mid,1954,9,4,7,21344,6219,14447,31,9,22563,14745,200,10,0,132,1,12,1,0.5517241379310345,0.12121212121212122
BCD9IuQsE2fssAqEZO2SP8iNh1HxfQBOOZ3erCpr-7WsBJo,처세공파 천세훈,4538576445,mid,1689,4,2,5,20722,4863,11285,16,26,21387,11528,187,44,8,91,2,4,6,0.2647058823529412,0.11764705882352941
z55qOHch76iVdm3nQ9LspjNBQDOqInuhDYsHMdUHPi-r,재밌는거 하자,4527076529,mid,2318,5,8,8,12449,2168,24631,13,16,20198,12972,216,16,0,124,0,5,1,0.5416666666666666,0.20512820512820512
iGZ_nSrBJ8ejAKN7Agn3aWFv90OWNkxxmlTH1OWdPTq4m7M,카타할것카타요,4527076529,mid,2318,4,8,14,20887,9258,15936,25,16,29614,14274,228,32,0,43,5,8,4,0.46153846153846156,0.3333333333333333
9a3kA-qeXCOh3w4FldEwtl39WWWO9UEI8HlrD_bR29aMwNE,미드가카인드,4522492770,mid,1885,11,3,10,24081,8747,16250,27,47,25512,13870,161,11,0,235,6,9,3,0.7241379310344828,0.075
25Mj0ipOwqx4E9mNz6vL77bVji4rLSwMAD-U8dZ_RubT,디센트럴랜드,4522492770,mid,1885,13,9,3,34081,12166,35339,26,12,41488,17137,203,54,10,104,3,11,1,0.4,0.3
2_evDruYMxZNq3RNvOQObURGmJ2VbPDYOjQNdtlAp3fe,채팅안하요,4537912045,mid,1666,14,5,8,39126,3446,12746,15,56,23721,15469,159,36,4,1009,2,1,5,0.6666666666666666,0.17857142857142858
JgRSsY_ACTmCHmyngdD-Fax4GCs3gYJQ-QWzCGS2aKXul54,지구로갈깨,4537912045,mid,1666,6,7,7,19390,6536,12080,24,3,26495,10123,167,4,0,54,2,11,3,0.4642857142857143,0.21212121212121213
kbD6-MkkQ6vDya4AQMS2GTugfwlkDgvEn-cen9CmUBMznSY,상혁이잡으러간다,4519792519,mid,1518,1,9,4,8868,686,6188,10,9,16485,7305,130,6,0,110,1,7,0,0.23809523809523808,0.2571428571428571
7chPF7SOwe7y1DjfVZleoYBlf12Fo6zWFOoJjyu0yMUxYr0,얼음원샷,4519792519,mid,1518,9,4,10,14224,9155,14477,7,29,19346,10889,139,16,0,315,2,3,4,0.5428571428571428,0.19047619047619047
eazj5EcHKmVuQg4RYtMwa0vTsmlFV3Xv9GEbzETvhQlMEEWFaxh6ymBA,zcxczcxcxzxcxx,4539869046,mid,1241,3,2,9,14325,1222,4159,11,1,10979,8336,154,13,5,215,3,6,1,0.6666666666666666,0.15384615384615385
YALI1sdLpVtjwi4x0KmS6pGiVXWoxEu7pF72mLc9ayTG,2랜 3셀,4536258481,mid,1755,5,4,11,22987,7194,18276,13,18,22161,10523,130,12,0,301,0,3,4,0.48484848484848486,0.2
d0KsByQPh3PRHf7kqoJRFAUNbAY9n8cLV-43I9Hm61Z2,미뇽론,4536258481,mid,1755,3,5,5,15733,1457,10048,23,15,16688,9524,167,6,2,213,3,11,2,0.4,0.15151515151515152
d0Hmmc-9XiWeUCm1mO8jaCGT74AjJ6iiwqKBdgul0LnkAYQ,정신차리자호성아,4539558848,mid,1659,4,7,6,15506,6833,17305,13,12,30167,9354,162,2,0,336,3,7,1,0.47619047619047616,0.2413793103448276
EiKa8I9Y2R0CqkhLEFgz2KwogqevRE7RHZXIu2GOZmkZ4yI,쥰코 에노시마,4466159552,mid,2344,6,7,20,33328,10618,26012,32,14,31940,16145,229,43,4,199,5,16,3,0.5416666666666666,0.18421052631578946
SsFpv_OJMSQ4R6xroij_7k3xNhiWcUo57uCgTMWSk_k9AtA,KangDukSun,4518341113,mid,1544,4,4,2,14518,1171,11468,13,6,13853,9281,206,4,0,94,3,10,2,0.3,0.10810810810810811
EUYgf-Iulqd-6ZzoBj6kcwmL8taoH-xD4mTlSy4YwdSErafw9vS-FcX1,다랑어닷,4539024076,mid,1561,8,2,13,17896,8056,11702,15,2,16822,11471,135,4,0,19,2,8,1,0.6363636363636364,0.1
vU0VADr3anxBryyMjL-20dVkyMVmBLvgt3kPao9JRDIN,캐리머신김치왕,4508712727,mid,1361,2,3,7,8408,3750,7378,21,12,14658,8910,145,16,4,308,4,9,0,0.3,0.3333333333333333
cizgErwi3yn_aCIfDR4RRjHDL4qLZek1wMr-ghj6OMm8,단백질보충제,4508712727,mid,1361,4,5,2,12680,1243,11353,4,6,14506,7364,124,0,0,30,2,3,1,0.75,0.16129032258064516
ouryfMG62HWHHdoYTz3VeMvb5RAAp9RGlAReVJS5Gh98iEg,jiaco25,4539419659,mid,1801,6,9,4,13600,1697,10402,62,9,23282,11513,170,1,0,58,3,26,13,0.4,0.225
JOsExrcJekh8cXjZWfo0PxUM4KH2CFBMzAeNl2r3UU7O,하하선,4540218116,mid,1907,2,2,5,14246,4159,12910,40,28,18008,12583,226,30,0,191,6,17,5,0.4375,0.08
wpYvL6y8eaoUgycO212vz1IORrrnegQMuRE7jJleAOq2tn0,IlIIliiIlliIl,4540218116,mid,1907,3,0,4,20847,4345,4984,25,11,9664,12725,230,36,8,115,4,13,3,0.28,0
euU6Mvu2XUuLtxDIvnSiH1GdYVEfF15VqmadW8FOJdiSMX3uxffcX68D,냥이전문가강형욱,4540781238,mid,1394,6,7,7,16537,3739,12938,15,17,18358,9349,117,4,4,84,2,10,0,0.4482758620689655,0.2916666666666667
qq_P6Osoq-q0ojERCFQkqnEIQIVY437Yur5xyICbOIj3,lattee,4540781238,mid,1394,7,7,4,19661,7493,19038,16,16,26633,8236,101,4,0,235,4,7,3,0.4583333333333333,0.2413793103448276
WzKA8bvWHGR1QfqPSiGu5nO1sMmBY86oJR7kxOrJCswedWYAM8lAUPz7,데스안함,4532581135,mid,1507,7,7,7,15201,6742,14849,14,5,26226,10501,137,31,5,136,2,5,2,0.5,0.1794871794871795
bo7K7vTfi8dmAW0amkFRSdnyd2_IJ_niZVbbOcZsPEKfVNY,가스마개,4540076160,mid,1687,15,6,1,21067,1305,9092,33,5,16182,13841,171,9,0,75,2,4,8,0.6153846153846154,0.20689655172413793
JXZZEGvp8KCtInkiSTMjKUH7sdjr_4x4XAzr5znmou6cKa8,레가이,4540076160,mid,1687,10,5,3,15202,1273,8588,27,42,12448,12857,183,16,0,275,5,8,6,0.4482758620689655,0.19230769230769232
8_tKm72OCvHxCjj2eOW34cgm1zTo-xf_mUO66EJ4g8ik,델리만쥬고객님,4540685205,mid,1626,8,7,5,22415,610,11531,21,22,16500,11988,179,24,0,290,1,9,2,0.5416666666666666,0.25
zAnaZqi1vgPs_iRvQoRWTsA5u_E8x9g7x0AJhixrP8xIxNE,족처라,4512710531,mid,1865,3,9,5,9684,4543,15644,5,16,22686,9679,152,9,0,265,1,4,2,0.22857142857142856,0.4090909090909091
sRK3OAcsMAqDlPU3VjAjfpID8MWETWK1JZKt5nXqaXfs,powerfamily,4413099096,mid,1624,3,5,5,12911,4409,15597,22,10,22156,8945,148,4,0,297,3,7,2,0.34782608695652173,0.14285714285714285
eRy9RoWtDYezuJN3eAHcOWUgL7K7ilWMrLGZwWSnju9mjHA,Liang Zhao,4535553601,mid,1949,14,6,9,41207,772,8713,48,61,18572,13694,163,15,0,413,2,12,2,0.6216216216216216,0.13636363636363635
BfSuf2laYJFjToLZfDB036lnGs5SktHu93_AhKgAkTlw,하루정일,4540266910,mid,1474,4,7,2,8370,2915,9420,11,14,21063,8074,123,0,0,217,1,7,2,0.5,0.2692307692307692
QF-XYW2rTJmi2Lx7BzvmvgkIuHLK01A_shfpyx6j-aeE,즐거운시간되시길,4540266910,mid,1474,10,3,4,22950,2269,7961,22,16,10507,13328,184,28,8,191,2,10,3,0.5384615384615384,0.25
sFYOmFqRHFFH1v5H9f5cL2zp4XVOP2aqgKwCZmtmqzeL,배딩버터칩,4533703791,mid,2035,1,7,0,12098,4149,15536,31,11,26375,10694,203,20,0,44,2,9,3,0.058823529411764705,0.21875
xKxqXuLCTqa_zc4j4AQ6iAgiAdROHsci1yDTaC080-z2HcE,역겨운한국인,4467589870,mid,1836,4,9,6,10578,1433,18585,29,12,22750,10886,174,24,0,25,6,10,5,0.4166666666666667,0.25
BHiJXm9fyWmmy8cGZW_U8m4-PPC9qC8tJzjPwWYbKhDA_5ClYcuXI2os,전자과 유격수,4467589870,mid,1836,14,4,7,21705,4733,36532,18,36,19232,14920,189,4,0,778,1,1,5,0.5833333333333334,0.16666666666666666
LyB-NJpJwz0wp1dLMVt01SIvfA2l62en3PA9inzya6TxEBBhXXGoSpoN,챌까지미드야스오,4540810285,mid,1425,5,2,0,12430,2454,12927,12,14,12731,10649,182,20,9,135,1,8,2,0.18518518518518517,0.125
ahfBUMFCa3d3e8TQyInEL1Zn5SlizhBipl7-F9mxbNQhokw,나는너무댕청하다,4540810285,mid,1425,6,3,4,14398,3079,13616,6,16,18151,10220,146,4,0,168,0,4,0,0.625,0.1111111111111111
RBh6EktNyv1b5yI0Zm0cqSWHQ0AubPnAhhbRvHY3QVJd,중얼거북이,4540139678,mid,2040,6,8,12,20908,3276,15941,33,14,29044,12042,184,4,0,191,4,22,5,0.5625,0.19047619047619047
g-x-0pHtdPxeJzTOwCm-CbrKmcm2FXjnRwZrhyVuuoe80SBRGSFEgacF,AP PICK,4540139678,mid,2040,7,7,15,24171,3310,19657,40,18,21777,13650,215,32,0,362,5,14,5,0.5238095238095238,0.21875
aWybl-eeluNyVzliH43ol2_FHuTi5uJ67RpogbQOoAEhepg,양파승우,4381101315,mid,1924,17,7,6,30520,16222,14992,27,3,34792,15560,158,0,0,20,5,9,2,0.6216216216216216,0.25
G-WFHR87rmeRZgJtmS_4IRQXpqHcwAPKzZIdlzzAWUNy9tt_xbr-lKyJ,생로랑 동전지갑,4381101315,mid,1924,9,8,7,21331,5284,9686,21,37,23391,11281,144,8,0,125,3,8,3,0.5714285714285714,0.21621621621621623
sJKzss1WDGw-5hL3Ck3oF8CsFCVIywgmyEaQWPvgWnCZRNk,The waydo,4535254955,mid,1303,6,7,4,14791,1726,6952,10,4,14019,8006,127,0,0,85,1,5,1,0.43478260869565216,0.15217391304347827
Sk7C6YQv8GwNw5bVIwrDD4EELUMVdpgrtP8FUipy4P758zw,whole new level,4538995352,mid,1613,3,8,5,12526,13004,14863,7,4,29827,8805,127,0,0,86,1,5,0,0.5,0.1951219512195122
m-xKY4I5-dIDhmL0x1vzhqs1m1j5yuzp9z1zs1dGlg5V,가뭄속단비,4538995352,mid,1613,7,3,18,22638,3659,16129,19,36,20706,11415,118,6,1,160,2,10,1,0.6097560975609756,0.1875
wm0LD6FubcUGEmn70F7weiV3vhLBhuUnHs40wg4IcYM9Qcg,솔랭이란게 참,4446284084,mid,1916,3,3,6,19773,6148,10032,24,36,19203,13049,209,52,11,328,2,5,5,0.19148936170212766,0.1111111111111111
2GjXVkmh6zeKThLMQiwEmCImwt8vqmv_5sqwCH53pqJm,미즈갓,4446284084,mid,1916,8,12,11,21673,2989,74363,16,88,36580,11432,165,0,0,804,2,8,0,0.7307692307692307,0.2553191489361702
TBOnar-KLfZKFngRMCG2LpNo9i7nGEMbMtW8h8XsW1aG,동물원너구리,4522996803,mid,2258,7,6,10,28156,3743,13628,45,40,21514,13921,212,28,0,140,5,14,9,0.4594594594594595,0.23076923076923078
6xLQrwj7rVTbcQ3bGRJp3IwxpZ84SY57YiNb8qtTHynA,다다다다아아아아,4540010400,mid,1575,5,4,12,15947,2297,6529,24,13,13106,10421,168,4,1,151,3,11,0,0.6071428571428571,0.23529411764705882
VkJa7u0gBiViNy5wDuYEYNQRYkNFEsyTshOsVNNNcwxLCtfoFzEcpxUO,absorbing,4540063710,mid,1724,10,2,8,24303,3359,7330,26,31,17624,12674,164,28,8,278,1,10,2,0.3829787234042553,0.125
Ksp3wpF_xXAZAaJ1j53v-Nfw0LzTf12tx2Xdurh--NeC,Dishi,4540063710,mid,1724,5,8,9,25599,2297,19798,23,8,21456,10254,159,11,1,39,1,9,3,0.875,0.1702127659574468
yMl-rmXTr7BqGQWjnQIITx9zGuBlFFFPSRtkXIZFafZefmc,oeo압구,4509240257,mid,1296,10,5,6,16857,5039,10197,15,2,16765,10219,144,0,0,16,2,6,2,0.8421052631578947,0.3333333333333333
yuaVMQ-jHzDcaBGPk_GoWH7qix38rdn7TDPdhDs8ZrX_hBjjZhekApII,DRX Hoby,4509240257,mid,1296,3,3,3,10614,2406,7253,5,13,12118,8597,148,4,0,103,1,3,0,0.4,0.15789473684210525
c5LvDKzXRJ8QFklTdfszRfDiFuHKMJI4NnKDQt9rvO1T,평 큐,4539725160,mid,1722,1,7,2,13058,3488,6867,12,21,17803,8236,177,4,0,92,2,11,0,0.21428571428571427,0.3684210526315789
bpQ9GsSqCyuBVyB3JTOVgQdufr-6fssiOfZnWznY76YL,시비걸면 봇오픈,4539725160,mid,1722,4,2,6,15130,4013,6631,31,15,15573,10551,204,20,4,34,3,7,7,0.5263157894736842,0.14285714285714285
0xITupZRcJ0O-_wMx12_8RG_qTQpgFmk5b5g2ftgO_v5BY0,퀴 만,4535100814,mid,1287,2,3,3,10262,4922,10449,9,8,18779,6959,122,0,0,296,3,8,1,0.5555555555555556,0.15789473684210525
ijKqRmVPFC7Id2012R8L7e4wgDnBDua5-5RqpJIlOSI_,키시베,4535100814,mid,1287,5,2,3,14783,5595,5274,14,20,12993,8908,150,8,0,167,3,10,1,0.42105263157894735,0.2222222222222222
A2FSkou8oNfZGxNiv5Y-7F8xTCsFoiipEXVH4uSbeMU4CxM,개고귀중독강형욱,4525908879,mid,1494,5,2,3,9690,4497,8426,12,17,15402,9618,96,0,0,119,0,5,2,0.27586206896551724,0.2
HdDzbM_0AAaXSbAqhP--PNTT0b9kvJVDZfmaWSWKyeON8yE,왕큰운석,4525908879,mid,1494,4,5,2,12909,1923,7189,21,8,16657,8881,156,4,0,28,3,8,4,0.6,0.1724137931034483
WMb3v3rS3g0tDQKqFgNrVkaY7vdpHrObQ4t_zZSDjwRM6k0,Hassori,4465713210,mid,1481,11,7,2,20183,6309,11557,7,4,21757,11142,170,0,0,79,1,4,1,0.65,0.23333333333333334
ycfKSK4gOGbbR1G0c9YdKZQaZZ7dsHclQ2h9r1lN2mp_9IxbAk214SwW,텁텁한미숫가루,4408686956,mid,2427,10,13,14,35604,11411,40991,33,6,42060,16195,202,13,5,51,5,7,4,0.6666666666666666,0.29545454545454547
ZCTiLp8AkzZiLoxVM8pQR99K0KDZKE_G00-hisP9DoNr,서준돌,4540678982,mid,2782,15,9,17,41511,15172,64716,31,46,53939,19735,218,16,4,325,7,11,6,0.7111111111111111,0.21428571428571427
xu-TwkMgfo-dmpq9Z-g8NoIiWxM_XV-oTacSOY-6Hfd0qJ0,어리버리너구리,4540678982,mid,2782,7,11,16,29143,15579,53572,41,31,48780,15146,164,30,8,326,5,9,8,0.5609756097560976,0.2391304347826087
qa1bLtaasMKMyDs7UjrJk7LO3r7SOSNFJtdxr1-3nl_3GRg,메이드 애쉬,4535535664,mid,2282,6,6,27,27979,1082,10883,30,31,21622,13788,198,31,3,286,2,6,9,0.559322033898305,0.14634146341463414
yHWKTtvuiv7gztTwdKhYys3jvxLGkDc9z9cfjD9y2T_i,개10노답피즈충,4499421129,mid,1679,2,4,2,15814,3560,11204,28,14,22906,8445,163,4,0,120,4,11,4,0.4,0.13793103448275862
dyWpUQX53ztof7ppYoBz4fD0J4RzJ7PXKSeqoGQNQn3MV3upaKI2LDtg,황태수,4499421129,mid,1679,3,2,8,14131,9412,12380,20,13,23550,9675,129,12,8,239,2,10,3,0.3793103448275862,0.2
iVUPsLBCm1X3V-4nPAWyq6F3ps6-KR9Wn_fauHhrU-1CRCg-zPN3pTwK,상어 던지기,4494695279,mid,1457,0,7,6,7150,577,6765,16,14,11478,6882,126,0,0,179,3,10,1,0.42857142857142855,0.2413793103448276
zObwuhInRGLhtyXsoJ2I8hcQbqX-yPFz20hKEe0ZUayZExA,강남이광주,4479814230,mid,1870,5,4,15,21781,10235,13522,28,46,23886,12928,217,20,4,448,3,7,4,0.5263157894736842,0.21052631578947367
WUACtUwZVOhYqmXb436R7COH2h7OVQtbUcgd2xZ5QUt57PQ,노란색싫어함,4479814230,mid,1870,2,4,12,21257,4722,12041,20,67,18988,10358,172,8,0,197,2,6,2,0.7368421052631579,0.10256410256410256
AwtGHG6EPY9k755-4dO0RnWwkamtVu8NnQ2vyhaRfD1sCh7WwAWUhRLb,안녕하세요저는스무살취미는독서네,4540782865,mid,1553,5,9,12,20178,5015,14525,25,16,23560,10380,170,0,0,79,3,7,3,0.6538461538461539,0.47368421052631576
fT49OhYgnhA75Tq4JH2nxf9oDTVhF6xbcGDcNRrfe-8T,눙 냐,4540782865,mid,1553,7,7,6,17958,2130,11964,19,7,19639,10541,171,7,0,166,0,8,4,0.6842105263157895,0.2692307692307692
iMHkIJhAu_uRyYFwQVNuF8Jopb_pKbB-erLlpVLkK-pXvV8,Rairs잭슨,4539023632,mid,1831,4,4,8,17080,10130,15914,28,16,28642,10703,161,19,1,345,4,10,2,0.48,0.17391304347826086
rtCJihTLTZ0HAXkcxY-7LBTnzAqNCerQOf86uQ8mVKeW,쇼킹생쇼,4539023632,mid,1831,5,5,2,13344,1836,12451,8,10,17653,11757,205,0,0,215,2,5,0,0.30434782608695654,0.2
ePbz6-IKvcs4iDDP0ecKKAYh8G7y6-J1IPB0ddZq3pom,스냐누,4521274721,mid,2004,14,4,5,43933,15930,35411,24,27,37784,16685,261,28,4,333,2,9,4,0.475,0.14285714285714285
4jzguGdeLxA7EnbOS3hFGj8QQGpSEN13LYzIdHAkQDXf,박재범,4521274721,mid,2004,3,6,2,25075,2626,7416,31,22,21180,10100,198,0,0,403,4,16,2,0.17857142857142858,0.14634146341463414
iz-7w3y2iB9SSfOlogmd79uwYJBTpcwdTEliGfwdrfhXHCxldiXYAGYq,멜로플래닛,4540262409,mid,1686,2,7,7,16708,2410,20431,17,24,19989,10314,157,22,5,233,0,9,2,0.1836734693877551,0.3888888888888889
9REDTuHXp4S1zTSv8wBL2x50Id3pDRc_60KDdy6II2bLjgyuzv-I1Ln6,zed0502,4540262409,mid,1686,4,8,4,20063,1762,10979,21,9,20150,8797,109,0,0,127,5,9,1,0.4444444444444444,0.16326530612244897
iOqo-dRqRawPOzHaQTHh4tq-_oAA2t5dv59DbRIOx4gYq7k,반 만 가 ,4535497075,mid,1690,16,3,11,33790,13393,17602,25,39,25128,16575,193,43,22,538,1,9,3,0.84375,0.1875
wpdiJOp9CrbW3m-_dxKmUJtrGDp5VfpxMUKOgS1pZn0Qb08,남조선 토깽이,4515717704,mid,1378,9,4,4,17337,774,6356,10,2,11548,10925,170,0,0,63,0,7,0,0.52,0.25
39jVjHUq7NwHusroLClhHvUSgpXyavNKCb3YeRVG-5m4q7g,밍 묭,4515717704,mid,1378,3,7,5,10493,1175,10799,15,14,16508,8824,155,16,4,143,0,5,4,0.5,0.28
tfPkIafmNoj5ViTSbm9ZjGfmHkpfI58HW2s0z8XzwtiFi2A,제드원챔조크,4490673680,mid,1593,2,6,2,12069,1542,26131,11,29,20256,9231,153,10,2,68,0,8,0,0.15384615384615385,0.375
6Ig4gYhfJA-cli40w_SHBp4HyOB4ONUklH81znsLpBN9S6Xq8slZ8343,ZED41,4490673680,mid,1593,2,2,4,13397,1717,8515,10,8,16260,8815,192,4,0,106,3,6,0,0.375,0.07692307692307693
fOi5V4o4iwbb97CgDE76J6DX7akrU1EVnudrwREsMs2_oEo,우물로돌아가라,4536557656,mid,1527,10,9,3,18471,4960,19314,23,31,26958,11315,121,4,0,142,3,11,2,0.5416666666666666,0.3333333333333333
-t7RiJTzrtLx2agA1_EZMNhp4g22vUPaMbpwGAsi2sNHBrM,벅벅맨,4536557656,mid,1527,20,4,3,36924,13072,24886,19,7,29612,16470,181,37,13,191,2,4,5,0.8518518518518519,0.16666666666666666
xMT5VGgYpgKb50xU4MMzLrsOItPl0mY_QlKbd_I-RRSrypIOallKHFCh,달무드,4530011683,mid,1947,13,9,4,22766,3447,19954,42,28,27694,15495,197,20,4,222,3,6,9,0.6538461538461539,0.23076923076923078
2HpGCPQXuhD7pkpOWb2P017EtnjjQNupJSncP0yJ_AR7,암살자 연습계정,4479098801,mid,1928,8,6,14,25045,11728,19764,20,4,29615,14619,201,40,7,183,1,5,5,0.5238095238095238,0.21428571428571427
kem3c83FO591z4wdaQiP4R3inxoMVNf5FCfTwOedxOBu,시계꽃,4479098801,mid,1928,8,9,8,25814,5936,39531,25,8,29090,13227,199,20,1,78,2,12,1,0.5714285714285714,0.21428571428571427
8BjnDvxOc6l35EY6Y-E1SERTgS6ET8Tp-U84hzpkQNA,연어의 삶,4537775947,mid,1437,4,5,0,11037,3054,8946,28,9,19384,7095,131,3,0,27,4,6,8,0.3076923076923077,0.16129032258064516
mWUOCLXb2j70AiyArMPfKDhqY3PID-2BFuGAYsG62iGicCk2cqrXbhk3,WuYaYi,4534241794,mid,1862,2,7,9,15343,4844,12963,24,4,24263,10271,166,37,12,180,4,7,8,0.5238095238095238,0.1891891891891892
DdabiLYoj2pK3mRPMpzxaz-0RNwBdWQ1nKW1nOvi2gKc,잘가우,4534241794,mid,1862,7,3,9,24094,11118,24764,27,27,27938,10874,140,9,1,276,4,10,5,0.43243243243243246,0.14285714285714285
wJ40sqXMPXjyQmJY_zeKlGJugO9Nit8jDrM1JdABo-xPSJ4,롯데리아 새우충,4540783451,mid,2149,8,8,10,24342,11457,55228,25,25,43421,14904,217,21,8,62,0,10,6,0.6206896551724138,0.25806451612903225
q-L7CDvqchMUFJ8olH5zTOpuAv7E1n3i9-1GlwksaNehdAk,평리초일진,4540266456,mid,2819,11,7,19,26472,7993,28413,32,21,34298,16816,219,8,0,397,2,17,6,0.6,0.22580645161290322
Z7NV8BOefxTbsD2-S-BeS7oiZ-KAdD7abLzcITPbnGAOPBKwMpvm3vPa,연사흠,4540266456,mid,2819,5,13,9,20013,6619,44496,19,32,39384,15309,173,4,0,140,0,4,4,0.45161290322580644,0.26
hPwfrTP6N8jb3YiqP8HR6Nymu2NyVCgNrCJjpQ5v3h2F,존잘부영이,4540085757,mid,2237,3,7,8,13510,2549,15687,28,18,24985,10870,160,12,0,218,5,14,4,0.55,0.2692307692307692
SvkPanNmlxOtzMKL87h2rZqZ4HDRERD-8Q2MMikiBQxbOFU,갓테온,4540085757,mid,2237,7,4,10,23249,5045,21535,23,29,23591,14329,218,4,0,123,1,11,4,0.6538461538461539,0.2
Uy7iB58ug1UDt3EjBQ4si2lkZZ-7WnfmNVnM9xHL6MCy,마빡이 럭스,4502720720,mid,1658,14,5,2,25741,121,9760,27,43,16066,11630,133,4,0,263,2,11,2,0.6153846153846154,0.14705882352941177
HFSrvZiaXGMDNLQ6txgigtpndvfMeUbkvxKmFm_EPnEQ,인천청솔의자랑,4502720720,mid,1658,7,9,8,14761,3148,10178,23,24,22241,10788,159,12,0,140,1,10,5,0.4411764705882353,0.34615384615384615
8Gy3lggRBci-MXEhtQw5IeeqtNEsh4zDG-keRXPiy48t_mYPSHH01R2E,급상승중,4527724849,mid,1266,0,3,6,4339,2845,6860,18,12,12791,6703,114,5,0,125,3,7,0,0.5,0.15
92J64ZCe6wubTfHcOY0PloTTlvGywiy2Wnpct2sAP6QE,개처럼벌자,4527724849,mid,1266,4,2,3,10718,969,4616,11,7,10836,7974,143,8,0,107,0,6,2,0.35,0.16666666666666666
S6OxLdgw5ZKrK99EzQ8qe27k-5XQnZRSTov7ET45sPAD,bie da jia,4310943979,mid,1926,22,1,6,50380,15685,42461,24,31,29006,18392,214,25,2,956,5,14,2,0.6222222222222222,0.04
XvJC_JzIjR0zEEttNk7iQYkYRkn2fEollgfJxNilhjVQyLg,All Carpe Diem,4301138268,mid,1945,10,4,9,18710,4566,8979,12,15,25283,11806,144,4,0,35,3,7,1,0.5588235294117647,0.1111111111111111
3SmV_aDxUUpMjB5W7Cg91zuks8--wuEFfHXSrONm-GVJ6_A,우리손절할꺼야,4301138268,mid,1945,6,8,11,23578,9461,17174,30,26,34267,11945,141,20,0,227,5,7,6,0.4722222222222222,0.23529411764705882
1WIWAdgtm-Y_Q0jRa1ccKoeJ1ONpNVJZJx8_B-20JLh4,인생은 세홍지마,4529097771,mid,1622,9,7,5,22474,74,11531,15,23,18915,12605,156,47,17,336,2,7,1,0.35,0.3333333333333333
J52ZttKAU9_gNwU0afM3HKwbRDCW_wSMb2fNOjunlosi,심신미약정신불안,4539959089,mid,1492,1,7,2,7674,3144,9340,13,9,19114,8043,173,6,0,228,2,4,2,0.3333333333333333,0.23333333333333334
chfSgfBxg1va_JMCYHfdFsRQgJERFPs8UuYPMnfAyvZ4Q54,고은빠돌이,4539965845,mid,1597,19,3,6,35095,7956,12938,31,14,20639,16035,162,19,6,176,3,12,8,0.7352941176470589,0.15
iTglEWzsjes2VzUHUdcEmmTNh3m3DWYGcOtWBXQB8vf_,킬전문,4539965845,mid,1597,3,10,3,13926,6230,15845,18,13,26738,8316,106,14,2,173,4,10,4,0.3,0.29411764705882354
P0I4v0keTKNSvQi32IJicLTy4SORCj_e7LtZYIxs2fIH,팬티속몽키스패너,4526640171,mid,1883,11,5,12,21948,19254,29054,30,42,33180,13730,142,28,8,392,2,14,5,0.6571428571428571,0.21739130434782608
cGL0cwj6X5jAueoPzU0JT5W_v025E28U6EGYjd7NISDl,담원 마법싸개,4540089448,mid,1747,6,4,5,21072,5148,5025,19,40,14410,11377,162,20,4,122,3,10,1,0.4074074074074074,0.25
zf9mOweGfCr3tsL6z596UniYYrmNol7XXGB38SXI2Ms2,달아녀,4540089448,mid,1747,7,6,5,20008,6096,8856,19,14,21511,11403,184,6,0,353,4,9,2,0.75,0.2222222222222222
VbLUj8TIUbxbCQNTjXx_7Stq5uQf-r5fBK_Ip3Xjc_rf,단검수거장인,4490538558,mid,1327,8,5,11,16665,2957,8960,11,1,15147,9572,115,0,0,9,2,7,2,0.4222222222222222,0.2777777777777778
saHvArxEUTx4l1TCFbUa7gzJW4L-YNbtdgywxi4775v7,칠성파 도엽철,4490538558,mid,1327,10,6,2,13968,2142,9717,11,8,21380,11333,143,0,0,123,2,7,1,0.6666666666666666,0.13333333333333333
hUIBVr6qpg9ANa1b_pxewIbY7qFaiUjO1tLiWUO4OCc,상한오빵,4469962301,mid,1964,12,8,9,28818,2617,25668,20,75,25259,13141,167,16,4,373,4,10,5,0.65625,0.1951219512195122
f2Rw987qK4RpU1HIFFXadi8_sS9eVHXQf80RR8_oV8LWFa8ah_HZ8zUQ,W E P,4469962301,mid,1964,7,9,22,27082,9578,38489,16,44,31936,14898,196,18,2,124,1,9,3,0.7073170731707317,0.28125
Uu0446-TY0slIgi7DDWQEN0NwilcSF0DAkeAiiaGHfbZcjQ,Pory,4486502305,mid,2096,8,6,5,30699,6929,12537,44,33,21637,15026,294,6,0,322,4,9,10,0.5652173913043478,0.25
O5jVbY-YXNi_5EzcqUHlwTYgJyDdzRBGsXGP48J6v8r8-YazJHnbVlGF,검은색 콩,4537842549,mid,1377,12,3,5,18720,2324,6042,18,3,12451,13819,189,12,12,119,1,8,3,0.5862068965517241,0.13043478260869565
uOWo1JBonBv7PfKu940nKn1Ibp3IEfiUfBGA3Ha-xlmX2qpxOg3-oOmT,난 베이글녀,4535102035,mid,1952,6,9,3,17612,7740,24804,11,1,26910,11998,185,12,0,8,0,4,3,0.2903225806451613,0.21428571428571427
fPe8rEYYy6kLRlwy44E0_XCCk-U8EgwRX-Bq5bznkWat24G7zDhd24sH,스지수,4535948728,mid,1975,5,7,11,18126,6842,24818,17,28,25892,12736,175,22,6,118,1,11,1,0.37209302325581395,0.2
--rF1W8vQyYT5vrVmg_Eu-jNUIy8ku3880ujWqb73SX6,그만점죽어,4535948728,mid,1975,5,7,17,20447,433,6067,18,38,14643,10580,127,0,0,251,1,12,0,0.6285714285714286,0.16279069767441862
oVQnS4tQctzIoqGgBaqmqI6AvGo0-TLcZ1gT9WrL6eX7fyo,1이닝무득,4419420247,mid,1743,3,10,13,24290,4071,21967,13,7,24292,9576,148,6,2,26,1,6,1,0.47058823529411764,0.2702702702702703
iSpUX2dZwFC33KIBtYtZGB1sobujtML3R1YugLkCVr0,WAKD,4540086189,mid,1927,12,6,8,20961,7348,18237,17,30,25443,16157,121,7,0,175,2,2,6,0.45454545454545453,0.2727272727272727
Tt4i5FB_u5nkw7CoRNxvh86qgIjq1HGKcNSpytpzeKYM,동부정대세,4540086189,mid,1927,4,16,9,22909,6901,22596,23,29,38436,10439,161,8,0,292,2,12,6,0.5909090909090909,0.36363636363636365
pjXtw8cM3sZPR4oBAtRPjO0KrNktdm_--Bygpt691lI8,쎄이러브준,4540513612,mid,1958,9,9,4,30262,1348,11659,32,36,20994,14248,244,4,0,345,8,17,1,0.6190476190476191,0.2647058823529412
zi-SUF4hNN7LS1ur7UsixnAcUXbt3Mk_nXG-R_CkzBbo,카피닌자 한채리,4540791253,mid,2218,4,3,6,26636,11396,15730,50,40,27956,14414,243,12,0,212,4,16,3,0.38461538461538464,0.0967741935483871
0n-2BfvPbWeMW1v67NYP6qTQV1AAtCaosoBbGFaMJeVB4jMWb9KFdcFP,Twitch 종조,4540000890,mid,1251,3,8,0,6926,1516,6120,17,3,14139,5791,88,0,0,31,3,7,1,0.3,0.3076923076923077
vUdGY2Vt8tp34l7Hzd1aTu-1C7sW8wpTUZaXPGi-jtoqdRY,유틸왕,4540816538,mid,1676,2,8,4,11457,1878,12598,9,14,19818,8094,169,0,0,306,1,7,1,0.2857142857142857,0.22857142857142856
e15zyhTeUQ-KnliKAcOuOBZth0Q9W82sF13UrYwnO3ZP,대전사는정혁모,4540816538,mid,1676,17,4,5,41195,1743,10704,42,11,19623,14882,183,19,4,149,2,9,12,0.6285714285714286,0.19047619047619047
qTo4NovcftHZm32rq6vV8UruKuDMvhy7oMXSoHfPZ_ebdWE_lIH7vOyr,Renard desert ,4540154121,mid,1984,5,2,10,18912,5624,12319,24,16,15894,11919,179,16,0,326,0,10,4,0.5769230769230769,0.1111111111111111
3BVtpzpoQUgpiqgF9QeLIi8k6yQqSSIqvAjsq6qXF8hF,채채리토,4540154121,mid,1984,6,6,3,18981,4096,24955,21,9,24867,13026,217,16,0,45,2,12,4,0.5,0.23076923076923078
pgWGr9H8MVeWYJDNQQO4HF0MTmMm2b8LCEhVmHsQ8yy3,얼bin,4540573170,mid,2140,9,7,14,29700,4270,13305,34,55,25226,13942,169,28,8,928,10,11,4,0.5609756097560976,0.21212121212121213
Pz1HBi0CvrR9UJq4Jdnvho0wDjB8o3BA53jpRQrLz0jP,히이잉잉,4540573170,mid,2140,10,10,10,26427,14264,24453,23,25,39638,13306,155,16,0,414,1,13,0,0.625,0.24390243902439024
85wjVcxBkGw9Hy0TM7DjmkI_qSwlq1WkfsQPs7SCpz4H,요 녀 석,4540811022,mid,1811,14,1,6,23850,2126,7447,30,11,15791,15860,195,36,4,87,1,9,5,0.45454545454545453,0.045454545454545456
_B8831xj6slOyQje7yG1dyPEMe3nIhpzb1gAyLy593Q4,삐돌이협곡,4455957555,mid,2767,14,21,19,50823,10406,68259,29,37,53751,19167,194,10,0,172,0,17,4,0.5892857142857143,0.31343283582089554
toHEmc8gJ-jpfqNamLlvCSB6ghXX3RnJ-l5Whncs-wPF9Ts,Icey key,4455957555,mid,2767,17,11,15,42835,8185,39468,33,27,48508,20976,205,30,13,231,3,1,7,0.47761194029850745,0.19642857142857142
335KBEmAf_t_J-iQ6-lrnRO9EstI7zrO1aSt2wxaHsB7,배 장 구,4520047041,mid,2052,6,4,3,21525,3634,10150,22,39,22197,14456,216,9,0,276,3,11,2,0.391304347826087,0.125
0Kex5_JMSli_wQk85rg6rsrbgRfFv4zEPpnTNbcQWcpqzIs,반지하의요정,4539101286,mid,1640,8,7,2,13500,5220,15496,12,28,28428,11025,156,4,4,428,1,7,2,0.625,0.2
8PShd3hZyak7UY7S-adRo_12r6vLArutdmVbPnfUlD2ENlQ,아베와문재인,4539101286,mid,1640,10,2,10,28649,10080,15928,19,30,24581,13417,197,16,0,185,2,9,2,0.5882352941176471,0.125
