account_id,summoner_name,match_id,position,playtime,kills,deaths,assists,totalDamageDealtToChampions,totalHeal,damageSelfMitigated,visionScore,timeCCingOthers,totalDamageTaken,goldEarned,totalMinionsKilled,neutralMinionsKilled,neutralMinionsKilledEnemyJungle,totalTimeCrowdControlDealt,visionWardsBoughtInGame,wardsPlaced,wardsKilled,killsRatio,deathsRatio
_Ct7LkYINyCNmt5F7FIjxyDu-3-GBtqUU-YRXRNe18ck5bE,토 레,4539652353,jungle,2400,3,7,11,27104,20540,26444,78,43,39305,14427,65,189,12,1104,3,10,5,0.6666666666666666,0.1794871794871795
ySG2osKiw6dT9_3BYpPqCZi7jHB6BK6t7uL7-vkTC9w5,찐과함께,4540487602,jungle,1680,9,3,5,11962,10102,8321,25,23,21215,11158,25,124,0,128,5,8,4,0.3783783783783784,0.13636363636363635
JJ0UmMylsVq6CFbPaXgggh-E7e5VAvS0gBJYhW_Z7U5lAxLA-XS5qO94,혀눅이,4534421422,jungle,1438,10,3,5,11851,8050,7855,21,20,15955,11442,17,147,18,174,1,5,3,0.6,0.15
7IwMY3xtaWYXI4ir3hrbIFYRXikNhYWmmeQfjvM18Dxw,야 정글 주소불러,4533125383,jungle,1658,4,8,7,16296,12818,17121,20,27,32293,9712,19,106,10,447,3,3,4,0.6111111111111112,0.24242424242424243
foqh6CdEsv8fhDrb44_nUMrHLx0umFBpMYkrqbYjKAugZLDYrikYYIR5,Dream boy1,4533125383,jungle,1658,3,7,9,8257,5482,9848,15,11,19495,9411,36,91,0,174,0,9,1,0.36363636363636365,0.3888888888888889
C37b7MqsaY4u-c9zYbIbfK57GHSFxoqDOik_6dGDH9OHkqc,우빈이 와쩌염,4540087419,jungle,1347,2,5,2,5001,11969,10698,18,9,23115,6543,31,80,0,328,4,5,3,0.3076923076923077,0.1388888888888889
l-fO_z-twAZxtWphU87SJ2Y5wjOvd1qSo0dNatQXf_pS2MNd33ys0z3C,부진도파곤곤래요,4540087419,jungle,1347,6,4,10,8921,5598,14705,23,10,18871,9912,13,128,17,267,7,11,2,0.4444444444444444,0.3076923076923077
41z697VsVZW9upN0adp0lAj-pMAyGvA-P9ydfMT9iamYRdw,백정송재훈,4521070593,jungle,1221,8,0,6,10711,16181,13717,15,19,21796,10641,34,133,21,240,3,4,2,0.6363636363636364,0
I0sKbY47Mz_SqzherIrrz3OH9eKnAqk3WRhfbYjMo6sk,바라나시일몰,4532949732,jungle,1330,0,2,9,3517,5892,14939,27,11,17054,6906,18,90,10,159,5,9,3,0.5,0.2857142857142857
Jal7QthKQXWXNSy7Np5x0pRejEthmkKLOkQ4bw7FZEqnICOd-SQYikKz,벌레만나면탈주,4532949732,jungle,1330,5,3,2,6057,6040,15784,7,11,21027,8437,14,91,4,343,3,8,1,1.0,0.16666666666666666
eWUV7N22Jc51wCDPH7H0RnyTsfd-fkosa3ipoyJ1w-vt5X2AP_0NopxD,몰라요한국어,4525917747,jungle,1865,11,2,11,17975,9503,19776,32,22,26450,12978,16,128,20,328,11,19,5,0.7857142857142857,0.15384615384615385
VpGyt2qGxBiqnPkM8x2GZ7Ds2Vvvrsy6_yqxoyxuRsop,강원도감자칩,4522066279,jungle,1626,3,8,4,8037,5421,18204,24,11,25375,8911,47,97,0,319,10,14,4,0.4375,0.2222222222222222
aATU3DelV-c314tE--LGUQP9u9zJpLwudic_KVXAIduVwgc,머꾸방,4522066279,jungle,1626,9,2,8,10915,7187,19096,41,22,25101,13186,50,125,30,315,7,8,11,0.4722222222222222,0.11764705882352941
a6N__6eAgJo-iCoVDUaHSdatGK9NhLMXQCr4s8F6jhEs,구본묵,4540236536,jungle,1683,4,9,5,7859,5549,26577,34,17,35007,9739,45,106,4,267,5,7,8,0.75,0.2727272727272727
SEkAptYSUTzAni-MkCAcspBR88naBuaqJg5hQH1XZVPaH3q2eYjR6Fi6,양대호,4540236536,jungle,1683,7,4,8,9809,9903,17832,35,15,24267,12134,18,163,24,309,6,13,3,0.45454545454545453,0.3333333333333333
WKv6qE4Np5Jb5KpRY869sOFLCGEPV1nMfwLSC71EDHZ3,용쿠마,4540771894,jungle,1986,11,8,14,21151,8092,36537,27,27,26579,13425,29,136,4,717,6,8,4,0.6097560975609756,0.32
kPjHLls8UEo3WMHKXSuCQfPt70gPYjqYfeCcq94NkBsI,응빵빵용,4539284851,jungle,1326,9,3,2,15190,12408,11723,16,7,21887,9919,14,126,13,238,2,4,1,0.5789473684210527,0.3
U3-wwCrtHWTXeq204Z9bzw_kkKVfF7mmFwPY5-E3pCflARo,zi랄맞네,4539284851,jungle,1326,3,4,4,6083,4445,14826,15,15,15396,6918,12,93,0,311,5,5,2,0.7,0.21052631578947367
fDqlzqFeMuDDHj2HxAn1bUSs7_Kyya4Snlb3JRUN_iBa,경력만 뽑으면,4509581615,jungle,1216,4,1,4,5318,7141,7123,14,4,14176,7562,5,106,29,257,3,4,0,0.2857142857142857,0.09090909090909091
-QskOsVL131qackrzpXoOC3PIuBvbjsfApdWkijNWsq1gDvXp6zYPVz2,엄축학개론,4535331398,jungle,2010,11,8,11,26214,7419,22474,39,6,30924,14095,68,144,21,149,2,13,5,0.6285714285714286,0.2222222222222222
09a_NN9VlFIRphs6_AuUb7QMA8w88OfrrB08BR7g6iAAupA,정술램프,4535331398,jungle,2010,11,6,8,13469,7527,29608,17,18,33652,14077,47,128,16,270,2,12,2,0.5277777777777778,0.17142857142857143
08sYMG1WCbWXMPUiQhW4Uq-NL1q0jQgzoyMu5Cy3xQxl,돈좀줍쇼,4498595734,jungle,1604,0,3,11,10062,5967,7249,38,13,17979,7572,15,95,14,178,3,10,5,0.39285714285714285,0.14285714285714285
F26l_tQwn1n0osywhEaPCFY3vFlUflca-IhVmBn2M_5f,애비 파라무그손,4498595734,jungle,1604,5,6,4,12558,12787,15017,17,17,31091,8411,10,85,0,252,6,8,0,0.42857142857142855,0.21428571428571427
ivomt92eL9pmsp86mj_E-QjKwFhXOGYz9haPj3r9T9l8BbE,ltachi,4516123788,jungle,2076,1,7,10,13901,8005,37823,36,23,36095,9956,66,111,0,311,7,7,14,0.4583333333333333,0.14583333333333334
Ox1hL6Uoihd7RPknZ2ZAGNjk0tVSfqTVVIw-dwAA4wWr,송파동머신,4516680344,jungle,1575,8,2,9,11105,6324,17225,24,22,16561,11925,71,107,12,239,1,9,1,0.4594594594594595,0.14285714285714285
_FPOVExPlZgRzgNTMoi9WDwDJj4sZ2ZmlL6WI8YOP7vd5n4,포식자 루시안,4536830885,jungle,2305,4,4,7,16787,25455,36780,35,23,41845,14173,70,174,11,262,7,6,10,0.44,0.21052631578947367
5Px7KUlAZILAyRx0KPAjOAlpf1J-Q1d1qK3dS0ydmjCELaOg4ahQ6OV4,잿빛군주 아솔,4532010230,jungle,1861,7,5,8,18963,26960,39357,12,25,42812,13692,63,151,11,230,0,1,2,0.625,0.1282051282051282
_J4VKqhhDcicGgWJUFtbj469OnMPIAmWp7cs_qSgEZtoVnU,정우야골드가자,4532010230,jungle,1861,8,4,15,15236,11513,35341,29,28,34578,12479,20,138,5,484,6,7,0,0.5897435897435898,0.16666666666666666
sZSVfulOHyuYfGs-KomjDFCZ2yqc-2qBIn85QZfWiz5SYOI,Season Ten Dia,4442720309,jungle,1742,2,6,8,5564,7580,25713,38,14,25792,8118,19,95,0,252,5,7,11,0.8333333333333334,0.25
Oxp6UJWxMBmt1MMeAQ-MfI1Ol8VB5YFTVtWqzdxW9sWWwOc2tyABNmSl,텰보티모,4442720309,jungle,1742,3,2,5,6587,7611,13762,31,11,21414,9785,39,126,14,230,6,6,4,0.3333333333333333,0.16666666666666666
WAo0GIZUYaFgYpQEj3LAUR2Ibezl3Tk-34rkclPRjRvH0CVconc6h2EE,tjdgwo2,4514604621,jungle,1617,0,4,15,5530,3534,7968,23,28,10719,8456,21,92,4,207,5,6,4,0.5555555555555556,0.14285714285714285
0cB8OzF5Hk9X2Uz3kh79PesduEM_8K7TI_E7g55GJKNd22Q,공상과학뉴스,4514604621,jungle,1617,13,4,5,18221,6089,13072,15,19,22238,11213,35,80,8,129,3,3,3,0.6428571428571429,0.14814814814814814
dKXfxJLe65kydEHpRHctuz16WkGZ6VYzI4DKtKVYNk2x3ic,현수고추는철고추,4540611573,jungle,1733,6,1,16,14608,10900,25096,31,18,27459,10894,24,118,10,520,7,16,3,0.6875,0.08333333333333333
vSi9Vx1p22bXS4gOK4rSSRoeBm1-nVVyXETxGrcNz7VP,대바기삼촌,4540611573,jungle,1733,2,5,3,16759,9627,11385,26,11,24808,9552,51,136,0,121,1,7,7,0.4166666666666667,0.15625
ra72g2A3OvViLpoyiJXfNmV_zEqNfG5LgqExYwB6pd0OXGTJfDVnQtWH,keleking,4524537903,jungle,1255,2,3,5,8339,6747,8898,28,9,15285,7225,11,105,12,233,2,8,4,0.2916666666666667,0.15789473684210525
VmqvHmqkV-dnXnD3PWSVDPLQmWvfIF6jYJuUIeJZwPb4YZvN8F8QzgFc,폐급데학생,4524537903,jungle,1255,5,5,5,8091,4568,13700,21,13,18345,7747,21,83,3,267,8,11,4,0.5263157894736842,0.20833333333333334
T3m1h9LUaVmOCDYugbVe3y3gwHOMmC1z4MH3cpRpF2qXu0A,쪼아욘,4540317084,jungle,1851,1,6,1,6804,10299,10753,33,3,24690,8346,33,118,8,68,3,4,12,0.125,0.23076923076923078
sj51N_UzJXOIX-2AEGKvHDAQAjsvfYZ-VeWEwnQkB4BH,3대500의호흡,4510696382,jungle,1613,8,1,20,15188,15958,23062,26,20,29130,12089,37,115,1,399,4,7,4,0.7777777777777778,0.05555555555555555
RHhixpD6jL8T6fZZoTXDpoWtrbYyGUKiOY3LO3EvFVSAfnLI4uDJo1lh,정신고통심한게임,4510696382,jungle,1613,5,9,4,12754,12128,17116,36,33,28703,9282,42,98,8,483,3,4,2,0.5,0.25
ZNERSXlF9whmybE-F3YSbGVS01wK7fFAJmMOWQMowamx,라마마 봇,4508703189,jungle,2267,5,8,16,22898,26231,49859,32,32,56006,12875,55,124,10,510,12,14,2,0.5,0.23529411764705882
FrQMNPq2TMplhEHh_dRXC09gQfiOgfgH49hH9IlfpIoM,로즈쨩,4508703189,jungle,2267,12,6,7,17530,9890,41130,43,17,40404,14595,43,159,4,378,7,16,12,0.5588235294117647,0.14285714285714285
ZiVdZb-p-pe11lv8fudfqI5mtad4iNBBIoenT0k6KsKmBYA,이기고싶은사람임,4527311285,jungle,1465,2,7,5,12777,6033,7091,15,14,18598,8016,62,86,0,193,0,7,2,0.5833333333333334,0.28
fGkCVNb_4WUCiDB7U4nO4TbvZfIWX6a2zuWXw2mbMXMS5rnRba6uljNp,안리나베,4527311285,jungle,1465,6,2,6,8626,10994,10609,20,6,20755,10057,32,127,23,227,5,6,5,0.48,0.16666666666666666
FXrT-UIlQu36JAyRFH5iwtKIz3876KC0KI_nqpvWRsU9r1M9qEEKSw0J,두 훤,4534020800,jungle,1921,7,2,11,13935,23992,24319,27,31,32466,13407,52,138,12,486,5,6,4,0.72,0.1111111111111111
vd9ab_5NiJaXr_O3YPUAZs8N1wLao-0LEVmP42SqfbY5ot5r_iEe-Vqh,수도포병여단,4534020800,jungle,1921,7,1,3,18516,17130,24260,35,32,36130,11571,65,139,0,613,2,12,3,0.5555555555555556,0.04
OcHE8KHeiaWVsFms5O7LO4SX6jXlOBOpsA7FfefKHFjaTEteNlnubHFR,하마 엉덩이,4515405111,jungle,2123,8,7,9,12762,15093,21679,23,27,37878,12710,37,118,8,248,2,10,1,0.4857142857142857,0.19444444444444445
K9Ke5fnDWOv7vt4CHcD8wguPyHVmgs6nvmtshym1thh7K8snUurYhxqm,MISTHY TV,4397558051,jungle,1769,5,6,9,15284,11894,22499,39,6,34977,11186,19,152,12,149,3,14,7,0.4666666666666667,0.25
mZijJ1bwSoNI1cuSuW7cTQsSxsfatt6chs6gGtsXR2ivKrA,im feel blue,4397558051,jungle,1769,6,7,9,20229,13949,18491,40,6,33382,10759,46,154,8,231,5,7,10,0.625,0.23333333333333334
1pEtVuBYmqlU2vmgQBYTJ5Qod4xMuKklZuoHkUkk5zN3fn0,절전모드,4220895228,jungle,1802,6,1,7,9321,9169,8636,32,13,17198,11516,23,137,4,183,6,8,7,0.5909090909090909,0.09090909090909091
YH6wHtcExLGNluEN_dB91z001gO3n7VCBemFUEJgPI73,어린이탐정단세모,4540381127,jungle,1960,8,3,3,16017,10899,16043,24,3,24151,12347,15,171,12,240,6,6,3,0.39285714285714285,0.1875
Kt5lERklK37Hh15cWOuVt0cxVhYfGxRj5s9eti8J2YQ4,죽었습니다만,4540381127,jungle,1960,5,2,6,14970,15834,26088,30,20,32536,13083,65,203,25,806,6,8,6,0.6875,0.07142857142857142
3dGk0e0SmWp29r80ZRkILW8DE8Xf6d_geSkqxZVp92_B,욕설첼린저,4539191607,jungle,1354,6,5,7,14013,4816,11203,22,21,20588,7640,27,68,0,366,7,11,0,0.7222222222222222,0.1724137931034483
Lv9kte6VyHwitWlYzhkQjvpNZhzQFV-th1xib2zvY8zAQtQ,뽀로로 똥냄새,4539191607,jungle,1354,5,3,8,12964,12523,13983,15,23,23532,9091,36,104,17,313,0,5,3,0.4482758620689655,0.16666666666666666
q-L7CDvqchMUFJ8olH5zTOpuAv7E1n3i9-1GlwksaNehdAk,평리초일진,4540349937,jungle,1751,4,6,6,8026,15090,28443,33,15,37055,9521,18,116,5,308,4,5,4,0.5263157894736842,0.18181818181818182
T7PUHbAElMEioWgm5Y5-HVpjlB7HZuASJ5yHyPgOPFGWMnM,남경엽,4539987460,jungle,1989,22,3,5,29841,12291,15519,41,29,28228,16769,65,156,23,769,5,6,8,0.627906976744186,0.16666666666666666
gK_qHpE_KaO21kIC4Pe-88oQmuCnzkdPcYSlIcsdY3HY,시바거오지마라,4539987460,jungle,1989,5,8,2,8958,4639,11535,31,20,22701,9778,50,82,5,186,5,7,6,0.3888888888888889,0.18604651162790697
iAfrwWzHpvAnXN2pA7PtOnYvXlSHM32Chupn77E8-XlL,MID하면 Carry,4532158926,jungle,1561,1,7,5,4464,5933,15306,24,9,21331,7225,23,88,0,283,10,17,5,0.4,0.3333333333333333
PsH_Oln414Q8BHf1Q5FyKGuEYqwdVOwp7Q748zWlDjDVNg8VG4ZH6J6w,공업역학 정역학,4532158926,jungle,1561,6,1,8,17902,7881,14468,34,29,16342,12483,50,169,15,440,3,3,6,0.6666666666666666,0.06666666666666667
Jqq4mj4QXwh-G1XZbR08xIwlKJ-K0hFfgfo7T4HLeoXKZEE,그대가원하는정글,4524379326,jungle,1888,16,2,8,17274,12013,57546,17,46,30566,16623,44,177,37,713,2,2,1,0.4444444444444444,0.058823529411764705
xNorHAK7hVO7m8ySewZMq3jXq1xg7BzJpz6ZSWw3nKuEiwE,소울모모,4524379326,jungle,1888,8,14,6,31460,12223,12601,16,15,39162,12578,53,108,9,153,3,9,0,0.4117647058823529,0.25925925925925924
AuCy44zXVArnxwA_gDO8guAtaajwIjyy3s2xtUQV2p4oV04eg6vLHKcQ,고추멸치김밥,4431918215,jungle,1768,4,7,4,15414,5870,10856,31,27,23587,9051,24,105,0,145,2,3,5,0.42105263157894735,0.16279069767441862
r6eLODfznn0e4alcKO2tOyEEtLUlZsfKkvta5iZ8bOOM,okman,4539948528,jungle,2094,10,7,21,29354,20353,50162,39,40,44293,15658,45,132,37,326,5,7,8,0.6595744680851063,0.17073170731707318
p2QwqIzrzW5b8MZPR95TG7m2iDd_CDslCMyK1BJ9FtTu7z4,오빠 혼내줘,4539948528,jungle,2094,13,6,7,19335,8991,37532,39,24,32609,15001,56,146,13,346,9,17,5,0.4878048780487805,0.1276595744680851
a26LvKRiIcNFGAYYQq4_bl7ISJwuuJd4v8loXy5N77siPF4,참된정글러,4510814200,jungle,1698,1,4,11,7364,35486,17463,18,22,23632,9942,57,126,19,416,4,5,5,0.4444444444444444,0.23529411764705882
jME3m7lYpratqVKeWHYfvYWmQ2-Ec0YSwTCHXLMS2Jo,PeleN,4510814200,jungle,1698,4,4,4,11216,19259,14911,34,3,26458,9827,21,143,19,99,3,5,7,0.47058823529411764,0.14814814814814814
8Deasc7vBeUqN-p5kcf5aHKigIndwxGrs-OQgW7zPEet,청계산출구,4523550976,jungle,2442,2,4,13,12390,15329,18080,37,20,32509,12208,27,134,21,499,11,15,6,0.625,0.19047619047619047
LfC53P255Bmfd7R9D6oP9FRKeGnEEELNrsyc1Kvj26vjSxI,덜익은 안성탕면,4523550976,jungle,2442,2,5,9,8721,16480,17077,56,12,29028,11611,36,143,7,240,13,21,6,0.5238095238095238,0.20833333333333334
NzL-4CAlLKSVSuKnFqg4EH3_2kaLSNLf9DNXpL3tZaZavbk,IlIlIIIIlIllII,4379201820,jungle,2156,4,12,12,11778,8271,15152,39,18,28764,11599,38,105,2,170,6,7,6,0.43243243243243246,0.3870967741935484
YZGC08n10M_SAIx-Uh749XUR-cYxaoPjtxvt181yP-b4hhs,Just Kick,4537554099,jungle,2074,12,5,21,41230,18197,17650,22,26,34806,16197,82,159,8,262,3,3,6,0.7674418604651163,0.1388888888888889
r4za_akTnyn29rErITIn-wMrC0O3FvmfTGMyeN0THPsarIk,정글고 무빙선생,4537554099,jungle,2074,6,10,3,14764,8244,13427,29,19,31112,13573,45,172,17,734,0,6,4,0.25,0.23255813953488372
dtrWx2zcwkSbEWttTQlf-Vo15_bpJ36utp69stUOTuujw1M,아기거지생쥐,4537794027,jungle,1307,8,3,7,14876,13930,12417,13,16,24396,9765,23,100,16,353,0,1,2,0.40540540540540543,0.16666666666666666
LKrRsNrv4WU9X7cdfkXhUZ7TjmUMhmP3xqTJe_XJKiTcCkU,왕대리왕,4537794027,jungle,1307,3,9,8,8120,8112,12669,15,14,21758,8029,28,90,12,197,1,7,1,0.6111111111111112,0.24324324324324326
PgbRb09nKZY0x-o3EquQC3gua7CTJOblF84RDAF7UOcK,남원781,4537778587,jungle,1770,6,6,6,14143,15789,27198,45,83,45155,10597,38,121,7,797,13,24,4,0.34285714285714286,0.20689655172413793
AqhnHAQKQ2TnDRzgkAUTKAIkj9kL0CeE5xlGxNcqQnfvsJE,비둘기발러,4537778587,jungle,1770,5,6,13,14984,26785,32033,24,36,36536,9381,34,76,1,327,4,11,5,0.6428571428571429,0.17142857142857143
eWoLIz0r42Bxo7p2dsQVqeTSNnWr9ojD9mnbhJLm7xS_,파스쿠지,4499716292,jungle,1802,10,4,11,19337,16512,11150,28,2,27617,13467,55,101,15,107,7,6,3,0.5526315789473685,0.13333333333333333
556XhXtgWtp3KXjICFVoeLT52f1ltuNrsOas1tMFUWm1,파멸적 리롤 사내,4539635383,jungle,2406,13,9,11,37294,29033,63633,28,24,54175,18092,45,191,8,579,1,6,5,0.6153846153846154,0.21951219512195122
sj-7enlGFGhVN-T6TmE2PKcF-KYBpEaCZAMIdw25fTw7z1c,으슬렁으슬렁,4539635383,jungle,2406,12,6,12,41693,22240,50112,40,38,44485,18037,121,162,0,525,4,7,11,0.5853658536585366,0.15384615384615385
UffYyoGrAb1-cBUkyyx9uUZEZZJCFQ-sV22U5XY7WhrPiXG2RuPB1f8M,봉인의유물,4325749295,jungle,2026,4,6,9,10633,9999,28870,30,16,32364,11292,38,135,10,409,5,12,8,0.48148148148148145,0.3
2GEqLmf_NDd6_bisMH9l5HTGKwX2OI523pS-tnyMWyZo,수련중입니다,4325749295,jungle,2026,2,8,11,10945,11188,17515,40,22,29667,11322,51,98,0,262,7,8,12,0.65,0.2962962962962963
CRmiM1dstwM7WRld_YwwE2WgGLyAEKppcwPGsMGhotui,yurifocus,4399610489,jungle,2107,4,4,14,17306,6568,27125,33,22,24332,12833,51,128,8,402,6,14,6,0.6206896551724138,0.11428571428571428
xY0iHkLMd88P3qx-7fITEB7QluRgGzhUWCF0nmXy6T6j2BofIv_1XegQ,김종갓,4325336530,jungle,1974,5,9,10,17623,7680,45898,32,29,38514,11203,52,117,32,295,3,4,9,0.38461538461538464,0.21428571428571427
abGhTuV-rrLPV63L3ODqg7XA0BgB9drCskG_ls9-Vlty,아직한입남았다,4535735764,jungle,1266,1,6,1,3041,6394,7575,9,3,16848,5595,19,73,2,110,3,3,4,0.2,0.35294117647058826
hvoNJagJtlF44NLfbvss2K-PUsSmJ1jc-V8CT676h3_wlE4VPTKFLOlz,민선앙사랑행,4535735764,jungle,1266,3,0,7,6221,11617,7629,34,2,16614,8149,21,122,14,133,2,15,2,0.625,0
39pg8jJs0v37pHsN0ow3WsXCRslewa6IkGz5emfyWDzDJYWHGOQVcBBI,넣을게여,4539110611,jungle,1252,1,2,6,4679,6504,12960,22,16,12887,7412,25,84,4,465,1,4,1,0.4375,0.18181818181818182
pF5nmA_u4B4zKQ3hUFYsA67Zj85SLOfcH_HpwpEOmc18,기누삽나,4539110611,jungle,1252,4,2,2,3797,9024,8074,13,1,15094,7044,13,94,20,109,3,4,1,0.5454545454545454,0.11764705882352941
BCBFYzHCVMc8jyObBvPVawLrxrTRNbjBn_wHjc8CB8NpBi0,매노인,4539310163,jungle,1678,9,3,6,14412,13413,18427,29,18,23911,11845,5,142,18,269,1,3,2,0.625,0.1875
FR7fYBgOQeoumMRGQ-BQ6dafF6GWOZfa7_nOv9Sfxz5f_AxMX3B2QTLU,후이이잇,4426111605,jungle,1493,1,6,2,3367,6229,25207,9,7,25857,7648,35,120,0,441,6,8,1,0.3,0.25
5sYOjUwPsjjgYA1nfPzK10ytXtHstWYPDISRAuAO2xb7,관악산타란튤라,4500287303,jungle,1915,6,9,6,15847,7032,10307,18,26,27196,10970,25,99,2,129,1,3,3,0.631578947368421,0.2727272727272727
vHmWrexz84alZqSnDtidpCfM0jMQtX_e0GnYOEcSDqA10i4,귀욤제리,4500287303,jungle,1915,6,4,8,13404,16136,17264,37,164,27207,12468,58,160,26,490,6,11,7,0.42424242424242425,0.21052631578947367
Xy_Txw4kOEEFv9nUXcDt2-gbSp1JhYN6kur-T_BFqoV9QQDUgI1FTD3m,모구모구 좋아해,4539154469,jungle,1563,8,3,4,15497,17942,15010,26,3,22129,11050,34,156,8,124,2,8,6,0.75,0.125
rGwIteXVUJszmag9oCAci5REyFKcz-AWwdq5Mt8UArjYmdGutDeD77nC,런 킹 ,4539154469,jungle,1563,4,0,11,8767,7720,23700,30,14,18345,10054,16,122,14,331,8,9,4,0.625,0
Kbq4x7yAFBy0jgsz54Aj7tI7qS4fGGsIefAFqUaY2z2Duk627LX9e0jz,fen디,4516705668,jungle,1235,2,6,4,7485,5835,9561,18,4,18173,6677,6,104,4,243,1,7,2,0.3333333333333333,0.21428571428571427
6lgW3gHLQNTdekCVLoX-p9TzRgV0XoffhrSKRWIusDdt,용은자연의것,4449344527,jungle,1757,2,5,4,6588,8656,15687,17,7,25995,8525,45,101,0,153,1,2,4,0.3157894736842105,0.18518518518518517
DS7BJ4w1Mz6ueMlJOjO8Qg77-Nrt_Oi88ir_Kz4vGL0L,국내산폭격기,4449344527,jungle,1757,4,2,12,8888,8298,28398,36,10,23121,11512,43,143,15,534,4,6,9,0.5925925925925926,0.10526315789473684
yJzPaP2rbnK5ztT0PL7oeypjW_Mp-9CkqkTX2A2YSUj1eeoqJb7OlkqE,DonPisma,4532781819,jungle,1839,6,3,12,15336,6476,6866,37,26,17764,9612,16,79,0,157,8,9,7,0.6206896551724138,0.13636363636363635
ex5vsM5U4daakr4Nbdsfe_SYS0Ep-b_g6dc2hKZIE4Yy,담 공,4532781819,jungle,1839,2,7,4,6167,11434,32775,41,14,36125,10527,30,147,7,391,10,11,7,0.2857142857142857,0.23333333333333334
klmzgJN7vp1y5ffLMhhC51gAxTceGoXh6ACaIgd1bBq9,괴력난신 가렌,4519864087,jungle,1567,9,2,11,12125,11519,15534,32,19,19793,12339,27,110,5,284,2,8,3,0.7407407407407407,0.18181818181818182
AFHvuVlWyIkhiFdWfI75QVq6Vmo4fFR1B93hwMigiKB_bwM,트리조,4519864087,jungle,1567,1,7,5,9182,6550,15511,18,14,23336,8199,21,120,4,95,3,3,6,0.5454545454545454,0.25925925925925924
3Rsv-lDCF8LlSeaTJbyLPQHEuhSP4g4zMZKdh18NLbzL,깔깔태연,4502557885,jungle,1340,5,10,7,12880,3760,16028,7,25,19030,7988,23,70,0,260,1,2,0,0.8571428571428571,0.29411764705882354
2n5GforEkDBfV-KvbAQpz2yvV5j8ZQ3vzR9msQN2snrYoZE,영혼의 꽃 제드,4502557885,jungle,1340,13,4,4,14377,10032,12332,14,1,21688,11308,18,113,7,84,0,5,0,0.5,0.2857142857142857
MWfT3QF2Pt1y64g7GTO_W5PdYnQaUasljuprskFLhWxUbxI,ass gang,4534968047,jungle,1666,7,11,6,10330,10808,14258,17,18,36801,9385,23,81,6,349,3,3,2,0.4642857142857143,0.2619047619047619
KDjIlWtxvzRvooS45D7L-IvwyDuqQmCT8FfekFIbKsYZ,정글인권수호자,4534968047,jungle,1666,9,4,12,20671,10435,16484,28,26,22166,12642,38,147,16,426,7,8,4,0.5,0.13793103448275862
2VWulgZugtoZrmQjCFdJLHdC6gvp_TuwWCT_YCdKWMQVSPI_Kk5S36EJ,romoddi,4540841102,jungle,1321,3,6,3,8213,7694,11565,13,10,21382,6922,26,81,8,423,0,5,1,0.375,0.21428571428571427
vKRUNoYoCaWnB9uscv8458ErKlPasdr-XyTaQLbYZUlFbvJhPTejwDp1,미드맵리좀,4540841102,jungle,1321,7,2,6,11843,5100,12288,11,8,17821,9429,46,77,19,102,5,5,0,0.4642857142857143,0.125
nEKn9adOjf0ymnkxmijIXtTkYYIJMVQF9mZSdPpuTAL2,최태윤,4527584058,jungle,2355,5,13,9,23075,23090,37982,32,24,58688,14294,62,152,9,510,2,3,8,0.358974358974359,0.3170731707317073
4tNYRLjP9Yj8seTyU6fKFBrilKSWdDjlAy0PHQuTHSbj,FF0000,4540733695,jungle,2007,6,11,8,12558,9709,16619,40,6,31822,12401,38,140,17,231,8,9,9,0.4827586206896552,0.21153846153846154
TuC6v8ew7mQ8HIpZINQ1KtWO5XmUCWJ3KTibcR0QEOT-18o,내름낼름,4540733695,jungle,2007,23,6,7,32190,18275,20846,19,4,33230,17312,64,139,8,73,0,8,3,0.5769230769230769,0.20689655172413793
QtQhpzzxEcH_jr22gusrtEmFRh9kBJyaBFdUblmPUM3zs8M,19학번  꿀꿀이,4532929572,jungle,1270,5,2,5,6731,11904,9793,17,7,16431,8167,14,100,4,148,3,4,4,0.37037037037037035,0.14285714285714285
d2zMAqB7ZJpcAyWYAEEgo6Llvjnr5342aNa1XwGbQSx-,we xo dia,4525629794,jungle,1958,11,4,11,19937,9075,34417,34,18,29805,14729,42,163,0,315,9,17,3,0.6111111111111112,0.18181818181818182
DPwkvp7ISdWJYbVp3Rj4aTfWA4PPWOel0hWLcjfSL0G0NoAr3RzkvdTS,calmPlz,4525629794,jungle,1958,6,4,8,25628,8746,14609,15,34,26918,10976,29,117,0,857,1,2,6,0.6363636363636364,0.1111111111111111
iZXPPJWzHsFzE6fEhqaWkdDJ7eDewOmGl6kxclSDC6Klza8,아기주헌,4539221784,jungle,1358,0,2,4,4247,12550,17749,8,20,22916,7305,39,112,8,309,1,1,0,0.5,0.06896551724137931
FLfeCxxDa8HwMkQoMwH909M_5xffIoTI9S1hSHKelCXRUa0,wei xu chui,4539003549,jungle,1954,1,9,7,6832,15436,25054,18,14,39508,10022,27,140,0,346,1,1,3,0.27586206896551724,0.2727272727272727
OFtikK_r7taUcHj7J57K481BE8l-dKf0fXfcy1QqqaR2v5Y,작은케인이야기,4538576445,jungle,1689,8,5,7,19039,10002,28547,36,27,32362,12740,49,133,25,285,2,9,5,0.4411764705882353,0.29411764705882354
OoFNc-1iYq7SS0bcKYUDxBzP6tkXdNwHhgsFDGeseJ3G,llzx235,4527076529,jungle,2318,11,7,7,20622,8636,52956,35,41,29809,16465,57,185,17,296,3,2,9,0.75,0.1794871794871795
oXTA7ld8XPKV4pbRPX3mos5_iSQWR6lLOvSZuRlNmt-cdPs,다딱이 현솔,4527076529,jungle,2318,5,4,23,15665,11583,42961,22,24,35346,14272,44,161,8,500,4,11,0,0.717948717948718,0.16666666666666666
_Ut3TjuuEZzn-jS0HULkUf7mjN5-6Z3nbYHbiM1X38MZ_MU,일심백천만,4522492770,jungle,1885,3,11,13,13139,8191,31979,24,23,35907,9377,16,109,4,423,7,20,2,0.5517241379310345,0.275
ripDHdZQKDSbKYoKQVD9JWmUTf2i5vixczv9Kd14WMviGbvCdOAoETyZ,롤만할줄아는사람,4522492770,jungle,1885,13,3,8,26362,10163,14660,32,22,22683,14585,76,136,16,350,1,2,10,0.525,0.1
hEsFuUxwJsNms1qBl79As6t3cINL8_n8XoDR9MJXMBvw,다 부,4537912045,jungle,1666,5,6,17,11422,6268,26033,24,24,26289,10320,9,89,13,220,6,7,3,0.6666666666666666,0.21428571428571427
uP4V7qxVEdWnd0Qxt-MTyImLOLzNIX2zJhDaUGkuruDC1pQ,Talgu,4537912045,jungle,1666,2,7,11,9796,18524,19439,17,34,32068,8230,21,74,0,279,3,3,4,0.4642857142857143,0.21212121212121213
tLcZXLyFd28K5slTCoHQp1YV9UdW7v03g6ii2i9U6D0R7lM,GUESS레기놈,4519792519,jungle,1518,5,7,6,10674,23514,22473,19,32,31962,8325,13,94,6,397,3,11,0,0.5238095238095238,0.2
k5K6c-JvMUoA-LEvTliUdST4VyrmbQP5bsC2A0Uuk3_z7QBiOSX92SUx,송남중,4519792519,jungle,1518,11,3,10,18711,11153,12248,15,8,22958,12782,53,118,19,156,0,2,4,0.6,0.14285714285714285
KcqZvQ5DIcZxindB_J80pugL7_KAWbOU00csWXqBE26o,Kings Road,4539869046,jungle,1241,9,1,6,9738,4273,14588,22,13,13785,9722,7,112,0,335,5,10,4,0.8333333333333334,0.07692307692307693
yY9jxi2haFy-WlmQqauN9wvuqu4UoOlxvb0rV7tqvHDS4Q8,안진다고,4536258481,jungle,1755,7,4,12,13113,10780,11550,19,20,23327,12273,48,137,4,178,3,4,5,0.5757575757575758,0.2
jsQzPQeymaKKhXillUUGl6V4kj-3vRuJ8xPNBeHrFu6FvZyHpXjK-D23,흔들어째꼉,4536258481,jungle,1755,1,6,5,6220,7361,20188,25,13,26119,9362,14,128,1,272,5,10,2,0.3,0.18181818181818182
FkejlCmbfd9EOq1_gKKyb05pt6NU5j_clZoAR-ppIEcRbXpoD8rFAYdi,koko5,4539558848,jungle,1659,3,3,6,13955,17692,24057,23,13,31328,10083,40,142,17,341,5,6,3,0.42857142857142855,0.10344827586206896
hgzRxn-s_J_AUuuEKg6qw1Ub-TpvYIjLER74WQ87I8Ha,나좀키워줘봐,4466159552,jungle,2344,13,9,12,31937,12236,21309,19,12,36840,16134,35,194,17,402,4,4,1,0.5208333333333334,0.23684210526315788
5j8hS2rujCmslBzAB094v_ay8RW1Le1jYHHFvvNfKjXJ,초록응가,4518341113,jungle,1544,3,7,6,17213,12326,12737,24,44,24399,9067,53,106,25,626,2,2,2,0.45,0.1891891891891892
7dlRkHOXbVcrJTr2VtflvgN9MRFf8zzzRMr33nAXosXP62PFg8yXH33T,ch224567,4539024076,jungle,1561,12,6,13,27373,9955,19522,32,23,23623,13560,26,147,29,320,4,5,6,0.7575757575757576,0.3
wZDEb8XO-8nz6I--YEGysTd0j9wjAsTDtumfWCE4CtIBvaI,JGKyun,4508712727,jungle,1361,3,0,5,6335,6427,8584,24,4,14853,8029,10,115,1,421,6,7,2,0.26666666666666666,0
QIVRneSxfyBKVbd5wZsZlBLTuivp91Z9sh_RBH_CbGOzYAA,이주렐라,4508712727,jungle,1361,2,3,4,4554,8737,11716,17,17,18962,6080,22,76,0,241,2,4,2,0.75,0.0967741935483871
_vt0GX3pn3j5kwqHaBr3EZ5Wu-B98DaPWFzJa8B98_2U,dhorjatorgka,4539419659,jungle,1801,12,8,6,13816,10607,22276,29,19,32198,13715,24,104,4,250,8,9,2,0.72,0.2
dGkst4Mjzu9MnqQTYGpW6_bjASy5LuiA4JQDLVuKmJkPaXHDuN9xd-5L,귀여운 아린님,4540218116,jungle,1907,1,5,2,11228,6819,15121,40,16,25122,9583,53,139,20,378,5,5,9,0.1875,0.2
B2ASCGcArCEB9B_0Fg5JNJEG25o7bw3JyMExWM36jzgt0Ak,분기딱,4540218116,jungle,1907,2,5,9,11864,14060,25662,33,28,32139,10197,39,109,10,191,2,7,4,0.44,0.3125
TbEdfWxB1pmJSTD3Nh-ODFMkhmAis868kGEtPtKajpm3NzE,엽떡먹고싶당,4540781238,jungle,1394,3,2,18,12036,20994,32099,22,37,32523,10360,26,126,13,374,5,5,3,0.7241379310344828,0.08333333333333333
uUeCabCr-14r81YuO68VTw706Eozu-BkvgnVeK1xKVmJ9QxOyOJ_NZIl,wumingzhlbei2,4540781238,jungle,1394,5,6,3,11653,11882,10523,22,9,22936,8237,17,99,0,139,3,6,4,0.3333333333333333,0.20689655172413793
eVBJ5qrzdD5ac4rLyrsN7eLdagm3yu4BlHexz7s_SKyoux8,조 완 행,4532581135,jungle,1507,5,6,2,10132,8349,11936,19,5,23895,8532,24,90,4,163,2,3,5,0.25,0.15384615384615385
JI0R-zy72Ym5m3E4xget87PQI_uzz1pqXASRZWHSbZ_N,그짧은순간,4540076160,jungle,1687,3,3,10,7348,6574,24320,12,20,20976,10279,33,144,0,443,4,3,1,0.5,0.10344827586206896
YaYELbgL81BW7qj5HdRDWYNvBhZSZdkP4b5mpLbHnv_V,우리팀 쉽지않네,4540076160,jungle,1687,9,2,3,17056,14919,17657,32,5,25241,14101,64,145,13,181,2,5,6,0.41379310344827586,0.07692307692307693
nIncztsQ7hOF1XEp4rd2nJE8teUDHJwHVWYV92CwFi5KLII,이솔뫼,4540685205,jungle,1626,5,5,9,10179,15593,18123,20,17,27392,11651,30,142,19,208,3,2,3,0.5833333333333334,0.17857142857142858
4eRTiQIwpCeAdBAFLvAAfTTh-NqSoc4TicSXJcUM9rWzDAcZ-K3f73j-,CcRrVv,4512710531,jungle,1865,16,2,13,42436,6183,16721,23,18,24667,15856,37,146,7,318,2,11,1,0.8285714285714286,0.09090909090909091
lSsPaNtsrl0KoFt0plMmDZzCsRkgeqSqbCw1pksWFGUN,인생은홀과짝,4413099096,jungle,1624,4,5,5,12373,10784,14588,32,17,26851,8950,25,108,8,237,7,7,10,0.391304347826087,0.14285714285714285
-aKx6fV4IHUgBBvd0N2jMB6j4ZJoeqXqIqKJtEeq6Dx-vJk,삐약 삐약 훙,4535553601,jungle,1949,9,8,11,23287,10003,29078,24,30,32084,14399,57,162,8,570,5,4,2,0.5405405405405406,0.18181818181818182
L0BE2bT2ebT6noyxgNXH-8F7nU_Wl9BIO2W_4YDWXgc9L8I,떵 은,4540266910,jungle,1474,3,8,2,11015,8506,9282,18,3,20374,7294,7,81,0,117,4,4,6,0.4166666666666667,0.3076923076923077
4nuGk9UT4C6RqXO1mypI4_3sLdG0ILo1eiHiyBKT-12B,연기충,4540266910,jungle,1474,5,2,9,13541,8500,10024,21,21,16665,10855,22,118,18,252,2,4,5,0.5384615384615384,0.16666666666666666
z4hmZ5boKJz6mJqAcwJKgtE5KYRStKaTX2896EgWNhn3N04,SYMPTOM,4533703791,jungle,2035,4,5,1,9572,12531,13318,79,21,25369,11635,42,151,23,828,4,13,7,0.29411764705882354,0.15625
xh20MgSEMYM25yUO066ubOLS7s5WX6a_PJtukQgUrlin,난 욕할수없다,4467589870,jungle,1836,10,6,8,33240,8342,13973,20,12,22338,12947,19,102,9,246,3,13,0,0.75,0.16666666666666666
ClySfJ9f7c-LQgEKAVKL7c9JBy-T_57-nF3w56WOQnB761xb2EXMZNk6,RememberMeOwO,4467589870,jungle,1836,3,4,17,12186,18875,29895,40,34,30686,10450,22,139,9,336,6,6,7,0.5555555555555556,0.16666666666666666
T_dScuSbtsa-HVb6CAUT471CSFd2K44hC0m-QoorhivG,기모링유발자,4540810285,jungle,1425,9,2,6,10815,5901,16338,15,12,15658,11606,15,128,6,466,2,7,0,0.5555555555555556,0.125
tw-7u1go6XpLj5VYvm_LPtZtvp8nu5TjkdLxB_ajp6IlAd4,다소뽕수,4540810285,jungle,1425,3,7,2,6370,7749,10819,20,4,20230,6967,22,82,2,121,3,3,5,0.3125,0.25925925925925924
4viS83L5_fnpX_m5x-kU97lCTElZ_z1KsfgRkxCgTJWZPXbJdVllZEC4,보급형 악 시,4540139678,jungle,2040,5,7,8,20072,13441,16865,13,9,32320,12412,28,151,4,263,1,2,3,0.40625,0.16666666666666666
iQzqbVcZd59q_ydaU5j7fC0_xfgCa9FSyqN1NQFIxRKO,도도우니,4540139678,jungle,2040,10,6,15,20893,17396,29307,40,33,35878,14343,40,141,4,421,8,9,5,0.5952380952380952,0.1875
FyTDX5NYCH5GXb08R-OEK31_I-Y1HDrvj5I0BTxIsoPJkpMLZf8bhmYB,과연은과연이군,4381101315,jungle,1924,6,6,11,20621,16567,28990,26,24,39085,11676,14,133,25,311,7,16,1,0.4594594594594595,0.21428571428571427
855esSNwpr77XfU404uUlxhJwaaYIfRTjFA5kgVJ0TUJX43n-FmwOraV,뱅뱀뱀,4381101315,jungle,1924,3,5,14,13368,28645,30659,23,38,41542,10075,34,106,12,424,4,6,3,0.6071428571428571,0.13513513513513514
eB9eC3fRufiez3hCNU3mBV4Pvz1U_C02fgIYeYY15nw1yMEGVXN5o8Ok,나와 나타샤와 흰 당나귀,4535254955,jungle,1303,9,8,7,16795,4328,8506,20,27,18243,10218,9,81,0,102,1,8,3,0.6956521739130435,0.17391304347826086
dG1J9jrhu2TEewo-FWRFODSyJekmFq8zNraT_r6MSSmiXRI,One Above Alll,4538995352,jungle,1613,4,9,10,16526,24834,28568,17,48,33702,9304,22,92,0,417,0,8,2,0.875,0.21951219512195122
xDQJVzroAMsEIDidRpLCIgVYbHMX8fnmC1toVg5HgCuIJ4Q,물흐르듯부드럽게,4538995352,jungle,1613,20,2,5,30161,16494,18911,14,29,28067,14378,25,148,22,488,1,3,1,0.6097560975609756,0.125
6ibr5_W7nl5b48a08QS8DAUll38UihJQzdZxv9cmfwzlZM4,국가대표 니달리,4446284084,jungle,1916,23,7,7,40298,17812,27690,12,28,39758,16653,59,107,21,537,0,1,3,0.6382978723404256,0.25925925925925924
TigVluaezeCBSXUZ6RHfN20mhluGm_QbDzk952JSYXhm,이겨버리는편이야,4446284084,jungle,1916,6,18,6,20442,6271,14966,12,7,39870,11336,62,93,2,85,2,4,0,0.46153846153846156,0.3829787234042553
hlTJDg1ykebGUBkgN4jDdiBLDvnJsidnTzjA7tvzJeskcIw,옴므파탈 범수,4522996803,jungle,2258,9,5,9,16565,9920,48948,42,26,32600,15326,57,175,11,400,8,8,11,0.4864864864864865,0.19230769230769232
pftw1QzH_DJVzel_OHYmJ_jur5GDr1IQpMp1rfo2-b-r,꽃은이쁘다,4540010400,jungle,1575,7,1,5,9511,8451,25069,34,17,19792,11081,33,143,9,406,4,5,10,0.42857142857142855,0.058823529411764705
rBTM-OFEMjRbIeucuxweuOEkbHf58TW_tIkVSyGFiUcVjeE,해븐다,4540063710,jungle,1724,7,6,19,18737,35839,39192,12,59,43821,10440,30,83,2,458,1,3,2,0.5531914893617021,0.375
j9hr3pn8XUgHA-qxqdJGGLKm31W6jEQrsbu9TtiOy16W,백핑싫어하는사람,4540063710,jungle,1724,3,6,5,15106,6507,35647,18,27,37055,10191,57,124,0,334,3,3,4,0.5,0.1276595744680851
1t0XACkZQe0VyoM4qppM2GuJOwo44UPTcrNwC0P-X3_oTNI,피지커헐,4509240257,jungle,1296,1,2,13,5009,6519,15110,16,6,17353,7796,7,128,12,136,2,7,1,0.7368421052631579,0.13333333333333333
LzeKfAaMkf25LzW_xuruPQBy006d6VR21PYp7qBFqDo,핑챗 all 차단,4509240257,jungle,1296,5,2,2,4549,6196,17360,8,17,14745,8168,28,104,9,454,1,2,2,0.4666666666666667,0.10526315789473684
8cQmM33t9JbLPh2Q24xGb_Cby2ptnG4cc_ooXX_pkBnh,길구봉구,4539725160,jungle,1722,3,3,4,8774,11020,17096,22,12,28044,9293,23,136,0,167,5,5,5,0.5,0.15789473684210525
eRXObU2KhETZ_VICnfNpyXB-ukpaQTXLQNkIFbkoO304GTXxH81bXIJk,싸우지마세오,4539725160,jungle,1722,6,2,7,11853,7418,10521,43,15,15223,12574,25,176,1,393,7,8,9,0.6842105263157895,0.14285714285714285
Tsf_qpa-b0gv6RS7dY7EV3_JM-yWMv6oLMWr69WboBHiKQQ,정글로다이아,4535100814,jungle,1287,2,4,3,5702,7306,10640,24,10,17610,7365,22,94,4,280,4,6,8,0.5555555555555556,0.21052631578947367
cvifGzrFJpcyWNgzNi8wJ7vEu9jxdiyJusZ_N8qY1AEsbtFLjLAbxRoI,4AMmaker,4535100814,jungle,1287,5,2,5,5458,10547,9066,15,3,17704,8453,8,117,9,131,0,1,3,0.5263157894736842,0.2222222222222222
M9gbeF-VSJl3jX-8w2h5aQgnbGGKynbrW4gSuOAly46H,봉잡았어,4525908879,jungle,1494,2,1,5,2427,13119,10050,35,12,17675,9311,42,110,7,189,6,12,2,0.2413793103448276,0.1
Mr9NL7KzowtCQ3XIPOLlWxTNyb6JUIWFg8Hb4iJC8t8C3uUyuuB1jGXz,호들갑떨지마라,4525908879,jungle,1494,2,6,5,11424,9036,9168,19,2,19965,7336,25,103,3,78,4,6,2,0.7,0.20689655172413793
hIw2P5OOCeNkxcvEmBLEDuK-RbmWq21-39kucgVR0hal,초보유저12345,4465713210,jungle,1481,0,3,1,1460,1242,4652,3,2,4748,4147,0,27,3,68,0,2,0,0.05,0.1
OoeAFIrOWz8dRkac4U9JgiOcgTJULh6GiQMezZGINCk9yJQ,쓰다남은계정,4408686956,jungle,2427,9,5,11,42089,16189,32422,20,10,42076,16998,95,185,2,193,2,5,0,0.5555555555555556,0.11363636363636363
xQ44HXf9h2gLr33EFBUIt1_mJWZBYgecT6dTDcipDXttBA1pL5ikBGCg,강동돌,4540678982,jungle,2782,5,9,21,19608,13320,51495,51,40,53215,14564,42,110,1,492,22,35,8,0.5777777777777777,0.21428571428571427
EzsY2uiC2oure81byvjJlTcuWai0PVum1c-hpO_B1RXAjnU,무의식        갱,4540678982,jungle,2782,11,7,20,42995,20220,50286,90,58,44179,19948,124,211,27,603,4,9,28,0.7560975609756098,0.15217391304347827
nJ-BIiip7DHTsdjUq-WFhMf7T9AhRG8vpv_wRRUIqAbs,AmerKING,4535535664,jungle,2282,20,7,14,35195,12695,19456,44,18,34327,17312,94,79,16,283,7,9,6,0.576271186440678,0.17073170731707318
x1-f5VcjF_aH03v6hbeW6p-EbJIKAuEE0A0bPzoj82oHI4E,맨유담시즌1위,4499421129,jungle,1679,2,7,1,6571,13537,15339,31,9,28039,7553,25,99,5,321,2,9,8,0.3,0.2413793103448276
H_0Q4C2JdSaAK0ZZYecqUIStZZ7vfvdFFveabJ5X6wWG,고건잘모르겟네요,4499421129,jungle,1679,11,3,11,20954,8241,9711,28,26,15118,12181,38,93,7,61,5,5,7,0.7586206896551724,0.3
dpBt6Eshw4bfgmxRPnJVnMqh53N4cbYC1IAvaz4SAWOW,부릉부릉조형기1,4494695279,jungle,1457,6,7,1,10187,8138,16841,29,9,26466,9122,15,120,0,417,2,3,6,0.5,0.2413793103448276
uYUS35lT6c0oUgjAPnlz8TaBZ9kVVwFeYAAwnKEYt6Df,운좋은닉네임,4479814230,jungle,1870,9,2,16,18974,10679,35287,38,31,27487,12261,17,89,8,260,4,11,4,0.6578947368421053,0.10526315789473684
SksFmcFtZpvJspODbDgq3JjDN5cKQ1WWlXJnFtf-UJe1, 리신 챔피언,4479814230,jungle,1870,6,9,8,12683,5672,27003,20,22,29554,11539,20,108,8,295,1,7,4,0.7368421052631579,0.23076923076923078
K4jENynGsvhF5eVKw4reJELmkMUo-u4zzJ2M9Np0QxUK-x8,한도갱스터,4540782865,jungle,1553,1,5,4,4031,9796,12605,16,5,22603,7999,14,112,10,508,9,6,2,0.19230769230769232,0.2631578947368421
-4JvmTWPOX4ozx-1zTkC7R7C3Dw6Y55UYG2Psp3YhWLBH7JvmoeImYah,I AM DIAMOND IV ,4540782865,jungle,1553,6,5,8,13545,8569,12635,20,21,23481,10100,32,136,17,143,1,1,5,0.7368421052631579,0.19230769230769232
kJdQLgJ_yf-gLCR37oXLfqIolPCjRf_f0V-ec9FBd32Jpzg,풍 대 공,4539023632,jungle,1831,5,3,11,11809,12341,36054,17,24,34150,11677,24,120,4,345,3,3,3,0.64,0.13043478260869565
qnIzeB4Bc7b6d5E6tQVF3RdaEbtKvIEax7h10GRNrTTl7kNGQQE0MHwJ,전주 강철주먹,4539023632,jungle,1831,5,3,3,15524,9331,18555,18,14,22664,12136,101,150,8,371,1,2,4,0.34782608695652173,0.12
OUsWE9zujMypqwD1WXuygQcosE4drvdLpgPBy7Q-txcH,여원꾸,4521274721,jungle,2004,14,4,5,23217,22703,41722,45,24,39639,16818,46,171,10,466,8,9,10,0.475,0.14285714285714285
vvchqd1N0CfpsVhW6qijq3RMgOtAjQ-o8MJIl-wDB03P,Mehh,4521274721,jungle,2004,12,12,10,34263,12920,20320,16,15,42993,14253,38,173,4,239,6,4,1,0.7857142857142857,0.2926829268292683
qM_cSYY0qJCvkSZaxnh4qkaRva565qknpuXoY1yIceiJ,진짜안이겨줌,4540262409,jungle,1686,9,0,22,20313,44406,38406,11,47,34731,13624,49,135,31,498,0,2,2,0.6326530612244898,0
m27MoL7qREEjyO8qDn0Bt0hJxt46VNNzYv_iAOAhjSzWngY,조용히좀하라고,4540262409,jungle,1686,8,8,4,17678,12793,16413,30,16,31366,10223,38,87,8,383,5,8,2,0.6666666666666666,0.16326530612244897
35rt77hFwHHwumbPq6qMFcHVGX2kJcn2Oj062mg6CQ9-EKI,열심히해보자구,4535497075,jungle,1690,5,7,10,7917,17673,28065,12,19,30201,10963,23,167,28,361,3,3,1,0.46875,0.4375
Io04Uz5F66ndlx2ome3xZQX6LuTlIAuaFrzIeJG3W8wN04k,목에폭탄목걸이,4515717704,jungle,1378,7,1,7,13399,6225,5575,29,16,11816,9729,29,100,4,134,5,5,6,0.56,0.0625
YhgeHJmurp-gfd_jWFSsNNV3tSLvJNqquUqr9mv-thCi2IZ8JgUiT6qg,안동억,4515717704,jungle,1378,3,5,6,6583,8356,12465,15,8,23953,7374,15,98,4,159,5,4,3,0.5625,0.2
8SogMaHsUrdqHdxSFrCR4UbiTm8vibPTQyKCpfaN_3il,Faust Arp,4490673680,jungle,1593,6,1,9,8581,17688,21753,32,21,28035,11644,29,162,14,426,6,7,5,0.5769230769230769,0.0625
coGNjZbJrVH3wCKkB6YO960PBmKe4WzDgQv9Wlo_RR7-sW8,장쥐환의 입술,4490673680,jungle,1593,3,7,8,11469,6060,10137,9,19,21873,8225,27,93,0,112,3,2,2,0.6875,0.2692307692307692
Tf5MAWlmOHMhSdOpTxX_ouKATUvq1mgLMDT9A-O0Jggt8KxilVFXmXKt,nunu2003,4536557656,jungle,1527,4,7,9,13722,24500,29263,20,23,44263,9372,19,132,1,332,2,3,3,0.5416666666666666,0.25925925925925924
6YAID7QDpteEmcBuvbQ0fSma6qBQN6Aqeipb_o9EKcyb,잌후엨호,4536557656,jungle,1527,2,5,9,10425,4547,16879,17,22,22468,8142,27,84,5,413,7,11,2,0.4074074074074074,0.20833333333333334
KrHd8PeRaRKjZD2buUCGZvZ7Qdvwt7nc2n_8bdHVlOrauWYOyq9v3JZy,니 코로나 미,4530011683,jungle,1947,6,6,6,15471,8395,17984,26,24,26158,12264,43,152,0,342,5,3,5,0.46153846153846156,0.15384615384615385
wR2r-gtgukKn5zr_vaE1E1nOI3yME0_rvtgR8E_U6T82,Albire0,4479098801,jungle,1928,12,4,15,30834,12307,39527,29,27,37931,14748,17,157,21,507,8,19,2,0.6428571428571429,0.14285714285714285
VCbnGlW_RLKvOygUmjayfvnk-1f5FF1a1vK6qgYVA3lXJRC4tg53H7Ef,비빔국수5000원,4479098801,jungle,1928,2,10,9,18778,14900,22264,16,29,39365,9488,30,111,9,230,3,6,2,0.39285714285714285,0.23809523809523808
bDSJ0iVpfMvzyKRu2-XHmHsGycR2q42tAYn7uuW7izdP,지독피서,4537775947,jungle,1437,1,7,5,7928,7570,13167,32,2,23587,7185,36,89,4,91,5,12,4,0.46153846153846156,0.22580645161290322
9g99nbbH6OYg_vgoRyFXILUlSjKwHf2C4omeZR0_UL8yq-iTB_1MuUZb,WuYaYiI,4534241794,jungle,1862,4,5,8,14324,6912,30391,16,14,37271,9980,23,134,4,438,0,4,4,0.5714285714285714,0.13513513513513514
l03BSJfFZhKp8RZVr3aDywNcVXAEIl48QZ7MNmKKwyM,vowkrebdh,4534241794,jungle,1862,5,5,13,16705,9744,16794,38,194,24387,11153,39,120,0,566,7,10,4,0.4864864864864865,0.23809523809523808
NxKpbvAdcdF-_rD8635EWcW2HbfA46GpONcT7X-Eu7ubTTnl6tKvxgCM,Just l1ke that,4540783451,jungle,2149,7,8,5,18026,21398,29943,29,21,45221,15162,29,221,42,557,0,2,7,0.41379310344827586,0.25806451612903225
JUX3zT13H1jUFmB0-NRPIfcAVzwygOZWyO_iVGkw4Io,PIZZAVVIP,4540266456,jungle,2819,10,9,22,23560,12805,72235,54,44,59429,15041,78,95,1,439,18,18,7,0.64,0.2903225806451613
UUlvmxMWoIMyleY2NsC-HDIJFtPkw8oUJHgTxn4l8cW9,원할머니봇오삼,4540266456,jungle,2819,10,12,7,40029,20211,40375,38,2,48032,18145,63,188,39,134,3,6,10,0.5483870967741935,0.24
FMb6P5U_rQETtemGxe2Kd-1qNNWaCE3cPh4Ieb5gfPugNedQkdygAbh5,Yessica,4540085757,jungle,2237,8,4,7,30297,13756,27885,41,34,36685,16140,78,220,21,603,4,7,11,0.75,0.15384615384615385
L_uO0TuPaJhCM81L3LQrkh3xWl4krg6uUrUpD283aB9v,역 폭,4540085757,jungle,2237,5,5,12,22958,18872,30693,29,22,40713,13606,42,200,29,464,3,5,5,0.6538461538461539,0.25
L0YTAjH5XbXiA5vtXIhaXChV5XXfyLFtEYSRF1Dq-YbhwL0,행복좀하자,4502720720,jungle,1658,5,10,1,11356,12005,16491,25,18,31164,9287,28,102,5,507,3,4,1,0.23076923076923078,0.29411764705882354
b9n5ar0qQiOZS7OW09mDvWwEtMuQNIFDYNkIf9u-_4JJ,애 혁,4502720720,jungle,1658,5,4,8,15607,13530,31328,22,26,34661,9890,36,102,6,354,1,2,4,0.38235294117647056,0.15384615384615385
PIT_1XN9zYQDUOG9B-SR0-x_BAJzG3WhfvcSwxvl5lye0UY,청송심,4527724849,jungle,1266,3,5,2,4727,5603,13134,23,8,17401,6884,9,96,0,407,7,14,3,0.4166666666666667,0.25
6d7jfNak-1VMrsK4-kbuUpjmzSxrMtKk4KKhxhgWdLD4GioYRcv2o1TK,징징 윤 ,4527724849,jungle,1266,10,2,1,9703,9459,9359,23,4,17196,10630,21,132,0,130,2,4,3,0.55,0.16666666666666666
rnTgMttyCkeusRp4MpZkkKQUdFzGU7qUr5OtDzRWrWBj,졸린두부 흐스흐,4310943979,jungle,1926,10,6,20,21652,15950,38146,32,32,35202,13267,29,111,4,223,10,20,2,0.6666666666666666,0.24
rAabSlcMBRQMdMox7ayhQTKFjgC7XCEs4XvgG0ze20tg-Dagdf26rU59,3개월기다리기,4301138268,jungle,1945,7,11,12,24483,13765,18996,18,66,34290,11468,24,128,12,381,1,7,3,0.5588235294117647,0.3055555555555556
oIQaRF2tgNbp05xjpVUbb9Fnw2on_Q9y8EcF4Kgmi47ZNGY,백영식,4301138268,jungle,1945,5,8,15,17030,9723,14531,35,20,30115,12043,18,148,12,774,4,11,2,0.5555555555555556,0.23529411764705882
LaiNIe7O5u7aO28a_Dz-mHLzZ6riCLWERtfFhXbgLeRkn0edkfmZpvcP,갱상도같은플레이,4529097771,jungle,1622,12,7,12,37896,7099,10337,25,19,26933,14826,51,185,57,182,4,10,2,0.6,0.3333333333333333
lHFqRkQebW_J8zPBl7kcvIKqCBY7whNoaQ7ASdeGLDt33SI,아0I언 V,4539959089,jungle,1492,0,5,6,6309,9110,8689,19,15,22313,7274,20,116,4,335,6,6,3,0.6666666666666666,0.16666666666666666
nIeCD-Ec6B2DzTCjQeXiEU2tCyEG4CCcYmVnalORMzDjcTeJp2LY2K2p,착한AB형,4539965845,jungle,1597,5,4,6,11295,13474,14707,30,150,25171,10328,34,128,4,480,5,12,4,0.3235294117647059,0.2
kTmW7x0x7WT8_avNJf7QklQjRZ-l6d_ev_1u9SKRyN77crY,경기신용보증재단,4539965845,jungle,1597,3,4,3,8037,9480,16220,30,1,22876,9356,43,136,4,198,3,2,11,0.3,0.11764705882352941
PCqdZ9elVVwUezkM47PXaZmptEZ9Jsx6D2nLiMIExQA5,노틸러스,4526640171,jungle,1883,6,9,18,23967,16539,16012,36,43,41198,14965,39,180,20,1160,3,4,7,0.6857142857142857,0.391304347826087
TZnwtKs7H-R_LsXyx54YeVqn6TYKwYYgkqSM6JpShSxd,도자뀨,4540089448,jungle,1747,8,4,6,11970,12543,14816,26,22,23736,11787,28,113,17,280,7,7,4,0.5185185185185185,0.25
MEGcovEDMWnkvmq6B51j9upFQYSyFO4JjXJNivJTvLBa,흥덕구,4540089448,jungle,1747,7,6,2,10831,5934,9343,37,22,19981,10928,43,89,0,688,8,8,9,0.5625,0.2222222222222222
YzwzrM-zxaKGI2rWkSMs3qRXTr8XYtrtVhtV5dm3cg3_,선우찡,4490538558,jungle,1327,9,1,8,14428,7804,14338,28,16,16054,12629,29,186,46,603,2,2,4,0.37777777777777777,0.05555555555555555
RZ2XHj75MOOxxiXB5FCC_I8IdltBgyv52ogkEuNH4yOO,나죽어 갱와,4490538558,jungle,1327,2,11,10,6860,3787,14678,7,17,23137,6364,21,60,0,276,6,11,0,0.6666666666666666,0.24444444444444444
F2-18uGxVSwWSSltJZuO9yoM-5QqJkDRJbarlJrgjEdkbwQ,chppr,4469962301,jungle,1964,6,7,16,13671,9077,34656,32,29,33626,12177,25,92,7,422,14,20,5,0.6875,0.17073170731707318
G1ESyjy0-THxpYQ-dKvOGz73GC34WKv87mbct3Cso-MjCeY,옥타곤일라오이,4469962301,jungle,1964,18,8,10,31740,13157,19643,24,15,32298,17345,37,152,21,261,4,6,3,0.6829268292682927,0.25
5EHylYu5PzZqjGr6Lj90WwO_RlEpIOaBbPDkKmIQAyD9UjU,환경미화공무원,4486502305,jungle,2096,4,4,11,7431,11660,20178,27,29,16482,11910,25,167,0,197,4,12,5,0.6521739130434783,0.16666666666666666
LNdkWAl2fUf2YF6qAZ332B5-ic63LhA8Szo6c9g6-yidzbE,JuJuDaddy,4537842549,jungle,1377,8,6,15,17236,8876,9800,15,8,22267,11210,24,126,4,111,1,1,3,0.7931034482758621,0.2608695652173913
lQK8HRuUg1jbdvY8iHUZ9tX2k7YFS5hXefxGipuEDpHU,노서렌 20gg,4535102035,jungle,1952,9,10,9,18159,7114,11873,31,43,25964,12195,18,110,0,146,1,10,6,0.5806451612903226,0.23809523809523808
4p1HQPLjcZXOGeWOxaa45frLowX7cnfDVCu6ffa76WhlZ2A,콤 콩,4535948728,jungle,1975,5,9,12,20488,20110,27443,22,19,44469,13806,62,154,30,449,3,5,2,0.3953488372093023,0.2571428571428571
RH4qBGVgOwhRo4OYIACyt6jNGnGDw_fWB9r6WDPg7niD-Sk,Xiao Liu Hushen,4535948728,jungle,1975,11,9,4,20845,10450,38046,20,39,33693,12055,77,67,4,195,1,3,3,0.42857142857142855,0.20930232558139536
wraD3qgIoJUUrMMolzsxpBKTjsPpEYx-CsXc4lR-nWAvSzA,Faker누누,4419420247,jungle,1743,6,7,16,14595,23317,39173,29,39,52321,11520,40,128,0,446,2,10,1,0.6470588235294118,0.1891891891891892
qagus5cN5TEjGssBtNmzNTVrV4BwchVid7D7wyWEdzkS,123432번째계정,4540086189,jungle,1927,7,3,14,19701,11365,33877,34,39,30524,13651,52,142,31,339,2,8,7,0.4772727272727273,0.13636363636363635
jas9VYBpzXzCq3ByEMGfCvIFJQ5u9CZlRXSQM_DY6WAFApc,전차치기,4540086189,jungle,1927,7,6,7,23565,7418,13913,24,38,23813,12405,69,95,7,179,5,6,6,0.6363636363636364,0.13636363636363635
0ZvniArOxD-RvH1LfSH1JhFcPgedvU0Ud-wCj3wwQP6xnui89wphCGFE,포 쉐,4540513612,jungle,1958,6,8,6,17137,11344,19019,34,6,31278,10233,24,128,4,162,8,7,10,0.5714285714285714,0.23529411764705882
EBAJgp9zr0_HakbEL-icjn9X-qBLAPEsw8apcZQGwHZ9ySY,우주간지,4540791253,jungle,2218,7,8,6,17162,18329,28205,69,4,36187,12955,57,143,8,233,10,30,21,0.5,0.25806451612903225
FaDYvtuiW_GVpPVRWFnQoa9FeD1txwus6QMvP9m7gbF7,가자순실,4540000890,jungle,1251,2,6,5,6365,3172,13380,17,11,16947,6160,15,48,0,245,2,5,2,0.7,0.23076923076923078
XAVqVb7ggNW95XmWALN6GHk_SKhbVYOVSqlZQ83kMeTC,hyunnnnnnnn,4540816538,jungle,1676,1,9,7,7509,4330,11910,14,14,24984,6673,25,62,0,281,6,13,0,0.38095238095238093,0.2571428571428571
r4eTzGQ3DgI-6TpFpqKxKLaMO2buIJdvw_pZN_DHqZR6TUE,뒤통수에 샤코,4540816538,jungle,1676,5,1,7,9397,8583,11746,34,17,22688,11760,64,135,29,648,1,1,8,0.34285714285714286,0.047619047619047616
kFJXOl5D65I-y-mGowlRYFAN6N6CkCHVupY2LxGRC0uKS64Tnf-xj-Vl,주작질,4540154121,jungle,1984,7,4,10,17395,16616,15769,42,7,26823,14685,58,185,20,302,8,8,8,0.6538461538461539,0.2222222222222222
SY2TKjCm1SWShr1hwxErjuJ5U-YAUKThyi87y9BYlwPdx-c,pink pssy크롱,4540154121,jungle,1984,2,6,4,15651,7690,17770,25,17,27330,10926,52,150,7,296,3,5,2,0.3333333333333333,0.23076923076923078
LuUMP-b21aSFb_10mayo4FGxKWaoNpwhh0Zp9LP0X5Xh,아기철민,4540573170,jungle,2140,9,8,13,21120,9222,38658,33,32,33847,14657,38,127,14,468,9,18,2,0.5365853658536586,0.24242424242424243
N0gXy7oaQiawmydQ8TS_WL160LyX6wmTeuHkxOnyJM3F,싹트네,4540573170,jungle,2140,15,11,8,35296,9404,46430,27,46,33595,16561,73,109,4,275,6,7,5,0.71875,0.2682926829268293
RqV-Peq_6d71mcjwnGgizfHdgSyK39sAm_SmKLI9Nwp-k_c,알리농장,4540811022,jungle,1811,6,5,12,12297,6817,13629,26,18,23507,10158,15,75,7,463,5,6,4,0.4090909090909091,0.22727272727272727
Cuf2JSe-zS9IIswaEVFWbado2BgLO2DE6oqZbECzXObt,장군대갈,4455957555,jungle,2767,13,13,23,53319,63936,51102,35,76,72890,18745,72,118,4,607,4,6,6,0.6428571428571429,0.19402985074626866
tpxGLKvdoW232Hg9lNvDkTpR92lP3_8a0gbBKiNhZ6A,까까보이,4455957555,jungle,2767,16,13,21,50886,11145,60040,33,73,54487,19334,62,168,20,477,3,11,5,0.5522388059701493,0.23214285714285715
RZikicv6mEBUUQEIViTPDhzTP_SJHMdSVACSyHcLrLyd,참치마요덮밥4000,4520047041,jungle,2052,1,7,13,13021,21033,33548,23,40,41782,11813,37,186,8,441,0,1,5,0.6086956521739131,0.21875
A7uI088msdJX0dVyb_cMN_3T1zogPXtL5t-UnfmcYzhrVy8,여보세요나다,4539101286,jungle,1640,1,6,4,10383,15719,16640,23,5,33141,8556,28,128,20,240,5,5,2,0.3125,0.17142857142857143
3j4C9jIH9l9yXh43j5KHaKYQFuXvuqmCy81LfwqGb_Opt5wxaBr2Tdp_,우 리 양 순 이,4539101286,jungle,1640,13,5,7,25110,17839,26775,29,21,32140,12973,40,135,26,460,3,4,4,0.5882352941176471,0.3125
