account_id,summoner_name,match_id,position,playtime,kills,deaths,assists,totalDamageDealtToChampions,totalHeal,damageSelfMitigated,visionScore,timeCCingOthers,totalDamageTaken,goldEarned,totalMinionsKilled,neutralMinionsKilled,neutralMinionsKilledEnemyJungle,totalTimeCrowdControlDealt,visionWardsBoughtInGame,wardsPlaced,wardsKilled,killsRatio,deathsRatio
HePVeh9PryCKYQb8GVz85rxBjYZ4SH9R1Z5LU2DBzmQPta0,충만한 사나이,4506621708,support,1897,5,6,5,7398,2392,26639,63,26,18272,7869,38,0,0,111,8,28,8,0.625,0.1875
m_be1ccyoIrzBXbxHXZI4t90b8v9CioPkGrAPc7aMzDR,하규영,4540608410,support,1428,1,1,8,6216,1737,9703,49,24,9702,6776,24,0,0,75,7,20,5,0.5294117647058824,0.16666666666666666
hdG948QX75vSiOfBf_d7CDD5DCqowSLDVa3Vrgg-Elc-KxMNaMSSXCz8,요구르트냐암,4540608410,support,1428,0,1,4,3112,9780,2105,33,22,4181,4789,25,0,0,86,4,17,3,0.6666666666666666,0.058823529411764705
fwlPFyk073r25DxUFOQuR6WIr4UBHXQFeEhs-bGdrXT5L1U,께르륵,4527596507,support,2252,1,12,12,8206,1614,43200,60,77,25757,8504,43,0,0,341,3,24,8,0.48148148148148145,0.3
ZiOfMqbRzeGt52da_cWaIYvb21HpGmF4HdpVghhKkHkT,방파이트,4506422484,support,1876,1,9,12,13311,6551,17798,59,28,24988,7749,35,1,0,272,9,29,7,0.48148148148148145,0.2647058823529412
DdNG0vOhgnLuWzx-E3goxjnUCpHNCHq4ErJXkcz3PTCu,stwhy,4506422484,support,1876,9,4,18,23863,16202,12871,77,46,19943,11883,33,6,0,201,3,30,17,0.7941176470588235,0.14814814814814814
11HoYHTqlANjKgW79vPKeewpTkkfXnDe9v5mlDnGYpgIqndI4OUM8e9u,꿀벌가방,4540155987,support,1892,5,9,9,25258,429,6987,105,70,19183,10198,39,4,0,563,15,48,25,0.6086956521739131,0.2
AmYRqeE5J7cI2piLKAGeLN_4fM5Zni2jXQHtUzYXn7S70MM,봇이기면뭐하나,4540155987,support,1892,2,6,9,6958,1435,21969,86,25,15936,8451,53,0,0,68,8,33,23,0.25,0.2608695652173913
3o-LLQAYGE16ByOoCJ-pawtv6JTWUaDhm_Nz8vl-g-I1eAlof07Zn7eD,챔프연습용계정s,4540690647,support,1790,2,3,22,11208,11141,8879,77,24,15349,8467,22,0,0,97,9,36,14,0.7058823529411765,0.15
04lXYlrR8Hf8sJIuPFkmry9JUp-lXfYsf8XvKByV4TtyAAESjruTrS7L,원석이,4540690647,support,1790,1,5,6,3848,133,11502,75,27,13190,6693,28,0,0,77,15,41,4,0.35,0.14705882352941177
ix2TWhvEK03hh2zhHhMqM5_T5ERX6Aaxp0TMHGCNgVOX,구리시 꿀주먹님,4518286588,support,2354,3,4,18,10460,22603,45811,73,59,26675,10497,32,0,0,139,15,42,5,0.5833333333333334,0.125
QsBxB6iP7Mzml2s4cBhwW4tylHxxyzfz8huhb17whGj0esk,JJoonsDog,4450281188,support,1899,1,7,7,6360,824,7432,72,30,12928,6739,9,0,0,235,16,49,4,0.42105263157894735,0.19444444444444445
uagktS6ee242xkLMxUzKQbGaIeIW9HgQWjtpyDnhs-9DEv6UwmHuuRDq,권충오,4450281188,support,1899,6,4,13,9903,2660,31288,95,17,20014,9960,43,0,0,51,11,37,19,0.5277777777777778,0.21052631578947367
QhCymcB_FsxNe0P7p5OCkk_11XqtaMemgqo_u8t1ZFWgykg,그만뒤지자,4459745283,support,2132,0,9,23,8646,9257,16211,104,35,22157,8273,37,0,0,250,10,51,9,0.5897435897435898,0.23076923076923078
5eCyKY7mAl2VUvZY_gjCFeRKrqVm_HTgttVViIcTXm7bnhKq8ecvhpcR,호나라,4501680416,support,1584,2,6,23,18969,400,9515,49,69,13142,9235,30,9,5,289,3,21,8,0.6410256410256411,0.4
3fe2Kfj38BlNMIbtHX3m5C_ySqAkosQcEo-9K47lDJBx0pniVuuA1Tk8,MGGRNOSWKS,4501680416,support,1584,1,10,8,12900,6121,13776,49,54,19679,6069,30,0,0,236,5,27,4,0.6,0.2564102564102564
kUOoG-XRUik3twV0pyvjTeeG-lgV1ouX5oZHMc0iMuld,벌교꼬막축제,4537588114,support,1477,3,2,7,5248,621,5894,36,20,7814,7384,34,4,0,74,5,21,6,0.45454545454545453,0.2857142857142857
RQHifgKoYuOd2IMEUE5I3STIIfrxrMx1mvr7XpS5_w-t0h8,M0MZ,4307057833,support,2216,1,10,14,14019,11249,7530,69,15,22845,8506,38,0,0,105,8,29,5,0.5,0.3333333333333333
ZCZS2vJ_slopAQFAXJRNEuXNOyh8ta49ptCM07br82AT1cw,쓰레쉬도구,4307057833,support,2216,2,6,19,10328,3006,36021,91,40,23933,10514,41,0,0,114,7,40,11,0.7,0.2
dOZZZofR39pncL1t4PnqbaSd6P9cll75aOyFHgyuetvGZso,벌꿀오소리잉,4540110152,support,1557,4,2,21,9535,3280,4105,49,48,9529,8534,31,0,0,336,9,27,8,0.625,0.08333333333333333
3A5W9jFUTUeryU5MkyqM4mG9z2UM6zWT3v-PWRUJ5shblhE,건대 로니로티,4540110152,support,1557,0,9,11,4514,416,17163,44,15,19709,5425,29,0,0,49,7,24,4,0.4583333333333333,0.225
H747s6rwSf4Aadz2HiJcEc2hdk1waXhGsLZ6UAx4Iisdb7I,포기냥,4536715755,support,1326,1,6,6,4381,355,8903,42,20,10511,5490,32,0,0,77,4,19,9,0.5833333333333334,0.1935483870967742
nVC_qxnppbES_uAj9iSN-U1Ezh0bkuYGBxbUePAvQMqs_9einXs-CQ28,YHHSSS,4537725533,support,1550,0,1,4,10588,1511,4317,44,17,5366,5471,31,0,0,117,1,23,6,0.5,0.07142857142857142
gnlwP7BuHsqKWNm-b8fI2PlRdPz_v6Iis5fw8s0lovKKCcD5T3ZVCcB0,OTTO2,4537725533,support,1550,0,2,7,6371,2001,12300,37,22,12936,6159,34,0,0,70,4,20,3,0.5,0.25
HvfjulxFg6e7sJLM9w1J4sqWIurO8jFghxst8R79tdb6,AMG 4MATIC SENA,4540596267,support,1289,0,8,6,5218,865,5753,17,15,10995,4839,22,0,0,123,3,12,4,0.46153846153846156,0.25806451612903225
mK5FbAMCWpnVG6ffo0k0LDDtXSEyHvsTw6nm2xaX9jBZYtg,빡빡이크,4540596267,support,1289,6,4,9,4998,2140,5809,48,20,9956,10085,25,1,0,60,10,27,7,0.4838709677419355,0.3076923076923077
ce9Q-UM0w7taDFAF2onmUuzpcsLVsm6P1mZiJUpRIHXh,Urgod,4540439229,support,1488,3,3,6,11080,1022,2971,46,27,7209,7323,27,0,0,172,7,21,5,0.4090909090909091,0.21428571428571427
sDVvXF0J2J8YpMTDXPzl9NsEq8xuA3F0AMCjcJiOG8e9,뇌절합니다,4540439229,support,1488,1,4,4,2655,382,6885,23,13,8678,5333,27,0,0,38,5,14,4,0.35714285714285715,0.18181818181818182
F2uLh45ioueRdkKbduvv4F2HnHCZ4-bbfx_-x_e3HU8A,   밍  뿌,4432495231,support,1954,5,2,28,17779,24136,5865,36,25,8006,10292,3,4,0,58,3,16,0,0.7674418604651163,0.10526315789473684
eiDKVoXAAHihb1jYoe6khTvY-a34favtPsBnhbQGHOfdqQU,as a grandmaster,4538953159,support,1797,1,6,10,6023,813,10299,54,28,16614,6608,11,0,0,235,8,32,4,0.6875,0.2608695652173913
-4no9TFCSpKq8eVLuVPYXzJ_ws3GPvbVGHaBG9kr2zrF,뒤통수에 세트궁,4538953159,support,1797,2,5,6,9683,3473,24727,63,23,22083,8607,46,4,0,103,6,23,9,0.36363636363636365,0.3125
HS4vb6k4aMAVy1tofOwxupFdttVcT5xB0chHUPuE1q-c,쓰레쉬한다고,4113725617,support,1210,1,9,3,10450,0,4462,31,25,10074,4761,14,0,0,85,4,21,4,0.36363636363636365,0.3103448275862069
pqjshXbnbzfqH4pNsvB77SChTJrN32Bkt0r12U1KSKt8sO4,나는야영후니,4216879208,support,1292,0,5,9,4644,160,8830,22,20,10000,4620,30,0,0,47,3,16,2,0.75,0.18518518518518517
oIftev9kbwc5_bjBKatY4s7lsIHpduTwOpy-X9t3DPaCabY,라운드걸 엄준식,4468395745,support,2113,4,3,13,12657,2762,9024,80,17,11469,10495,34,0,0,277,9,38,8,0.5666666666666667,0.1875
G_tR1BuQrNA6OTPxo6MiYKoRKrj9fBxAmzLuzkyIJT4v,holymolyshiiit,4468395745,support,2113,0,6,7,3499,959,13633,87,16,15764,6889,33,0,0,55,13,40,9,0.4375,0.2
VX8f4CRPsbjdNqagnjDy-x-7khrhSvnsVvQhERZIrhbUMAY,리버풀우승할꺼야,4530623879,support,1394,2,2,10,5408,8668,3866,24,6,4833,7173,2,0,0,32,3,12,1,0.375,0.18181818181818182
TKNcHPDA-06a-QOn0MgBynnp1rgmxitMprYHtYuBj_2k,롤은실력1팀운9,4537877486,support,1570,1,10,10,11591,1353,9267,65,22,17892,6538,19,0,0,174,9,31,6,0.5238095238095238,0.35714285714285715
izF0tnAgM36VBxPESqLKp-VagD_ZRdW7ae8olXiIhs6_5Jlk7U1W99cp,7승12패,4422753565,support,1527,4,2,20,10485,2099,21196,24,61,13398,8453,32,0,0,245,3,10,2,0.6,0.08333333333333333
n1pGDji4t9lDzcaN45m5SpyxneQ_RDmJdaW1xwW7RJ1Q,앙찡몬,4422753565,support,1527,4,8,8,6092,246,18902,18,28,15842,6983,29,0,0,129,6,10,1,0.5,0.2
Ea_AkAS3_FMcuRI_KBVK2c69UlQj1O3kAUqfgQzdcrfFUoq-puS1-sI4,한남1,4377682090,support,1322,1,4,6,4041,921,3653,26,19,7607,5915,26,0,0,74,4,13,3,0.5,0.25
Vxk-Tt24U4cFgbMj7uv-iIAdoq_mYJzed8jXc5IGig7J,아이니드백업,4532004376,support,1534,2,8,11,3275,5272,16138,46,12,18440,6637,24,4,0,41,7,19,4,0.4482758620689655,0.27586206896551724
st_z6JHk1llDij9-kvwnuIV6zFj9mRXWzBcb9P7CQ-EA,자야행,4532004376,support,1534,1,9,19,7507,1246,21620,54,31,19512,7826,29,0,0,113,8,22,5,0.6896551724137931,0.3103448275862069
wfCJli45LZRAlrHDcveA8Dqn8Ut_kjuoAZZt81-dvWdw,납치된 성연이,4357878749,support,1964,2,9,12,13076,10867,13283,66,44,20716,8768,18,0,0,172,5,37,12,0.6666666666666666,0.2
9k_U0kc5ax2z0z5eJr772gP-V7hgJHya6czo3bUKbM-XGw8,Ni모 II,4539105611,support,2454,3,7,13,10050,6553,41476,102,35,26999,11252,42,0,0,110,6,46,14,0.6153846153846154,0.25925925925925924
-5ZBZjxdwTJyMnTdvcaFZPR2Ct3xLRX-5ADVlCi5Y0ySaSpZbt9mXrxO,강형욱 사랑해요,4488047452,support,1620,3,11,10,5993,3957,23425,30,38,24358,7081,33,0,0,81,6,15,2,0.5652173913043478,0.23404255319148937
vO7tmqpw32mDoLNBv5hocdStsB_ZTPnWhLVO01kuhsKt,Nugamoredo,4539160324,support,2011,1,10,13,8109,2583,36716,76,58,25062,8509,29,0,0,96,8,37,8,0.4375,0.29411764705882354
haoICHAvDq4iPd6Ce79RH51rGXzlhaW5T8q4FNOKySg9,방금먹은,4531182921,support,1504,1,5,8,5359,4771,11087,46,18,14878,5531,27,1,0,126,8,28,4,0.6428571428571429,0.1724137931034483
vvv2P--dor0zjOmn5gt0abd49yDhixZfVjG8B_idLdMikVY,angkimuti,4538668473,support,1718,3,7,7,11135,1261,7761,78,25,19582,7312,50,2,0,63,4,42,13,0.5,0.2692307692307692
DBrsIkVi-NL_5V4FhN0xjmT61c6k0hS3tWn5q2j0zmJVuMo,반 남,4538668473,support,1718,3,4,15,5487,10636,20410,66,31,16990,9380,30,0,0,49,9,30,15,0.6923076923076923,0.2
07lnvZTCcLQueq5vFPLMsXK-c8YP0CKbgfqh4Nh8b1dXOFA,carriage return,4539066855,support,1677,0,3,8,7537,5458,13995,111,30,18413,6082,37,0,0,153,10,56,15,0.6153846153846154,0.10714285714285714
BxJvTsiJlEnOU_BAzvGdhE5h-2JLGsWESUHoD0pMbNsYGhM0VopC1G2V,20010621공주탄생,4539369839,support,1210,0,7,9,4867,428,9665,34,24,12611,5042,24,0,0,59,6,17,5,0.5625,0.21875
N5qySGRRcq8_k3aOuv6_sDW-OemBz_2lLm_C_nt3eMXtiaw,dytpq556,4523176579,support,2304,2,3,16,12260,6613,12882,89,23,15281,8844,45,0,0,189,10,44,6,0.72,0.0967741935483871
3Foqh4N5L3OsYMdIt4Zjo4AntCJ5QmyQ799xdKt0neFtsO8,바드찌,4523176579,support,2304,2,6,13,14687,20497,19622,111,26,25675,10058,45,0,0,196,12,67,11,0.5,0.24
Usn0UMJ-0YgTNJxtgXoKxq5FstkZNok9oCqF7i83YNO37co,자르반  나세,4523154945,support,1901,7,0,12,8884,3646,33151,78,23,16810,10790,50,0,0,63,10,37,11,0.4634146341463415,0
Ki059XYXrNl_jTfTEZfMIS2NrwZg_U7EVI728uefZxdEIoQ,romunhan,4534860821,support,1413,2,2,5,5749,1658,3464,54,27,6792,7078,20,0,0,42,4,15,10,0.4375,0.5
TWrtsLYfAaSDinOoADOnpDoAva3nw344uERVyqihv7e6,15살피지컬,4127697217,support,1700,0,4,5,3703,578,12873,41,24,11734,5628,31,0,0,62,4,20,6,0.35714285714285715,0.16
M5_ZfOtjAycphQPk5nL_FXoq-leKl-XQVrLZhReMdbTn,yuchun hanguo,4525246476,support,2016,3,7,7,8624,770,9553,63,18,14382,8352,21,8,4,171,1,24,7,0.5,0.21875
Jy16KmD2Flqqo8P3TkJtj93QPKA0WlIkxflTUG7cfzZGEzQ,야마탱이,4525246476,support,2016,2,2,21,5663,2224,9084,72,34,12285,9351,37,0,0,183,13,34,12,0.71875,0.1
SByd10xm0kQR0pQY7i53K1a4_m1HTW3AMYccyVOO9KJDxoQ,양광순,4468864368,support,1457,0,3,3,3208,731,8825,40,17,9767,5530,29,0,0,63,8,18,5,0.17647058823529413,0.2727272727272727
jJbNLq9tng74rrTaNaNAFtHXt6hZzqpef30AhJesVrpf9ZJcUS246AYG,Cool ADC,4528456463,support,1728,0,5,4,5837,6136,5396,28,21,11716,5737,13,0,0,45,4,10,7,0.4,0.17857142857142858
madHVQEteWHWbmyp_Vsv3xts2hJf1O4LAvDZNutyiXqW,도와줄사람,4528456463,support,1728,1,2,7,3753,7025,13051,69,21,11166,7187,37,0,0,69,12,37,6,0.2857142857142857,0.2
wtlEIXKMEFduZIm_f6c_fdrq72AVrFugIFu8vCF8qmoHpLQ,아니뭐가되는데,4540451450,support,1776,0,8,9,8016,1739,20772,47,36,18081,7471,37,0,0,194,0,25,4,0.25,0.3333333333333333
HRr7C3zC7i9P5873JPYqYI64K8bpiYQaSROTHCQIQSTH2dY,비욘세3단신음,4540451450,support,1776,2,7,14,12223,1719,32228,81,88,21698,8129,41,0,0,327,11,35,9,0.6666666666666666,0.19444444444444445
0PO2FctZmUS7xGXR-inMa5RT9bDbb-NQV_p7lG0MCpk_11w,룩삼과공혁준,4384052618,support,2002,1,8,22,6379,2147,26780,80,44,20788,8915,47,0,0,90,14,38,21,0.696969696969697,0.21052631578947367
8L6ON97Pt_-d6TqYE2hCfuzVEAVne9l5RICD90RJUSJbAR8,겜            땅,4384052618,support,2002,7,5,10,9988,3781,12642,99,28,16987,11832,50,8,0,123,11,31,26,0.4473684210526316,0.15151515151515152
H6GJ9atY9VFZGau0LKqcl8XkaBkVMyWiHvxkRPfQkOJ4,둥근산을화려하게,4265422782,support,2174,1,5,18,8512,9198,10863,95,41,15433,9425,27,0,0,179,10,43,15,0.5757575757575758,0.21739130434782608
1noldRzLgK0rl1Mdrb0tTb7RdlrPhY0teehQrofxQ1-Ew_Q,진  No1,4368952729,support,1306,4,2,6,5598,362,6887,48,25,8055,6598,26,4,0,111,5,17,7,0.4166666666666667,0.15384615384615385
CoppNDgNTxBkgvvP59Hg-L5heyIHiWLslB9GmlNItK-9,돌아다니는프레이,4419400667,support,1690,2,8,9,8404,736,17697,88,19,19434,7304,50,0,0,76,17,45,17,0.6470588235294118,0.2222222222222222
J5_QN0HIzawExPYNHNowhbsKpyCZ7C2gC4bysMgipdfr,73039752,4528574583,support,1688,2,2,11,4774,753,4284,59,12,7012,7591,14,0,0,119,5,22,9,0.6190476190476191,0.16666666666666666
OQew74_Bs4l1EHXh54QkHcTfKcElRpWRI7QuvNgez8kKZbbDBScF5nGz,퍼블 내꺼야,4528574583,support,1688,3,5,11,16356,13977,13299,49,5,22305,12165,66,152,28,161,6,12,13,0.6666666666666666,0.4166666666666667
JMeLq12lWLzRkOvHHcZuiZuBeCOuAE7N0DiBR-wHp4Fj,쨈 치,4528574583,support,1688,0,2,6,2144,485,5626,47,11,8640,6045,35,0,0,181,5,25,9,0.5,0.09523809523809523
JtDylXBQrGgIdahk2maVeZIie5VeMeFGSauKZLoPm0Mvdxe6ubRXsDCc,아이스달고나라떼,4477369579,support,1317,0,0,5,4054,8716,2878,13,7,3248,4441,2,0,0,40,2,9,0,0.7142857142857143,0
8R31CTvXTIovvMaBlNgp_gHcsJ5M9DwtdhgtFnf3l9RUifM,1000RR,4440650449,support,1401,0,5,8,7308,407,21680,26,47,13299,5263,33,0,0,195,3,14,3,0.5,0.18518518518518517
NIdQQQqrZl_KEk-Cfc1WAyOTAUEgtDLDF37RT39YDlZADvQ,이덩규,4440650449,support,1401,0,5,10,5831,1548,13508,35,29,14575,6096,24,0,0,85,5,21,1,0.37037037037037035,0.3125
d0d_xmhyRphDFRI2jQ0cLd4I78KzggLYQHaJrUJlQMHi,볶은 콩,4465991305,support,1679,0,0,16,5970,7057,7271,74,28,8773,7270,10,0,0,120,6,27,10,0.7619047619047619,0
-FJg9V3U_SDTezFhdcneLsU4HXNU3z2NYwagApjQfjh3,AIRGIN,4465991305,support,1679,0,4,6,5004,4520,7209,47,16,11288,5767,10,0,0,21,5,22,4,0.5,0.19047619047619047
hfzDf2B3C6IUXdg5YzKDVmEDFgNr8DOM9RxBNq4L0vPl,닥치고날개뼈,4482388623,support,1671,4,9,15,15475,1462,9082,45,77,19255,8469,31,0,0,112,3,21,8,0.7037037037037037,0.21428571428571427
e0DjS0ZoAN1XsLUck_AQe5rFMlzh9N3RXnHNyIc5Q3Lb3G4,소라카는버스챔,4537759940,support,1832,2,8,16,5337,21279,9139,73,25,12955,7285,13,0,0,131,11,42,11,0.5454545454545454,0.21621621621621623
Uw0_E7ImVe6kX5okW-C5skM_NtrT18ToeqoCnjP0H8MY,너보단내가잘함,4529603749,support,1481,1,3,2,3354,4313,16798,39,26,13800,5245,22,0,0,49,6,21,2,0.25,0.1
rchGocoOYs1_t5AalrPNyt2S32ncLe2bMfsywvqcI8iDTas,발락 클라라o,4476771094,support,2172,3,5,15,15980,14798,8543,106,29,24410,10490,41,4,0,122,6,34,29,0.5806451612903226,0.1724137931034483
SG9HMmiH6omW05VaYVNMnZxxHSCd2J3aEcGc56hZT0xt,벽과 기둥,4467645975,support,1728,7,8,23,11717,19283,48487,51,35,40201,10965,35,0,0,389,7,19,8,0.7692307692307693,0.24242424242424243
6oAlmVDLbbTbnJiAddxoxyLXiwQYuAIng47A8QZn5Hbq,코그모파,4467645975,support,1728,0,10,19,11370,494,25164,56,45,21149,7525,31,0,0,158,8,28,5,0.5757575757575758,0.2564102564102564
g1Jb0HrAZnhMexdqPWBcDE6PEyLUVixEctsrdeTyEOuQ,두둥 픽스 등장,4496270725,support,1894,3,3,22,13998,21980,4380,56,25,5927,9615,10,4,4,64,12,29,1,0.6578947368421053,0.12
92PQxdvGLuQ7HELB6auP550ogF6hozhtG2wMGvCjRMop,RuN HunTer,4496270725,support,1894,5,7,8,9639,5434,12777,70,25,24254,10798,39,6,0,114,13,36,10,0.52,0.18421052631578946
NUcm2ZzoQ6NX_5-tmtBy-KDa-YKUkuOd87TXloqmlr-9IRs,메 론,4300607742,support,1631,1,6,22,5893,8781,7870,66,26,12473,7469,30,0,0,100,6,22,9,0.6571428571428571,0.25
FH2skoTp06p-dmsDJikMmB4FAkNkdyKL1T2wucd0L8_q,말보루 핑두,4300607742,support,1631,2,9,9,6950,751,25327,24,35,23219,6374,34,0,0,134,6,10,3,0.4782608695652174,0.2571428571428571
AHyPdSQUc-uA8k-l6CYvBq51tgUbkdRC46A75gZgcp1l8RI,I찰스I,4442212373,support,1495,3,3,17,5482,5594,13181,46,26,9594,7980,28,0,0,95,6,25,1,0.5882352941176471,0.15
Ib4lXkP9kvzEp90TNkMUThXPWxvCphS0_4k7b_15SBQb4HI,Blitz a crank,4442212373,support,1495,2,9,6,6948,193,18909,36,48,14053,5983,31,0,0,192,3,26,4,0.4,0.2647058823529412
bP820z98kAmEAb1ZgrcpQWwlTQyHtgfOQRwVpMJ5iYuOr4P00ZsxzYEg,데마시아루시안,4531403669,support,1919,1,9,14,4441,16156,12849,76,10,18983,7527,42,0,0,124,7,47,12,0.4838709677419355,0.23684210526315788
ewQd0Lv06txYBHOVxnpMP6gXNXdxrIsn0dLT5Mhe1N-DatHn8BtG89ZC,ilovedanchu2,4531403669,support,1919,2,7,17,8159,1904,18716,81,47,20262,8870,34,0,0,137,8,29,16,0.5,0.22580645161290322
s8ZqmxgHBMYOlOeqLei7gnINL3sPOm4YrE_BzPUXZHNtYBe_blD8yyO1,역학적에너지보존,4537600004,support,1912,5,6,13,20390,4558,16739,66,31,26767,10751,95,5,0,132,2,36,9,0.5806451612903226,0.16666666666666666
O83a1DjuiLvfvcCjbcZAQuu_g7BCGvzynhWi6adM2IxZZ5OEceV0lxe-,LeeQ,4537600004,support,1912,5,7,13,8048,1894,29871,73,36,23553,9765,34,0,0,118,11,41,13,0.5,0.22580645161290322
0n6KZ15xsjZzBrOAHc-P8gM8hsCn6mJ6MGxzys1_RsZC3Gc,조소연 마스터,4526331345,support,2536,2,9,18,10250,3329,43391,112,53,27240,10684,50,1,0,159,19,55,15,0.6451612903225806,0.17307692307692307
hHQM8TLPeU5yh4fEk-a0F0T7bhLiZYj-NrvUeYLFaDUffsajPSneULIJ,정글말을들어라,4526331345,support,2536,5,4,27,18182,9624,17199,94,39,17806,11802,30,0,0,293,15,43,12,0.6153846153846154,0.12903225806451613
ATSDhJg8VaCpxow5G4oCOYW9boiJzcKkEvEs6ZOcj1c_rB8,챔피언쉽 갓레쉬,4360853882,support,1809,1,8,19,12653,7061,9012,75,77,24253,8821,29,0,0,110,8,34,11,0.5714285714285714,0.24242424242424243
zfJ6QvTrLu8_ih1D8EOZQzSfAHtWwRJeu2LktOdpDsWr,아들이보고있다,4360853882,support,1809,5,6,12,18329,2998,13585,63,28,15961,9660,32,0,0,194,5,31,7,0.5151515151515151,0.17142857142857143
VF9_JpiRcbNt9lUBQgcldN0qTRwKNlfafMHtyx8R4nPy,철두철미,4382049584,support,1210,0,1,8,4104,95,6752,26,24,4708,4856,32,0,0,113,4,14,0,0.4444444444444444,0.16666666666666666
jH2EY4l33tE2HcBkSTDq9sAxd0IvBEVL5xdstiLS3Xyql0U,채팅 도발 장인,4539884278,support,2377,2,6,22,9361,8265,31732,86,40,22642,10804,44,0,0,117,8,42,18,0.6857142857142857,0.17142857142857143
8w9Km8lpCVRw0paoNWzdONXotkqx5uAWN6hv7k1YcrYt,패배자 샤코,4539884278,support,2377,5,8,5,35001,1956,13248,78,59,24912,10646,64,0,0,491,7,38,10,0.2857142857142857,0.2222222222222222
OjnvyQ7xfA0TiM1rCQXrEj14W7qolqM0rGKVUP2PiaXHBaA,쵸비비디디박창완,4447151573,support,1261,3,3,4,4535,1705,6684,33,15,8914,5329,26,0,0,85,3,14,4,0.5384615384615384,0.0967741935483871
9-NuQlTTlF6_rzvzBrZ69nCIXDQG04S8n89-jlcDg89b,그랜드듀크,4385092776,support,1471,2,1,14,6201,796,18463,50,36,8622,7550,32,0,0,166,11,26,7,0.7272727272727273,0.1
C0VTq8EJEcPzp3nTE7s281Ya9cxJd4-abHdTi_cJZU2N,짜증내어무얼하나,4488602246,support,1629,3,2,11,6354,10463,5546,46,11,7611,8216,20,0,0,25,1,20,6,0.6666666666666666,0.11764705882352941
ZcCiGKOoE43VmU1Dwht5Dwd5ugVmlav_wVE3wNX4IZgnJwk,괴물쥐5,4488602246,support,1629,3,3,9,14308,7460,5880,39,28,11533,7424,22,4,0,146,0,18,4,0.7058823529411765,0.14285714285714285
lsgXB0vY9b1YO71IJz4EoJSbtCbKKEuJv1cQSFZEVppV404,원딜보면 짖는 개,4539992481,support,2115,2,7,18,10278,702,34160,113,50,22251,9073,50,0,0,123,14,46,22,0.5882352941176471,0.2692307692307692
195Drr6-iERBS5sYL8rPH0QmTE8vqlkSnTcBzXsQBcA2jBE,한녀 서농,4539992481,support,2115,1,9,15,9405,6660,10645,63,20,17137,8546,14,0,0,28,6,35,5,0.6153846153846154,0.2647058823529412
pVoRJTbvakfZNisMbO1DPIKbcTSN6btxm5X_ZcuQECi16qDyDgzvVYFg,맛있는감자1,4529567523,support,1333,6,1,12,6121,729,10331,32,27,7233,7420,25,0,0,69,5,16,5,0.75,0.09090909090909091
pwxL600eiuUNrWzC1peMEJT0uvkAN6A1ByBCJtiDFkIy1s8,Quattro ESFADA,4529567523,support,1333,0,7,3,4082,385,11942,45,9,13642,4608,33,0,0,49,8,19,8,0.2727272727272727,0.2916666666666667
IIGft0kDSE5oQAS11PGfgkX_ob4HMW_TPgjFh6VkwfDRfyLvLu6vkgtb,신드라잉,4471664448,support,2123,1,6,17,11356,8852,7138,74,11,17599,8541,57,5,0,103,6,33,10,0.6,0.17647058823529413
SCKP5df4caJCULWbd8dHjUPRK0EZXBwgC_57gA5OwGrE,리올애,4471664448,support,2123,1,6,17,11697,12570,16428,68,41,20296,9223,46,0,0,235,7,22,9,0.5294117647058824,0.2
ZR8p5ae58Wcd6kzqASYPK7EL_CPtWPG-C8c4agC4UpIgbkDtY_D-w18E,dasda231q,4422867294,support,1883,0,9,10,9175,2383,18195,62,21,28579,6884,33,0,0,72,10,44,7,0.7692307692307693,0.3103448275862069
V-nCyYBL6gCS7mNil_z4LCYxm5_p18ttvPpBiR-uZ0nb,구리구리염동구리,4539911382,support,1276,1,3,15,2731,408,7647,26,16,6924,5705,27,0,0,61,4,10,2,0.47058823529411764,0.3333333333333333
ooa-YjAqKWa7y2f_M_ZiVQ-L9TmYfjzQtxaqp1s4g0LK,상82,4539911382,support,1276,0,5,3,1968,0,5400,10,11,7422,3920,13,0,0,15,0,7,0,0.3333333333333333,0.14705882352941177
uRA_ka46auFAnx2CEHpMnhbnI7roJiEoiW7tJN5k91XcZgMn9oLysp3O,bao bao xu xo,4521511673,support,1653,1,9,10,3226,2998,17295,57,20,17512,6753,37,0,0,86,15,30,9,0.5,0.2647058823529412
mg1L6OjtWxss0U1MU9-VlXXqI8Z5uKLrxWg6SKnGGNuB,미씨다 방,4483220131,support,1261,1,5,3,4389,165,10033,27,20,11079,4629,28,0,0,63,5,17,5,0.2857142857142857,0.19230769230769232
S01vHP60XwxF8MWeFIOii1_aOtG5NQjnix7mSR5H0eFB,니 퍼,4483220131,support,1261,0,4,13,4455,1326,8645,42,29,10568,5467,31,1,1,99,7,19,7,0.5,0.2857142857142857
VnfcLQE0udUOeKWD7tm3-kPpKzMasAY0F_k2NxY1phlX,LostJungle,4521090197,support,1691,0,3,13,18236,615,4805,49,32,9553,7858,27,0,0,142,1,19,6,0.40625,0.1875
qTCXRuX7BMVRaL2GOplnVa6nzptA_sbkFEsep5kWU6xw,우리서구귀엽죠,4521090197,support,1691,1,6,4,6763,6225,6581,55,18,23695,6808,33,0,0,76,2,24,4,0.3125,0.1875
He-JMrWQSLXWv4a7muPYt-JVn-H58HHRixziCfRqPdUB,호저통메구토,4497189650,support,1912,3,5,9,9392,1820,31555,49,63,20626,8551,39,0,0,111,8,22,6,0.3870967741935484,0.15625
eGCr_O02JO5zA5hP3y5h79nKn3BtI-zxMfaFYorogOx_,소화가너무잘되,4497189650,support,1912,0,8,17,10739,3993,10977,50,29,19268,8185,23,0,0,164,5,20,8,0.53125,0.25806451612903225
f_dXsjnL8Cmc7zfQ1zOGYbmmseYbT2Z1ew2RRSUL5R75,훈련병 김지우,4372311107,support,1768,6,6,14,11004,6777,7213,41,19,20138,8971,31,4,0,122,2,20,1,0.5882352941176471,0.15789473684210525
9DXtBklrr2krTAplwn2anN6EItrQRPrYP_iwgSIsw3iQHrY,투애니원,4372311107,support,1768,3,5,27,12694,23994,5830,53,13,9207,8952,6,0,0,46,7,32,1,0.7894736842105263,0.14705882352941177
uVHfI7OEqLg6XJ208p1sJpomxLZWNPH02dc-4zP8gJkP7vloqWxfRmBF,롯데리아부먹펩시,4538716137,support,1503,2,4,11,9144,218,3975,54,35,6445,7133,32,0,0,198,10,26,9,0.65,0.2857142857142857
UfKWciPN2AgXlK53Oel9ZarXJCZl5tv1rI0_rsUG6rkUjgE,웅크리다,4538716137,support,1503,1,4,2,3925,0,11182,55,15,9076,5630,40,0,0,35,6,22,7,0.21428571428571427,0.2
ROe60Hg3Fn7VgKhN6uaFJ46SPANXH_f8lAin3KcMI1hSAHo,현 민 킴,4538765830,support,1809,1,7,7,6206,1830,36702,65,38,23611,7420,38,0,0,68,5,27,13,0.2222222222222222,0.19444444444444445
7EIlq83kPJzQViMHyGdwR7JE05TH9d_iOZMAOOu_wpZRTFqExVFIh5uJ,동정백수몬,4538765830,support,1809,3,6,12,14406,10154,8446,85,41,16238,8985,29,10,0,132,10,39,19,0.4166666666666667,0.16666666666666666
23bIayCGVfKyKIS-B55uK9dBvyU9nHXk-BC_L7cIthLcnBQ,차단장인 핑차단,4537877363,support,2551,1,8,13,11998,841,34441,127,34,32022,9119,40,4,0,115,10,67,11,0.4666666666666667,0.19047619047619047
gyawtBPaxil7u3oaQ0MAysuaDFCg2p6dykUqExU79Q-k1_nGp0B8WEjY,서폿사리면겜포기,4537877363,support,2551,1,7,16,8951,5699,39775,77,29,28546,10253,44,0,0,137,13,47,9,0.40476190476190477,0.23333333333333334
jG-HR5Nge6j0zrG9WUyJrVmHXt9o09vvi6xZgPDBdLHi,노숙천사,4540741285,support,1440,2,4,3,5293,970,10463,31,23,9933,5475,25,0,0,43,5,20,1,0.5555555555555556,0.2222222222222222
2-1zntdoYsZ3rmZvHRm_bDhmca2dslDBLeuMLd5uz0gLudtVfWhY6by5,채팅치면지는겨,4515209297,support,1320,0,4,5,5270,6328,4171,42,8,10553,4717,30,0,0,22,6,19,5,0.625,0.15384615384615385
bxceZdXTE14d6djSrRE9kVne3qVzIyA1VPDgFyO7wAief86YWQuACvbz,퐁이와뽐이,4515209297,support,1320,2,1,13,7714,7038,2914,37,24,6569,7347,33,4,0,135,1,13,8,0.5769230769230769,0.125
gD_dcMTS1WPEGP_FFWzRmMimv6eIboNo9E3ETtG96qqArE8,지잡서포터전문,4271444311,support,1747,2,2,17,9230,17983,5751,70,31,8950,8626,40,0,0,85,6,28,12,0.6333333333333333,0.09523809523809523
cgE82n1SUv50sdCdTtRhQ-_EAzK6dtVerUkETs_jqJ8PcOw,봉풀주 룰루,4271444311,support,1747,2,3,6,4367,753,7870,58,42,10992,7285,28,0,0,304,2,32,7,0.38095238095238093,0.1
fCWAmLd9R0GShIhUPNePTdZCCVHxNFL3Hp4v74DRf0L_,싱싱한과일,4507451644,support,1714,3,4,9,8007,11935,3925,28,24,6360,7030,6,0,0,46,5,17,1,0.6,0.12903225806451613
BET9ljdDt1Do0zHTZtOT1iy32DZ8OHHD11tnoGMDCJmp,조엘 밀러,4539399370,support,1743,0,6,7,10310,4094,7033,86,42,11368,6100,38,0,0,215,10,47,15,0.3888888888888889,0.23076923076923078
B5qe2fbOiZ6nr8PAKqIje3ggdOK9RNsMDf251FkQw8iCFCk,피아노치는원딜러,4531471636,support,1951,0,4,10,7185,6559,6218,53,44,10605,6238,27,0,0,158,9,37,3,0.7142857142857143,0.14285714285714285
69v7JokP1tGMXPk1c1exzf4MjRsSMe9fHW8etKRL7E-7lWM,수 매,4537944265,support,1958,5,12,11,20168,1230,9127,67,20,18475,9426,16,13,0,156,9,45,3,0.43243243243243246,0.3870967741935484
_mkbn3pdhVgsy1dK9-mR_hUgd67p9RCnhwukA2OmeFtS,Amgho,4540587944,support,1878,5,5,9,12240,2735,9102,88,25,17629,9972,44,7,4,65,11,36,16,0.7,0.3333333333333333
K8YTefumIlJs0M-IcLjNzQeQ0Cgr8ZORQqHe3yS_hMB7,1541임,4540587944,support,1878,0,4,6,2526,1982,16577,68,19,15964,6476,39,0,0,35,4,35,8,0.42857142857142855,0.2
EpgY2XAbwemsIiBkZnpZwRJIsRem3SxWRIBDD-3pVjbDf8suA-14kQS4,송해인,4497065825,support,1494,2,5,10,12416,7564,7132,57,42,13640,6630,27,3,0,133,4,24,13,0.631578947368421,0.14705882352941177
dyJcBnzwqP-Qwbu4nh3Ggx1djshqSEE0xC219O4lCogpODg,탁탁1초토끼,4497065825,support,1494,4,2,19,12130,11516,4609,24,21,4233,8241,5,0,0,54,6,14,1,0.6764705882352942,0.10526315789473684
spP3eo3YOvgO6bv4SjwrPjJTps9eUq3btpz1WRa3_I4c,개백수모테솔로,4404881675,support,1300,1,5,2,3893,2696,14654,24,18,12458,4651,30,0,0,37,7,14,10,0.3,0.2
PAuozEIvZ_SMPEXKV0yEnmtIqRXq46HELzuJYAGvVEa90wKxEc7xTPOI,충무공 신 이,4369474089,support,1473,4,5,14,12195,4174,7847,46,24,16018,8416,31,0,0,90,8,18,6,0.43902439024390244,0.2
yDp8IAcukBWJSaMC7V0T-uc7ejouhR92CZQB0EIxcjwYVA6r15Karr-f,좀많이공격적인편,4469119679,support,2167,13,5,3,13248,6280,19794,124,26,21677,15492,42,6,0,103,9,61,22,0.41025641025641024,0.16129032258064516
O6er1ka7hcvcKfW6eIYmZ2lOfj7R4smI5-N-gzgtoFBjHTg,Rezurs,4469119679,support,2167,7,9,13,17307,6052,13368,95,31,26877,10985,71,0,0,184,5,39,22,0.6451612903225806,0.23076923076923078
mvUwyD4w3w4t53xycJbDtqiXd175O3ElbenOvl-WrvuNE3I,올라갖,4500036926,support,1321,0,6,8,5900,3503,8527,33,13,12942,5424,24,0,0,25,9,26,6,0.47058823529411764,0.2222222222222222
VrO9NcmKUnoJEWSo1nHA0q8B0UoGA2wVygh2e-4boZd9AaE,소나년,4460762144,support,2583,2,9,16,5357,29315,18521,116,37,20099,10270,23,0,0,261,9,49,19,0.5625,0.21951219512195122
2yq31wQPGm0hJxqvdn1SIsTVil7tQ0mCpAefvUja_zD1eXw,지붕위의바이올린,4460762144,support,2583,8,4,27,27978,36553,23870,100,36,24811,12883,29,0,0,51,5,49,19,0.8536585365853658,0.12121212121212122
zKW8-tYKqsiETkeCzXXCVo7YdLn1NBJxcg7WGThHvTG7,친절한유미,4532422811,support,1225,0,5,8,4664,4224,4336,24,9,6960,4693,3,0,0,29,3,11,1,0.5714285714285714,0.23809523809523808
SmtpZxrFeONO2uGOf4B6Px8ZDZJZKG_Wat8sgeNWKizLcoZ0D-oYzJNv,한주환,4501759249,support,1503,3,3,9,5445,50,7539,54,30,9913,6653,28,0,0,77,7,30,4,0.42857142857142855,0.21428571428571427
693aD2lr3glLkbkBqJF7rphojIH0v431n2KyuzbP_EgV41c,정명진1,4501759249,support,1503,4,3,4,9553,1351,20815,44,18,16123,6638,27,0,0,76,5,22,7,0.5714285714285714,0.10714285714285714
8yoyNIH40RkKbRcf8xnsCMLZu7V5qZeQ6XssXroTQyb9,Happy Groot,4489190720,support,1812,2,7,7,4488,1323,15076,60,24,14152,6529,30,0,0,113,17,36,7,0.5625,0.25925925925925924
SNNAnhDZyKRiVQ3-ziz-7vxZ5IRTJXMyK0q6Rfttv-RQ,소희야,4489190720,support,1812,2,4,15,5408,3735,21543,61,36,17059,8338,37,0,0,85,3,15,12,0.6296296296296297,0.25
qPDUh1xnLfVGIOdxe0LNAKNoXAoOJm9t2ULK3v1GCS92jO8yo-qKsxdC,Minpport,4195266289,support,1668,1,5,11,10165,9779,6432,41,11,12570,7805,21,6,0,20,5,15,7,0.5454545454545454,0.1724137931034483
AUEzFZ0pBI_jT0Wqji4Sp3jiDwseO2Fk0zWI4kh1frMSjgA,catunzoo,4195266289,support,1668,10,2,6,10076,6002,12166,53,17,17872,13323,35,6,0,96,3,26,9,0.5517241379310345,0.09090909090909091
Agfxys6vBAgwDy4kCqSwz-vpqMORagXAK9y8wcgNkyjDG_0,꽃가을,4532399005,support,1833,2,8,15,9910,2328,43033,62,66,20586,8378,34,0,0,316,8,38,4,0.5483870967741935,0.22857142857142856
AM2j7pKgCamb3_5Fovhfu_q-JsgSzi7bnvaMwhFpRB4N8jY,19970326,4540691009,support,1439,3,8,9,7726,831,21138,35,50,18707,6879,47,4,0,113,6,16,7,0.6,0.1951219512195122
ynkOgoN3TbUgXjOuSB5CE_4yIiaJnym_75A8sQAQtlwMCaQ,상관없음으로돌림,4344306833,support,1342,2,3,13,8133,17000,7988,57,36,12470,7647,22,2,2,153,2,30,7,0.5769230769230769,0.3
FjfSQtNiPhnK10RSM08t9WGTCqG0-zYAoN3eQwjajPkK,사고하기싫은사람,4344306833,support,1342,0,7,9,6845,2139,8520,37,28,15440,5596,32,6,0,120,8,21,6,0.9,0.2692307692307692
_wh7gh7eX64gHHdsSVRLBMv_stO1yMs0DEzXUOMkvgh0,이섹규,4415313769,support,1608,1,2,12,4048,1072,9126,67,22,8575,6938,37,0,0,71,9,30,11,0.40625,0.1111111111111111
I0t3mwhcLjGImluujVIF7MWIkODK-2I7YLnTL9Q8ABymX0Q,지나친휴게소,4415313769,support,1608,2,5,8,6833,1611,33404,40,52,19427,6806,23,0,0,252,2,25,0,0.5555555555555556,0.15625
39calS6frJmj8hJBe5lnpNN5E9b4s65FXGGZyN82XIbK,우디하이,4538639523,support,1571,2,3,11,8949,3004,17609,50,30,18176,7874,39,4,0,98,6,28,8,0.40625,0.21428571428571427
B20ZNSSCso1brVQPfj8ipVIdu0AtM8Js13SFBwqcHQNE,황승열,4540034405,support,1262,2,4,2,6754,281,6186,20,11,8150,5194,16,0,0,110,1,13,0,0.4,0.14814814814814814
Cdv54m9MAH8E3Qm2dzIi_m3GItqR487QgghyCoDVP7Ylv6Q,Hild,4386041186,support,1723,2,6,19,6486,11375,27285,76,47,29619,7689,30,4,0,294,6,41,10,0.65625,0.15789473684210525
qLnbOfky58NmHcwCxOq6cHuDLqrz3VIXzeyEEa2SFHUCQ-k,CrimeCity Graves,4513838885,support,1475,0,7,5,4911,757,13947,33,14,14178,4825,26,0,0,30,12,24,4,0.4166666666666667,0.25925925925925924
cswdEMO1YxWwSa043W_uIFvBMKg-0KjPB8TRr7PaPfbzjso,Toilette,4513838885,support,1475,6,2,15,13341,11226,9502,45,28,15632,9997,13,8,0,127,6,19,7,0.7777777777777778,0.16666666666666666
S4Pkr1kBJEwt3icOQftnNnSUE9l69j7QJon2rfIKNdpojTrlKW-W81Nv,강타로대포먹기,4540448644,support,1834,2,2,17,13060,17407,4589,53,20,6337,8496,9,0,0,46,8,28,4,0.5,0.08333333333333333
1JJD3WSDvwgGNw0UNH0fAiuLFFWn-t3vO1J-HAh2m2XjOHk,ririririririri,4540682733,support,1433,5,4,2,4720,3243,8198,42,16,11698,8613,33,4,0,68,4,15,8,0.20588235294117646,0.3076923076923077
CxYA183VuaJkQQG53gEPah1ZMdn8cMna9v5T-kYAIEBZDFkTSmib8H66,저오늘떠나요공항으로핸드폰꺼놔요,4540277266,support,1318,1,4,10,6170,1846,5807,37,14,12027,6182,22,7,2,39,6,16,2,0.44,0.2857142857142857
hBvyjz4b9C2AYPXYOtGv-T_Bj7lmdC597LY_-lBB0AhTXfnUZQAGdFvn,서폿계정2518,4540277266,support,1318,0,4,3,2945,0,6462,19,25,9583,4632,27,0,0,137,2,8,1,0.21428571428571427,0.16
rMSw6RKiTyIvqg9J6ucuxr2t7YyDVYuERqVeW6RBrc6e,엄마배,4517193536,support,1658,0,4,14,12788,3432,7702,46,23,12421,7322,28,0,0,163,4,19,7,0.8235294117647058,0.15384615384615385
RZP9etEaIv4dwMMFaFTUwNUmCpLGLfevhhEHsY9TT9vLuTjF58FoQyJq,zl 정 현 재 zl,4525007578,support,1202,2,4,14,6521,10487,10121,19,27,15424,6263,20,4,0,181,1,9,0,0.5,0.4444444444444444
gzCdtuWqQLM_c4DUvEMO8f6cE9kvl_TmnvAL52RnWz0i,뭐든주면다먹음,4525007578,support,1202,0,10,6,6399,349,17442,14,42,16182,4576,27,0,0,248,5,7,2,0.6666666666666666,0.3125
gUdqEO-K04E_izKIbHVioEbxAhLadSOcGFjUjYE7AKwy,너구리에요,4531457529,support,1665,0,1,8,6550,8508,2710,34,23,5267,5485,5,0,0,42,6,19,2,0.5333333333333333,0.045454545454545456
ZR8p5ae58Wcd6kzqASYPK7EL_CPtWPG-C8c4agC4UpIgbkDtY_D-w18E,dodge or 15GG,4536809039,support,1954,0,9,9,3996,22827,12800,71,25,16875,6833,33,0,0,168,2,41,5,0.6428571428571429,0.25
N_uwZRlJz568-wNWp69yfAOB2QIGhm2PvzyrbBnh3X4iAA184IBh7gf4,게임좀못할수도있지왜욕을하고그래,4540505502,support,1203,2,2,7,7819,2727,4965,41,25,10620,5995,13,0,0,124,4,23,8,0.391304347826087,0.14285714285714285
O6CiEsWoSutWJt_Tr2ueFR4YEexe8_ano29ysaZo9Od1,길고양이야옹,4540505502,support,1203,2,5,7,5685,398,6509,36,18,10968,6274,27,0,0,131,4,17,6,0.6428571428571429,0.21739130434782608
iik6MjIg4Sf-t0C8QbqEPp4BzWfBgzd7MMHADcOO9GVn,캡틴노쿄,4533053246,support,1482,4,2,18,11297,4191,5561,54,25,7563,8287,12,0,0,143,4,17,8,0.6875,0.18181818181818182
s_yUo9MQRA40Tij4RC21yjFI1n-7Qv8WE-kls_NNBX8L,노스킨장인,4533053246,support,1482,1,5,4,4380,370,11798,26,18,14415,5097,22,0,0,73,8,16,2,0.45454545454545453,0.15625
5ZWP-bbHa4va_gcGU2qkCoRaRDjaJZbvvCutjb4cKpwT,가지대장군,4430296674,support,1863,2,2,14,22479,2189,5068,70,39,10687,9021,34,8,4,137,7,31,14,0.5161290322580645,0.14285714285714285
tZ7Mgia5uf3l-JSRQ3BOQC_xply-6UUQ5CPfGEL407mb_3E,새벽제세동,4430296674,support,1863,1,7,9,6333,3570,8470,91,23,15615,6949,34,0,0,140,6,46,21,0.7142857142857143,0.22580645161290322
O09K057NK8LMJy5PnKH62jabMH3FGf43NjkoWw7ZPtFy,자극세포,4536800866,support,1597,1,5,6,5558,51,19061,36,36,11037,6027,24,0,0,156,3,19,4,0.5,0.1724137931034483
VIxU_jE-ichPFconhcLWZBe7uUNxwpwx7JuG4B6SR6y2xR8,그몰쥐,4536800866,support,1597,4,3,15,4469,832,10823,45,23,9805,8161,34,1,1,78,4,15,12,0.6551724137931034,0.21428571428571427
HydqPpW3TTZTh11CcD9BAx0RA5jprLkaAruZ4qLWX973rRdqFz2pd-nN,찬탈자,4483308235,support,1770,2,6,19,10127,9538,29587,65,46,20803,8178,30,0,0,137,7,42,4,0.5,0.17647058823529413
qcKTM3mEJsh0CtaF4xwpyfInwvu2G1ms9cBiizXr4PzE,키스 오브 파이어,4540374493,support,2159,0,6,15,10094,5048,17628,89,20,19976,8992,27,0,0,157,14,46,9,0.46875,0.16666666666666666
W9t84aFb0DuKTFHI3XVZ5sXYvA3T5SiRuFqEY8gH86JI,이모 소주 둘,4540723023,support,1409,1,8,8,7397,171,15090,36,15,17033,6263,41,0,0,92,3,16,6,0.5294117647058824,0.26666666666666666
AIMTcp8ypL3ewOYoHc-3Hkvanu-vH9tWJ6xifvAXPiVOcCQ,리쿵따,4144300661,support,2250,1,8,19,9425,8011,24683,86,36,30550,9510,48,0,0,110,4,32,14,0.6666666666666666,0.22857142857142856
v8wSDRU51Z5z7jeFyhV8Rm8sVK-V8Pw3PY_J9YiBvwmWCGw,승철이의 주인님,4144300661,support,2250,3,8,23,16939,11384,9857,90,26,17050,9318,13,0,0,40,11,48,10,0.7428571428571429,0.26666666666666666
GOC6sxArlm0ClTga10S_VWSNtm7EseSr3VXLexO79jKR,헤롱냥이,4259491703,support,1413,0,6,8,4781,4537,7871,38,16,11429,4613,27,0,0,107,7,21,8,0.5714285714285714,0.16666666666666666
BvxHVrhDfr4YT6JIyEicQ7P1S57i2WzRwAX-ytWurgc,보오찡,4259491703,support,1413,5,2,8,6913,2293,16402,46,25,14634,7635,38,1,1,98,6,19,10,0.3611111111111111,0.13333333333333333
Ve4TRl3weR2O98u9TfteL9QS4iUoyY6X5CJ5pqcWAT6-pATQjZVTHwr2,탑신병동환자 SHY,4193277728,support,1390,2,3,7,8542,53,3490,43,26,7698,5584,17,0,0,116,5,23,5,0.8181818181818182,0.13043478260869565
3Xw_lmBci6SCHP0dx6frKBgEeeP8_YwmANKmkyeI0bS0geU,송단밍,4540720219,support,1608,1,9,5,5907,841,12614,37,25,17979,6310,40,0,0,256,3,18,2,0.46153846153846156,0.23076923076923078
_yPNoKS3rrAdVe9pmRn49JMXDG9AD9vpHwemwCfjHZYe_Lw,진짜 김현철,4539042549,support,1902,5,6,19,16006,17611,11144,68,39,18922,10950,29,0,0,174,12,30,13,0.8,0.2608695652173913
8nBwfvQlY8jvrpQMrsHP6rXnv55Yu20EsdHizP9RWL2-,콩홀릭,4539042549,support,1902,2,6,10,10751,3861,10652,73,20,17398,7624,10,0,0,128,9,29,7,0.5217391304347826,0.2
f3uG2Fr5RoWkgX-DTMcPSboQXNb62nOASFLnXpBdTwSY,해 엄,4540077218,support,2194,3,5,14,3910,747,11251,87,25,11551,9299,12,0,0,193,17,49,7,0.5862068965517241,0.22727272727272727
KkxVGE8cyybYzpKWv1jLv-f8VWHTVvBzVP6N64uJzpsXTpGlJtGf431Q,woooojin,4540077218,support,2194,3,8,13,11171,3488,8324,105,19,15881,9736,16,4,0,136,14,44,12,0.7272727272727273,0.27586206896551724
Gy9WbdZfLPYSLydTBMycCZcrVgL7qY0K1bM5BOSvoryDSkA,LunaDevil,4482412337,support,1437,1,5,7,15001,7,3826,37,22,8199,5733,20,0,0,154,4,17,4,0.6666666666666666,0.21739130434782608
j8lxYt2GZMcTKvrJ-UN4n8Z7nP5jzy8w2F7nO5iSNUwh,할배지팡이부수기,4540295442,support,2036,2,10,23,5412,5889,16464,65,30,20370,9138,40,4,0,175,11,28,14,0.6756756756756757,0.2127659574468085
unbjOLOMGdhXSKHbxLVCNYqOgXKbQZMoa4Gsv9tcyQIMdA8,알아서해그냥,4524786701,support,1866,0,4,8,4688,2216,7841,84,17,14438,6614,35,0,0,174,16,45,13,0.4,0.14285714285714285
9vpo8Xk5JRfbFBZtXJV25lmfCYEYn-TGwNzTsTDqYo72r1E,rmsllsdmmgs,4524786701,support,1866,3,4,7,4134,1945,13141,102,15,13562,8661,54,0,0,54,15,42,24,0.35714285714285715,0.2
-Sakv5eB_nlCjSeokJIz0RkD98glH3hZqP5MwXak4_eF,궁 광,4539955749,support,2147,4,11,13,16441,3470,17338,153,30,31617,9443,57,7,0,95,7,71,30,0.4146341463414634,0.2894736842105263
JeVPZDHKYH1VkHGQpsP6PeS16DSXQA1Qy4VuML-fEGUX,Salem00,4539955749,support,2147,2,7,20,12868,10918,19196,118,32,26903,9660,60,0,0,259,16,76,30,0.5789473684210527,0.17073170731707318
mSOmTiPlZ9sdGzb5mzrJCHrpfM91bQV0Qu7y2geivlbg,BBonGu,4540024590,support,1297,6,1,8,8849,4214,2229,42,11,6404,7711,29,0,0,93,7,22,2,0.5185185185185185,0.07692307692307693
oCreY4YgcPzK_-AcNfabDq2uYMspqw2dzoZPUCM1Y5CYLlg,핏 제,4197397146,support,1236,2,4,8,5389,700,4786,42,18,7749,5876,34,6,0,78,9,21,12,0.5,0.3076923076923077
xGPGf8Q5i4kl5b8OIXj1iS_6RoJfkItT0PmaS6bARkSLkTM,입털어봐처던져줌,4357577666,support,1860,1,5,10,5722,1195,12254,70,31,13502,8178,62,0,0,53,8,37,10,0.7333333333333333,0.25
PsLWO8aFo0rborwWiv78qIezOyLRe1-1WgflAeIrrYxq,독한이,4357577666,support,1860,1,6,9,2783,2543,18525,59,29,14046,7493,40,0,0,55,8,33,9,0.5263157894736842,0.4
r1aXXfwTUA1dzVagPesdZnr6wTnd_biVLw9BbscZ2zNHwHY,XiA 기카,4540254675,support,1324,0,2,10,6266,6977,13676,45,32,13285,6687,23,0,0,73,4,21,2,0.5882352941176471,0.3333333333333333
ugPnxiT0ZrvPpCh2Dj1wCt3ZsxR0Bukc6yV8AP_KCbUiK8RdwpbSELjO,포기안합니다,4540254675,support,1324,1,3,1,2455,137,4767,22,21,7225,4417,27,0,0,32,7,9,6,0.3333333333333333,0.17647058823529413
_jbbBMDoqW0EqBhcdN0IlkswGfDU2CX-X1GfQQhljN_VDlc,라 흐,4540629376,support,1954,1,2,10,6200,9888,4532,50,32,8197,8078,12,0,0,112,5,24,3,0.4782608695652174,0.07407407407407407
WvcIqUFdFnoDYgqxge-GVmhI7qt6JDAJgAhrqTwxhGTY,08070917,4540629376,support,1954,1,7,13,9695,3655,15162,73,46,14308,7991,17,0,0,232,4,30,7,0.5185185185185185,0.30434782608695654
3jHVwX1NHkEtxPsHm72KSo0g3zNtkWtXEYLCybzu_ZQt,얼굴치명타,4539260101,support,1929,1,7,11,6301,863,26516,77,52,14865,7483,27,0,0,156,4,25,11,0.36363636363636365,0.21875
TIeFkdFy-YIKSTDvTnIpRtTOVtoC2dT8QYviEAWzNuDwimc,푸딩샴푸,4539260101,support,1929,1,8,15,8948,1628,23787,64,47,20759,7443,33,0,0,148,9,34,8,0.5,0.24242424242424243
E6J2sBgPiBwfgfkmJ_M8ac3zsydJRiu9Lx_JRtNnWi4O,앵 용,4540203397,support,1431,2,4,11,4324,5224,3433,45,6,7022,7422,23,0,0,50,9,26,1,0.5652173913043478,0.26666666666666666
5vStwp0dPa3T0ewM4eRRBwvbFLPb52EQ2ZEnmMGVcr_w,소라카 정점,4432028633,support,2058,0,4,19,3821,28523,8827,106,38,12273,8768,54,2,0,175,5,45,22,0.6333333333333333,0.17391304347826086
PsU5jHyd-kwePPia3IMIb5C62j72F-epbilBX4CBLFI28sTGLM6kLKP2,Escapefromher,4432028633,support,2058,2,5,9,5597,4633,31552,95,35,21548,8512,53,0,0,66,11,42,24,0.4782608695652174,0.16666666666666666
lub16rdPiwcMF-xPgfeYGQqZJOwMm5JjIcV2nk_NL9zmLu2fGrOeoBfs,엔터 뽑은 보살,4500754626,support,2413,2,9,30,13949,27392,10734,88,38,14793,10433,13,0,0,70,5,48,6,0.6808510638297872,0.21428571428571427
NQumsAtk_pSLYkRTc5BYgjR3Wr4cA1Ajszd049nayuI4,찢지우,4500754626,support,2413,3,7,26,15451,6891,36717,107,60,28066,10488,32,0,0,156,14,52,11,0.7073170731707317,0.14893617021276595
FhMq0WoeUSzi7XbIczlXljgilLG674Q5xYe0LNerB9WjDsU-ISFYZLnQ,춘자야 시집가자,4474504621,support,2043,2,4,21,5140,35719,7655,93,23,10235,9708,15,0,0,152,15,47,13,0.6052631578947368,0.13333333333333333
RbciHMACcQoUNioPUfQmRkMLYcbTkON2WChL3wA7vBuWPW0,동구아빠,4474504621,support,2043,3,6,9,18251,5089,19476,71,52,21021,9442,58,0,0,89,8,48,7,0.4,0.15789473684210525
eHH2bEgUow0QwU-yBRNdt4a85h-7FoJjgt5I2fQRD0QWwWo,lvaD,4379008273,support,1805,2,11,12,11298,486,27055,68,31,27420,7443,36,0,0,107,7,32,4,0.5833333333333334,0.275
Y1UODG88NecYJw0IBxltdMImkdtmNwfP4CvrN0iCNdr-KLk,뒤치기 옆치기,4379810338,support,1917,1,7,3,5473,3236,13953,71,10,19728,7351,43,3,0,56,6,24,16,0.4,0.2692307692307692
IomNgjosNjxhIyrlG7-ed4LoqmRD89gVp4RXPfr40go,눈 콩,4379810338,support,1917,4,1,11,5918,16123,2112,38,13,3302,8848,3,0,0,26,8,19,1,0.5769230769230769,0.1
rd95UyjyI3gTMII9RSvc9DCRM8ESIm-xw1TnTMtTiU8T8RV1Bo8gLOQM,모든챔피언고수,4527744341,support,1704,3,8,6,14795,1130,8719,35,15,19781,8031,57,3,0,25,3,18,4,0.3333333333333333,0.3076923076923077
qgVAZwXuydZyxy8pNe7IcldzJT_pCqx0HkuNMbiO4JGa9wY,Jelly TV,4539977687,support,1240,1,6,8,6600,5286,5773,27,15,10130,5258,3,0,0,49,7,20,0,0.75,0.21428571428571427
SAUbxZsrpwBi9egmwPDxtra1NqYkeXjJsRt4aY2jY7OJ1yk,fn2,4540286384,support,1403,3,0,16,5196,1835,12277,39,23,10151,7798,29,0,0,96,6,19,1,0.6129032258064516,0
-ndGlz_3_c4cpGnC7V0zTEzSZQbcrnoat4PuEiKHmceL,3OvO3,4540286384,support,1403,1,7,1,6432,1147,6901,22,26,12475,5380,17,0,0,118,6,12,1,0.2222222222222222,0.22580645161290322
SWbKWBot4tuS5C78kYemxZ9pgiyGjTWR_dF4nhAk56o_,고 별,4190043420,support,1634,6,2,13,7234,3652,2487,54,21,6532,8868,25,8,0,126,6,21,6,0.6333333333333333,0.13333333333333333
C31VUZQKkvIfFrlGjyZp6P40aVTNzoDjqgtSqOQle3kY,도도해,4190043420,support,1634,1,7,5,3502,367,5796,35,26,10964,5943,37,0,0,139,5,27,3,0.4,0.23333333333333334
arlstjAJzb7SbeMs6yZQO4MMi4R2m8dDVMk4eI3ywHhE,나를 좀 구해줘,4526135710,support,2135,2,6,27,13383,6336,17419,81,49,24326,10087,35,0,0,76,12,46,5,0.6904761904761905,0.1875
