account_id,summoner_name,match_id,position,playtime,kills,deaths,assists,totalDamageDealtToChampions,totalHeal,damageSelfMitigated,visionScore,timeCCingOthers,totalDamageTaken,goldEarned,totalMinionsKilled,neutralMinionsKilled,neutralMinionsKilledEnemyJungle,totalTimeCrowdControlDealt,visionWardsBoughtInGame,wardsPlaced,wardsKilled,killsRatio,deathsRatio
el_pEhfKgP3Rl74ywXz_i7OE6xq63XH6Dmtn2lWrvG0Tfgs,장난없는타압차이,4506621708,top,1897,1,7,2,15798,5782,24642,11,21,35114,10568,200,24,1,67,5,8,0,0.1875,0.21875
DYvmCYyshbD3LF0VXH8S39VJJn93tp09Wzi08iM8RKGp,퇴물 히철,4540608410,top,1428,5,1,2,10514,5335,10507,16,11,15158,9564,175,0,0,124,1,8,2,0.4117647058823529,0.16666666666666666
vu3z7ArAMws6qIgVNQSF-pA7ZOzToz8nyvHwEWspWhnC5Mc,상체 믿고 게임해,4540608410,top,1428,1,5,1,10544,1546,13988,14,7,16334,6357,130,0,0,63,2,8,1,0.3333333333333333,0.29411764705882354
kUH0pLYA4GhRJ9Exiukm0CJXNetnrCQifaZV9yjYA3VhYv6MGrwX7oI-,못된두꺼비,4527596507,top,2252,3,10,14,20435,2119,32951,26,41,32577,10345,134,1,0,566,4,8,4,0.6296296296296297,0.25
FDhZI0tptGb3f5w1FZ01RAZuy-Ps4vkSOF97gnVy9IYo,킬따고 펭귄스웩,4506422484,top,1876,4,6,4,11248,3575,26479,19,29,26427,10830,194,12,0,130,2,7,2,0.2962962962962963,0.17647058823529413
MY7zhjX3mqq9dDEm1BwH434jUPtsYUfl3gOqkkpk_2SAoCs,Master Top laner,4506422484,top,1876,4,6,12,20020,11927,47244,13,66,33986,11231,163,6,4,460,2,6,2,0.47058823529411764,0.2222222222222222
ae02XCMnfIcRAw3AiqnnBJZNW-GHHskvHf75fi5mzFU3,micronanocontrol,4540155987,top,1892,2,10,5,12173,7205,18572,30,24,33409,8863,125,12,0,239,4,10,5,0.30434782608695654,0.2222222222222222
VjZr8OdpysJYCcHT4dXPGN1xlHff4itFn7_aL7ce2c9wWQHhLbt4iYu4,공영삼,4540155987,top,1892,7,3,13,25147,3552,55357,30,39,17754,12456,143,9,1,1432,4,8,4,0.45454545454545453,0.13043478260869565
Zbjv7pTCErmfWc_udWLDgFkI9tv1xLPEIEDwDN-Tu74peBlIvyuEZgIT,협곡 관리병,4540690647,top,1790,10,6,8,22365,6566,26963,21,6,26555,12905,163,21,0,150,2,10,2,0.5294117647058824,0.3
8K2tX5aBk0mhBs1_F1NAoWP41zu56GmbKAgeKXTBaDsZgevbZExaGCPh,할아버지의피지컬,4540690647,top,1790,4,9,5,21371,7398,19631,14,19,29319,11974,212,12,4,75,0,9,1,0.45,0.2647058823529412
1hV6RxLZ-wB_RGAcYgzPmTEjN5lOsGQorI99d7fuP3-T9tM2pqllQiu0,구리시 불주먹님,4518286588,top,2354,13,4,5,38532,17081,65149,20,26,46752,19222,276,17,4,213,0,4,5,0.5,0.125
t7UqXtFd7effBDAGBMCXr8rgCJDDAO5Z-uA-Npu_SFsRS9cBhSPTEGmw,피지컬단계,4450281188,top,1899,4,9,5,18830,7565,22736,27,17,31897,11922,244,13,5,100,4,7,5,0.47368421052631576,0.25
-5eM2yIJrCIkR21DVOCE-rH2KpY3ONUv4ucglKLA_gZbiXI,파이끄욧,4450281188,top,1899,4,3,4,10219,3378,11419,9,30,14957,10150,153,4,4,450,0,6,0,0.2222222222222222,0.15789473684210525
KRRangcs4F0o6G9vw-DDvgmJJo9-hCQbCItPUEORTeUo,삐대하게생김,4459745283,top,2132,6,6,11,15619,3134,29908,14,23,32138,13206,213,12,0,234,3,6,1,0.4358974358974359,0.15384615384615385
Li_r-J2VDC2wA1Kpn9_dyv8YbLz-3SSdk5qCcLlS7yE-Y4JZnYdYDd-u,린바라깅꺄꺄,4501680416,top,1584,6,3,12,19233,3947,17407,20,37,21150,10784,169,8,0,309,1,9,0,0.46153846153846156,0.2
LlK04dOkZ5QUdDy3suu5MKGEfPjkPmvW2WEu4gKqGxtNN3MBrM-lfuiW,생선보다 비린년,4501680416,top,1584,2,7,3,12324,6536,33450,9,51,32264,7616,131,0,0,392,0,2,3,0.3333333333333333,0.1794871794871795
xDEDBJ9IIUwKRYVZIjs_xaxfmdEnJ0rdDoVo8TQDrOzs,노롱가,4537588114,top,1477,2,1,4,11982,3390,14282,13,21,16326,9310,158,4,0,204,0,8,2,0.2727272727272727,0.14285714285714285
tNQYn7JFlK9AMOwKVksbrlah4xByEiB0fhjOAUJKtqqH,MOTOROLA,4307057833,top,2216,4,4,15,28812,10909,13223,21,43,30498,11357,137,4,0,780,1,5,4,0.6333333333333333,0.13333333333333333
VIS1dRgMcVRZRbyz9eDoUxX3OfQeDt5-XoQQlBBoKTki,용사님,4307057833,top,2216,8,8,7,39119,10582,25259,38,23,36930,14922,213,14,4,300,5,10,4,0.5,0.26666666666666666
9EwdMOdw-sUoqruNfVb_-uzZGzMu3SooVaOh5FqbdaRF6Kw,GiveRain,4540110152,top,1557,4,5,15,29626,2453,37123,10,45,22653,9383,124,0,0,634,1,3,2,0.475,0.20833333333333334
ZCgHDlo1glUTHcG3NBvGYqLjsVCQj5tLPeHtmTZE2oooiM0FUvFylvig,3yw,4540110152,top,1557,4,11,7,14858,1262,30257,11,13,39127,8614,138,0,0,95,2,9,1,0.4583333333333333,0.275
-IQNPYshPQ2Z_IU8C8TkAORt5izl-4ZFsBizFbhtZ8fgXrFjwbEkctM4,정신병원 입원식,4536715755,top,1326,3,4,0,8810,3221,6532,12,60,13030,7736,135,7,0,554,0,8,0,0.25,0.12903225806451613
Io3iPES_BiUhePJ6vIWJkRpYwneSB6hEHuCdQV6eWhXGdB4,HYENCHU,4537725533,top,1550,2,6,1,10117,335,9256,16,20,17999,9746,202,4,4,98,2,5,1,0.375,0.42857142857142855
-yk58BHaMyvn-tqZCZ0d1047WzQ7qXswblvhFemD0IjpY_o,SEPTEMVER,4537725533,top,1550,2,1,2,7219,3719,10537,18,6,15320,9901,219,2,1,26,2,7,6,0.2857142857142857,0.125
CGDvGxRa0eeYZZ5gerRmYNV1avbviMXzybQ0oJuHzsf9TzQ,미니언 제거중,4540596267,top,1289,2,6,2,9190,1472,12262,18,12,14326,7767,148,9,1,111,3,9,1,0.3076923076923077,0.1935483870967742
BjgRRGDfHXjIPOyGw26VCfHpQilJ1pKtQBg2ITUEdzJA-4o,Kousei Arima,4540596267,top,1289,6,2,5,12956,7104,7365,14,1,15106,8823,125,0,0,33,0,6,2,0.3548387096774194,0.15384615384615385
kp4tLIi7lIOBKYx3ZBZpLDD5nYYGDreJInQSBxnUuIfGz8M,먹거리상품주문야,4540439229,top,1488,4,5,2,14594,856,9124,17,8,14078,9974,162,12,3,18,1,9,1,0.2727272727272727,0.35714285714285715
dmtOHTuQFSfKsHcXP04V_fI3LNImggzd8xflC-4y-_YRp1k,VSG POO,4540439229,top,1488,2,6,3,7354,609,10309,16,12,17784,7511,127,0,0,50,1,8,2,0.35714285714285715,0.2727272727272727
40SJZvb5ZuQrTA9ozCd3s-c05ReYbB5nkGhZD3SvijADsnw,쉔 감 ,4432495231,top,1954,6,3,16,28829,1909,48218,15,40,29569,14032,221,8,0,313,4,7,1,0.5116279069767442,0.15789473684210525
ZO18McgxICKu42mdxBP_6Fce5kzyFk5czZTMxlEO_sjOYYA,봉황고 정보현,4538953159,top,1797,2,2,5,10316,1306,44303,12,29,24149,9125,171,4,0,531,1,10,1,0.4375,0.08695652173913043
BYTcXqnvzU43sfUGOd20lXWBqcrbZxGNU_eMWYownDjqrzk,가붕이 거릅니다,4538953159,top,1797,4,3,3,14308,5327,35762,30,29,24398,12665,204,16,8,95,2,7,3,0.3181818181818182,0.1875
6M0D5GAsxfO2eVJobR3Jjn3f7_fQSI_Y1sD4-7y_mVnnwMA,허수찬,4113725617,top,1210,0,4,0,8084,7147,4962,6,3,11536,5628,109,8,0,92,0,3,1,0,0.13793103448275862
G-pb0G6YmOry3uN4TsgS785qEL1w357vJ3pD2GUDz7lPJi0,난양산,4216879208,top,1292,3,3,0,6513,1170,9629,15,13,14350,7644,136,0,0,204,4,8,1,0.25,0.1111111111111111
1gOAbosXjPNvvTOkwn2wmI-jhTSkNJcANyTO6npNwTHsWrLhrSIyNI7e,두호고팬티도둑,4468395745,top,2113,12,7,7,24755,10865,46570,28,25,35861,16547,222,0,0,172,4,15,3,0.6333333333333333,0.4375
f_xtjf25pb93Dg9_86-ofwiNPlP13TaLeTby0LDBEUYbG_8,요쿄의친구,4468395745,top,2113,1,10,6,11981,6151,24159,20,8,29276,9596,172,8,0,105,5,13,4,0.4375,0.3333333333333333
5rQ7N9TER30ENeAVtaoD_6EFPTr4oDGOLOc6THJ27uxn,도동구,4530623879,top,1394,9,4,1,21432,3656,10433,5,19,18517,11583,163,0,0,244,0,3,0,0.3125,0.36363636363636365
L0Ik9kQ5g1jwPjU7BLeYfZzMn7Ue_U4S1CGIK45haxlp,탑라이너의본보기,4537877486,top,1570,4,5,1,14384,4533,11293,12,12,19857,10550,175,8,0,60,1,8,2,0.23809523809523808,0.17857142857142858
RfATjccb0i_zX2ikLZ97vEttPR7s7iDqeSFzvgusWVLi1SElXbYBLSQd,Sorry Nochat plz,4422753565,top,1527,10,5,7,15086,8832,15509,16,16,26910,13724,192,10,5,104,2,6,1,0.425,0.20833333333333334
shmCAdmcyM44-ns0h3NfZQqL2moS6_VLF05D6MGxXp7bCF_zEaLu8KkI,J에요,4422753565,top,1527,3,10,2,15428,1086,17618,17,23,21675,8939,139,12,0,153,3,7,3,0.20833333333333334,0.25
GP3qvbxG7fw427TAcPigO5NWRq9btdgtrUQpABJQR12s,공갈폭행,4377682090,top,1322,0,4,5,7529,2977,10193,10,28,10812,6344,103,5,0,287,3,7,0,0.35714285714285715,0.25
TR6PLGtefXiydKpHwKnCegmEZvxuVLd5KccqIL-8p1vjJVk,동영이꼬삼,4532004376,top,1534,0,7,10,8855,1242,20608,17,32,21699,7882,130,0,0,58,4,10,1,0.3448275862068966,0.2413793103448276
bpu4rISLMHyKg5w8JCYCeAWu4HZiVDC-4vqHSNTC0xB8zq8,흐긴노예,4532004376,top,1534,8,6,12,25091,5583,28666,12,33,23298,11720,114,4,0,157,0,7,1,0.6896551724137931,0.20689655172413793
9aYi_eUpaS48IK4v04Fdtj1hqewFwY3VK7pqR5oE9JsB,문어재앙 문재앙,4357878749,top,1964,1,6,2,13737,2693,37465,22,30,24350,10365,223,4,0,663,2,11,3,0.14285714285714285,0.13333333333333333
gYKz5-tpkxZqY5Il2Kf5k6goIanjusLc7jUe_eLhpusQ,CHAT NOPE,4539105611,top,2454,6,3,10,23161,4101,36739,35,45,29468,16820,313,13,0,1097,3,14,1,0.6153846153846154,0.1111111111111111
iQkBeGHrgsigJ-zRxPef-_zSEMh_2BK5BjZf58UopGVO,원주귤돌이,4488047452,top,1620,5,9,5,20312,9558,23091,14,19,35282,9063,140,0,0,110,2,9,1,0.43478260869565216,0.19148936170212766
JXOzTjY42-bAe9CUEdDrmIHHIDvfG329chXgbqNCAEot,훈벨롬,4539160324,top,2011,10,8,6,33073,2579,15982,28,12,21626,16203,226,15,9,160,3,14,3,0.5,0.23529411764705882
r5Wkty7gJmfpG0RnHEXregRxluDefLtMxz1mNdri3XmfGqv2IbnFB7GL,뇌비우고하는계정,4531182921,top,1504,3,6,1,13586,3627,11543,24,9,18425,8912,188,2,0,106,2,10,4,0.2857142857142857,0.20689655172413793
Ym5LioflX0f0ONwET6ilbwKPXKPHlpYJ1YrHGVp517it,의자왕자지,4538668473,top,1718,4,4,5,13840,7373,15015,19,23,21132,9611,161,0,0,384,4,7,2,0.45,0.15384615384615385
pHcopT3s_vUjoVm_dJf7cl40zU0ahdGlNGwe4hQAov6S,믹스센스,4538668473,top,1718,3,4,4,11912,6186,11566,40,2,18860,10014,176,16,0,70,1,10,7,0.2692307692307692,0.2
OY7ipk6NZa6i9QQeTWDQEUtbDN8geTQILXTmvnfJgwnpBCc,귀욤이태산이,4539066855,top,1677,2,9,5,8676,2804,20330,7,14,28045,8219,128,2,1,68,2,2,1,0.5384615384615384,0.32142857142857145
Z5khJxVF2gxYZGUNx7JwRG544E3GQgVUtCPBmk_b-hy5,영 즈,4539369839,top,1210,4,7,4,6932,292,11774,11,18,15764,6780,101,0,0,105,4,6,1,0.5,0.21875
-8hL8jyqevW4vFt-GwxbcCuSZtG742s30dg0LEUMzU6J,문익점의모카라떼,4523176579,top,2304,2,12,5,16750,7368,30198,22,22,41925,11400,200,20,0,355,2,14,8,0.28,0.3870967741935484
c1CvsTGLCA8dMuWm2CO_UL9Ran1r1j8zAAcZZaOM8e30PcUbKBCg2AZc,TOPKINGG,4523176579,top,2304,9,5,2,36584,13480,55707,29,27,40456,19584,341,40,9,66,0,3,12,0.36666666666666664,0.2
NiPD6j7_2bI_1hGExX4WaX3PCHqgFl5lbKZvhZ-3HZk1L4SzHKzWCyWf,NAHN,4523154945,top,1901,6,14,4,16625,4235,19758,11,19,32699,12177,132,28,15,107,3,7,2,0.24390243902439024,0.45161290322580644
2nHFEWFlEBsVX_SRP0IF6V5fRwV1rVcInOfanAJAXZbflbg,주옥구옥쥐,4534860821,top,1413,5,1,2,9443,379,7067,23,9,7191,10581,179,6,1,85,3,5,5,0.4375,0.25
zAfn7fxytMdT4IlkafyoVdsjZwZWLBpoLx7SgyTKQZyUWWM,CooL si,4127697217,top,1700,4,6,6,19091,2924,26928,33,23,26485,9958,168,16,0,93,3,11,4,0.7142857142857143,0.24
BKvJpOec95hvWKMyR4qzO2-dYpQ8DRUauY9Rxg2JruTD,24k반지,4525246476,top,2016,3,5,7,17403,6137,44226,37,42,31633,11333,181,12,0,259,2,11,4,0.5,0.15625
jXw0XWJRcFLkf2RYl8a425KVaRJmtPqEgoYp41PCJtzK1FQ,거만히,4525246476,top,2016,7,3,8,29028,35892,19222,25,4,35355,16265,279,4,0,104,2,12,0,0.46875,0.15
GB0Od9F7sKwxnozLNKIZn0Tr6oOduPmSBkixpUZo4WQ,개빠가재욱,4468864368,top,1457,8,3,7,17817,15481,18316,36,16,27466,12135,141,15,5,274,2,8,5,0.8823529411764706,0.2727272727272727
jfx5OsGKJVN7bDc0KZEZl8oHrqLfhJEpXo8TbJD3CkKO1lLjm0_yn6Yi,물감통과 큐트남,4528456463,top,1728,1,5,1,32628,3473,47718,11,41,37158,10771,228,7,4,594,0,7,0,0.2,0.17857142857142858
ik9_GaVvNHSo2FqmcmvtyLYuslwxWAZohHldjDnYquqyBXM,용 탄신일,4528456463,top,1728,3,3,2,21695,39227,19355,13,4,40186,11291,219,12,0,101,1,9,0,0.17857142857142858,0.3
rVaQXsZ3IOloULKTNE5HlrfZXc2G0NXN5TlxjsPXMIpjrSJtGZswPeG9,UOS 츄라이츄라이,4540451450,top,1776,15,1,7,19637,4966,23344,12,7,18410,15110,184,12,4,50,1,3,4,0.6111111111111112,0.041666666666666664
MMNRQu_P-dEziRoT29kX1TCDrOpHKiuZzw5hDej2B3AZuBU,제발닥치고반반만,4540451450,top,1776,4,10,5,22111,4301,10197,19,31,22305,12645,202,8,4,341,1,10,2,0.375,0.2777777777777778
RUhYkXvXan_SS1FUVjUenwCDk4XqjGkCe6XYgQnLyoKsKcc,가 매,4384052618,top,2002,8,7,6,20219,9416,17392,20,16,27572,12821,160,8,0,277,3,7,2,0.42424242424242425,0.18421052631578946
uLEW-Xw14pP_7a7zvVKXLMXGA_bv9-mmFJS_wft6waIyzFY,IU fan 1,4384052618,top,2002,8,6,12,27286,9261,26578,25,9,27905,16928,228,10,4,84,1,11,3,0.5263157894736842,0.18181818181818182
EubfF_-SFu1YDkE5YUzloZnwPMOMFNV0yWX_lRd64wBc,BETOCHU,4265422782,top,2174,8,1,2,22152,12889,27356,16,15,27709,17620,330,18,0,152,1,12,1,0.30303030303030304,0.043478260869565216
NWu9sxfRKX_of6ZLwFFA7VUg7900PAPddOHa6LTNSIE0dWY,존야의 알람시계,4368952729,top,1306,8,2,5,18725,8152,16335,10,23,23780,11715,163,4,0,51,1,6,1,0.5416666666666666,0.15384615384615385
VgEjgrZ2R_69-CHHxCofi6Dp5_vZTuwLVHfBxLZvYJ9U,buk,4419400667,top,1690,2,9,4,10208,5081,18542,16,17,26910,8609,155,5,0,118,1,9,1,0.35294117647058826,0.25
n5nraDvqkapj_sKQaq5aDA_fUxS6zDmM1Aru63wdKGmVezg,권명호,4528574583,top,1688,2,3,8,9516,1071,27619,23,17,14177,9418,140,0,0,403,5,10,2,0.47619047619047616,0.25
lY4nMFZBkERHFttucMBBa5NbDa3jkWXYirbRlED5CzANAglGzu6frRsE,재 털,4528574583,top,1688,4,4,2,8130,4053,13549,13,20,17697,10566,199,13,0,127,0,8,2,0.5,0.19047619047619047
M_BuaQTLUaohNW-df-30hVr5j9hi4QRYdkiAdld0uKPA,마하라지,4477369579,top,1317,0,9,1,6218,2224,5946,8,4,15203,5536,104,0,0,207,0,5,1,0.14285714285714285,0.3333333333333333
yvkjJHakf2QZk6wZWj7Lg1vzmevLjVvwFVD5tdmpshd0GDI,회복포션,4440650449,top,1401,7,7,1,15464,1233,7521,14,28,17596,8190,111,8,0,133,3,7,0,0.5,0.25925925925925924
LVk1SGP9-U7KIvLgOXZseltpi_tjagnmt0seSiP8T6IcStQ,돌곶이,4440650449,top,1401,5,1,12,15255,13569,35413,16,54,27150,11455,181,2,1,398,0,7,4,0.6296296296296297,0.0625
jTxdKNO8cP7a73z83i7ENnSSvzVTEoN0PGHbOOq4M7mrrb8,똥이의 하루,4465991305,top,1679,0,3,7,10846,3277,15728,26,25,17186,8856,179,4,0,416,1,10,3,0.3333333333333333,0.25
P7qCeM06RTA0TX_FPVsZdOxOHORzhBFABciGkPRzAEd56eQ,내도구는와드싸개,4465991305,top,1679,0,4,6,13228,27022,22514,14,35,33527,8609,183,0,0,281,1,10,1,0.5,0.19047619047619047
NhSQvMQNXD0a9NeY3MH53kmu6c-uYXoEtGMSnHilT-E,swsw,4482388623,top,1671,6,11,4,15076,3111,18182,14,20,25546,9542,148,0,0,64,2,9,0,0.37037037037037035,0.2619047619047619
xgfTirrolD3YPhFpEHZ-7PxKCNF3wPqyoqEtRxVuht1N,Burwood,4537759940,top,1832,1,2,13,16311,6415,12786,26,11,15424,10743,192,2,0,271,3,13,5,0.42424242424242425,0.05405405405405406
JJUf6YfRS2bkFInUXLbBl-oErhG0P5G8leN5MaE1AAJa,이십일년삼월십칠,4529603749,top,1481,1,10,1,14451,2422,8155,23,3,21100,6995,145,0,0,20,3,8,2,0.16666666666666666,0.3333333333333333
2xCL9Neyxc0LzceWd0NlByI-tUli2iahFZdN1fLMl9GloE4,슷응이,4476771094,top,2172,3,5,2,15536,1809,9560,32,12,19395,10938,191,24,0,194,5,17,3,0.16129032258064516,0.1724137931034483
AOKdR5aFIABNTZnf45_awbv_tg_5rCZ6jkcsVVRxxsZUerq3Qf5YvgBC,과천의아들,4467645975,top,1728,9,6,11,17174,2214,17769,21,16,21333,12206,150,4,0,132,1,6,4,0.5128205128205128,0.18181818181818182
gtGapk5gUjQWCl12ZfOY17_zW2p7wCeRY03RVoA6m3pmgUg,PowRo,4467645975,top,1728,2,7,4,12174,1031,13326,24,27,24058,9092,177,6,0,344,1,8,1,0.18181818181818182,0.1794871794871795
YniW3tMQTEZoXSdETqWJEvykShSJki_OtI2tbeZAhsz_odw,능곡동사나이,4496270725,top,1894,6,4,10,22584,3404,45655,25,45,29342,11447,170,4,0,468,3,9,3,0.42105263157894735,0.16
5fQYLaGRVt8djjsYXjy54bKOKoVGZLPe0qvm4YmQYQ6l,캐리어짱,4496270725,top,1894,6,3,2,16672,3094,40051,28,43,29256,12191,201,12,0,109,7,15,3,0.32,0.07894736842105263
6IVDYfhTA4WJ9yRGaczShLwRiyEvsxKbulpAyha2bgmg,박상진여드름,4300607742,top,1631,1,11,8,17421,2598,22334,10,30,30594,8462,134,0,0,152,1,6,1,0.2571428571428571,0.4583333333333333
49TeZWZPPe8KHIgzcRW1_roEgSG2_9JDEAqeJCUeBIMzgxYWi954UpnQ,Kanavj,4300607742,top,1631,6,4,6,21453,2965,29602,29,36,23830,8701,133,7,0,401,6,14,2,0.5217391304347826,0.11428571428571428
_nUd3_2vUjnr25vpy6eOMoFcOIlHhZy3q75P_nz7wAOmaIE,솔선생의 선생,4442212373,top,1495,8,3,7,19966,5893,17181,10,23,24536,13076,161,12,8,50,0,4,1,0.4411764705882353,0.15
QeG9K986zA98iW4l62-l7kmRGG8ULztnM55eBNcvgEMnhiqW3vtB0i6D,빈 챌,4442212373,top,1495,4,8,4,13140,1804,12359,13,28,19302,10246,166,4,0,298,2,8,0,0.4,0.23529411764705882
FQt7FOiTI7UPFbwhc_VZEs5bG07Tyzw4kSRtjnqlauSu,시즌2 그린데이,4531403669,top,1919,2,3,17,26516,15948,43214,17,89,35428,10999,186,0,0,527,0,8,3,0.6129032258064516,0.07894736842105263
BCTsMXH3Ppc27Q35bbYMzSdDJV0sKq72KpL5H5ysFxYi3Lo,느억맘한테롤배움,4531403669,top,1919,11,6,3,27470,4801,32399,15,24,28088,13907,216,8,1,103,0,8,4,0.3684210526315789,0.1935483870967742
MdEAvk2PQ5ZGiVbzkGbnHYeyH-dPGCi8rLp5Ts5m_znP,차  눙,4537600004,top,1912,7,7,10,16569,2667,23717,18,21,23809,11357,145,4,0,109,1,7,3,0.5483870967741935,0.19444444444444445
YjV9u09NbGTZm6p2T5AvsXPMbaEnIH3uNbYH6Cx4Kwe6fQs,앍 륵,4537600004,top,1912,6,1,7,21242,24339,8537,32,3,17541,15505,270,0,0,87,3,12,4,0.3611111111111111,0.03225806451612903
x5Faw6scyTWHHn2VU_cEHTePsTbKrN4_UT28LaUHh5hC,굵은남자,4526331345,top,2536,5,13,6,27468,2442,63827,44,36,48210,16979,283,18,4,192,2,7,10,0.3548387096774194,0.25
_1btuM8SbT0GbjtYIP6LUVBRzrIrZJMp2JSWzhmM4gBp3u_nVvPe1SbO,meibaoo,4526331345,top,2536,6,8,15,24310,6970,29855,34,30,33656,15040,225,8,0,235,6,10,6,0.40384615384615385,0.25806451612903225
jDRx-G58IXXtBHtVfWj4GHJWFyTOPkO2ZmyENuY2MHQ5RQ8,니 알아서 해 좀,4360853882,top,1809,0,10,5,20888,5837,25693,15,12,31535,11571,230,6,2,90,0,6,2,0.14285714285714285,0.30303030303030304
oKDx5u3i2kMG9tCxdv-B_0dkWu14pRTGKB-wcAFm7nCAH0E,zz bot onIy die,4360853882,top,1809,11,7,4,33574,24376,56101,10,25,49109,13271,190,16,6,400,1,4,0,0.45454545454545453,0.2
PlDTrjVMUZJFtce5C-MJkZBeYTbLCcsafDb0guvIm1yxQCrsHqXX0hWh,xaker,4382049584,top,1210,1,1,7,7697,958,8576,14,9,10993,7249,135,0,0,68,2,7,1,0.4444444444444444,0.16666666666666666
w7SUhHhtjFa-ZS-d5sai_DKrlONoa2rVhlynkCXTil5iPSI,앙메르띠,4539884278,top,2377,7,9,6,35179,14805,72299,11,14,40849,15646,249,32,0,344,0,9,0,0.37142857142857144,0.2571428571428571
Vki5EueDZI4NTThjAfxIXGs_VU6RHbELc6qCuXp7fMLx,숏다리 뽀삐,4539884278,top,2377,6,7,9,26386,9630,79156,21,61,40153,14004,201,16,9,783,4,6,6,0.42857142857142855,0.19444444444444445
cPEwZVz8rJby31mZVMqkahas56rTprj7ngahXSQsMxlU,GaQp,4447151573,top,1261,1,8,1,8489,4206,9735,15,13,18587,4863,82,0,0,179,2,6,0,0.15384615384615385,0.25806451612903225
vBkLm1m3jRJSFmVHvlvtmeAVhQk1LfQPqmQsvlKegOVw,흑인호랑이,4385092776,top,1471,2,3,9,9401,18686,17572,24,27,18366,8804,149,12,0,229,3,11,3,0.5,0.3
mOL0YkZ-3BXZhgrI84aiBcff9HB-e2EXLLeh0oSZFZRfClc,절제잘하는하빛이,4488602246,top,1629,7,8,3,18276,2693,21646,11,15,24915,12114,216,14,1,55,0,4,3,0.47619047619047616,0.47058823529411764
rY031w2bgpcXVD1nKw_IlRNt5RybwSR8TK5E7MQ01hVYxho,도 갓,4488602246,top,1629,3,6,8,12018,6782,27962,22,10,21729,10063,178,4,0,814,1,9,2,0.6470588235294118,0.2857142857142857
cvfJJU57wTF4TVJimHnuygpSs2MrGvNw-J4a7gyEKT6Y,한 썽,4539992481,top,2115,4,8,19,22909,1042,55541,38,58,33938,11345,153,3,3,445,5,15,6,0.6764705882352942,0.3076923076923077
m8l7_HNk7YMUvnC9WZdj1l2Ts7AQdyQWFb_zcvjH-1U,내가하영진이다,4539992481,top,2115,2,8,9,22288,9671,35701,18,2,41121,11695,190,0,0,33,0,12,1,0.4230769230769231,0.23529411764705882
KIAZEbxFdPmjwVEkMgxNpqFTmIapQCuAPBb4l6jgVKTO,통일 정책,4529567523,top,1333,5,2,7,9878,1438,15146,14,6,18787,8654,140,4,0,75,2,6,1,0.5,0.18181818181818182
jKgQimz_iN0Vd2EMKqLie-PrSlCPOfVh328ZbbEmz9qCgcl0vN5buuLE,포기빠른남자,4529567523,top,1333,1,4,2,9997,3467,12051,23,17,18277,8489,181,0,0,33,2,9,3,0.2727272727272727,0.16666666666666666
XW9XzrejkcDQexoT3rxjjYcg82aitqt9TvZrME3KAO8,Marlboru,4471664448,top,2123,5,9,10,16279,7829,27465,26,16,31953,11990,162,10,0,91,4,16,0,0.5,0.2647058823529412
2Emi3GgIoGPBX6hZes4K7IcjgBQ-yV6VMgpYZW6ViQHI,아임뚜준,4471664448,top,2123,12,5,5,28371,10087,46062,34,23,38532,16774,211,20,0,113,2,8,8,0.5,0.16666666666666666
MeWnz45riW4i-S2di9y7tcCcBQkTV4F2GrcatOTAScXG4ZE,초심부터다시시작,4422867294,top,1883,1,6,2,11735,3046,21430,14,20,24052,9722,189,4,0,61,0,10,0,0.23076923076923078,0.20689655172413793
CSyXetPbyxghynE58b_j_C2h8loIF2nQHF21keYIEC2o,백문이 불여일견,4539911382,top,1276,12,2,9,16985,2547,13164,14,22,14490,11113,116,8,0,186,3,5,1,0.6176470588235294,0.2222222222222222
bsjKgwN8ZHefkQc6QIQwC8JPKpaYPUhzV1nOncR23CUece8cf6qCvcBC,hhhhpp,4539911382,top,1276,2,10,0,6407,1389,13073,6,11,17498,5961,101,0,0,61,1,6,1,0.2222222222222222,0.29411764705882354
5GZIRS0Mzqz2VFwe680zCEzJ611a6ZUlTi0IFMV3X4GmIg0,조금 잘래요,4521511673,top,1653,5,7,3,14851,5510,25317,18,18,27061,9573,155,8,0,209,2,10,1,0.36363636363636365,0.20588235294117646
7iLk8U910_6txs5lrVryoQwfMDUFJKTLqlhZivMQh4qFm7Wk-mHsrOdY,미천한놈,4483220131,top,1261,7,6,0,14625,2487,11578,7,19,18957,9690,145,0,0,145,0,4,2,0.5,0.23076923076923078
w1cYwazBqebrlHFE4islGo9lrtTgWa8n2upIMxdc1zNK9MI,재 판,4483220131,top,1261,8,5,2,12520,1797,11004,10,8,16336,9837,142,4,4,39,0,6,0,0.38461538461538464,0.35714285714285715
hVcb-c_WkKKaUfpNlSYLiR-o5tCECstecX-NEBnzZJ3FXLw,익    숙,4521090197,top,1691,4,2,12,23158,12552,27102,14,25,26276,11579,177,12,9,210,1,6,1,0.5,0.125
YXTmC9PuH_2wMjIY-vhQ-CCARyTqK0fzrEK-awIawPFlE2M,일라우이,4521090197,top,1691,1,7,2,12994,3409,21055,21,14,20925,8925,181,8,0,184,1,9,5,0.1875,0.21875
91f-aUTH7vPCBkb76-IxheUaZMiBmKMMQ7qjuuz9cjkJN1I,크헝크,4497189650,top,1912,8,8,4,21800,10494,35816,12,15,34679,12535,195,0,0,161,1,7,0,0.3870967741935484,0.25
vQM0-TikrHYOzvlT2nRPCEn2Oce-gWidW-QkpO8NrWDR_AM,마법사오른,4497189650,top,1912,7,8,11,31740,6381,45409,26,39,38379,13788,174,20,8,302,1,10,1,0.5625,0.25806451612903225
cYZPRgUl3eiwiigu4iym0zHsgkHofEiioEXyPVlcZxM1,로비대기중,4372311107,top,1768,4,9,7,18401,11296,28202,31,21,35482,10307,142,12,4,204,2,11,4,0.3235294117647059,0.23684210526315788
vIvpR9S3WDeCbV2tGdNeb_lpUpTrSUPW_XBi57eQ8Hih,붕력장,4372311107,top,1768,7,9,5,20262,8002,26125,13,16,36174,12016,211,4,0,105,1,6,2,0.3157894736842105,0.2647058823529412
tkUehhRw4V61-qVehMD1AbacKP5Q482-Am795E1Mh4bXyKU,dkskds3424,4538716137,top,1503,4,3,1,15273,7029,21254,14,6,21867,8133,135,4,0,35,2,8,1,0.25,0.21428571428571427
Jc-_mLlt68l9wXvAmTWVFUJhZ-lLQsrn31tSbzgtYbGtp-k,내 이름은 김뽀삐,4538716137,top,1503,2,2,0,12407,3334,29015,25,20,19837,8094,163,4,0,344,3,8,6,0.14285714285714285,0.1
Ju7QVCpWLHIfm8IPsGH62aeargE6EGqBpQKWU7RNCfnw3nk,필승필패,4538765830,top,1809,19,8,2,33993,6866,43373,37,14,35336,15844,182,6,0,67,5,13,4,0.5833333333333334,0.2222222222222222
tupRvp28Ek9qyKRtk8Q9wqGJVqUroZAJQdgC1Wa4IRXwjpDV265swvdE,느그애미살아있냐,4538765830,top,1809,9,17,11,36463,13006,18590,14,14,38168,14298,208,28,11,184,0,9,0,0.5555555555555556,0.4722222222222222
3E5JdyAY4jC5eG5DR7jDJa2ZvCGoVKuyeyL7_AtAFKvp4b4,룬 아,4537877363,top,2551,5,6,11,40660,11474,61142,53,38,52928,17494,277,46,16,339,4,7,8,0.5333333333333333,0.14285714285714285
gk2WJYiyCuhlhaSLiXWbiXqnw18vG7s9l2eTv8dpb3YE,쪽 문,4537877363,top,2551,8,4,4,26956,11636,53903,31,22,40508,16082,241,15,0,139,5,14,4,0.2857142857142857,0.13333333333333333
U7vmCVDLfc5TMIyuG1sZgiaRofeiT1R6rf4LDFaVXTH_bMQ,리롤의 부두술사,4540741285,top,1440,1,3,3,6362,551,24409,16,13,7095,7154,140,0,0,37,1,8,2,0.4444444444444444,0.16666666666666666
u1HDE-JChDAztKp1MQgmoMoXJMrDMpeYWFm0rD52hOjQ,편하게들어와1,4515209297,top,1320,4,6,2,7023,1419,10290,20,4,16665,7965,117,4,0,37,2,9,1,0.75,0.23076923076923078
-TkBOGd8RatsmhoOwsKj_OeKzrmjeDe7xEIoc4vYFtJADAo,TOP GAP x GG,4515209297,top,1320,12,1,1,13014,1918,7262,18,12,11635,10979,143,7,4,77,4,7,3,0.5,0.125
R3U_FrgLxMYAE_b-GLc-hByHh1Opv1Xf_OUYpLfL5MFN,A Matter of Time,4271444311,top,1747,9,3,9,33937,5911,17767,27,32,22934,12188,178,8,0,129,2,11,2,0.6,0.14285714285714285
yE2-tqLQBm2kQoJj7vsdaySYFC-OadD8WPjzR2IqTDhC,나는안뺌,4271444311,top,1747,3,8,2,10767,4754,12246,16,16,26588,8593,131,0,0,227,4,7,3,0.23809523809523808,0.26666666666666666
Ur1NfPy0VbEu07KNdGUOAJj92XsrQY89yJPQRKZ_8wMV,정글차이 맞는데,4507451644,top,1714,9,6,4,17699,9023,25533,14,22,31868,11529,189,4,0,199,3,8,1,0.65,0.1935483870967742
lsnroYDUIoL1Wc_x04eM1VemRKusjpprt-8Le7qn9w2n,웅 렉,4539399370,top,1743,2,2,1,9917,5506,10319,27,16,17847,9613,211,8,0,168,2,12,3,0.16666666666666666,0.07692307692307693
oD6O8FqyKLDF9OSNck96kT-nRTXcEMRzJ9FhSiQPiyS92Og,너무나즐거운인생,4531471636,top,1951,3,9,8,20499,9025,42649,29,62,35043,10641,194,8,0,594,3,13,7,0.7857142857142857,0.32142857142857145
yspF_oxpmIchN3g-XMZoGNCGKAphG8KO0d7RSO_Av1sM,김 재 도,4537944265,top,1958,7,5,9,19055,10349,55513,27,16,48120,14472,213,12,0,490,3,13,5,0.43243243243243246,0.16129032258064516
yyIEZxUxCC5hQmsygBHly7wmzs76t_8b_DPgEOtDjLcgbQ4,한다감,4540587944,top,1878,2,5,4,8908,4140,18926,32,13,22121,10499,189,10,0,49,2,9,4,0.3,0.3333333333333333
eS1dhReMbKsMfUEDSrGGNe3q2Xddr_Kigz9J1_h0X6IqG9zFGJlZZBl9,ajwejk11,4540587944,top,1878,5,3,6,16737,3621,18828,24,11,20605,12286,231,4,4,33,2,12,3,0.7857142857142857,0.15
z180jk31AAvePvkRFWwCt52SjnguaFm-pDAKkTUzLcPH,황모예,4497065825,top,1494,5,5,3,9203,3867,12637,16,10,19779,10931,203,8,0,74,3,9,3,0.42105263157894735,0.14705882352941177
SW1XnNYRGvQdCjmev2WEIgcOv33EtVJwMUNuJviB-WKD-N5PCFBFrOpR,유분대장,4497065825,top,1494,5,5,6,14963,2335,7693,19,9,13051,11193,193,2,2,249,3,8,2,0.3235294117647059,0.2631578947368421
tzJusp5ZKIFAfOP0BVDKLgZ79_Y7TET-ljWRyLK8bYQdUFc,니 방어력 개무시,4404881675,top,1300,0,7,2,7951,1453,14820,11,17,18287,5999,128,0,0,56,1,5,3,0.2,0.28
j2fkO_6yq_VLD9IhgSdRY2UTUKmVQST8quUbCYs5j26OyLU,유기견 송이,4369474089,top,1473,7,1,10,15488,1252,10584,16,21,7856,10112,94,8,4,367,4,6,1,0.4146341463414634,0.04
OUCCoF6fhbad4Y-R6S5vpflWnEGNEjVg8rqiONygwHGn2vo,왕의 길을 걷는자,4469119679,top,2167,10,6,9,35733,1084,22303,21,32,26294,17857,238,48,14,184,0,11,1,0.48717948717948717,0.1935483870967742
culsPKFy0f2zImU8ZpwHyysEQ45hOOzQcyNwdJEcgA9Pz4w7nZ7c8OIp,Armand de 7,4469119679,top,2167,5,8,5,17085,5440,44229,36,24,31192,12392,175,20,0,615,6,18,2,0.3225806451612903,0.20512820512820512
39cYmgq9gCzkYIJY5nt-ag7hQQZCDvNZrzpapHVJZVGv,조심하세요물어요,4500036926,top,1321,9,4,1,16813,816,8222,11,16,13863,9681,158,4,0,86,0,4,3,0.5882352941176471,0.14814814814814814
TpnlSeIhlXXsECy45jv39regSJSI0nsnPDYjZuN1Nd6QgnQ,사자는못말려,4460762144,top,2583,9,8,9,26674,23518,87095,30,21,69805,17356,237,15,6,164,1,9,7,0.5625,0.1951219512195122
cfLnAA3HFTihtrfL6PI40OYYjgZ_ymtprYLM2Wtu3hn0,도랄랜드,4460762144,top,2583,10,8,12,44031,1237,15137,26,11,25778,15906,211,13,0,136,2,7,6,0.5365853658536586,0.24242424242424243
VmaEKu1j45WZ2f2l8JhkImgRPhFLWEB93O7eH1pY1Qb1M90,송골송골송골매,4532422811,top,1225,0,2,1,13155,162,2030,20,12,5706,6456,152,0,0,112,2,9,0,0.07142857142857142,0.09523809523809523
1in3HXOgDvdUBNR8XLWxlfHSsb1TyeiA4je7Fuf_vAwUPv8,그냥꼬라박는사람,4501759249,top,1503,8,2,8,16338,5937,16192,22,3,18227,11271,157,7,3,29,5,9,3,0.5714285714285714,0.14285714285714285
g0jPcnGAtkfHIEbdtUYsmurJPCnYma17kIdop4LU2CHFTlI,xZI존다크현우x,4501759249,top,1503,2,6,3,12472,1204,10752,9,42,16280,8489,182,3,0,506,1,7,1,0.35714285714285715,0.21428571428571427
kLeuSPKBW1SgEjkEtLC1NpB_L2xu48v_kCJC20vZq2PaTO0_8udeaAs1,집으로가자제이스,4489190720,top,1812,4,4,2,12700,5754,21513,20,18,20754,9820,179,8,0,307,2,12,0,0.375,0.14814814814814814
D76Cx1WKuVEVZ_lXKTeILl_a_1F1l2I7Tih1bRCfHOxw,김 청 춘,4489190720,top,1812,3,4,8,12791,3529,10363,23,15,18532,11155,175,7,0,50,2,11,1,0.4074074074074074,0.25
4bXAzotpCvwSKukmoXcNlmYYX-rjbcermDMRZYGd-iBK,시르비아,4195266289,top,1668,1,7,7,22134,13023,39571,22,85,37265,7437,117,0,0,447,2,11,5,0.36363636363636365,0.2413793103448276
41znkNVeIf0gzRdhJE-bTMxSXH-ga6XO_U75alW6iQJnSss,Nodding Man,4195266289,top,1668,6,5,10,25051,4866,39041,13,51,30778,11956,153,0,0,497,3,5,3,0.5517241379310345,0.22727272727272727
bWKz8a3SWpp8iiMSws7aNWT0JmtvLMiFtZa8fhIqMRyk,Xiang Mei Fen,4532399005,top,1833,2,8,12,21155,13907,49945,19,68,36682,9672,164,4,0,437,6,10,4,0.45161290322580644,0.22857142857142856
Xv-gcCQSe7QF72PxNPap_9jAXs_PDkeuui7FuLR6yCur,파멸적 반등,4540691009,top,1439,4,10,4,18699,316,5574,17,16,16509,8038,124,0,0,180,1,8,1,0.4,0.24390243902439024
7WUvPeJYbNKoi7QgJht2DauIlkA5lLmRjCJspK9y5zrA5xc,chi bar le ma,4344306833,top,1342,4,0,6,17159,3394,23839,6,37,16506,9111,166,0,0,346,0,5,0,0.38461538461538464,0
R2ECMfP3krOBmBWb0y5Oe4fMQ-3rJoicQ0zWiekf-ln9Pv0,김다미누나이쁘다,4344306833,top,1342,0,5,0,9836,3442,8644,21,24,15977,6347,154,0,0,126,4,9,4,0,0.19230769230769232
Hzt6SIxKeaex7jApcUUzEY9Xk70YPouxfP_Vp3UGfnLG,버스쟁이 이성훈,4415313769,top,1608,11,8,11,28826,6475,20476,24,26,27787,13921,162,9,9,155,1,9,1,0.6875,0.4444444444444444
euoKcJ4oCZcfgvZ7A7UJb0CYWVmqbT1gMUIpFger3cufYsc,멘탈쇠약,4415313769,top,1608,3,7,3,14529,7359,25136,11,4,26339,9167,166,0,0,40,0,7,1,0.3333333333333333,0.21875
lCCQGy0eqIHnY52raVpTC6Q5684mwmW-W4PvhMPibILe,깡태영,4538639523,top,1571,7,3,8,15793,6251,12847,27,13,20674,10704,116,0,0,32,3,10,6,0.46875,0.21428571428571427
kM-GqkWsydrBVc4VImFIEL3EjQKydMs0yBY1PfupDgOS,V2per fan,4540034405,top,1262,2,4,0,13041,3974,13535,23,4,17015,8488,166,8,0,26,3,9,2,0.2,0.14814814814814814
GgHkazQlysfvFqYhnopRtSvRcZ6YkI6yPgyF7VImnZYP,복어팡,4386041186,top,1723,1,9,5,11329,4349,28446,25,30,23779,7162,101,8,0,301,5,10,2,0.1875,0.23684210526315788
8cOFYqE5jCpG7eJ-uUIdAxHHlDl_sbIe4SMsJ-tgrOJdk0LLy7U3xaI2,송우돌,4513838885,top,1475,3,6,5,11796,944,8757,22,4,17177,8985,151,4,0,66,2,8,1,0.6666666666666666,0.2222222222222222
s4_rDEy08LjTXYWdgzPczAw-_6H2IN6pah8oT7yqxMTn,고졸공익모솔아다,4513838885,top,1475,2,5,3,7864,2178,11519,19,3,15438,8934,145,0,0,24,2,8,5,0.18518518518518517,0.4166666666666667
ucYHXv9X8oBi0noSQQSVz5w6QL6e7A2QU11_AuSm0qKk2bM,율 커,4540448644,top,1834,18,4,5,38451,10370,21422,23,7,29926,14464,161,8,4,125,5,7,4,0.6052631578947368,0.16666666666666666
EQmkMO4w-RZse2bMvye3sboNrfNkz4mTQgVL4hKQwTVd,세체탑 더샤이,4540682733,top,1433,2,3,5,10011,4823,11028,11,13,15453,9323,145,8,0,114,0,5,1,0.20588235294117646,0.23076923076923078
lIh1WZFgRYviKc1ys9ZlYv36mvrqDLGbFanPus5P9OXulVM,벌레우리같은정글,4540277266,top,1318,3,5,3,8516,2266,12627,18,14,15895,8415,109,8,0,109,3,8,1,0.24,0.35714285714285715
E5Syx7tLkRRvEptyEUun-gAzj1FSa_F9SduoX73Z0sgJ,서렌칠빠에떡침,4540277266,top,1318,5,2,3,12611,1734,22184,13,34,18176,9408,183,0,0,528,4,7,0,0.5714285714285714,0.08
N-uV1H12L769IJNnHVfzCqp6Q9EUZ1iq2YkFSi0pP6wo,에이디베이가,4517193536,top,1658,3,4,3,11533,12516,24579,23,5,33142,13256,236,43,4,48,1,8,5,0.35294117647058826,0.15384615384615385
WEHvvy6u35Q4jd7dc1yRgC-6j9rHbyWoLOeU4N_oI3C2,박 탁,4525007578,top,1202,3,1,9,13129,1855,10351,15,8,13270,8560,134,4,0,18,2,6,2,0.375,0.1111111111111111
9poRHEEw7ChLp9a-pJmvky1STHXr6x6MjGYDnt0YYGP0Wps,어둠1234,4525007578,top,1202,2,5,1,6730,432,10432,4,10,13962,7386,139,0,0,93,2,4,1,0.3333333333333333,0.15625
quHUOWbykRN8AYdYUyJXBwNVbykH2OXeiUQazluDz_n63mg,얼굴원탑실력원탑,4531457529,top,1665,1,4,7,10126,1262,29727,22,28,23491,8961,177,0,0,470,3,11,2,0.5333333333333333,0.18181818181818182
ts6OZX043hdPWlaeoZOTBebQGwCe2wVzCSyb0M5tR2i5alM,향 가,4536809039,top,1954,1,7,4,11662,6458,28222,11,2,33199,9948,190,9,0,34,1,5,3,0.35714285714285715,0.19444444444444445
tjK7_4EiE1OvrOYCx9XxuMtOx9pN8Ld8KWGauIFjDzCi3dE,포식자르반,4540505502,top,1203,5,2,3,8139,692,8725,19,3,11890,8418,118,4,0,20,1,7,3,0.34782608695652173,0.14285714285714285
vWBlntRKSFUjdEfmNA854h-LpQR41dtkbXutyrQyU-n7,김아롱 아빠,4540505502,top,1203,1,5,1,6912,538,4446,16,13,9917,6229,133,4,0,55,2,8,3,0.14285714285714285,0.21739130434782608
fSpybdf1cAN_GUzCCCTR2B1fxID_PfSdxNbC6pBSzrx8,스맵을솔킬낸남자,4533053246,top,1482,4,0,13,14786,10270,30647,15,47,19923,9687,137,8,4,427,0,7,4,0.53125,0
dszeStnSY_SMRguaVFZHkd1KOmixE8LjJy7DLvPdkSnkWiI,보쿠소녀,4533053246,top,1482,0,10,2,16897,4401,15811,20,2,23682,7700,145,0,0,23,2,8,0,0.18181818181818182,0.3125
qVw6VbPIZVYYz8ebyQbYET01h0hQKtUThHn_-BGKNd6q,조이하세요,4430296674,top,1863,1,1,12,12353,4217,31343,23,38,21758,9750,163,4,0,489,3,11,3,0.41935483870967744,0.07142857142857142
dj4MVlcs85hvj9HnBqY5irbQk6WyPbYumpzPOhTo6OFbvis,서폿은 가축이다,4430296674,top,1863,3,2,7,16710,9948,12502,29,12,15961,11646,222,21,0,303,6,13,4,0.7142857142857143,0.06451612903225806
3WynlaHFiIFjQgrrHHZuxwIzHt3yc2njYOLNDnVXQjA-450,으아악개고수,4536800866,top,1597,2,6,1,12457,419,18301,12,21,18733,9388,181,4,0,118,0,5,1,0.21428571428571427,0.20689655172413793
L12JYU2zu64A5kQSJ7nHZqsY_dvR_G9IDMcrahRL4E22k7OR6nARgZ7A,롤6년차,4536800866,top,1597,4,3,7,22373,17098,32830,19,19,33395,11412,198,24,8,283,1,9,0,0.3793103448275862,0.21428571428571427
4VsMRS4zmI9gOhfnOEZzi9hnYr8m7roftAQyn1TPLbsv63Q,페이트제로본사람,4483308235,top,1770,0,4,16,18405,9003,43592,18,57,27461,9482,143,0,0,374,3,11,1,0.38095238095238093,0.11764705882352941
fmQpQgnPzGrlZVSCh-LKhVY6aA_cYWjZmURdwke1fRel,아침형인간,4540374493,top,2159,6,7,11,25721,12364,56874,15,23,38935,14671,222,15,8,401,0,3,4,0.53125,0.19444444444444445
E52zxIRO_53OebOsw4FNzhPJo0td5WHERDaNxtoFmBCjwlU,만 상 일 체,4540723023,top,1409,4,5,2,14027,2296,11718,14,14,17067,8104,140,0,0,132,2,7,0,0.35294117647058826,0.16666666666666666
63UR0HkrgrvJeW_uzbsD7u2-LyCEU89qdcfiCD667S2lDUg,Solo Worriors,4144300661,top,2250,10,5,4,29632,6871,80660,24,42,43344,15978,240,12,4,129,0,8,7,0.4666666666666667,0.14285714285714285
DmFexWBtneIbDC8PXFLc-F8ixQ66iVVNFyFslIqwr0nDJFqiKRUCt2dh,새벽기도중,4144300661,top,2250,4,8,13,29935,3388,48773,38,33,40810,13231,218,8,0,144,3,16,4,0.4857142857142857,0.26666666666666666
CdCVkUk3Xw5FjmllKXoPduPAIGifH0uS2gwlin1wihaAvoE,총검뜨면 캐리함,4259491703,top,1413,1,10,5,13228,2476,8085,10,1,20440,7110,118,0,0,7,2,9,0,0.42857142857142855,0.2777777777777778
lqpymJHm9ojRYcS2-lXf6mjMnJPh1m6ypoMMTI82KQuBaBA,프듀48 조유리,4259491703,top,1413,12,4,5,24788,12788,14428,31,15,28028,12584,162,16,4,273,3,10,5,0.4722222222222222,0.26666666666666666
37M4r05vR9n0hcEYNrX-5mTfgsEl5kDeSAUw5ydqtBO08OY,쩨르시,4193277728,top,1390,0,4,4,5146,1919,7856,10,9,11744,7148,162,8,0,81,1,7,0,0.36363636363636365,0.17391304347826086
zBQ0QEKSqOAIq2e_UaHgHkF9RSgmG782U6j_Lvi-1iKa0eRrW_r-ESMC,레드벨벳 슬기얌,4540720219,top,1608,4,10,0,14077,7220,21641,18,13,30010,10159,166,0,0,122,0,9,3,0.3076923076923077,0.2564102564102564
XHkEkPcr_T2sh48i_GGb0-QS_kajls7tvOJ8ezY5WhPZ1eg,총회장이만희,4539042549,top,1902,5,5,8,24884,5513,16931,54,29,30180,11506,165,13,4,597,2,13,6,0.43333333333333335,0.21739130434782608
LD2JbihVlDdk-dXh3aY5RVLGX4wrp66xAsaWsAvS5dZs,다이아못가냐,4539042549,top,1902,2,5,10,12769,6467,39419,34,34,35437,9401,145,0,0,459,9,20,3,0.5217391304347826,0.16666666666666666
c3lsbd1OVjkc4_Ss8OO1CYZYRXgAGtkhKQdOIbuax9T8,오는 봄,4540077218,top,2194,5,5,3,14474,3877,28348,30,19,32231,12947,225,24,4,181,2,6,14,0.27586206896551724,0.22727272727272727
bU-5MuVRax6WZZ5msfH3XIHGdkaGUoEJ5EjWjQzyOB1X,우리함께힘내보자,4540077218,top,2194,2,4,9,22210,8840,38796,28,8,29382,15333,279,12,0,214,2,12,5,0.5,0.13793103448275862
FkHl4cJaRvoecfRKXmdOK6goCr4AUHg5vv1e0P0ylIP9EltLBEumYZqn,mavrk,4482412337,top,1437,3,5,3,10330,1349,22014,9,30,22598,8114,149,0,0,80,1,5,1,0.5,0.21739130434782608
va2KgL3_wwzSKRy7iRaBEWvZ-dlHuxCH4dqGBQCAsi9e,아갈털면 0pen,4540295442,top,2036,7,3,14,29774,7878,66635,24,74,42540,13794,225,4,0,1077,1,12,3,0.5675675675675675,0.06382978723404255
HJbhS1OAHGtmFTtlLliD_ZDBD9G8OS-22DGYvxs0AZ6FEv9ntbRA0JOx,qian yi 32,4524786701,top,1866,4,6,1,25083,2084,14068,39,10,22836,12416,207,25,1,132,8,18,4,0.25,0.21428571428571427
iHLYdVTjU5dGcwgVi8-2n9pXRZUqqf0LDAmvQQirMD0yGLh5sgWpxkZI,잉 기뮤링,4524786701,top,1866,2,3,7,12428,10456,36232,22,41,28009,10917,172,4,0,374,2,9,4,0.32142857142857145,0.15
eQOqMGPBYih4bSN6UW2EZvldE9bDBqGUw7qj9ybEENzi6w0,문 규 민 ,4539955749,top,2147,5,7,13,30015,11391,29665,20,12,37368,15715,238,16,4,306,3,8,3,0.43902439024390244,0.18421052631578946
P8DqWaxL4WvVgfqPJXkZsxRIcymgUHlo7c6ljjiFaOuV,배은하,4539955749,top,2147,7,6,9,25600,2415,15136,32,4,22569,15654,247,17,0,54,3,13,5,0.42105263157894735,0.14634146341463414
pTc7BO-HuQ8S7_QFwjfgIVondRDChopelbMHjjnEA2iQO3c,라스타칸,4540024590,top,1297,3,3,4,12480,3934,16241,15,20,14904,8479,157,0,0,225,1,7,2,0.25925925925925924,0.23076923076923078
RiO6IaIrIQdbdj-o38_A-cKlnMsGVdXp-NOC3v3MVWBF,해우미,4197397146,top,1236,4,1,5,14721,1474,14062,14,29,7146,8973,161,4,0,542,1,6,1,0.45,0.07692307692307693
elmg0k2VbAkApUwmbAmaHcdhjf2bKi9wsaQcMCqQVlpaJbeeU1ySkjGm,눌엉몬,4357577666,top,1860,5,3,0,12269,1508,13776,34,13,19351,12657,248,17,13,153,4,12,12,0.3333333333333333,0.15
KU6hZx-JSJ2C5de2PiczxKQn-WRh0swqX9U6Ro7Im2YEWs8,딸따리우스,4357577666,top,1860,2,2,2,7938,2997,12586,21,14,15386,11490,220,12,0,73,5,8,4,0.21052631578947367,0.13333333333333333
gopckDXBNQxYjkPtdbWLoh2fmQSHbaacgcU1meZubackhHk,더 Having,4540254675,top,1324,3,0,1,10722,3022,9034,8,1,13714,9727,198,0,0,18,0,6,0,0.23529411764705882,0
GgsOeAhq-gvHh6ktkWg6TNNvF01vN1AHHgW0oUChLeTBxncPrRY36A1K,지금롤해,4540254675,top,1324,1,5,0,7003,3466,13795,8,10,17799,6844,167,0,0,28,3,4,0,0.16666666666666666,0.29411764705882354
GKC7hlZfqiK8r69cGXE8ZUO4-W5ULRlZlRh41rE6IAdm,제코킥,4540629376,top,1954,1,6,5,10524,346,21051,22,13,23331,10983,170,7,1,475,1,11,3,0.2608695652173913,0.2222222222222222
lbDFEtiN953pD_JsWR9UUhUVr1tt9kmsUCw8Z75VdDZNZJU,Moe Moe Q,4540629376,top,1954,8,5,5,14740,6910,26011,31,22,26769,14645,224,4,0,265,5,16,3,0.48148148148148145,0.21739130434782608
LMQczeKrO1mlAwelJlU9sVMWe9ZxM6vMsgU5SkebwLbA,위로 올라가다,4539260101,top,1929,5,8,10,21619,6887,21258,21,16,28227,12898,198,4,4,88,2,10,1,0.45454545454545453,0.25
QnP1qgUTfPlyLc10QQa57jDje3uYDtjIsTL-YtB8zbVK-3M,zhongdan tiancai,4539260101,top,1929,8,8,9,18133,6373,22643,28,2,28926,11167,144,0,0,55,1,12,5,0.53125,0.24242424242424243
R57ypMyN6wK2SV5GgWAmK4HoOfq8NzFCPssQuG6xXHbPWBQQXpXX7NRs,Nugurl fan,4540203397,top,1431,2,4,10,17002,8011,14552,11,4,23460,10962,186,8,4,187,1,6,1,0.5217391304347826,0.26666666666666666
WmmFNBHqQrsaVdanrvpRwTcLoxefVj1wrQEHFBAwfpEO4UE,솔킬따고지는사람,4432028633,top,2058,4,7,7,16076,2083,34421,28,28,37587,12525,192,18,0,153,3,13,6,0.36666666666666664,0.30434782608695654
TfYtVkW6r67jCd_m8_ljS8bo_cZzLiSeayOYw2pfUTQ,하루카,4432028633,top,2058,5,5,6,29562,7400,16871,33,13,24496,15546,266,20,0,205,2,13,5,0.4782608695652174,0.16666666666666666
9o12x4txDGk70L_mc4p-KZ3RUt9khdepV1rki8jN0kHGmIw,POCALO,4500754626,top,2413,21,9,13,53200,11662,99936,31,48,60447,19960,173,22,2,328,0,5,12,0.723404255319149,0.21428571428571427
bfvSEd-KXB8B8sJbag2VHQAJSQYXFE8JJxrdp1wvpNsC3u5696A9vw4T,Master1NoByungHo,4500754626,top,2413,6,13,14,22739,4360,37415,19,22,37421,12630,139,22,0,327,1,12,0,0.4878048780487805,0.2765957446808511
i7O2RCJUHHsf-bCLulCIxDmYIag4yWp0vAoTOweGYdFqaN0,vbgs,4474504621,top,2043,5,11,6,33940,6198,33421,10,31,35412,14713,226,18,4,166,0,6,1,0.2894736842105263,0.36666666666666664
SzHYYihWkwU-VbmOreo63Turat6CBVacd1iPzBvpcJY,West87,4474504621,top,2043,5,11,4,23374,8994,40120,21,27,48893,13152,205,0,0,83,2,12,2,0.3,0.2894736842105263
lyerKXFsKxZM7oaYGwQNainDvjtOA43wKZiWcfL860Qg,무지개라면,4379008273,top,1805,7,6,2,22699,1808,11091,20,70,17629,11791,180,8,4,449,0,9,4,0.375,0.15
nOPWPUeE6JhAfHP6H2uFHdJzTrwg2jiiMD35Ok7RcUUgDVk,Heria,4379810338,top,1917,1,7,2,17505,2781,27824,13,21,30530,9228,178,8,0,160,1,8,1,0.3,0.2692307692307692
V_tiwRiN9bAvsOt5bCPrdZ3SN2rNisI_LPP-vNv9wNRm,Aprilyn,4379810338,top,1917,6,2,3,20653,9258,22185,35,20,28902,13383,214,16,0,53,5,14,3,0.34615384615384615,0.2
xTj-NROhS5Mtv24Qse48TAfIO3LzhuIraNdktj9PRtymSgoqDjadXqZY,황마숙,4527744341,top,1704,3,3,12,13453,8110,25974,13,47,21041,9254,141,0,0,436,0,7,1,0.5555555555555556,0.11538461538461539
i8adYfWiXtkfBC_LN2g6d_v2feoqRqrWA7a56pdg79nPACXdGJJ35TyI,멍뭉이마루,4539977687,top,1240,3,8,0,6575,1153,10024,9,9,15877,6625,125,0,0,31,0,5,2,0.25,0.2857142857142857
MMl0m_LlRVjqcIDq0juon1izgBxu9YeSJIygLqN8aYgrDwscfcdAZ8hc,유아독존탑신병자,4540286384,top,1403,8,3,5,24713,8996,18977,12,20,24623,10497,136,8,0,121,0,7,1,0.41935483870967744,0.3333333333333333
yJtBxT6LIn1UTZ_fPnvNC7F-CTeoz0KMDqGeD-5FKJwBsKA,Pain or Death,4540286384,top,1403,2,6,2,11006,5521,18339,15,9,25979,8623,164,2,0,25,1,8,0,0.4444444444444444,0.1935483870967742
U9KTrncwtsFg4u2dx_HRBX-LUSj8QyAEnhE1HS366heO0r0,엉덩맨,4190043420,top,1634,2,5,6,14424,5499,8861,13,20,17042,9720,172,24,4,65,0,6,2,0.26666666666666666,0.3333333333333333
kYZH-u1KhxtqSYBnIYck4csJf_tIcu60LCqP8K775AV-Obd3N6x2whb6,TF bIade Fan,4190043420,top,1634,7,5,2,15296,19105,14111,14,4,23067,12132,206,15,0,109,1,7,0,0.6,0.16666666666666666
TR6PLGtefXiydKpHwKnCegmEZvxuVLd5KccqIL-8p1vjJVk,동영이꼬삼,4526135710,top,2135,3,7,6,14197,2023,42828,31,20,27640,12116,210,20,5,95,1,12,9,0.21428571428571427,0.21875
