account_id,summoner_name,match_id,position,playtime,kills,deaths,assists,totalDamageDealtToChampions,totalHeal,damageSelfMitigated,visionScore,timeCCingOthers,totalDamageTaken,goldEarned,totalMinionsKilled,neutralMinionsKilled,neutralMinionsKilledEnemyJungle,totalTimeCrowdControlDealt,visionWardsBoughtInGame,wardsPlaced,wardsKilled,killsRatio,deathsRatio
RbM5iwTW2t-NPAEtlee3h150yN3wnsJpN7nlo5c9Nts3,Bibal,4506621708,jungle,1897,4,6,5,21416,7440,14788,35,24,22984,11625,48,139,13,439,5,7,5,0.5625,0.1875
la5BE5jJU8sJONuCuNNSBrSeavgGd8-4k3aumEbIQHqB,술먹고 카이팅,4540608410,jungle,1428,1,1,5,6073,8906,8556,20,8,20213,7947,12,132,24,283,3,10,2,0.35294117647058826,0.16666666666666666
I_qZ_qcjCxBQ6GBgVNbZ47DPwLAwogykKBlf8KrkrPuiQms,The Terrifier,4540608410,jungle,1428,4,4,2,10874,4273,5797,21,23,15086,7323,11,84,12,94,4,5,5,1.0,0.23529411764705882
5R8dZ-vvY0CK2o5-JQkUOVbu5IyiAVVrlxp4Vj20IKh_,feelmynuts,4527596507,jungle,2252,10,4,10,21522,10540,41258,41,22,37539,16038,68,165,11,375,11,23,5,0.7407407407407407,0.1
D6bK85MGSDAsI_pIuqFgNLEmnTcqIpeYVWdIVphTdTPK1Ag,양은진,4506422484,jungle,1876,8,5,10,30957,13301,19916,23,15,30257,13136,20,161,12,302,3,5,5,0.6666666666666666,0.14705882352941177
lgkPjDbKjjQo1BjXxTWydt9X5UynF3kc009UoRAlursd,블루사냥꾼문대혁,4506422484,jungle,1876,5,5,6,10171,18352,13843,42,2,28146,12062,29,170,22,162,11,18,6,0.3235294117647059,0.18518518518518517
VXLv1wl9eZKrAFTKivkLqKwAme-LmNG3Rl0Tbyusd4Iq,돈안갚는사람,4540155987,jungle,1892,6,9,6,12571,7173,23097,31,19,31160,10997,35,120,2,412,6,14,3,0.5217391304347826,0.2
qvdAu760nukob3EQK3s-gnFaLAQDoTKH2I1w1ZfVEiNFazQ,기출문제 변형,4540155987,jungle,1892,15,3,5,31372,17934,42076,34,13,32498,16541,50,169,21,543,8,13,6,0.45454545454545453,0.13043478260869565
W5DaesR1TYx4fLtgfnev02TYL-WP7vqjvp8SxjkqsoYOVPg,백채원,4540690647,jungle,1790,4,1,21,10872,22346,35803,36,29,34654,11842,36,126,0,532,2,2,11,0.7352941176470589,0.05
vD5MjycVVtIVTJS0cJ2T73JMUGdnqBRjlk5l1RIneKHBGs2k5HJhu1DI,Dop7a,4540690647,jungle,1790,0,7,7,8311,6540,8275,34,22,19966,8211,25,111,0,136,12,13,7,0.35,0.20588235294117646
RpRyAw0VUpEso5QH0UT1qNm6O-nqljocpMTIvhvhy7ZzOTg,대흑우,4518286588,jungle,2354,4,7,14,20021,21053,40078,41,27,44201,15049,77,149,4,503,9,8,11,0.5,0.21875
XpLJPH2tbqzv1kTrbCUgT7pH4vNdAEbEq8bxmIiqRfCvuAdWGpko37tA,재능없고노력뿐,4450281188,jungle,1899,4,4,7,8900,6075,23677,34,19,25288,10274,37,110,4,460,7,15,5,0.5789473684210527,0.1111111111111111
seEPlnGVDmlgBl-advTklSeyUk9kX1h_-6n7Vt6WxbVb,나비찡,4450281188,jungle,1899,11,4,11,17719,11811,23277,22,28,26104,13745,31,140,16,277,4,5,4,0.6111111111111112,0.21052631578947367
YYFnyEkZuHF-6IYpnL12ReKmKTY8KgaK5IbecfYSjmvMUpEN_g-VdJc-,Im falling again,4459745283,jungle,2132,9,6,15,29290,22508,41919,34,31,48450,15016,55,139,17,365,3,5,6,0.6153846153846154,0.15384615384615385
nRYMOkXCWgEEKi11BdTT8_fTqRPDUv5xPgqnV8p9K4_oIqM,백정 해방,4501680416,jungle,1584,8,4,14,14518,6898,22772,25,26,21106,11319,9,126,8,258,4,6,4,0.5641025641025641,0.26666666666666666
h_fYknshuS7dAFByISVow5DcLM1zR4rjGm5CXqafqwIz,광교피닉스박,4501680416,jungle,1584,2,7,7,7201,4088,19787,27,21,24371,7714,24,97,5,164,5,4,5,0.6,0.1794871794871795
rjSkftMIL9AXVzAHakrBoJJj_KrQL7Sriyd2XFkVdj50,냉정한 살인기계 ,4537588114,jungle,1477,5,0,5,6805,9159,21027,29,18,18843,9003,10,108,8,285,4,11,3,0.45454545454545453,0
kccTVoXa4DCi5GYRjxBXkhSLlwsXYYLZcy7mh7jQSrwjX_0,Jungle Cary,4307057833,jungle,2216,13,7,8,19476,14814,38776,34,24,43511,13105,14,113,0,361,13,23,3,0.7,0.23333333333333334
nV1QiZA9ky9sBOAcGYvM2L0bBF2xIismYH7__r8iE-Q2,적이랑싸워제발,4307057833,jungle,2216,1,4,14,14578,13439,41999,32,15,34698,12833,61,169,14,502,1,3,8,0.5,0.13333333333333333
PlRYUxrEOgz0rhYlvIQMT0sm1ZuI2-l_Uq3gprOpzh0BVmA,M0B,4540110152,jungle,1557,20,3,2,26691,15478,18576,14,201,26056,14784,36,137,9,588,1,2,2,0.55,0.125
F9V_OgoIRvM8k2qZwkmxIw9Oj6xWN_OSswxNwy5KTVMv,저라뎃 남자친구,4540110152,jungle,1557,9,6,10,18333,15119,17036,25,14,30975,10118,28,105,0,326,5,6,3,0.7916666666666666,0.15
UMii98Q1I3BuQfbGZ3THjkEERw2ya3GX3XzX6BJTZOakwY4,라 불,4536715755,jungle,1326,2,10,5,5951,2710,4740,22,20,16647,5827,16,56,8,78,5,4,6,0.5833333333333334,0.3225806451612903
53MYdABHZz2GVHioauvWd-AaZaULVcNWdDbUHvflP9MN,DG King,4537725533,jungle,1550,4,1,1,6477,7899,19379,29,7,18257,8351,28,108,1,476,7,6,9,0.625,0.07142857142857142
KCBA5M_VkWbs5b92ruXjAk0e0moHTCu6X_02p_RzXeHy5WreYdPYvHrR,주량소주다섯병,4537725533,jungle,1550,4,0,3,9088,12392,12024,27,14,18689,9246,12,149,8,402,3,4,6,0.5,0
Vf7ObyW8_N5BuFusDS1A-cXmF55wY0oEF2hOISEF1AJhiuJ1l4XtL-5M,JustLikeThat Day,4540596267,jungle,1289,5,5,2,6861,4757,6295,11,3,15191,7547,14,88,0,156,1,3,4,0.5384615384615384,0.16129032258064516
T9E4sZvEKabWFWq4FhVpXuEdkdGBnM0V4xV7pLbGvQNPpOdoxNo7_pOI,xi huan meng 1,4540596267,jungle,1289,4,2,4,8478,11652,8407,9,10,19739,10364,54,157,15,168,0,1,1,0.25806451612903225,0.15384615384615385
cThcgDMbN5JdZh7F4uVSzknUwxsBbSrupprmFl5koAav,카정달인 노스마,4540439229,jungle,1488,8,1,5,10203,13884,11910,29,4,19085,11841,27,156,12,288,2,5,8,0.5909090909090909,0.07142857142857142
koFhmMJfybbgEY8paMmYTM2HtcuTQXYrlaeb3ntK63gENowFFTzoVhF2,T1 Panda,4540439229,jungle,1488,3,4,8,8236,6111,12612,17,16,18802,8838,33,101,0,237,4,5,1,0.7857142857142857,0.18181818181818182
zMEiPTBQ3wJocFqeP4MMkFsmE9Xugp63phOqCAjTlzxB,회기역아이번,4432495231,jungle,1954,10,5,11,23218,7871,45183,26,27,30143,14479,72,113,25,227,4,4,5,0.4883720930232558,0.2631578947368421
MwLBOSw1GKGRXpIgxLBLsvvl5hM5t4dJ8Nf_NVyZdqUBLP5Wd0YxQtt_,북반구,4538953159,jungle,1797,2,3,6,8119,5403,6796,22,10,14894,9265,57,103,4,164,2,5,2,0.5,0.13043478260869565
a4nzF6jngnLUYsiki2Euf0lUqPtiIkR8FZ3g6b_ZZPK8,비싸보여너,4538953159,jungle,1797,5,3,5,9756,14161,13399,37,156,25679,10998,4,163,4,539,5,7,4,0.45454545454545453,0.1875
7n2kAgoN1u9fWwka_kKBbrgmhzFlKjOeREThd8hiCEticr8tUColUzES,01065096563,4113725617,jungle,1210,5,5,3,5865,4859,13636,11,8,17223,7536,24,77,3,331,4,6,1,0.7272727272727273,0.1724137931034483
U4M1Xkc5JDz3DDC28amOgllxMypkLXuEUZJZwTUgdW6fF3k,김준흐,4216879208,jungle,1292,0,7,11,5259,15876,13951,12,21,24445,5480,5,69,0,316,1,7,1,0.9166666666666666,0.25925925925925924
53nJX0H36kF8g4R2-j6uCovGEDdIZA1La6trGIELuvnpyng,취양임존중해주셈,4468395745,jungle,2113,6,3,12,15052,10032,40746,37,19,31487,14272,38,194,28,479,7,16,8,0.6,0.1875
Q16g-T_IOBP1Yy-WV1zH6X2qN0_QJGYu1WD-Iy4PfmegnYALpL9vAt1k,본캐 다1 계정,4468395745,jungle,2113,4,5,3,15357,8461,14746,53,18,21190,12454,52,182,12,335,4,5,17,0.4375,0.16666666666666666
7VA_Ev9Hp1cpMKn5lgoNwgxn4D2EEhz8-3DxAt8IhfLUa-M,믿는건내송이,4530623879,jungle,1394,2,1,8,3940,17657,13854,24,19,25298,9065,51,102,10,253,1,4,2,0.3125,0.09090909090909091
qTlL180s-dBuLYT3xO7-EGLsE03qatZYAJI1Rlm8KARu4JujDSkV1Hkl,User Volibear,4537877486,jungle,1570,6,3,10,10441,7737,19672,24,16,23667,10007,15,102,8,265,3,8,2,0.7619047619047619,0.10714285714285714
w8reogrWFhbFPPVLcDdMZc4GYfu6XTcHgvSQ1gxf-SCmwyc,오뚜기 참께라면,4422753565,jungle,1527,8,5,12,18389,12699,12189,33,37,23921,11396,18,112,12,698,8,7,3,0.5,0.20833333333333334
3V4aEu-g0BmiGlOhwaQROOurin61xK86-6e72oI4pTIV,용인 1위,4422753565,jungle,1527,6,7,11,20738,11922,16015,28,18,28991,9566,29,101,12,449,4,5,5,0.7083333333333334,0.175
kn1kTxEVvBhOrYAg-5OqSX4jTx8Y6bym58_lkk2KXq1IfF4,착한 호용,4377682090,jungle,1322,5,2,4,9640,10259,7683,24,3,15367,9622,10,142,20,36,5,7,5,0.6428571428571429,0.125
50NGBACr4SJtYHTCts1FLlaXRAHurTqPckjjZFDDFis9,메잠 대깨,4532004376,jungle,1534,16,4,5,23031,10216,26764,19,28,33892,15071,44,138,18,299,3,5,3,0.7241379310344828,0.13793103448275862
rcEBGvBcWYzwh__HJQDOn-43KB7cBxFy0K9IsN449kXtk48,Mafia 그레이브즈,4532004376,jungle,1534,7,4,9,15357,21865,12964,27,6,26275,12148,21,153,8,124,2,3,5,0.5517241379310345,0.13793103448275862
EBQ2eu0GPq0izgJQpbplT9a0_qP6ztE_reiBTnO7kIMS,Tusin Fan,4357878749,jungle,1964,5,11,6,18306,12802,14591,40,49,32444,9817,26,104,0,479,5,5,4,0.5238095238095238,0.24444444444444444
DM0KyP3F8RcHuFNBtTuydjHlCrxa2na2GPWfTYGivAeO,감귤장인,4539105611,jungle,2454,5,2,13,20733,54112,53813,29,60,54710,13122,59,151,4,541,2,5,10,0.6923076923076923,0.07407407407407407
SJpm11H3z6--8gHOC8hD_IsluTfmM666h-HEEByHIFw7,Great Man,4488047452,jungle,1620,6,9,6,17571,8170,11889,17,8,27021,8866,34,81,7,198,4,10,3,0.5217391304347826,0.19148936170212766
A9w2HS4C4klMY04Ae4-PK_IxkL-p7ieNX9DMSa3XsPH85AE,댕 셔,4539160324,jungle,2011,11,4,5,21530,21948,21357,26,4,29491,14019,38,166,23,134,6,7,8,0.5,0.11764705882352941
gcfn_SXirccEh5ILOML_uR63Pm3oCmXsTnI9iyGBIKGK,Cld F,4531182921,jungle,1504,8,5,0,8530,11932,20840,19,12,26756,10699,28,117,8,157,6,5,2,0.5714285714285714,0.1724137931034483
-DcvGIMpH7H7YEkR9RYPM96x5zV94j4kQ605tvQgOKw4jbE,홍창현fan,4538668473,jungle,1718,7,4,6,9409,7748,22303,22,14,25088,10148,5,136,4,437,9,14,3,0.65,0.15384615384615385
hvQk-CHOY3rCKhnjKgUdNF0k6wVJellEzYe6f3q3ZZx4H92xwGHKv20X,뻣뻣한요가강사,4538668473,jungle,1718,6,4,13,15910,10008,19826,27,34,22004,12464,41,142,8,152,4,3,7,0.7307692307692307,0.2
vJKvgDQg_BOolPn2fg73DqwlesR5feGU6vZ1mBC1X2TA,나는슈퍼큐티다,4539066855,jungle,1677,4,5,4,12426,4735,12528,34,12,18582,10497,67,127,3,265,4,6,8,0.6153846153846154,0.17857142857142858
fAh-uLujpR2O6xFLTF6hkAh6wkvQ2y_8fecpwgzpopZplcc,Hasser,4539369839,jungle,1210,4,7,5,7537,25914,17058,11,29,31286,8866,24,95,11,344,0,5,3,0.5625,0.21875
xcujOC9AvMxBKWRrxQ9PxBtro2UKv0WMDSii4qvlyvMHEWE,달리는 조형기,4523176579,jungle,2304,13,5,9,33350,26029,54112,39,36,55117,16517,30,177,28,498,2,5,11,0.88,0.16129032258064516
3BaRKVm0oGcTXsbUxV8JdzhomC-lEaQSyicx6MorozpJ,월드와이드 암살,4523176579,jungle,2304,5,2,9,13617,15009,52038,26,22,37197,14406,47,176,12,450,1,7,5,0.4666666666666667,0.08
V5MtMyxjseMFPUu409FfbcH0WnoCV8pmwfA0IvFkdvfptjmv2-6svdge,BoBoEvelynn,4523154945,jungle,1901,14,7,18,43270,19686,14633,26,18,36086,18275,88,184,28,186,4,5,1,0.7804878048780488,0.22580645161290322
9rqDMISCPnTT22bL29CQ9yZBN5N1b1btGiFNGCoc-4Vo,khs0838,4534860821,jungle,1413,3,1,6,5482,13565,9533,48,13,16813,8769,20,120,4,397,8,5,6,0.5625,0.25
0SGeQNsfFWVcQhIj7omUjZ44lamjrRDPIEe5JzBriGos,Tenic,4127697217,jungle,1700,7,3,6,17994,11256,13140,20,25,23153,9797,48,64,0,501,3,4,6,0.9285714285714286,0.12
JkWRijSLFBtqrsAKhijb1PCBywyol6jybMRGEKCa_zGVTAA,5EX WITH ME,4525246476,jungle,2016,4,5,10,20220,42899,40260,39,58,50708,10904,27,158,19,515,4,5,8,0.7,0.15625
rWH-4zVS1mbwIteBVqUH1CrqXtIBzkltqoL5H-Blzz_W_hcrgjc8JCoi,퐁퐁부인의 유혹,4525246476,jungle,2016,9,3,8,21503,12852,34862,32,17,34943,13533,13,165,14,592,8,19,2,0.53125,0.15
A-AUjuNHvV4KLp1UDPGHFHCHzxilhY4VXYAONYxuxNDC,Earth Horn,4468864368,jungle,1457,2,1,6,5160,13952,16616,32,15,20319,8595,36,124,16,291,5,6,8,0.47058823529411764,0.09090909090909091
huTvP4Zg_tx1eT4yl_OVbvExaeAgXhS2h-c9sDAgHGiWGrk,Kimuri,4528456463,jungle,1728,6,7,3,16405,11877,12445,24,6,27128,10658,21,101,7,190,4,5,4,0.9,0.25
jU5Qdg_GgZBWadY1tpqfIe7lMiyPStqUFUx7KT61CaEEqxw,향 담,4528456463,jungle,1728,4,2,13,10006,34459,21807,28,33,32841,10126,32,110,8,414,6,9,0,0.6071428571428571,0.2
zFOM7hyjj3krxkyX_eMpX516r1cz_u1bqdsFRXejrnbguyAfaAtWk29M,태 팽,4540451450,jungle,1776,6,3,10,11569,9273,9768,17,20,22258,12269,38,141,17,723,0,3,4,0.4444444444444444,0.125
GFQMl7CiZJQEthOMtnrkvhmVQ96D8YXg43sK_8looNYO00QWIusMtfAR,old school rap,4540451450,jungle,1776,6,8,4,13686,7133,9535,28,18,23809,9948,16,126,4,94,7,8,2,0.4166666666666667,0.2222222222222222
hsH5BSV0muyVygiQTttARm4Q4-hRZWgNXKJxiNlVTI2yzc4,쩌는랜덤,4384052618,jungle,2002,4,8,5,19318,20955,29923,31,19,39310,11504,40,151,9,232,6,7,9,0.2727272727272727,0.21052631578947367
2DZ1U4Nvwfk6WvDqwPKaOvOzlKo2W-6m6HK5QlmJXf6NClttAst22D2z,밧드 fan,4384052618,jungle,2002,2,7,29,15289,8493,37460,50,33,34457,13133,23,147,0,430,19,31,6,0.8157894736842105,0.21212121212121213
mksIzPe78YNKQnc8JrhVUE42X87goCzOZe7SBSbL7OSK,Wirepuller,4265422782,jungle,2174,7,8,8,18592,21770,29786,28,20,45418,11672,18,138,17,431,4,5,4,0.45454545454545453,0.34782608695652173
kVqZ6psrRatV8oI1BDANiKFMfkRQnRXumVj1xEffJuGRK0I,언제레볼레,4368952729,jungle,1306,1,4,7,8858,7587,12646,39,2,20000,7252,26,94,2,136,6,13,5,0.3333333333333333,0.3076923076923077
7tZrjAu6uqVg3rOctEnJAWL9kySWpE_XsP_jg3-cZ09AwR4,xio xian wa,4419400667,jungle,1690,7,7,5,15956,10759,15416,21,23,26522,11232,16,127,12,255,2,3,5,0.7058823529411765,0.19444444444444445
nTZ9BD4Qaj8RubFq5_6_IZ6l9w8sHHhzte17ftL_LaHk,jongjinism,4528574583,jungle,1688,2,8,5,7291,5436,18015,20,14,25753,7649,19,82,0,264,4,11,2,0.5833333333333334,0.38095238095238093
OBFSkCzrN7lpdAUxVH5KZPURkm-soZkLFkfiVBntL7LO,뿌링종뿌링,4477369579,jungle,1317,1,5,2,5581,9670,17892,9,12,25768,6348,26,75,0,353,1,2,3,0.42857142857142855,0.18518518518518517
M8-QCHtlW3Rhn_nB7ZKhdFtbFW72VB0M-mZ1q0SRp1u9QfF20rUqOM51,젤 리,4440650449,jungle,1401,2,7,6,8676,17981,18059,14,31,25124,6866,34,71,0,292,2,4,3,0.5,0.25925925925925924
btZITzrNAGfHiwTbEKLM40Y8H5p9D0wSHuR9opEjgZE5,징짱다이스키,4440650449,jungle,1401,9,3,8,14903,8406,8631,26,21,16495,11606,29,142,18,392,3,3,6,0.6296296296296297,0.1875
9DnS1Xq3Ezm9jghm5AzegI51seD1At-c_Q3n_CIhNb_1mIQ,장애인 라이너들 ,4465991305,jungle,1679,8,5,10,16914,11039,23782,35,21,27602,11742,17,141,0,178,7,9,7,0.8571428571428571,0.4166666666666667
uyyspf9mxiFbH3wDc5t1eIPom-FfO90R5ihCwickED6v,No Smart Key,4465991305,jungle,1679,8,4,3,12486,9001,16698,26,3,23058,11565,43,125,3,192,4,5,4,0.9166666666666666,0.19047619047619047
7YvWZgZVnMCxGux1AK-w0xtbWPTmgfC31ivURPjVnuY,권이설,4482388623,jungle,1671,8,9,11,17691,8111,15489,20,28,29308,10109,22,104,0,290,1,5,5,0.7037037037037037,0.21428571428571427
zYQTB9Fb1Sj-Ha_vsZ4leir4JrYGcStc_inh3qxZXhxKakA,스펠체크만채팅,4537759940,jungle,1832,12,12,11,30282,12495,20094,72,9,36433,13030,63,121,10,221,7,26,17,0.696969696969697,0.32432432432432434
UycZEsKJoK3aHvbAgtYx8WcdgA494GDK6rnhA_0OTn3o,동그란잠만보,4529603749,jungle,1481,7,7,1,11891,8720,16721,14,115,27399,8832,21,99,0,367,6,7,1,0.6666666666666666,0.23333333333333334
R7Av69GISEH_X_Rduy0YPRIPBBt8LNbnPE90ihvUl8RM,LoveHasFadedAway,4476771094,jungle,2172,6,9,13,33619,18688,25720,44,29,44823,12099,20,136,30,417,4,5,13,0.6129032258064516,0.3103448275862069
SpKqAwGerAhP5CWjIAEun3JD-TWRs0dVg7cdlPfiTHXoKcY,하샛기,4467645975,jungle,1728,6,7,18,19743,6932,10326,33,30,21608,10641,34,96,4,169,8,6,5,0.6153846153846154,0.21212121212121213
kmzMNM2PXMtBPvCPwvjhEhzx0r2un5PnnuhHb88JDYKl,03 02 19,4467645975,jungle,1728,10,7,5,13597,9998,14335,21,19,28745,11512,25,100,4,256,10,9,2,0.45454545454545453,0.1794871794871795
kSMmlsliEXk8HLdeNXHXBLOBLGeW4KgRAmJA4o4imOVN,이기자중대장,4496270725,jungle,1894,4,8,11,14229,18858,31012,36,32,41556,11656,22,138,6,429,9,10,7,0.39473684210526316,0.32
j5WLmvMwxOB07paglqtofCGMSaFj9DWfgfCJxUOeE-WBOU2mxIYhsoa3,정보국장,4496270725,jungle,1894,9,10,7,23496,6679,13860,22,16,28626,11542,24,121,10,315,5,11,0,0.64,0.2631578947368421
9FiIB4HX9f8D-ITICDfvSGr__kpY8TPsOusvi5lYLNngmHw,종 씬,4300607742,jungle,1631,5,3,11,15368,16479,17939,15,18,29838,11195,51,126,20,491,4,5,0,0.45714285714285713,0.125
Z6WOKO4HT1iNRebLZMiXQ3uWKug-jdvVdaVohkW5JGz8,제초 마스터,4300607742,jungle,1631,6,7,10,9438,7060,29596,27,33,29971,9250,27,76,0,166,2,7,3,0.6956521739130435,0.2
kF7mDZp8517Bz9NU7uc9XOHFvi6hNUjn8OkjqapIMuEuf4w,개돼지정글의반란,4442212373,jungle,1495,8,6,11,11114,8011,22644,19,24,25913,11224,21,113,8,237,1,4,4,0.5588235294117647,0.3
N18fsOk2FHUeDCaEdVteJ_oUy9FoLCuKnU3tpmVOLGT9C3k,맛혜지,4442212373,jungle,1495,6,6,6,10847,9056,11423,14,19,22232,9016,13,111,1,333,0,2,3,0.6,0.17647058823529413
7Wsrz8wYhOKiVvHUNhtp6jINq3h9jpU-CRQVXQhcFP0bwCs,미친놈이네,4531403669,jungle,1919,3,11,5,7304,7681,26879,38,20,32347,9008,24,108,0,393,9,17,9,0.25806451612903225,0.2894736842105263
5VPdfeXeE_G-bGwcmpGpPGcUHpRDFAOaXVAOW-joDorQ,천사냥냥냥,4531403669,jungle,1919,9,7,11,26283,21826,48919,42,31,43537,14960,28,207,37,279,6,16,8,0.5263157894736842,0.22580645161290322
c6O479OBcAPIRajTlSj_zRL8xfAvsuiK2d9dUSVq9ffN,안옥경,4537600004,jungle,1912,2,10,7,10470,14835,20776,29,5,37263,10152,45,110,0,354,4,4,8,0.2903225806451613,0.2777777777777778
8budLFh9AqLFGW8pMGC-IMj5xgclWkJv9nzz_x2TfusCtqc,Play kane,4537600004,jungle,1912,13,7,7,23192,15409,20809,29,8,35060,15500,39,197,24,252,3,5,2,0.5555555555555556,0.22580645161290322
BvJP6jkOrPBUlc0zM_V_U0gn7M3S_wXWq4Rd-oxHb5-jeYLzbf6SeM33,오 BALL,4526331345,jungle,2536,12,10,13,25891,21049,61792,35,33,52647,17920,53,157,0,226,9,8,11,0.8064516129032258,0.19230769230769232
7Y7gM7aXrDnJwQELVdZP3e6-H2nYdHCNJtV7AnL5qacfPE-aCZPkmIDU,동선알려드릴게요,4526331345,jungle,2536,9,7,20,29920,26560,58364,48,38,61389,16022,89,159,7,513,5,6,8,0.5576923076923077,0.22580645161290322
8dpxkPRWQ3pmc1zsT7DdouVfw_HjUTL9oLL3XxHhPCNtd84,날위한승리는없다,4360853882,jungle,1809,15,2,6,36365,21693,29392,30,4,39739,16901,87,206,16,133,1,1,10,0.6,0.06060606060606061
HlM0Sr6bn91qwVKyO90jy-X8DhhGC6OMvqbDTdT25KNJsmke8A_wuk_D,2004 07 11,4360853882,jungle,1809,8,9,9,19716,6049,24555,25,22,31893,11719,58,100,1,374,9,17,4,0.5151515151515151,0.2571428571428571
T5KIFOfD_MZR9JGBK1LI7HgQAJGFmlJ21XrNYDDr26WA,미드할께요,4382049584,jungle,1210,6,0,7,6217,8679,7743,28,5,16220,8395,13,105,4,321,3,7,4,0.7222222222222222,0
EH4OIOaIiONkm7GK4EQZwzIoYoQMf95sUYOmmG1YbVokmqE,페턴원킬개어렵네,4539884278,jungle,2377,3,8,22,22631,9587,69396,38,38,53986,13287,35,118,0,344,6,6,8,0.7142857142857143,0.22857142857142856
3G3qCY6y1RuI14iv69oF2IgyDpEov4qQkD2YEOxmraz3jzA,푸 른 낫,4539884278,jungle,2377,6,11,13,21975,23192,51151,45,39,57254,14115,46,168,33,391,7,9,9,0.5428571428571428,0.3055555555555556
JiYVjfMwzSQn1nsBAqCXv8lOwG0x7RebQ7MBihqn8NZV6P8,로또1등로또리치,4447151573,jungle,1261,5,7,1,10871,9585,15317,16,12,24472,8819,36,99,4,253,2,8,3,0.46153846153846156,0.22580645161290322
EKJ3r05X5qJYwzx9PwWCnUooA_dE-ADmLrVQkjUudkHl,우연이 봄,4385092776,jungle,1471,4,3,8,7464,9084,8860,17,14,16093,9707,23,148,12,90,5,3,2,0.5454545454545454,0.3
bxVUPoym-6_iZmycHq-pnXiLQGmQTcgLNKPoPpsWsUHjiUHwFr5mlMTR,정수야 사랑해,4488602246,jungle,1629,1,4,10,7934,8180,17999,28,14,24516,9608,44,142,30,552,6,12,6,0.5238095238095238,0.23529411764705882
bljO-DnKEHn1XBgMY8d8YUZYOPSaiu8Ob4iy7GRyIE_j,탈을 삼킨 례오나,4488602246,jungle,1629,5,3,7,15258,7662,10236,24,19,22129,9400,30,101,4,153,5,9,3,0.7058823529411765,0.14285714285714285
YaNpg71tjkY7GkK13M0Arl_QTMvAxXvi_RH7XgVdU6K4C8s,제혜찌,4539992481,jungle,2115,10,5,15,30963,19423,28516,29,20,39563,14223,43,173,12,670,2,3,10,0.7352941176470589,0.19230769230769232
rrKi5uUc7n9xk6oV_s0GPybs1UEOUCHNyQGlj6ODZlJHSpA,ManDo Sona,4539992481,jungle,2115,5,8,10,12736,16640,23089,57,26,37290,12950,27,158,0,443,10,22,9,0.5769230769230769,0.23529411764705882
4-fIREywGb2IRJIVTjm-Dyfz8vmLe2Ac6_VPfZ7s5ax3iZEAoUh_taIf,슈비뚜밥뚜밥,4529567523,jungle,1333,4,3,9,11679,12768,9258,20,6,21163,8746,19,116,8,199,5,5,3,0.5416666666666666,0.2727272727272727
DvCa2mACLoy3xOXUHdDFmEhX5EIomdyLZBUPUEfmVirG9h8,wnsghdmlqnrPwjdz,4529567523,jungle,1333,5,5,2,8253,6538,8548,26,3,16875,8173,27,104,4,169,3,4,5,0.6363636363636364,0.20833333333333334
ghuT1F45iKUMVL36-bGfk9BgFnHtjseBIqF0KUWtg9ZZ,다야보내고공부함,4471664448,jungle,2123,11,8,6,18086,10684,41625,30,34,35650,14420,46,162,14,302,19,6,9,0.5666666666666667,0.23529411764705882
qkIJ8nI6hjTnUujHoZ8sYZhyjGgoHxNzwJ06LO0K2kAM3s4,JustLikeThatWE,4471664448,jungle,2123,7,6,10,19608,8347,33060,40,32,37429,13203,44,153,26,416,8,19,3,0.5,0.2
7K_-HgzFwZorcBiKbPDWLMxABvJpKolBAG3bmAqoqV6B,철수의은밀한저녁,4422867294,jungle,1883,6,7,2,8880,6024,27508,22,9,27719,10067,12,134,4,330,8,15,3,0.6153846153846154,0.2413793103448276
dwOBwzmureGAUvDRk2JdnpHqBrXEkpqtyv0MOhBfoxF0dclkAeU8yBIR,형 존,4539911382,jungle,1276,4,1,15,9517,7931,20249,25,20,19527,8833,16,117,13,353,3,5,3,0.5588235294117647,0.1111111111111111
dyK0lbkOHJBCii8cdOGslWTAs0o2LijbzhY6OXSI3yV3G0U,참을수가없는사람,4539911382,jungle,1276,2,8,1,11060,2863,11531,15,15,16863,7364,72,88,7,362,2,2,4,0.3333333333333333,0.23529411764705882
sgeE4dh953d5u8mgqPmfNrnsaKOukAgmo92lh3APY9lCGlg,dpok,4521511673,jungle,1653,2,6,7,6601,6142,17540,26,15,22953,7780,12,80,9,287,9,15,3,0.4090909090909091,0.17647058823529413
JrmccnnNRcMfz5sDb54EXmb64oaMfVoxV4ozS-RvV3yW,깔바지깔깔이,4483220131,jungle,1261,1,6,3,3789,3434,4344,11,14,12803,5712,15,74,4,99,3,3,1,0.2857142857142857,0.23076923076923078
kSvE6TtI74RuTrEdkF8QQa799akf6d5EAh1lR96oBNdw4DazclzECBFT,태형뿌잉,4483220131,jungle,1261,7,2,5,12295,10288,7728,17,4,18369,9234,25,109,17,140,2,3,4,0.46153846153846156,0.14285714285714285
rjSkftMIL9AXVzAHakrBoJJj_KrQL7Sriyd2XFkVdj50,복실복실노무현1,4521090197,jungle,1691,5,4,4,12781,10708,12171,38,3,23622,10692,25,140,16,142,6,11,4,0.28125,0.25
oUeN9IMaPPT8k0eD6iMhZrATZ2UJWpH_lInjYZToAaC2GCw,건또라지,4521090197,jungle,1691,7,6,5,19021,10720,15418,17,9,29835,10273,15,116,8,202,3,1,2,0.75,0.1875
MBPXUHOxje8wwm1DKDerIKvDiGCgshu5OjHtsvUHGFYyliQ,EJU,4497189650,jungle,1912,10,10,7,24553,13337,29842,41,35,39618,12085,21,120,20,324,10,9,5,0.5483870967741935,0.3125
_Js0IpvhRt0jlG1rQf_TUj6xeH9bP6x6aH_--HktWQsSraE4-tqlA1En,샤코로 어디까지,4497189650,jungle,1912,10,3,7,16489,8086,13835,19,25,21949,15974,55,171,24,668,2,4,4,0.53125,0.0967741935483871
9xBrp4I0kKN5qpef1tiwUvB3xTSOw4VdHnC5zpZGWfV5TO9EQomkTet4,Dua lipa fan,4372311107,jungle,1768,9,10,7,21684,9199,9830,32,17,30976,11718,31,106,12,522,6,7,4,0.47058823529411764,0.2631578947368421
Q2uCJpKP5071zMzfTj526fTl_VgPIe10WIcSMqb-qiceFHY,어그로핑퐁전문,4372311107,jungle,1768,2,7,15,13115,6645,9505,39,27,22545,9031,38,89,0,69,14,13,8,0.4473684210526316,0.20588235294117646
RalZfcd3o3_ylAkS1VyHkPB2jR-06D33D-i2-4dK80Nd,서강준아니라구여,4538716137,jungle,1503,1,0,6,5959,9775,8213,21,17,17245,7664,14,124,4,399,6,6,2,0.35,0
0JP0X-KgyjSmUKc9hKzZl5XegNt4t_vyXA7pAPxEh_dn6QE,칼리원챔임,4538716137,jungle,1503,0,4,1,3693,5144,7900,23,7,13880,6745,17,113,3,286,3,4,4,0.07142857142857142,0.2
knHfCuMu552dbhBEdD0IgA05YyPy7ycEs-oHWBpEJRgl,뽕짬간,4538765830,jungle,1809,8,6,12,19599,9300,16080,28,12,26111,11512,19,118,10,296,6,13,3,0.5555555555555556,0.16666666666666666
gBtAde-qCyNqcwwLwwdZTnLJb12dnzkzLHWG6r5YBioc,꽃사마,4538765830,jungle,1809,6,5,12,19653,11998,26704,32,31,29413,12772,37,131,13,527,10,10,5,0.5,0.1388888888888889
BWasdm50nWk68qSE8qbrqyQmcqPUfhlaEOKF9Duo8GU0,초코쿠키쉐이크,4537877363,jungle,2551,12,9,7,38231,24212,20708,72,4,42516,17003,65,197,11,189,6,10,19,0.6333333333333333,0.21428571428571427
8cZylHOxH1A1Eclg3iHO1e6N4iyKctO4u5dhSSOQPFKJ8q8,흰색게토레이,4537877363,jungle,2551,10,7,16,25199,14335,70049,60,27,45913,17564,35,180,13,415,12,27,9,0.6190476190476191,0.23333333333333334
WpEGYdyoHuzNK0119MXT799ntD9Cs70_y7HwEZw8qTGMmR-g9PgzXmlI,콩정교콩,4540741285,jungle,1440,3,2,3,4489,6046,12430,25,11,20339,7383,12,112,4,350,7,7,6,0.6666666666666666,0.1111111111111111
GtOiXTYtmQvB7pAMA-owhrMTEOdA9KZb_f1VE41_zMf_HkY,Shehaquim,4515209297,jungle,1320,3,6,3,6448,3949,14605,18,17,18238,6383,15,80,4,290,3,4,3,0.75,0.23076923076923078
RVniKlrjFN-BBEvkNMp0vtiuo-E8HDCL6iGHo2VauGv_PMY,밍밍블,4515209297,jungle,1320,6,0,16,16496,12392,9458,52,38,17064,9521,25,112,16,714,4,4,4,0.8461538461538461,0
Y4tLu4aubZKo2AOZ95VbOpV_y4VTLIVFq_G_FBAAy1V2,국립한방병원,4271444311,jungle,1747,6,4,13,12828,7363,23839,37,21,29250,11212,29,97,1,334,7,15,7,0.6333333333333333,0.19047619047619047
08j_WQ8lpiYiXHyZv6KCIFc7crS6pS3qRf6a7qanRlHa,자기야침대로와Sy,4271444311,jungle,1747,4,6,3,9166,9213,36847,25,20,34292,10028,31,144,8,406,5,5,4,0.3333333333333333,0.2
gJ4VNA5glPdYpjXdacBQqyKLErFwbb3OC3R2WiXi2WMc59Y,삐약아꼬끼오해봐,4507451644,jungle,1714,4,6,5,16108,8806,40802,16,31,34829,10182,49,133,0,264,2,2,5,0.45,0.1935483870967742
qW8I0kGhnD-0uJLK1i5xcUlxZC8eUuIQEjC-Pv_6T9o1,경현짱짱,4539399370,jungle,1743,3,5,3,12385,12992,27273,34,21,32177,11012,56,143,8,213,3,5,4,0.3333333333333333,0.19230769230769232
mWiNGcuZe_k_uGmkX5QwCeeY7Fjd9h1TXBP0cd9Dv1Gr,두 킹,4531471636,jungle,1951,1,6,6,8494,9442,22093,35,8,29998,9403,44,115,0,102,9,8,9,0.5,0.21428571428571427
i3flmghrGc_a1nGWyenpFeH9jueffpwLZCSzP6SWeW5WDvsbB1aXHixh,나랑르블랑,4537944265,jungle,1958,7,2,12,16004,51055,48450,46,38,43257,13363,32,152,4,433,8,10,12,0.5135135135135135,0.06451612903225806
ONktEIJvzkZ7dnQDGmNXf4L4xizZUBhgK45q0YVu84mQHXBWpGTeI80K,솔킬내면 관짝춤,4540587944,jungle,1878,2,5,6,5518,10435,18048,35,7,28626,10800,14,188,29,270,4,13,3,0.4,0.3333333333333333
vWW5-1ef5P5D1Ty0CJBPTQqWknRdbKj3fL4zaTXZKPDcM9Q,지지않는편이긴해,4540587944,jungle,1878,4,5,5,9454,11523,10528,85,23,20436,8717,16,110,4,507,8,7,10,0.6428571428571429,0.25
O6ry-l8FVPdTJ2sEZkga1DmMT325eNmKn14Oe4b-5VZCXfiCbiVuwrKV,Void0,4497065825,jungle,1494,6,4,10,16733,9814,15316,19,26,23524,9647,42,98,2,463,5,6,2,0.8421052631578947,0.11764705882352941
fENbwaed0BYMuxgcBHI7QaZzjV4bgYFOXMThRQJ4rcrG,큐브C,4497065825,jungle,1494,6,4,11,10186,11507,13409,28,18,21367,10729,15,113,10,225,4,6,5,0.5,0.21052631578947367
dEaobJgyyX0m9nSykwbya9rXp-81ets7T9zgw6k3zsZPC4noTzXvgAct,Oh nny god,4404881675,jungle,1300,6,3,1,11687,4818,9787,19,15,15965,10483,77,101,5,351,3,5,3,0.7,0.12
R78dCUQQ5XvQeCUyRfxJ2YeUk_7q3KsXG7xa4UcOnfnjxis,TOTOSCHOOL,4369474089,jungle,1473,14,6,10,21708,18581,23554,21,20,32109,14067,40,118,8,204,5,7,2,0.5853658536585366,0.24
qsfRSOskg5xMxzHzB8LNdDfuLdpw6fzATGT4Ub-D5ZLmzz-XC7iZBrh9,ililllllillllil,4469119679,jungle,2167,2,6,16,17396,14637,35339,31,23,36223,14292,52,177,14,204,2,3,6,0.46153846153846156,0.1935483870967742
LC3lhH7eiqFKAIJXqY3IA0Alc917IfO6AyaKxxlFNeA,세일왕초,4469119679,jungle,2167,8,5,12,15073,14402,45839,40,26,40125,13082,46,114,0,477,3,4,10,0.6451612903225806,0.1282051282051282
UL4zDNdg0lgdbDN7sjQYlTP1l9C7o2Y6NzF35Ur5YAI0Res,나는 섹시 용석,4500036926,jungle,1321,5,5,4,8513,9125,12773,9,5,21356,9980,55,120,19,153,1,2,4,0.5294117647058824,0.18518518518518517
uvCXmdYSROVWIquWptyK8q4QYZqrJHTjomYwevvIG5AN,누누좀그만해,4460762144,jungle,2583,3,11,20,14204,19822,83583,65,44,71365,14605,49,169,12,545,3,16,10,0.71875,0.2682926829268293
ehSaymQ1sI3gqUravYRdtkJQHErocjAoDFox6tCoOJ6opIo,시   니     0 호,4460762144,jungle,2583,1,11,29,11905,11253,63401,60,27,52562,12787,25,167,8,310,13,28,7,0.7317073170731707,0.3333333333333333
W2DfG0j7rUcB_ORLko7e7bhTjbEtrhQJrvUSa-zesgP7,빛 성 모,4532422811,jungle,1225,4,3,4,4490,4804,13030,21,14,14148,7192,37,86,0,256,3,3,4,0.5714285714285714,0.14285714285714285
TYW-3_iL1MCZe011NXufiCbEyQ9tlrquUG2Ikgl59qJN,또멘붕,4501759249,jungle,1503,2,3,13,6762,14916,16927,34,16,24524,9501,29,126,26,268,3,5,9,0.5357142857142857,0.21428571428571427
rrYdbxvuszNud_s2gk8d_34JY-Apj_Y1Tvxgm5mWRk5fql8,한 규 범,4501759249,jungle,1503,2,8,4,9760,24733,19040,25,34,31886,7240,25,100,0,367,3,4,5,0.42857142857142855,0.2857142857142857
ZovjtFPpjyJlmy6eAsjKUbvUBP-vJZhIwsLyitt7bic,화이팅해주세요,4489190720,jungle,1812,2,7,4,3704,6750,23882,19,6,26436,8714,9,133,3,382,6,12,1,0.375,0.25925925925925924
fU95aY27BhXfxXfP_C7vXodkq1Oo13cA1QbrnmrlXbhu,리자치까,4489190720,jungle,1812,7,4,10,15248,6751,25470,36,24,19903,13397,48,176,28,312,3,3,10,0.6296296296296297,0.25
Qo99fLBBp6xeprl_V0i5fU3z4S4GONORTKHpz9PvIaIsELM,직업     마법사,4195266289,jungle,1668,3,6,12,14403,6439,10025,18,24,22299,9254,14,78,3,97,4,5,2,0.6818181818181818,0.20689655172413793
KLpUxfzB6V3heKT-kG44MknWaMeC8AycnzAYSWQy5PytFFQ,상록수,4195266289,jungle,1668,1,6,5,9725,9813,15141,30,14,24428,7813,47,88,0,307,9,8,8,0.20689655172413793,0.2727272727272727
ZzGdwrl72g4XAGOP-QH4M0de5PLufI7omTSFEUlo0rzsFpg,성질고약한자,4532399005,jungle,1833,7,5,14,12494,23904,41274,24,24,43430,12440,46,132,0,364,2,2,6,0.6774193548387096,0.14285714285714285
ESUe7EFBOlJoNZ0_O6cIoUBeIXAPWMGFt5aLsKwntr1d,compLeo,4540691009,jungle,1439,5,5,6,14684,10715,16736,17,4,29610,9245,38,109,15,58,4,5,1,0.55,0.12195121951219512
z8Z7VSMCMOtVgH-IGHEFIzTCtICVTuujyqgE6M1KGUIyIDA,AF Dread,4344306833,jungle,1342,6,1,8,11654,12322,12791,19,15,21807,9242,20,115,8,496,1,1,7,0.5384615384615384,0.1
Lhg4aqvMaGNx7EEdiSyUZVsUdjjinCIlKDrF4l1XOPQV9x0_p9jYQUE_,정현심,4344306833,jungle,1342,4,3,3,5794,10476,16643,15,16,24672,8083,22,84,0,234,6,4,4,0.7,0.11538461538461539
FyB6GP1IlpFJ0sLPb5NwB87zexV2MRa832T5PyQK9e8J,ZOTAYA,4415313769,jungle,1608,12,1,9,26355,10279,17716,30,6,27564,14339,57,131,5,168,5,8,8,0.65625,0.05555555555555555
jSUFVuuT-lEQYNZaBAg98xWeVyJJusnlLXqZ5e2VttfXheQ,chocoDige엣,4415313769,jungle,1608,6,10,4,12707,7848,19121,20,13,27407,10197,30,117,9,442,6,6,2,0.5555555555555556,0.3125
S6pMgrUm7HkKhjznSXyPxPJaLg6-_Hd57xsafNNBeNR-NLU,Only JG Kayn ,4538639523,jungle,1571,8,3,7,15688,17320,16997,39,15,29271,11885,30,142,23,242,7,8,6,0.46875,0.21428571428571427
_EqGP8EDJjwgHFqrWp78dO0F8Q29fo-faet8pgEVQbQC1Ng,싸우지마내가잘할,4540034405,jungle,1262,1,8,3,3817,6126,15819,21,9,20472,6674,14,113,12,371,10,16,2,0.4,0.2962962962962963
T_FzQdlUtbqCGBg6Zl5RCiv7TuE6AhXoUIThnk84gp2r6QE,땅콩왈왈,4386041186,jungle,1723,9,7,11,20252,22794,13888,32,3,29973,10989,27,116,15,152,4,6,8,0.625,0.18421052631578946
dCgoxz9izIvnbFJJAK40jWO2wZBa79Xdb2o37ZMl9wS-gXpi8PjxUCpM,전부차단하고해,4513838885,jungle,1475,4,7,6,10044,4881,14357,18,22,19381,7139,14,72,0,312,4,8,3,0.8333333333333334,0.25925925925925924
TCh6guG4Ctsw1fAATdxfsXiAhA9p3tziESZCRz4iips,둠 블러드,4513838885,jungle,1475,4,1,9,8539,14885,11620,48,25,19336,10535,33,135,12,618,4,4,1,0.48148148148148145,0.08333333333333333
O9dotkUugfMSjLM6f0poQjqkzsrRvQsh6eGoUZqrbqBDOIx_-19efzjC,태백산 신선,4540448644,jungle,1834,1,5,14,9095,8074,39590,39,31,24827,10299,26,126,8,446,1,1,9,0.39473684210526316,0.20833333333333334
3AHBn9YFNRK29fDA879WvdNPLm6Lwil_Lmwx6Be9PSY_wDU,정글인권보호좀,4540682733,jungle,1433,9,4,10,14165,9510,9304,26,10,20004,11205,22,120,25,163,3,6,4,0.5588235294117647,0.3076923076923077
5t4Ck8mKvXZoIsCknLMM2sHsG-dch9UWVkc03vb_rccl,해군헌병대대,4540277266,jungle,1318,4,2,5,14848,11500,15263,18,3,23045,9955,45,146,39,126,4,4,0,0.36,0.14285714285714285
lYVdwZQYMcrYdxA_q0n-KzwuMiCFVyJCyJktXy3svEvB,예술가,4540277266,jungle,1318,2,7,2,4498,5295,6413,2,3,15485,5851,28,58,4,52,0,1,0,0.2857142857142857,0.28
6JQU7DwJSffBcnCABiNk2qFmykOFRYRzeB-RMAZyEXwppEA,대산물주먹,4517193536,jungle,1658,11,6,1,9999,6163,23150,21,10,27893,13583,34,165,47,353,4,12,0,0.7058823529411765,0.23076923076923078
I0AtQbbWnZpVs6dwT4XyrhXftLUCtQGtHXhQKxtxbd7R,협재게스트하우스,4525007578,jungle,1202,6,2,10,9539,12948,8981,34,3,15947,9162,24,101,9,142,3,5,8,0.5,0.2222222222222222
B4mHeTgIdHT1NwCkniGTtzH5b1nGgDdHq0yx0KEP9T9g,국산일본서양,4525007578,jungle,1202,0,7,2,2446,5143,11298,7,9,18014,5024,6,81,0,372,1,4,0,0.2222222222222222,0.21875
O8QwlrU4TGFD5srufV1P56MnZumABo8NFO6GhNCSFO7QxQJTuRiiuEF7,김가영 캐스터,4531457529,jungle,1665,6,7,4,13553,11863,16801,26,44,28672,10117,18,106,4,557,4,4,1,0.6666666666666666,0.3181818181818182
MsVEA_bKSURxwDagoqu4xouDdPXZGfK-8GLvUM916lHpxoU,넌 더이상 안돼,4536809039,jungle,1954,2,9,5,11768,12931,33288,22,20,35138,10924,20,150,8,142,0,11,3,0.5,0.25
duMEXW7QWHzNnrH7o_JqXBEU8PYltnqBCkZdq4uSowJV,마체테2포,4540505502,jungle,1203,4,1,4,7153,6673,7407,24,13,11875,9317,46,116,13,486,3,5,3,0.34782608695652173,0.07142857142857142
LjABimU8zCZ6yWctwfTxvet8DmNaa6gjtkummxQJonin,호랑이말고토끼다,4540505502,jungle,1203,5,5,4,7690,7288,13405,16,7,20465,7678,20,90,1,160,3,3,1,0.6428571428571429,0.21739130434782608
0Vdupljq6XBvYrAjqdSd3Kzz3bW76HlZ6DZzGnh4na8duJA,illionare 빈지노,4533053246,jungle,1482,10,2,9,13784,9825,14610,19,13,22006,10227,24,95,15,395,5,5,1,0.59375,0.18181818181818182
3o6AOpFrSLoXNHI-M1ZW1QlYbi6SsHcHqhZE64el2Vn5W58,한잔깡패,4533053246,jungle,1482,4,7,1,10189,4725,13429,25,15,21586,7627,16,85,12,223,10,16,1,0.45454545454545453,0.21875
z-xlL_WVvrPJtopRmOGpUrLX9znptx7xz6ZOdjhhXoTNyeY,panda1kr,4430296674,jungle,1863,9,3,8,15067,8584,24744,42,17,27951,11619,12,133,14,440,8,17,6,0.5483870967741935,0.21428571428571427
jc8TD5-BvX1qZzXs9dq7dOd00Fwd78kzzS063KcgJZTKNy4,Soldda,4430296674,jungle,1863,2,10,7,10230,20425,29021,25,32,48902,10266,44,151,0,437,4,9,6,0.6428571428571429,0.3225806451612903
SKcY78b8VgRbEbThsK3QohGObS7KzoVjU2TJho3S38Ps,FL Studio,4536800866,jungle,1597,7,5,2,15967,10721,11890,20,16,24774,9804,34,108,5,409,4,3,4,0.6428571428571429,0.1724137931034483
MuOdmErlZy4xFeUg56NznjH8anFo90TtZg6q8_WMDYx_9Q_icgnJV7Ac,Live in Korean,4536800866,jungle,1597,12,3,5,20452,20297,22379,27,21,34594,12743,19,172,32,492,2,3,7,0.5862068965517241,0.21428571428571427
LLWIKzddx7lXomFXCkmkNTV-FvjNcmycRJBpTsjz7MR9Y4c,하 늘 색,4483308235,jungle,1770,24,8,1,30146,11203,17562,22,10,29678,17482,57,124,5,179,1,1,6,0.5952380952380952,0.23529411764705882
RUXEBMc-yx9Dm1ViZXRaqqYQz4jnWXkFBvcYEica8v7kZMxVj-T5IuMW,Dragon BaII,4540374493,jungle,2159,4,9,9,13142,10129,49177,50,21,40987,12102,41,137,10,396,10,8,10,0.40625,0.25
ELNZaK-U76HRb_n9bN6Wx8fsL-1uSzP4KuC9ETNxmlY8vQQ,미드라칸장인,4540723023,jungle,1409,2,5,6,5487,14226,13223,27,8,24941,8478,16,125,4,387,4,7,3,0.47058823529411764,0.16666666666666666
lcYBy8FFtOYVG7VJNG9e917FEaEAoyFotIy2y6F8Bllu,Bekje,4144300661,jungle,2250,7,6,11,15003,9508,44769,40,22,36155,14601,35,175,0,500,6,14,8,0.6,0.17142857142857143
7R1aVuk9e-x_H_cwThRfMw2ycXq03YcOLAjhcnYKwPm2,이번겨울은누누랑,4144300661,jungle,2250,2,3,22,14554,21468,38733,32,40,38028,12857,51,155,4,522,8,13,3,0.6857142857142857,0.1
0wApnbBYJNnE0tr_2q0V-jDljSBuiOb-oHXcpHvjTfaSbFc,쩡병희,4259491703,jungle,1413,4,9,6,15140,3869,9871,29,15,20492,7645,38,76,8,211,4,5,6,0.7142857142857143,0.25
F2Y1IbUk4TtRuzyPVDF4wpQqBihkQYW4lSLIiFM5iL6fxUw,Solo Rank 1,4259491703,jungle,1413,11,3,14,16711,13490,11873,17,4,21296,12580,16,142,24,157,1,6,3,0.6944444444444444,0.2
xdtWIycOcuEy8voILrHQl_JRgJjZcYKp0P7tUDb6gK4xz4U,핑크색하리보젤리,4193277728,jungle,1390,2,7,4,2254,3535,12325,12,3,16486,5993,12,70,0,207,4,5,2,0.5454545454545454,0.30434782608695654
mvQwotAagZhfajN9dryK0iZF9m3--gAr1LI3Eezt5CLPmklcrtj5iUFR,rainboooooooooow,4540720219,jungle,1608,3,8,5,11913,8666,13287,22,22,25628,8691,50,76,0,256,5,14,1,0.6153846153846154,0.20512820512820512
OznKpuDO8T1wWPkJFnwsy8htzxdu3_AS70q63u62IaERjicymR-ABTYa,김스마구독좋아요,4539042549,jungle,1902,5,4,15,18543,12611,39157,24,27,38936,11748,23,150,8,493,8,15,2,0.6666666666666666,0.17391304347826086
TRwY5eXuEUpRBq2l7w_QpxxIKIzowmn3y4ot2fFcmdwZSqE,국민래퍼,4539042549,jungle,1902,7,5,7,20396,9467,50539,36,29,36324,10960,48,98,14,287,3,12,12,0.6086956521739131,0.16666666666666666
kwuyh75S1A9UERJIDJWP311iZbLoDgjemAbAGdTBVaM3,씨밭세끼,4540077218,jungle,2194,8,7,8,19813,20070,29758,39,13,44352,13449,45,158,5,577,3,4,9,0.5517241379310345,0.3181818181818182
lqLDq1KuWTw5tQ78FNHzk7opGaptioZ4Byhch1WTIfJmDz4,뮤 뱅,4540077218,jungle,2194,7,5,9,21528,11000,25809,37,31,26574,15266,43,188,23,1092,4,17,7,0.7272727272727273,0.1724137931034483
lHBe8WVnkRTty6SmA_xLAgzIaXzTgIWTpMEkAOdW4AQ-KhW1ZFpwz1gt,모든사람앞에서,4482412337,jungle,1437,0,5,3,3998,3351,9271,10,21,12667,5602,29,53,0,141,4,6,0,0.25,0.21739130434782608
tm4MMsbCXUpV0YfmMgvxy2oDfVa_NL6e37JQXT52Ejs_ZRP9gRWL8oNc,정글 노바,4540295442,jungle,2036,11,8,8,29555,13883,22411,22,26,40147,15279,52,155,4,457,3,2,5,0.5135135135135135,0.1702127659574468
FxZAG-cmA1pwg7XKhVEJoFB7mNLhX6X5DbizDH1s3FS_VFbAyX9R9ql3,바텀 게임 망겜,4524786701,jungle,1866,7,2,4,11109,7812,24311,22,10,27017,10552,29,103,0,279,7,13,2,0.55,0.07142857142857142
Japc96mKkfmFhMqrxcGZ0VQ5OyGHHmVeN22kqTGvXeLW_VI,갱성민,4524786701,jungle,1866,11,3,6,26441,7340,10549,35,16,21604,14870,62,194,4,207,5,6,9,0.6071428571428571,0.15
AeJgDDRgny2GJtqmTcMwQRv_2QpjoytUbXidlZTrxGDK,Eco Innovation,4539955749,jungle,2147,14,6,16,38184,29019,37788,48,20,55303,16589,56,132,0,427,7,9,10,0.7317073170731707,0.15789473684210525
1dom3C6zV4V3rXUj-aT9WzGPnFGYSSXl69AUnFihvey5SaE,흐지믈르그햇다,4539955749,jungle,2147,12,7,9,38967,11153,16724,31,13,32646,14820,22,156,8,270,4,6,1,0.5526315789473685,0.17073170731707318
zIUCdUKBtUvpUo5eU4F6MGldomXzD46SWEP9yjIT1XB5AYQFXzf9aWmX,불닥볶음면,4540024590,jungle,1297,3,2,7,5854,8717,15607,25,18,21379,8182,26,111,0,208,1,1,5,0.37037037037037035,0.15384615384615385
-v4tAYKh-4eEX94QQqly1uHuzR8aRct2429ZSdAzxesb,노인과 정글,4197397146,jungle,1236,5,4,5,8718,7965,11898,10,6,18323,8251,32,86,9,152,3,3,3,0.5,0.3076923076923077
TP6QXVxPKuzW26dRrens5NOirC0ggt9CZiMPgWJS2wdp,구 뗑,4357577666,jungle,1860,3,4,3,5319,6340,6661,30,14,15889,9024,20,132,4,173,6,6,10,0.4,0.2
jbJ2W42C5OcJYCpB1PfczrRYLiGuR8tG1ePZVn_0a1Rb,저튜브충지환맨,4357577666,jungle,1860,6,1,9,19435,14709,7973,59,4,18340,12284,42,158,0,100,6,21,10,0.7894736842105263,0.06666666666666667
wCTvgQrAJ4KVklEV9F8VVJ6014X7r2UqQ4mWT5zGIJY25R4,ababian,4540254675,jungle,1324,2,3,3,5940,5638,7338,29,7,12607,8308,36,123,9,283,1,3,9,0.29411764705882354,0.5
ZDTsDHmbB35hijthnpe__celrHFqP_Q7_OXGVQ8OoxYj-iw,엘리스잘함,4540254675,jungle,1324,0,0,1,2572,13303,12158,7,8,21729,6949,26,128,4,285,1,4,0,0.16666666666666666,0
jQuClc6EMFXMcr4jtuKpsc34bKsBKIC8fL6X1gT_ii4SKVGE-ZhvWuFG,첫 봄이 온다면,4540629376,jungle,1954,11,9,5,30898,11722,18817,31,14,34218,15124,55,176,13,314,2,12,4,0.6956521739130435,0.3333333333333333
zswnc9eA_RE24_fdJ07AEQA-yWnP9RGPOqlVp5depJ-lPvFLsEVipBRz,나락 점수,4540629376,jungle,1954,8,2,6,15455,24928,24168,25,5,32833,14814,47,215,22,176,4,5,6,0.5185185185185185,0.08695652173913043
fZx5QPStskJutLMH2xnEWtHgVkUTtDa_ajtm7war5DU,죽이면너고소,4539260101,jungle,1929,9,7,7,16032,9051,37961,25,15,32677,12792,25,120,0,311,5,12,2,0.48484848484848486,0.21875
4USYBodyfBL-RPOzObefGtrPUjkdStv4A9zMjqhJtZF6PldKEtgcA9TL,우리팀탑버스츙,4539260101,jungle,1929,9,5,5,28245,8738,19369,20,37,35904,13119,76,126,9,734,2,4,5,0.4375,0.15151515151515152
FAJpAddUbzbGKd6CzMPhSf4WrKqOgHQNDNCNviKo9_Yw-3k,MMNMMMNMNMNMMNMN,4540203397,jungle,1431,4,2,6,10076,11586,15701,59,2,21337,11405,51,167,8,229,10,25,15,0.43478260869565216,0.13333333333333333
8-u9K-LsvC0lJ620JdhnUV6-mvS2T27lhwAN1qbfMG1L,정치9단소환사,4432028633,jungle,2058,7,5,14,20811,16500,16744,103,41,32044,13396,48,156,13,907,12,23,9,0.7,0.21739130434782608
HN6RCKX-T7nETYaNOBPwloUoS9upxy9iMiRTPjXqcPi8,꿀렁이한솔,4432028633,jungle,2058,4,6,5,16389,19849,23265,25,18,36489,12082,52,150,20,562,4,4,7,0.391304347826087,0.2
bXkszYDva45sBRdaAFMU2qvhPrghDxsGknyEFDs-vfJk,가두찬,4500754626,jungle,2413,16,11,15,45208,21490,41980,33,49,52980,18262,84,135,28,681,7,14,1,0.6595744680851063,0.2619047619047619
BAsW6UaYzMueH7QGIokPQ11qa3sMHWG8ip_RAlKshoxn--PBezdwHupz,혜지사냥꾼 형론,4500754626,jungle,2413,6,9,22,24071,23301,68589,41,39,55535,14545,30,167,28,419,8,8,6,0.6829268292682927,0.19148936170212766
O6pRhoOgmdoHHFGnAZYY9WtLmaw2RC14hvGQRqvdUXij,걸스데이 김아영,4474504621,jungle,2043,13,5,12,36356,15380,18560,32,19,36040,16873,46,203,4,224,1,4,6,0.6578947368421053,0.16666666666666666
PFlB-zwPHNZRcmm_Y3hu8QYlBd0RtqXPne4ZSjWzjSv2f20,트롤유저꼬갱갓,4474504621,jungle,2043,9,7,11,21882,11661,40910,38,27,42313,14415,40,152,4,471,11,19,6,0.6666666666666666,0.18421052631578946
l34HOC1k6qaWpOet0g9Kt8EeC6bUmofgm2t0GQaR4B4C,야 조규남 넣을게,4379008273,jungle,1805,9,8,3,15131,12177,18468,18,21,29629,11543,15,126,11,291,2,2,3,0.5,0.2
CMVJ4mfyMRpHLhyybeZBsbUurt4r7SSIQ2Ouah8jkUBKsjg,BIBU,4379810338,jungle,1917,3,3,2,12208,6987,32467,18,12,29331,12046,53,183,27,449,6,11,2,0.5,0.11538461538461539
oZNVkBoxxvEL4J2NlOD0fIduwUfWwh4hnZdkw1M1uYVU,Cember,4379810338,jungle,1917,6,3,3,12423,15254,17446,32,8,25028,12201,38,153,10,360,11,13,5,0.34615384615384615,0.3
bC5zBEmD5_LSItvn8C7Kbvl38LULr8K2m4l2bSRtekyBGxM5rRkXSdCM,초심잡자제발,4527744341,jungle,1704,5,2,10,11211,18795,23537,31,31,28634,12118,54,126,0,317,8,8,3,0.5555555555555556,0.07692307692307693
IaE9RuPC5o9AdJfz9RRSzU8Pqebmepzjf5ss743naCA-,나 소,4539977687,jungle,1240,1,3,1,1632,5482,11260,10,6,16310,6365,37,90,0,330,2,7,2,0.16666666666666666,0.10714285714285714
wY5KnpbcQrGeETyDtzk-g8UFTd1hsR11d_4qFPUleKXESsA,협곡상사 fan,4540286384,jungle,1403,3,3,9,8483,9434,23573,22,18,20693,8848,15,119,11,356,3,9,3,0.3870967741935484,0.3333333333333333
_V2xxDRstDDqklUWlhEoIUGeKhCi_u9p2Mrnbb9KB8n5DGI,cyny,4540286384,jungle,1403,2,4,3,9444,9829,11788,20,11,22526,7632,23,98,4,415,3,4,4,0.5555555555555556,0.12903225806451613
3y72nmF1EaBl-vHY2YWD_-ESbTe9SC4My7seqDYWGqr5,꽃 송인화,4190043420,jungle,1634,3,5,18,11926,8426,40216,22,46,24692,9867,23,104,8,545,4,4,2,0.7,0.3333333333333333
2W0mmWW-lWdx3TsI6wPJn1YO6iWoW9Yl7xmOfI5z0319,마스터찍고사망,4190043420,jungle,1634,4,8,7,7948,6038,24525,15,19,29285,9536,20,117,0,447,6,10,1,0.7333333333333333,0.26666666666666666
GN3ueWbKGCSMyeAn09toZNxMlrcB_O2qbvsInQlHVm0,플레이어01,4526135710,jungle,2135,6,7,13,23081,12998,33062,49,15,30744,13719,85,119,4,419,2,4,17,0.4523809523809524,0.21875
