account_id,summoner_name,match_id,position,playtime,kills,deaths,assists,totalDamageDealtToChampions,totalHeal,damageSelfMitigated,visionScore,timeCCingOthers,totalDamageTaken,goldEarned,totalMinionsKilled,neutralMinionsKilled,neutralMinionsKilledEnemyJungle,totalTimeCrowdControlDealt,visionWardsBoughtInGame,wardsPlaced,wardsKilled,killsRatio,deathsRatio
yrUwWjL-I20Fk6zEfxWQ4hBNoj83Hb3kS0STzdt1t34K_hPUZn86a81F,QvQkimoji,4547215720,top,1840,8,7,6,22633,11541,26315,17,12,34514,13820,215,8,0,357,2,11,0,0.4,0.35
Dy1QT9oLYIoPJmr7MRdsp53LkVqUTQOvXPYjdjRnyju2,kim 돌돌,4547215720,top,1840,3,8,5,27220,2507,16267,20,12,23561,12329,227,4,0,161,2,11,2,0.4,0.22857142857142856
kjP13PeWZ9mfsKdZ2j4rRo6fWDtljVp-WdtLC74pzbebPts,쪼 수,4519662268,top,2350,1,9,9,12387,8357,30653,37,8,37123,9684,143,0,0,313,4,11,8,0.3448275862068966,0.20454545454545456
sBUMrF2GeciJlldxm14MJlArGTlaMczj9t3k30SNyN56uwTrMrAxQzTL,0096,4519662268,top,2350,12,6,15,40488,18265,53266,21,35,60385,18033,250,14,2,87,1,5,11,0.6136363636363636,0.20689655172413793
bzSVSfp8ek2vU-Hl4fUwzKD8BTPKouzCSoBPIB_yuV9_BMA,빛이나는 탑솔러,4544442637,top,1911,7,6,5,14773,8684,93092,22,32,46042,12720,200,0,0,620,4,9,3,0.42857142857142855,0.17142857142857143
RtF1G4CQvMWYoWg1v9sbmrniWouCu9u48ccU9gRJ6ipGSis,좀 서,4544442637,top,1911,4,8,8,20419,2849,11934,40,6,19964,11371,162,12,0,128,4,8,12,0.34285714285714286,0.2857142857142857
Oqw-wiNPkLsDS3RoIpOIU75X_TjOtJH3j0RtI_6gL4Oj_fw0Evi8r2ur,IMP TOPKING ,4548580676,top,1609,1,8,4,6416,3687,13193,14,13,22222,9489,197,4,0,83,0,8,1,0.2631578947368421,0.2962962962962963
eHnixejmROMDTHwWWNxTtNP9Ymg_vaqCGZSukOj4bj2zrBQ,11월 손11,4493694633,top,1252,0,7,0,7233,1919,14340,9,2,14465,5854,121,4,0,26,1,5,1,0,0.4375
DjRMAyKAvzomnGsq-DFTiLES0XsPJekX44WS0ghlkCsK_u4,채팅안치는탑,4493694633,top,1252,10,1,1,14197,2521,8893,11,8,15257,10042,155,4,0,46,0,5,2,0.6875,0.07692307692307693
J5MzRoCy6DQ8J4X5mXr7TQXJu0jIpMAFeV9NupyZH87U_Vc,ax master,4547862966,top,1541,0,4,1,6248,1594,11360,4,12,15609,7962,172,0,0,50,0,3,0,0.058823529411764705,0.16
i4bO9MIRxDsVIX5oVjliOz_eiJbwmfB_ivG5L0F_l0DxO6g,쓰레기게임삭제함,4547862966,top,1541,6,2,6,9656,1277,13263,23,16,13928,11463,183,20,4,154,3,10,2,0.48,0.11764705882352941
liXxWB_XTZdiS1_L9EV-_KnFJ6Z7zS8K28KodmhFLMbCueAE8eDMHApN,어리버리 팽수,4537133725,top,1620,9,4,7,18970,7176,13598,19,5,22633,12340,162,12,0,158,4,8,2,0.5333333333333333,0.26666666666666666
q71VC5CGMy0NCBox3e1MFMNWc05LtGCjEmipw_oGKknI,태규리,4537133725,top,1620,2,4,5,7627,2705,15575,21,12,23231,9367,170,4,0,51,1,8,1,0.4666666666666667,0.13333333333333333
VV5qSkXaXXR-NJQkOjWTBvy1zhr5NJa7lxZ5J4mq5Zl-m5nqyZYBN8C4,Twitch Joyul,4547711167,top,1630,4,3,5,16551,2750,24793,14,32,17325,9366,162,5,5,467,3,5,3,0.32142857142857145,0.09375
hio7U0TaGwddL8tv9BNHOTpTxTDk6PfWewBXPQiAxmrC0T11nusKTf7U,기본아이콘,4542918190,top,1313,1,2,4,5071,2009,8110,12,4,11300,8815,163,4,4,64,1,8,2,0.38461538461538464,0.09523809523809523
NbUqPFyvjBASMv5P2VbGmtioNemJYwqL0BoiVkupBDGuvuNN4U2VUR4_,철괴로다버팀,4542918190,top,1313,3,0,1,5369,3038,6167,18,8,8776,8000,161,0,0,110,2,8,2,0.19047619047619047,0
w1v2b2LAFa-51uzPxib2jQwyR4060TFlPR_vKHBHbUikrc5dGwtQQd-d,BBGGGGBB,4548573139,top,1412,8,7,2,13511,3108,11484,6,8,22079,8927,115,0,0,51,0,5,1,0.6666666666666666,0.2916666666666667
DvmUVSfVikiQPs0UuOf7EUzFh0DA1LjDMVcF-UK3tXiJ1zjfbnWXwdwG,저르가즘,4548573139,top,1412,5,2,6,11177,3722,14485,19,15,10675,10352,162,4,0,365,1,8,2,0.4583333333333333,0.13333333333333333
bzSVSfp8ek2vU-Hl4fUwzKD8BTPKouzCSoBPIB_yuV9_BMA,빛이나는 탑솔러,4547279182,top,1490,1,7,3,11405,1527,22359,15,25,21515,7373,134,0,0,338,2,9,2,0.36363636363636365,0.22580645161290322
9tnGfGXGls77rxMq638uRxVubBOWIgPviKzeXymEZ-zslgk,꿀탱탱수찬성환,4548624376,top,1528,8,4,7,18904,1237,8467,28,8,16048,13275,206,16,8,138,3,11,4,0.5555555555555556,0.2
m9YQcXAKqKxlRQ1w4c7byBT31cuzcXh5oySEW-tK8T4N4PKdSJio_NXb,청낭청낭,4548624376,top,1528,1,5,6,13751,6071,24214,19,39,22164,8228,163,0,0,409,2,10,2,0.35,0.18518518518518517
LpLgzangS6XOkDd0u5IGdqJTGV2mWipwAx4ac7omWwaU7H5R_6EaO8wb,매너게임 희망자,4547509823,top,2083,10,11,4,28247,1397,17621,38,36,29354,14062,178,24,0,195,2,8,8,0.56,0.3055555555555556
4YdUAC9VDQnTzSmPrtDfRZwZJ536CAmigv5XEn742i3S2A1fMmycqrgH,Gaojianguo,4546987898,top,1710,15,5,7,30592,6188,29717,28,17,25380,15958,202,18,6,108,5,9,5,0.6666666666666666,0.13513513513513514
_3ikT3_nIP80fUj8o5B3f1waVHddQSKbKXXDORBlrVc5b_Q,내가지은성,4546987898,top,1710,4,10,5,12749,6009,23529,18,19,30570,10972,184,7,0,53,0,7,5,0.24324324324324326,0.30303030303030304
9gM59zLAQAroxNjXdito89xAjj62yAGk0tx0XCNJKc17,Shimstrong,4507145974,top,1452,3,3,1,13920,804,9807,19,22,14445,9243,198,7,3,44,2,10,0,0.2222222222222222,0.15
H3gargIw_D8ZkgmS7TmNW2DvUq0lg-wPt4bDbPJgbzpjmwhD7A66QS5j,kkk0702,4507145974,top,1452,1,2,6,12311,13789,8731,11,2,20284,9643,219,4,0,41,0,7,1,0.35,0.1111111111111111
GAr7HLxq08-vymGm-QdrSme3bKbNz7U-DxwvfMsGshgjo_XSWNilyzxX,살고싶은대로살자,4523227532,top,1841,13,7,12,28531,16099,26717,15,28,37115,14783,154,24,8,398,1,10,1,0.6578947368421053,0.1794871794871795
BfsbEgIVrSdkxkIxmJz8Bv0B-_oyKQ6Q7jYEXgCDJwM_Omrt5kGmDJSp,치카치카꼬박꼬박,4523227532,top,1841,13,9,12,32372,3632,15591,25,12,24971,16830,203,21,0,174,1,10,6,0.6578947368421053,0.23684210526315788
eMXsjCejKudt8yI1K1IoZ72XPJi-Hih1O6YfPrK_84SQ8bc,김태랑,4547458966,top,1853,4,11,3,13878,3201,39850,16,36,28710,9538,152,0,0,534,3,12,2,0.28,0.275
RJlZtNtCxGyRiM9bKcB0uvcOWjfqkTxDx81Yk-Vh_SlV3WPqbjboTjpo,989g,4547458966,top,1853,18,4,6,35305,7646,48418,34,32,36116,18019,194,29,13,223,4,13,0,0.6,0.16
mvRAsp2m-YYSiRnb0O6yFqzYYod3Z-pVsgJgwp_p_92qh0x12Us6i456,52동생,4498607210,top,1299,5,7,5,13436,754,14903,15,14,15863,7445,109,4,4,207,4,10,1,0.4,0.20588235294117646
FFeJ2-Q-esqUply8OdAAu30R83DAqnaJYm50QRn-A9ENliT1RYXDYe-e,눈이올거같아요,4544076603,top,1683,1,8,0,13799,6865,22438,21,12,26791,9763,200,4,0,97,2,10,1,0.058823529411764705,0.26666666666666666
AehVVgwob7XmUqQTHhOebEexwvp4eXBYgWer5bZFVY7S,Lv 8 주황버섯,4544076603,top,1683,9,1,7,22042,3871,19639,22,19,22406,15055,251,4,1,172,2,10,3,0.5333333333333333,0.058823529411764705
-QpCVHKFkuiIVW5lEpV5MDNT72sYtvdwcUqIyLyX7fPLnbU,Loneliest Girl,4511957640,top,1227,1,4,1,3667,2099,6229,8,6,11011,6933,123,4,0,70,2,6,0,0.08695652173913043,0.2857142857142857
Np2Hk7J1b1CvEDGcUn_x7EdTbr6ekf8yNUE0jWWG-ypFZMwxnpr_r1QI,yuyong1,4511957640,top,1227,3,3,0,9224,3885,6411,11,26,14522,8020,165,8,0,354,1,6,0,0.21428571428571427,0.13043478260869565
w2-YzXnZ3_AJcS3a5wL0DBtvFM2BajapljMA1P0EekH6,뚜 딴,4547111796,top,1716,1,7,12,13096,6058,13498,12,46,21419,8960,139,4,4,618,0,9,1,0.41935483870967744,0.25925925925925924
a_ETry8DgWqXs3VFUwP1WsES1sq8apUABKyfbpR0t6TXCPDxhqY6yAFZ,이니쉬,4528783607,top,1522,13,6,2,21212,9838,21800,15,13,29755,15306,223,8,5,60,1,6,2,0.625,0.2727272727272727
A-IkQE_2FzsueQRMzbF_VsesTzohFp7vBn7TFXrKNls7VU7svvn7dnRU,벼랑 위의 다람쥐,4528783607,top,1522,1,8,7,13864,2480,13160,19,21,18745,7999,155,2,0,44,3,10,2,0.36363636363636365,0.3333333333333333
N2zWehaNxbRNsGw65rixz1DY20VQsFyVJW2r8bmcjwiYqCM,응 탑 오픈 수고,4544570911,top,1705,2,4,15,15013,2470,26449,9,31,19649,9426,147,0,0,230,0,3,1,0.425,0.18181818181818182
HgURvhQjWW4dmP-v2ALDtxO_uKT9GQino-55pm7JwGG4e_La9WP9WSOK,SRYUMI,4544570911,top,1705,9,4,2,18781,9141,28832,13,24,34667,13666,189,20,4,66,1,9,0,0.5,0.1
vniej9QWr6cljZrGkDk7xapo2P2uSRL7GkTiaYAEDtF4K3_KpV8OC0GL,Mordekqiser,4544474276,top,1379,2,3,2,10824,5243,20073,8,37,17081,8153,166,0,0,390,0,5,1,0.5,0.11538461538461539
mCFsfSxyZnMVNBwRCVb4AzoUPayTpB8mGAjuD5I-xYQ4,쿨 뷰티 여대생,4546014672,top,1903,2,4,17,18002,9848,23014,23,22,25634,13054,207,15,4,115,4,5,4,0.6785714285714286,0.17391304347826086
gPacj1iGGQvvSyhJKGZEWKK4AkIWfregKUr8rlUC64djPiQ,양학고수,4545947978,top,1712,3,7,10,18193,4881,39765,18,27,24840,9050,120,0,0,406,1,10,2,0.5652173913043478,0.30434782608695654
SnQsepfDwZHwmjdKnogCee6AYnFqFhFQXB_dFKUMifdK4DWL74kkA1Ww,박대정,4528948724,top,1328,3,2,4,8886,4679,11729,12,8,12633,8366,146,11,5,174,3,7,1,0.3333333333333333,0.2
gPMH3jyf_62kVKaU4M9qwMaVDiMj7begvC834IBDfsDC,한쿡다람쥐이,4528948724,top,1328,4,4,0,9809,2729,12033,17,3,17151,9234,175,8,0,46,2,7,0,0.4,0.19047619047619047
u7vGnLQ07jvVusO3N2CEmPPe_lPaoswfVYUlfuDoSGsMevI,ss qing kong,4547540304,top,1744,3,5,6,11724,7715,14799,23,10,15672,11828,174,40,6,336,3,11,3,0.34615384615384615,0.2777777777777778
IqM2NESL4rw5mZPDrbvt3PdUlhWbX8Pi5PO9asRnJKR_TMFHkZ7jmN3Y,욕망 반대로 빛,4547540304,top,1744,6,6,2,14256,6129,21860,19,10,23460,11607,186,8,4,78,1,10,3,0.4444444444444444,0.23076923076923078
76NCvpjja9amjP55sISIcThDuvU_QzMKDGgSH8IwHFNfuk9a1c0XLsHQ,lv ren,4526989153,top,1668,0,5,4,15313,639,14786,14,35,18513,8930,218,0,0,466,2,6,3,0.26666666666666666,0.20833333333333334
WjS-qfIcGqd61RLi1MhX-rbNQcAs600GYSV8zoVXqqGRjq1S8wRYCto9,Stay 1500,4548008218,top,1567,2,7,3,5140,637,16457,15,10,20361,8174,133,0,0,163,1,7,1,0.19230769230769232,0.1794871794871795
u6CB_OqjQ7aJI8UvY10xbNfPlpzC0WZnnB0Fkx8yveoqd_t1lDffRdzr,Sonozaki Shion,4531102262,top,1618,9,5,1,23570,8124,29899,16,17,31820,13283,184,19,15,169,2,8,4,0.3448275862068966,0.3333333333333333
eE0Q7Hlwc6JSTsXDxZPpWGY-HLZT6NEVCBfmj1WQcisJJgc,징 짹,4531102262,top,1618,2,5,6,14930,1159,13399,14,23,18583,8759,148,0,0,383,3,8,1,0.5714285714285714,0.1724137931034483
wmvh045t1bl9CbTwRqvESn88JjdZ2El7_wYXndXI7shhKGnrUeH28IIs,ying bu liao,4537560254,top,1805,2,11,15,16742,4355,29639,31,21,32826,9804,136,4,0,125,2,11,2,0.425,0.2619047619047619
LZ1FIrFhvqvFUQHM2N15qz__UijNFWp9w28ruB0ZUGaiZuuJweHD2Fdb,milgnon,4548290310,top,2358,6,3,5,18498,2762,52202,26,11,41251,18161,297,24,2,135,2,5,8,0.2972972972972973,0.11538461538461539
GeJjqIOED0eqa2C5xMipsBQQh34nSzrC48wS2vQxhG01Hiq1op2kQ4wj,Nai Bie,4547905259,top,2454,8,7,6,26337,15186,39751,30,4,46563,14894,191,8,0,42,1,14,3,0.42424242424242425,0.22580645161290322
fHrbSoqM08CVZThe2FetkLrIDq-WmhGy6AV8j_J8h-Nf2jI,돌잔치때트롤잡음,4520320050,top,1447,1,4,2,8839,1440,17697,19,3,18210,6896,136,5,0,37,5,9,0,0.2727272727272727,0.13333333333333333
9tnGfGXGls77rxMq638uRxVubBOWIgPviKzeXymEZ-zslgk,꿀탱탱수찬성환,4548624376,top,1528,8,4,7,18904,1237,8467,28,8,16048,13275,206,16,8,138,3,11,4,0.5555555555555556,0.2
m9YQcXAKqKxlRQ1w4c7byBT31cuzcXh5oySEW-tK8T4N4PKdSJio_NXb,청낭청낭,4548624376,top,1528,1,5,6,13751,6071,24214,19,39,22164,8228,163,0,0,409,2,10,2,0.35,0.18518518518518517
8csnN4ZLVarIuxYQpEvBlJtjSuMce-3cMjXYVuL5gi2i-y4t3DZpz0mN,Laist,4548214742,top,1233,3,4,1,9471,1709,13797,9,26,17193,7195,115,0,0,144,0,6,0,0.5,0.21052631578947367
Ms4RhRBZOPN4Q7NlV4T6zdw1C-HCjlbCFglvs1RqYOA94RQ,마스터가면닉변,4503229404,top,1720,2,5,1,11155,6093,12081,23,2,19838,9729,211,0,0,60,3,10,4,0.23076923076923078,0.16666666666666666
u4tBUEiGyT99Pql60KfghpxmWuGqyhwMt-Ry7ZmDAik,MiloBramble,4503229404,top,1720,2,2,6,22430,6440,26323,24,3,21137,11095,208,11,0,39,3,12,0,0.26666666666666666,0.15384615384615385
rddKUqXb1Ig5P58OS-Y0Uw_d8jVq1RhxvilI50Kmb0Gc4srWF64CBlIH,영단어암기법,4548236836,top,1840,5,6,1,18970,4239,28084,8,13,29097,13650,240,0,0,182,1,4,2,0.3333333333333333,0.1935483870967742
mykJ8hNkXRVhGYu3NBnzZNMmNSUibgHi3gRmozTdor1wkhdhpEy0mWgX,DAMOIM,4536228081,top,1504,9,1,10,17761,2515,11920,14,14,15822,12160,158,18,4,50,2,6,3,0.41304347826086957,0.034482758620689655
WabBB-T0U7Uji8i6daDCXJo-x_3CSyux1ObJpU6MNUSy1a5Ck6G9VZEi,Huya Shiyijiang,4536228081,top,1504,0,9,3,7259,1654,17937,15,14,19524,8138,169,14,2,78,1,8,2,0.10344827586206896,0.19148936170212766
qzZhW_umJeaMZi_gQabx5xRLrWo60Aoo5cDe-EuX1BCEJBI,04년생 렝가,4547688084,top,1487,11,6,6,17482,8946,19173,23,12,27544,12190,129,25,12,95,2,10,3,0.4857142857142857,0.21428571428571427
XM5HjcxNsETA5jnfd20QJMw5PM8BrRiLNxinIkdb3Fc8Q5CbahPnAsn1,bada123,4547688084,top,1487,5,8,6,16411,281,10387,17,7,17384,10056,162,4,0,78,1,9,2,0.39285714285714285,0.22857142857142856
3d4OEkmPuIP4lsiwJHgF4dO3PD72EZpy1vSmj9V9HZJH_Z8,오늘 괜찮아,4547874419,top,1504,2,5,1,8023,86,13931,23,12,12865,8409,176,4,0,129,5,11,8,0.5,0.3333333333333333
PNpV1whKbDnnpjiarPI8Uih1nz5s1JxwJyDSd4xqZ9NHtnk,아빠이름이박능후,4548512591,top,1694,3,7,7,17192,1729,18184,14,20,25857,8919,139,1,0,165,1,10,0,0.43478260869565216,0.22580645161290322
wmvh045t1bl9CbTwRqvESn88JjdZ2El7_wYXndXI7shhKGnrUeH28IIs,ying bu liao,4537560254,top,1805,2,11,15,16742,4355,29639,31,21,32826,9804,136,4,0,125,2,11,2,0.425,0.2619047619047619
Ei4L9HFetS_FpTyfprB_IwezFpZToS3fUotWGF3OY8t-,Visha,4548320645,top,1301,3,4,1,7758,4429,12091,11,14,18338,7847,152,4,0,50,0,6,2,0.4,0.2222222222222222
tyX3yy90lcyvsQDl4864XrF5G9HagejLv2WTZFJ9VGNmBqcad3Yxa6R8,First and Final,4548320645,top,1301,4,4,6,13407,2155,17583,11,19,18374,8922,178,0,0,198,1,6,1,0.5555555555555556,0.4
hsZrAoG48EUHa3vDyQJB0xHysC8p5RWgHKb1TtLvmf2dDjs,탄스스,4534654775,top,1979,2,7,10,13731,2809,57842,23,63,29149,11808,189,6,0,853,2,12,3,0.3,0.15555555555555556
cTHDksalr5d_ELPJmG5rPK3jaAkVK2d0S4i-7HxcGSH79FI,S4nHee,4534957460,top,1236,3,1,0,13181,2059,10477,19,28,13728,7803,158,0,0,343,4,8,1,0.1875,0.1111111111111111
28mgTlDE4zKL31LLjvtCEehGnhOkWMOX3oH3oo3NM3CznV8,게임은 새벽,4534957460,top,1236,0,4,1,5114,430,10459,9,2,15544,6178,140,0,0,12,0,7,0,0.1111111111111111,0.25
C4sDwc4GcDFNmr872c2h3Sjb6ODN8gwoWi8LLpF-0zV1ArI,끝나지 않은 전투,4534342799,top,1543,12,3,11,26284,9978,17867,14,34,27323,12859,145,12,4,376,1,9,2,0.575,0.15
S9PP04u9wEgelQF46YFK-Clr9ccz3lDdbvodXjv36ib9C34,분식집우동곱빼기,4534342799,top,1543,6,9,5,11717,2370,22644,19,17,24487,9632,107,7,0,214,5,8,2,0.55,0.225
Kb1z5mC8yi_PYU1kyYTtcsCYi9dHpA8x8XMdnyLXGCwxmCa5RBrq1LLR,AF설거지가이,4548546118,top,1655,5,8,1,16882,2670,18743,22,15,22754,12034,195,9,6,85,2,9,5,0.42857142857142855,0.27586206896551724
Q_UryHPZ5huj3XwF0wG33AUJMmvw4BMAZW2Em3XEq5O_,Lucir L,4548546118,top,1655,9,5,3,14460,5160,14832,19,21,23347,13048,198,8,0,79,0,7,4,0.41379310344827586,0.35714285714285715
suIdU_kLn7-tG99EWQ0J5r6fjDFPrhi9HNT-RoY4VpWAhTpHaMPwL64B,TAOPUKING,4547285813,top,1872,9,4,13,25515,8057,30056,12,23,29453,14419,183,14,2,82,0,3,2,0.5641025641025641,0.16666666666666666
lDoXQC3B2i9oUw1nZ9fDPzpQHH_lJ-IVJ2mH_qpiUchE7S93ho5CNFe6,CanWeKissForever,4547285813,top,1872,5,7,1,12539,3896,32419,15,24,25418,12430,194,11,1,156,1,5,3,0.25,0.1794871794871795
4UCqWvOAyrrOaFNkt7yp8gH0X_nHqiKjxj4zzSGCSAIc,침캐리,4548652699,top,1877,2,7,9,13308,5266,21153,22,31,22034,9343,155,1,0,417,3,13,4,0.44,0.3333333333333333
_RJheVZnwFSvom6wbgAzvxhXZsWaqTXWciAchYAJ7km2,땡겨볼까,4547064373,top,1253,4,2,4,8100,1394,14211,18,19,13571,6820,106,2,0,459,4,9,2,0.4,0.2
PAe2qjmeCgXKMoHPRWqPW0fFRvK3RVtFWr6dI33n6vUV,반쯤 피었을 때,4547064373,top,1253,0,4,1,6123,2489,4443,20,1,10430,7085,173,0,0,35,3,9,5,0.1,0.2
z6OLDOlYMnehvAOo1oaPOvMK4LhUi3oRsZhhhckgc1QsbnE0gDwIUApp,너 고아,4544833230,top,2102,10,9,12,26658,8147,51350,27,28,39756,16951,218,16,3,156,1,12,4,0.5365853658536586,0.3103448275862069
8j_BMZQ6SBFHHQcIAFWMK3pFdVuCMqUKIO8_Fk7tNHWlz6t1ODPRXbXy,ROG Fans,4503339678,top,1438,8,4,3,14276,9909,17929,14,15,23747,10517,151,8,1,171,0,5,3,0.3793103448275862,0.25
JtFAiysedV2hjcY94StCZ5puzzQBV-yB4uIsZ3ClakNPgmMgHCXdQ9Au,참외 소스518,4503339678,top,1438,5,6,4,21007,466,8431,17,7,14761,9665,127,19,0,98,2,9,1,0.5625,0.20689655172413793
u7vGnLQ07jvVusO3N2CEmPPe_lPaoswfVYUlfuDoSGsMevI,ss qing kong,4547284880,top,1635,5,1,2,15365,4690,19851,15,10,20919,13733,188,66,29,204,3,8,3,0.22580645161290322,0.04
EF-5LxRUJhgfupjIKIbRZbP_m8iySGefNMixXcuFXWhVuqc,매일잠만잘래,4546802897,top,1331,6,4,6,15256,4533,8640,8,20,14292,10950,156,12,8,82,0,6,0,0.46153846153846156,0.4
EpHsvEQS8xAdmHLKJbajQtm5pz201K2_liG2r9PL9r2W1iDpvaen9DU5,하체악질,4546802897,top,1331,4,9,2,8173,4319,9787,15,10,19616,6855,91,3,0,148,1,7,1,0.6,0.34615384615384615
eYQXlCXRSi01LMGWnS0fAEikqsMEOlM7tdEXfjoUYtPvrzc,김목필좌,4540087589,top,2289,6,9,11,38236,3405,23316,31,7,37591,15838,252,36,13,118,3,8,6,0.5666666666666667,0.3103448275862069
7TnDqju8x2a2Me1n2ZOK58wLARH90XiOYvFx7KijM6P2,Lilix,4540087589,top,2289,9,7,9,20577,11191,69801,37,25,45024,17137,234,21,5,167,4,11,9,0.6206896551724138,0.23333333333333334
PekDZ5eNeoQUwui-OhmcjDxDYyy63xbRdAkLFlx1gi72DMY,기본만합니다,4541390600,top,1894,3,3,13,19186,2161,38632,23,36,15680,12491,217,0,0,901,0,10,4,0.5333333333333333,0.14285714285714285
4zcIphWJrho2N_LBMzs_1XgiF_OdMbe5JqU_xzygx6Al,끼리끼리만난단다,4541390600,top,1894,1,6,4,15125,5007,41339,33,30,27592,9853,185,4,4,224,3,12,2,0.23809523809523808,0.2
BXXkVGZmSg-Exy1ELnUpAXGGXPD9TnJw6VceT8yPsUsHw4efh-Fr9U7Q,울짖마 fan,4544858287,top,1613,3,3,15,19248,14296,42044,15,61,31571,9825,163,4,0,385,0,8,2,0.5294117647058824,0.14285714285714285
mJOLIIm-ipGvZK4BWZUCMizHFa9iDpQkUPDXAY3NlkffdqGW4tKiNwvZ,cristae,4544858287,top,1613,3,5,2,20900,8385,20126,17,15,24661,8928,180,0,0,92,2,8,2,0.23809523809523808,0.14705882352941177
4_MPkXjW5-rjF5QrmCXjS-zs9YCVJoEddJItL2UwUoHZ47g,SonYeonIYeo,4537296847,top,1207,4,0,5,5554,1489,6594,13,10,9397,9881,148,12,3,87,0,6,2,0.45,0
q71VC5CGMy0NCBox3e1MFMNWc05LtGCjEmipw_oGKknI,태규리,4537296847,top,1207,0,7,1,4511,875,6425,17,10,11246,4835,90,4,0,16,2,6,0,0.25,0.35
KHDW-IXy6RV0kOyUQzi1xzh5FK0vupJiWQYzK1gbw-Xm,SGC T SG4N,4547800351,top,1591,6,3,12,18286,11017,31619,19,23,27182,12410,209,8,4,90,4,8,3,0.5142857142857142,0.17647058823529413
6nev6jzde7Cb8DvcISO3K304SC6bTibuW4LnbTYJx6tVSKo,john nasem,4516971816,top,1441,1,3,1,13056,2554,10531,10,6,16653,8766,214,0,0,45,0,6,1,0.25,0.15
d-DUdW_I0GalF5o5A6wL6Te8c9OCduim_4Ysu62m8WHClNZ6g-gQs8H_,울부짖는정수민,4546131235,top,1551,3,4,12,12856,4444,29480,9,34,22691,10123,175,0,0,415,0,6,0,0.36585365853658536,0.14814814814814814
w1v2b2LAFa-51uzPxib2jQwyR4060TFlPR_vKHBHbUikrc5dGwtQQd-d,BBGGGGBB,4548573139,top,1412,8,7,2,13511,3108,11484,6,8,22079,8927,115,0,0,51,0,5,1,0.6666666666666666,0.2916666666666667
DvmUVSfVikiQPs0UuOf7EUzFh0DA1LjDMVcF-UK3tXiJ1zjfbnWXwdwG,저르가즘,4548573139,top,1412,5,2,6,11177,3722,14485,19,15,10675,10352,162,4,0,365,1,8,2,0.4583333333333333,0.13333333333333333
cJ_8K114ismq8BFtGuGGcyNrzwKwlQmeUOLsQyhjUhFMLes,가자한국,4536712396,top,2310,9,8,16,32889,6083,15728,65,29,25248,15239,204,0,0,85,9,23,10,0.49019607843137253,0.2
wNG50xCAhVgLifIO8NBug_9xKasuNRVlD2QtogD6FCIWJLD6Us4ebt4W,될 사람은 pig,4534543006,top,1538,6,2,7,12696,6430,7981,31,17,15007,10461,172,8,0,359,3,11,4,0.52,0.2857142857142857
BxRCAqIokZovrwGi0rpUNWtPZhGfGhNSS-rH-oXQcXc5,황채언,4534543006,top,1538,0,5,1,7161,721,10066,17,9,13307,7594,159,10,0,156,1,8,1,0.14285714285714285,0.2
61xkDZkRF7tFnu-fVTe4HAjKWyfFbOMwshInOdNEUyecv612WBgCaipa,xiongbatianxia,4547657151,top,1521,0,6,2,11613,5369,16200,17,13,23410,9577,232,4,4,36,3,11,2,0.15384615384615385,0.20689655172413793
4O1_VZEeGM9V5nrO0ABDijgMgEhc5pQWB8Mn1xIEZYO6xTw2eCEXKBuN,ballin 04 10 18,4547657151,top,1521,3,3,5,13369,2277,17882,15,13,15037,9681,131,8,4,142,1,8,2,0.27586206896551724,0.23076923076923078
OGA2D8JAMf9vOANjnj7Bvp_n33C1F2dQvSw9yvD_mMWMs9UazvJaTE0w,Lil been No more,4546804494,top,1331,1,6,0,8429,600,18377,9,15,18572,7426,147,4,0,47,3,6,0,0.07692307692307693,0.1935483870967742
z48So16sdsZBPoZuNoq1qfHE4Rwz8U5luKjbzlh0Gugizf0,자연사자,4546804494,top,1331,6,0,2,11593,4281,12706,20,10,14558,10563,174,8,5,91,1,7,3,0.25806451612903225,0
FfM1KTds2s1jylC8LFaoTTmb99YVZkaQxPRHALwnUS4m,미드탑민주화,4538902695,top,1432,4,7,5,8377,3065,17582,16,7,20496,8468,131,0,0,51,3,9,3,0.5,0.22580645161290322
OHNUjKtS_4uZr4OUBK2NFLGw-ZSI4rYL87jwVUBrIuFbejQ,다왔어 챌린저,4536854906,top,1677,4,2,5,19062,2586,26828,14,22,24483,12169,204,14,9,181,2,8,1,0.3333333333333333,0.15384615384615385
281PpD66brwD48DceSG39JzIrlC0KrgQ6azFj-sSVpEIm3A,뒤처지다,4514957738,top,1891,8,6,10,20073,2368,26602,33,20,26631,13478,208,9,1,106,5,13,4,0.5625,0.1875
WEyKgL8djYnkJcc61gNSYEoZSxRPTUgi-iQCipZl1ZiPt9VbWcCPHyqM,다신정글안해,4514957738,top,1891,3,8,6,13635,6234,26468,30,8,24408,13242,231,12,3,121,4,12,6,0.28125,0.25
Gc2Hd7CR079H14POBDm6ks5cxMTo8QWAqiiIY9af2-PSBRo,후니대장,4544598547,top,1307,3,4,1,15358,5839,11027,7,5,20139,7858,147,0,0,70,0,5,1,0.5,0.2
afW3uJxl5_f4s5mSnFy16MTH41U__OnTORYDAQHHLmo1bH57WQ-9J2wa,dont block me,4546035314,top,1304,4,4,7,15413,2228,7203,13,8,12303,8784,168,4,0,128,0,5,2,0.4230769230769231,0.2857142857142857
_nPTgz-uGri6SStRnG40azddgwzLklWDTzQeOgXtTAgZ4r02kplu28lj,Gen G Frim,4543003745,top,1835,5,6,4,21280,3161,28472,20,15,23260,12139,195,18,4,49,1,6,0,0.47368421052631576,0.3
oD0OEei081eNELa2XEe5L9cM1BfPwh8n_qRnOopYJ1A0X4K1S0GijoW2,990326,4545441714,top,2319,10,16,20,29265,8363,51235,16,34,57714,15705,164,8,8,202,2,15,0,0.5660377358490566,0.34782608695652173
gzQo7dKQ1cSA51wvyRdW6-kCEo4f9PACiQ1DNKEC3CCWyUYzhMwyXpwC,클라크맘,4536801254,top,1973,1,8,1,15317,8229,20478,21,4,31892,11886,236,12,0,145,0,10,3,0.05714285714285714,0.27586206896551724
OVnJN-581sn7iqMqyrr5VkTK5HCA4c31a_tSo52HkwrfPzUWL8940PEh,벗방의귀재민기,4536801254,top,1973,9,3,6,27387,10315,20624,30,10,28108,15874,235,4,0,354,3,10,6,0.5172413793103449,0.08571428571428572
BLyyyZGPv0Ym4wOeT_t7VR8DIQxi03TNmgh5CToNdkEQnKQ,나무요정쪼아,4542153006,top,1821,5,7,25,12746,6297,14146,23,65,23196,10177,102,4,0,436,9,13,2,0.7894736842105263,0.17073170731707318
pBeUxw5e68drBcvUl4Jd0xwZdYcn7uEETQH-hQVGbPE1,코스모가느껴져요,4547598562,top,1809,5,6,3,13353,14991,13634,36,3,21971,9833,165,6,0,127,4,13,3,0.5714285714285714,0.2222222222222222
LJmjRznMYmoIXE6ym1-uLMA41n82Jv9glePGyMBp5aRN,며역며역,4547639382,top,1678,1,5,8,16963,8892,36291,12,58,28622,8050,165,4,0,421,0,5,5,0.375,0.15625
ebQcm5lhUzJp2FIutfsS1l4JEMgaKXZ1kk9TnsckE7G6,협곡의개,4548571666,top,1328,5,4,2,9247,1129,10004,20,8,15917,10193,166,4,0,53,5,11,3,0.4666666666666667,0.14814814814814814
ULXqBwNiHLcQfdzW1Bqq4UlT2FTGkQCEFCsUJOADVS5-wvBoBE8z1tzv,째 냥 펀 치 ,4548522965,top,1791,10,4,13,22415,8069,14229,17,3,20975,14116,193,14,9,103,0,0,7,0.6052631578947368,0.18181818181818182
T5NxzNxw_inYqN7juAhIgkg0btwZju2ifEcyL6sqb64I,텀블링멍멍,4539348620,top,2046,3,6,8,19257,14786,36529,19,22,34847,12342,185,16,4,328,0,11,2,0.39285714285714285,0.23076923076923078
tIn3bfi2Gz1Y4cclzg9N2rMEH-G35e1-PNpCVlgH0zEQoLcJ4xdJqT6u,아무도날모를걸,4518491170,top,1816,0,6,4,11447,1764,8117,15,15,14230,9340,208,0,0,54,0,8,2,0.4,0.3157894736842105
-WzDJi3saTmmXdNIRzvkPBhWREcargGGnJG6-n8if9_q7rg,개애고오수우,4518491170,top,1816,9,0,5,21223,4201,25680,29,28,18594,16053,237,13,6,147,3,11,5,0.7368421052631579,0
J3W2XK9NpJrmNqoqRuCSxIss3G4w0zj0Coa11h9fun-3E9E9qF27F99A,malzaG,4541934847,top,1520,1,7,5,6341,0,7476,26,28,9838,7598,145,4,0,297,3,10,2,0.42857142857142855,0.3181818181818182
nK5C6lvvgn4gYbfughCcwnni0iBE6dLyyKC0xmIGMeTS,김눌엉,4541934847,top,1520,2,0,7,8032,2332,9050,20,7,10219,12247,227,21,15,89,2,10,0,0.4090909090909091,0
U7chmoQFL7WLmE2NaBO7V3Tx1yiSRXEmsZH4hxJY6KNq,Holic Jayce,4548322701,top,1996,5,7,3,16936,2554,42625,23,31,23261,12049,214,7,0,1720,2,6,3,0.26666666666666666,0.17073170731707318
D_InKNeoNqKlqr-4Sy7Cq0_duMlywkKBWblgwvOCaNTT4Dn44tI65sYf,잘 살고 싶어요,4548322701,top,1996,17,3,8,39631,3976,23132,44,16,25295,19431,240,36,8,224,2,14,5,0.6097560975609756,0.1
YZhkCGi5CGjT-on-_8Xi9rSUwFHcUjtl9w79TdGTJnxX,빡빡이에그,4540896236,top,1596,2,7,8,17119,7881,30478,17,50,26534,8915,142,12,0,396,0,8,2,0.5555555555555556,0.2916666666666667
30IoGoII2D64exO5eEGwe0xTP3z6dWtoSZ4IyA0JPryubO4,Jacky Bills,4540896236,top,1596,5,6,4,18119,6317,13031,31,11,24282,10885,159,4,0,243,1,10,3,0.375,0.3333333333333333
x2tdufU9Zp11FbK-V28O8nFtAW7xlJxpGzo4sdef-Z1Xqso,zl존기백짱12,4548548586,top,1429,0,5,5,9030,452,15464,19,21,18338,8219,169,0,0,157,2,9,4,0.3333333333333333,0.2
9qkkFOBioxctcXOjJeJtXzv8-Ru94Ruw7TcBvYjYpmeb,따 원,4548548586,top,1429,6,4,5,17771,3086,19077,23,20,21483,10254,153,8,0,198,4,10,3,0.44,0.26666666666666666
z6OLDOlYMnehvAOo1oaPOvMK4LhUi3oRsZhhhckgc1QsbnE0gDwIUApp,너 고아,4548294165,top,1736,1,8,9,12287,5621,29388,16,17,28991,9058,146,4,0,174,0,9,2,0.29411764705882354,0.26666666666666666
GxSDr792GPqFaq4eZQlimqpxZiLarhz16dCey1x6FlSR,규버미,4547320533,top,1671,4,3,8,16036,2949,27742,32,37,21200,10477,164,0,0,404,1,11,1,0.46153846153846156,0.1875
mgBXVC8lX1xgZ8GBhgUe4qXYAjn1UUn7QhkfJuOFQUpBvIO6ezCpN1bl,05643353731235,4547320533,top,1671,4,8,3,18559,1624,22630,14,25,30045,10397,191,4,1,176,0,5,4,0.4375,0.3076923076923077
i4bO9MIRxDsVIX5oVjliOz_eiJbwmfB_ivG5L0F_l0DxO6g,쓰레기게임삭제함,4547416097,top,1576,3,2,1,4059,1562,11071,19,13,18274,8358,159,4,0,47,6,11,3,0.23529411764705882,0.09523809523809523
PI-1W6Q1NfBPfFD77yH-Exds_RKN7CJBwGuQhfYkNc_x,승고미,4542111777,top,1822,2,3,5,12409,2172,23267,23,6,26335,10704,218,0,0,56,5,13,7,0.6363636363636364,0.08571428571428572
rtcMJ3vE6vNVwvHpeFM5d0KqUp-OiDCRpsj3iV1dxFHg,귀살대 김재연,4542111777,top,1822,3,2,5,5624,1962,12839,21,13,10031,10113,199,8,0,138,2,9,2,0.22857142857142856,0.18181818181818182
rvYxQMUC-jz_5WVSQUL8BIpocoYPCiYLAgBYbrKk83TAT05CMZwToXou,몽 쉘 맛 있,4518554254,top,1798,5,9,8,23253,2445,35570,28,17,30600,10818,132,4,0,37,3,11,3,0.5416666666666666,0.2903225806451613
OU-YYYAahEL0WW5M5uFajojhB3m2A_DU_6302J6ZetfkbhM,승패무관탑라인,4518554254,top,1798,8,8,5,16698,7249,27118,25,4,25266,11885,121,12,0,34,1,10,6,0.41935483870967744,0.3333333333333333
AjLRWMBToKSt6gogicEba-76ivfzr4rSc8upT2B6ua0J,박 신 원 이 다,4543303077,top,1315,0,4,9,5566,3785,9479,17,14,14497,7549,120,0,0,385,2,8,0,0.47368421052631576,0.4444444444444444
q1cWYp3j9lQvvkxzzYON9sEKLHPO6svw2U0D4Mwaf6sV,마장이에요,4543303077,top,1315,2,6,3,11778,1665,9028,8,15,16856,6848,131,0,0,271,0,5,1,0.5555555555555556,0.3157894736842105
eBEfbfx4N94hkexhnt4I4r_mSiDa0QMjvPlnxzT5ADOotWTYAsC9xTj8,kristar,4548602123,top,1411,2,4,3,12069,3614,9740,16,15,17061,8742,176,4,4,49,4,9,3,0.22727272727272727,0.2857142857142857
dieharcfMZdjze6DqcjSnfPTMElzC5k6kKjhG7usWC1z3zI,PilchaI,4547450354,top,1776,2,7,5,11139,4310,17893,24,16,25298,9630,182,0,0,114,2,11,2,0.25,0.19444444444444445
lDoXQC3B2i9oUw1nZ9fDPzpQHH_lJ-IVJ2mH_qpiUchE7S93ho5CNFe6,CanWeKissForever,4547450354,top,1776,8,7,7,16875,8821,34863,14,33,29969,12624,167,4,0,146,0,5,2,0.4166666666666667,0.25
jUIjzHpQnG5pVNEOL2deLyb8i9M-qJnu-ICuaQtygWG-p0c,The Last Leaf,4548630526,top,1715,3,4,4,12300,8853,24446,29,7,27600,11061,185,7,0,237,2,11,1,0.25,0.16666666666666666
rddKUqXb1Ig5P58OS-Y0Uw_d8jVq1RhxvilI50Kmb0Gc4srWF64CBlIH,영단어암기법,4548630526,top,1715,5,5,7,14958,3920,14396,11,15,19551,11173,179,0,0,82,1,7,3,0.5,0.17857142857142858
YU2ldARxRjcCWvNnPyyfIxoQW4hloTtUKY3upzuD5rBoWiVA_ANN1mya,키리기리,4542177252,top,2003,3,6,7,17172,2589,39293,25,10,35963,11487,210,16,4,108,3,11,4,0.45454545454545453,0.2608695652173913
e3xmtfpPej_QK0YJnX2LrPCS4uzGfsVDw5-BXLkVqtLcDhPuSE7MJ54O,TOP GEP,4542177252,top,2003,6,2,4,22753,8082,24515,38,21,24756,15310,244,24,4,159,5,14,6,0.43478260869565216,0.09090909090909091
kGymBhwe9l3y-lHFsFLD5v_61zBtEqWwncJD4XnB0Hvp,탑의정기,4546997966,top,1523,4,1,12,12323,5674,19804,21,52,17680,10581,151,8,4,389,2,7,2,0.48484848484848486,0.08333333333333333
IB5hkrYUbVlgBP79w9KS3TR60zVEekVVKtxPG3pvp1sT2e4,탑중탑,4546997966,top,1523,2,6,2,7760,1675,13747,14,9,18710,8546,129,4,0,128,2,5,1,0.3333333333333333,0.18181818181818182
z6OLDOlYMnehvAOo1oaPOvMK4LhUi3oRsZhhhckgc1QsbnE0gDwIUApp,너 고아,4548587712,top,1758,6,5,0,18890,4366,26448,18,24,24992,11053,165,4,0,255,3,11,1,0.42857142857142855,0.13157894736842105
MyMJVUVucqgG4Q1ycE66cDVyUMei-mzlhqzicaGH6y04S507SiTPQ_-v,영알남다리우스,4548587712,top,1758,2,3,12,10708,3873,25809,21,19,27626,9721,138,4,4,143,2,11,4,0.3684210526315789,0.21428571428571427
8YUqiPGBlqjPjoyTrr_oCyz_b6wHHC3izhgpICtpectQ,담원 경구리,4526255516,top,2137,3,10,9,26553,24237,21136,26,6,35971,12212,245,6,0,135,2,11,6,0.32432432432432434,0.25
-1FaLQk_mO_DP0Jp8AkLLveQOL7cHsguPOTtqyIZ4JTnwSXCgwnF5Vmt,li li wan xiang,4515145950,top,1230,0,4,1,4853,433,3125,6,3,7929,4731,78,0,0,36,0,5,1,0.1,0.2222222222222222
Fg0PEAthiWU6qY2aMrPNM5gGrnhZxdZYPtMYRmFLVhoQ,미드하맨,4545104112,top,1436,3,1,5,5635,1851,17062,28,15,18381,8238,151,4,0,361,3,10,2,0.32,0.05555555555555555
lN6hoIQ3519BalCB1lhtGEMPkiBhIrwsg7t551RzXGUi,기윤진 넌 내꺼야,4548033489,top,1554,7,6,4,23828,1969,22990,13,13,30327,11302,178,4,0,136,1,8,2,0.5238095238095238,0.18181818181818182
ofgjguS7lRfJF5bQk8A2uCZp--LknSiD4gXdp0uNb1_qqTw,xodh,4548033489,top,1554,9,5,1,19911,3752,26132,12,35,22942,13007,213,7,5,96,0,7,2,0.30303030303030304,0.23809523809523808
hYhypKCcMOeP8zIN5pVlbR5-lF-oOZONtpAociDqkntWTh4LuFuSUX6c,8aceMak1r,4531893815,top,2194,2,13,10,23896,3609,31778,13,22,37485,14204,227,15,0,212,0,5,4,0.3157894736842105,0.38235294117647056
oAZuX5YL2Xus1eRmFOBjAbztArMCbhatoLiRgRLR6oc5zdY,귀염둥이뽀삐,4541554126,top,1467,1,6,6,7485,1498,16717,11,13,15182,6891,114,0,0,318,1,6,1,0.3888888888888889,0.24
ebQcm5lhUzJp2FIutfsS1l4JEMgaKXZ1kk9TnsckE7G6,협곡의개,4548287901,top,1487,12,2,5,23852,3747,10021,28,7,14295,12168,153,8,0,116,3,9,8,0.5862068965517241,0.2222222222222222
J4yVrQ-ivgu1Jg5zdp_9dtsa9lf3Yb7mNrgAgBbJaIj3rL2S-0qVeWkk,비니누나사랑해,4539688186,top,1731,3,5,1,6128,1292,12487,29,13,20731,11484,194,0,0,148,1,10,5,0.25,0.15625
dieharcfMZdjze6DqcjSnfPTMElzC5k6kKjhG7usWC1z3zI,PilchaI,4547450354,top,1776,2,7,5,11139,4310,17893,24,16,25298,9630,182,0,0,114,2,11,2,0.25,0.19444444444444445
lDoXQC3B2i9oUw1nZ9fDPzpQHH_lJ-IVJ2mH_qpiUchE7S93ho5CNFe6,CanWeKissForever,4547450354,top,1776,8,7,7,16875,8821,34863,14,33,29969,12624,167,4,0,146,0,5,2,0.4166666666666667,0.25
QolfwydjJmNRppBQ1jKhmxZ-18-rEyVbBKAeyH4NbqWxxjQT45goPjDN,GODJIKAN,4548528637,top,1730,2,3,3,14126,5083,11058,12,12,17400,13016,204,32,4,245,2,9,0,0.19230769230769232,0.16666666666666666
YbIOojDY871L3rwSQRME2QJCd-sC_spxsiTYHAiOhjYA_Oo,칼과 창 방괘,4545423267,top,1820,7,5,9,16921,9197,38732,37,0,29239,12084,158,4,0,90,1,7,10,0.5333333333333333,0.25
jYbhTsUydbnFGwnUTWe9uJ8wcyaaWxlicLeYMVz84PVd9WOAWxkhNN2d,노무현 엉밑살,4548616726,top,1822,11,6,8,29553,18193,21399,20,6,38640,13668,200,8,0,77,2,6,3,0.5588235294117647,0.20689655172413793
4YdUAC9VDQnTzSmPrtDfRZwZJ536CAmigv5XEn742i3S2A1fMmycqrgH,Gaojianguo,4548616726,top,1822,3,10,7,22428,3956,25281,21,21,33998,11615,201,4,0,270,2,8,2,0.3448275862068966,0.29411764705882354
0_rRg1bIUpX6wnexZ6ZVsbzBNlD-dQ9VY_j_ScWO2gex4MDDGsWD3zKq,gjsdl,4530354745,top,1596,6,5,5,21435,3149,25393,19,18,26340,10469,158,0,0,178,2,9,4,0.7333333333333333,0.16666666666666666
bEsnM6qRJIxpuNojk0lNUucEAlSkzlUbmaO6w1uBUFIWHBQ_48_n_rda,E3E2E1,4548281320,top,1322,6,3,2,9785,1245,16842,10,24,15072,9454,152,4,0,68,0,5,1,0.42105263157894735,0.17647058823529413
ofgjguS7lRfJF5bQk8A2uCZp--LknSiD4gXdp0uNb1_qqTw,xodh,4548281320,top,1322,3,5,1,7918,1771,16340,11,15,16736,8312,121,7,4,282,0,7,0,0.23529411764705882,0.2631578947368421
NFNa3Ffmlen_QCYw23IEiPnh_x9tJnaxlrS48Z2RPF9o,이렐하는기계,4540143466,top,1380,7,2,3,12614,5810,12445,15,11,19259,11190,210,0,0,64,3,9,2,0.2564102564102564,0.15384615384615385
aTH3vb94YjFFg9_a1MIfiPe3KIjQ_GZjjHnP3hXSLaRXYtU,밤의 침묵,4540143466,top,1380,1,9,1,13195,953,8116,15,2,17146,6202,123,2,0,25,1,7,3,0.15384615384615385,0.23076923076923078
cTHDksalr5d_ELPJmG5rPK3jaAkVK2d0S4i-7HxcGSH79FI,메가네 군,4547076644,top,1401,2,6,4,10332,3184,26168,15,19,22923,8722,143,5,0,240,2,7,3,0.3,0.1935483870967742
SwAmO3SMQWHDUCDSKKyoTo5DfcjoNRwvQx94-jZGggrX5R0,냄새조심,4547076644,top,1401,3,2,10,8771,7031,20180,16,37,16122,8909,120,1,1,348,6,9,3,0.41935483870967744,0.1
vP6hGNpAtNRTYLSqJ-5cdvtifZFaN5431kViECF_dZf6VII,돌잡이때킬잡음,4548620940,top,1866,2,12,8,13373,2673,40713,20,41,32153,9583,131,0,0,493,3,7,5,0.38461538461538464,0.25
1u0VSqSdqfwLdF44BswQ9xSocDqUIVOLaKtdtM1PyA0MuZU,잘가지도중,4548620940,top,1866,6,9,8,17786,2922,24952,43,19,32024,12064,147,28,18,207,3,11,5,0.2916666666666667,0.34615384615384615
19lDO4I1f71OOfKaDyIvKv2K7v1jUjModYXJfx0X7Z6j31r9S1n88w9B,갱안오면짖는사람,4547032539,top,1384,3,6,4,7120,6001,18814,33,9,24659,10204,149,22,7,260,2,9,3,0.23333333333333334,0.4
xKTy3cVh7vMPpzh9MjFTHnqCiDgiDXW4FlUwjjPoCNgTTUA,세체딩,4547032539,top,1384,5,6,1,16400,897,6677,20,9,10865,7483,131,1,0,84,5,12,1,0.4,0.2
3lrcJATjYmdgLbR8ympUUsj-QtueNfVGUGH8GjcjfWtOj4zqC5kuy9Tg, korol fans,4547595819,top,1536,13,3,6,25849,9999,23943,13,15,26564,15258,216,14,4,167,0,7,2,0.6551724137931034,0.1111111111111111
y9wBbeiier7x-ESNy10olGfV9cp88fPjphS6fLbLJitKvmM,토 무,4547595819,top,1536,4,5,4,12059,3015,9986,21,14,16643,8986,174,3,0,61,1,9,1,0.3076923076923077,0.1724137931034483
fBhCaNBGEplG9Mgtv82uNxhC9meXNZyQmgOJUVkMbyGRVwc,준걸준 빛날희,4547197754,top,1531,3,6,11,19021,2486,9321,11,25,19026,9166,163,2,0,77,0,8,2,0.4666666666666667,0.16216216216216217
XpqVc-GYAQvOwHHTggjbRh8jo2EvAq5mS93xyf206C61,넌 나의 예쁜 꽃,4547197754,top,1531,9,3,7,13802,3445,13304,17,9,18198,11294,140,5,1,73,4,6,3,0.43243243243243246,0.1
sAuyK2A9dIFFBoTSbURddeW81h8MTM1IKCtpU01KfQ6dPNA,위즈빅또리,4548464805,top,2045,11,5,3,23270,4554,35785,29,22,34684,14975,205,25,10,171,7,13,2,0.3888888888888889,0.2
oYFByoFZFoAGE8iwpmeOD9_TFtkN65a43GxAFI70FvBY,양민레기,4548464805,top,2045,4,4,12,18449,6832,46924,52,39,31562,11750,185,4,0,534,4,13,8,0.64,0.1111111111111111
DqsLDJBYIQg288W8CIF2oNzfTWudE_4wN4ZxrO-XJeebApkXs2M5LhUF,Just a loser,4536886612,top,1349,3,5,5,12669,5484,16085,8,16,21501,10436,182,0,0,34,0,5,0,0.38095238095238093,0.1724137931034483
6UXFQGUPIr76K8XenPruoWgPOz-83G7k-jXHLVIpYmTfh20,밤빛 화 란,4536886612,top,1349,6,6,2,15135,4111,13417,8,13,21378,8827,148,0,0,90,0,6,0,0.27586206896551724,0.2727272727272727
