account_id,summoner_name,match_id,position,playtime,kills,deaths,assists,totalDamageDealtToChampions,totalHeal,damageSelfMitigated,visionScore,timeCCingOthers,totalDamageTaken,goldEarned,totalMinionsKilled,neutralMinionsKilled,neutralMinionsKilledEnemyJungle,totalTimeCrowdControlDealt,visionWardsBoughtInGame,wardsPlaced,wardsKilled,killsRatio,deathsRatio
NY2ozRNxcEHLTb7-SOjConU-u022x32-snEHiWxD4hflj0c,브랜드하는사람,4547215720,support,1840,2,4,16,8549,3317,33012,62,32,20888,8901,42,0,0,84,5,27,9,0.5142857142857142,0.2
jrObnJ6YrWZ0eYVjDlxlgXjB6SBZFXzD0RV1UqcOnMNW,리헨즈케리아승민,4547215720,support,1840,6,9,6,12420,2324,12232,62,20,23396,9390,38,7,0,59,3,31,8,0.6,0.2571428571428571
xEJ8aBnyItmrG4isI67G_T8QobWNFZn9EhMNIYK6TcJbQcQ,롤오브레전드1238,4519662268,support,2350,1,8,14,8393,14521,46087,104,48,34748,8432,44,0,0,100,20,52,22,0.5172413793103449,0.18181818181818182
Ki-4MNqGJZScU04Gu2vOrqLjCdQ50Ymvw_1lDONp2uXwRl0,메이롤,4519662268,support,2350,3,7,29,12876,21987,17263,106,56,22724,11726,22,0,0,247,9,51,18,0.7272727272727273,0.2413793103448276
bcs_dHtgTQ2eyyGzfAVN3o8J5gC8DQp884PSrz77_gt-O80,mingjiao,4544442637,support,1911,3,9,12,6063,2945,30199,60,23,25973,8703,35,4,0,163,7,41,2,0.5357142857142857,0.2571428571428571
a5bBA9a3kfEYyysNBR32z5FEFgroXZocKNL5NPvwciA,킹의듀얼,4544442637,support,1911,2,8,15,11190,1131,11091,65,52,12546,8794,22,0,0,284,5,33,7,0.4857142857142857,0.2857142857142857
1QtavZsHvL2bGuXQqy26KJi7HivJGL3LI_D3rXhzIKlI,B1g Dior,4548580676,support,1609,5,6,6,10572,3491,10053,99,21,17807,7853,41,6,0,93,5,50,21,0.5789473684210527,0.2222222222222222
t2ox3C-56lmFM_iCOilzs5CXC5tMVTB6qvnDLBOe5Zs-,약 빰,4493694633,support,1252,1,3,4,3258,273,2639,35,20,4272,4756,28,0,0,119,5,14,6,0.38461538461538464,0.1875
fqv3t0OqSX2oXeaMA0bidwIK8euc4ZbizxZdSSXoJdw8,박성은,4493694633,support,1252,0,2,5,2639,1735,5031,59,17,6065,4955,38,0,0,112,9,37,7,0.3125,0.15384615384615385
NCPzMRF5zy-I8GuI9m7lTW9kdaJMteFB1VMWhnJhw-UM,탐 피,4547862966,support,1541,3,7,10,4221,2835,7979,69,20,16810,8148,49,1,0,75,7,37,20,0.7647058823529411,0.28
vR61Hw2e8F6N4zQSylk5qzxAQh_90-5KLBevMDQMGOJVP84,인 키,4547862966,support,1541,2,4,13,6090,2710,14463,69,22,9538,8004,44,0,0,110,8,44,16,0.6,0.23529411764705882
EVYjqYWpX9DPjbICnz5yF2YH311FP2JUpL7NhkEjjP-Tjhw,feviknight,4537133725,support,1620,0,2,24,9367,11926,9960,83,31,14189,8665,49,3,0,186,5,38,12,0.8,0.13333333333333333
Mghpgtija_yE35pJXMwwgL18OyNjuCq4bTcdl2GLXku20BE,haahaahahaha,4537133725,support,1620,1,8,12,8265,0,15159,52,33,19144,6875,25,0,0,121,11,26,5,0.8666666666666667,0.26666666666666666
oVvOhZnnkMFKQtOEOmckK8fqXg_R9ed4aEJ47Vl5BG8MWEfpZdMRS9F9,Lefuhuang sanpan,4547711167,support,1630,4,6,11,14761,124,9782,61,46,13143,8835,34,0,0,213,8,31,6,0.5357142857142857,0.1875
pNOrfGY8SV9KO87hhwCkqEZ4vPjLykcFqS6ewrxoUFa3OWEa-qC8oD1a,Yodle,4542918190,support,1313,0,3,10,3729,1520,5567,30,18,9550,5788,30,0,0,111,7,21,3,0.7692307692307693,0.14285714285714285
vkOpW9_jl4s0Lyab0PCntX5X5lgbmq85bk4uzE1u6ZedtbFeypmfouCT,민 호,4542918190,support,1313,2,3,15,10173,7907,5165,54,25,9571,7819,14,12,0,128,2,18,8,0.8095238095238095,0.23076923076923078
_-jyDvWO65aP6fr6BVaIZ4kXmQBhCsE4IE_idAq_jYcdq3SI9jGOhgvM,mriews,4548573139,support,1412,1,7,3,7525,168,17779,49,22,20378,5208,35,0,0,81,10,25,7,0.26666666666666666,0.2916666666666667
o1_ht6MvkvnCk4I5wNi1lbX2kMlBBJ_V0e_IHWWlIxlG,다음속박은너야,4548573139,support,1412,2,6,9,10726,2017,7075,58,44,10547,6571,15,1,0,166,5,27,10,0.4583333333333333,0.4
4Wmdy4NZ913zMr_IThJeBS4hhgouo3B3di99pgoe1QlIVg849UtBe1ee,03 SPT ,4547279182,support,1490,1,6,5,5895,723,15940,52,12,16072,6287,41,8,0,64,11,22,19,0.5454545454545454,0.1935483870967742
4gpUs_ts3tV_opbuk55L8u37v39OSe6VwzGC34LuPAs9HnI,트위치 예르차니,4548624376,support,1528,1,4,11,11111,2118,5732,67,30,12248,6936,33,4,0,43,5,31,9,0.4444444444444444,0.2
fAlUJshrJqY0LS_6S3CWRpMAdb70PARofNC2q0JRRmKhg1_UFm3v1LUj,lilllillllllllll,4548624376,support,1528,1,6,10,4375,638,16586,38,27,14326,5764,30,0,0,37,5,17,4,0.55,0.2222222222222222
5Mqttn0UlKTg99QB9QQhiYf14rxd4rxJyij3hwnomfBD,Code 사부,4547509823,support,2083,0,5,11,7433,14615,8573,86,35,15321,8814,30,0,0,147,12,46,13,0.44,0.1388888888888889
P0Vc-_PcQNfBdXh1dG8ctfdv6mRe-guhdJt355ZgynkTC5c,연초보,4546987898,support,1710,2,6,18,6070,7544,20806,67,44,18392,8050,30,0,0,390,14,36,12,0.6060606060606061,0.16216216216216217
lKuTuvogFwrzKoPbz9TgvraUqILV6UI6lckbDyVGoONrneZWsk657z_0,유현초 오승범,4546987898,support,1710,2,5,19,13837,4008,9780,75,33,14869,8390,30,0,0,235,10,32,10,0.5675675675675675,0.15151515151515152
o2YsDSjj8KioxWDknj63nDqAs2dQxL2ckJ53phHeMao48LU,Gen G Neat,4507145974,support,1452,2,4,8,4989,3271,7926,69,21,10134,6308,29,0,0,97,9,37,9,0.5555555555555556,0.2
EhxsbI2F6DNm-PY-ZiCE3Z12VgB9VE_dDQz-vkoR6_BX,TML SUN,4507145974,support,1452,0,3,12,2423,6339,11876,33,18,9748,5951,28,0,0,67,10,22,7,0.6,0.16666666666666666
7QnGBe57dMOsrFEYfeF9QidZtLvehEqrB2-3NChvT0AN,Saint Ahn,4523227532,support,1841,3,7,19,10074,3165,25457,68,43,23978,9786,45,1,1,321,16,41,7,0.5789473684210527,0.1794871794871795
xEJ8aBnyItmrG4isI67G_T8QobWNFZn9EhMNIYK6TcJbQcQ,트위치 세에욱,4523227532,support,1841,1,6,25,8961,9567,40136,65,53,26816,8055,30,0,0,94,6,29,6,0.6842105263157895,0.15789473684210525
LhpyvjDYNUQkjWVQZ7N2TGo_Mbn-J1rGyKoTyilJn0uX1UFHr_iu9_Zp,dy2324526,4547458966,support,1853,2,3,14,12449,4282,16742,59,25,12788,8245,19,0,0,86,8,33,12,0.64,0.075
YQalxrJDKMzm79ou48YdZBRSOGOI2C-iM_rIQa4Y-hLBqbM,심석의 미드,4547458966,support,1853,5,6,3,6296,3347,10110,108,17,16386,10552,54,6,0,86,6,36,25,0.2,0.24
CCJYUYlwswvKutVuvwYs3x1nAHkEelF7cmQkGyyGMs91,god jeong,4498607210,support,1299,1,6,19,5932,1365,15278,46,31,13154,6023,22,0,0,95,11,30,4,0.8,0.17647058823529413
jBqxroZKaQgmEYFkeebudGYxg0tR3oJUamk-LBplC3BYOTfjs9HrVGmA,창우는 도구예요,4544076603,support,1683,2,5,8,9122,1650,9301,53,16,12216,7006,18,0,0,204,3,24,6,0.5882352941176471,0.16666666666666666
janACBFSNHTN_GNzgKKqyrMm4jQkLp5lS6ajWdFu2eCV4vM,그저 윤성갓,4544076603,support,1683,1,4,13,4705,1733,17937,61,31,12419,7378,26,0,0,166,9,31,2,0.4666666666666667,0.23529411764705882
tJ6rzBiI3DGgvi0066Py5JBfpAvmx9YUEvHYm8P2X5oarMn9cNqdJ9BJ,노틸이네,4511957640,support,1227,2,5,8,3824,4797,7388,41,16,9386,5413,22,0,0,93,5,23,3,0.43478260869565216,0.35714285714285715
ZQmeoV97jgUl2brvgHgyNONFp34PO7zySkCBSwWuroOgPYZmDYHpdtoG,who is sinner,4511957640,support,1227,0,4,6,3568,0,5633,33,17,9706,4750,20,0,0,57,8,23,2,0.42857142857142855,0.17391304347826086
7QnGBe57dMOsrFEYfeF9QidZtLvehEqrB2-3NChvT0AN,Saint Ahn,4547111796,support,1716,2,6,18,10657,3309,27125,42,47,21790,8573,21,0,0,181,7,28,0,0.6451612903225806,0.2222222222222222
QYYaSG0BooZ8S--pHdhEXhh2QkSMZlGTdMww-wyvFP33,뇽뇽냥,4528783607,support,1522,1,1,12,8045,2732,5639,81,19,9132,7365,24,0,0,127,12,46,12,0.5416666666666666,0.045454545454545456
W95VxFCMi0gYe9j4GS637hf360Op7oZxdSE3wv0YKRfM,jerrrrrrry ,4528783607,support,1522,2,2,6,4894,4590,11479,62,15,13652,6539,35,4,0,163,7,25,10,0.36363636363636365,0.08333333333333333
NrrOHvR2pxYo_9zAkhX5ItsW9khhjluYZghm2U2sYfJD3V0,양호선생님 케넨,4544570911,support,1705,3,3,21,17272,3937,8901,91,20,13685,10386,64,4,0,25,5,42,11,0.6,0.13636363636363635
hJLyrab687YoXFd3peu1PgOFgeev1ndfsYnw3kP_jzogae56Ct_TH_JH,티모의 인간극장,4544570911,support,1705,0,7,5,7100,15187,7457,24,17,11054,5925,5,0,0,41,5,14,4,0.22727272727272727,0.175
Pkq5wLueSL5YC9VKCYXE1d5fYyIYVA_TGvz_cNnV83ognND4WDXKeIOG,소환사의진,4544474276,support,1379,0,10,3,4371,71,3998,31,6,11476,4373,12,0,0,57,3,11,5,0.375,0.38461538461538464
hbqhzP97qHhW1C1MnPvlPX1m06bc0SRWfTcf4A1RyDaw,정화좋아,4546014672,support,1903,3,6,21,9538,3172,20048,76,48,15148,9433,28,0,0,116,5,41,6,0.8571428571428571,0.2608695652173913
HHxN7fqmeoevfAJ4GybkSiBXJUCeVxDBqRnye7PYFISC,모스트안하면박음,4545947978,support,1712,0,4,10,7206,3639,10395,74,16,14594,6892,34,0,0,127,15,47,6,0.43478260869565216,0.17391304347826086
IVexs9ZFaiyKcUkRFEIRukW34W_UiPCEf9Fao2ae65x-MUk,준서 OvO,4528948724,support,1328,2,4,14,5028,1316,7423,47,29,9441,6574,37,0,0,93,7,19,7,0.7619047619047619,0.4
XdNDQX4uWDqKUQs-LjlAyN4Tevff2SXDJ0jO7HGTBVCN-RE,오브젝트싸개,4528948724,support,1328,1,6,2,3881,234,8344,37,20,10557,4628,23,0,0,59,7,21,3,0.3,0.2857142857142857
9iXkPj9YcHC1G7Qj9i0pubPU6iK5DssP_pqKZCU8ic3M,협곡불지르는사람,4547540304,support,1744,5,3,9,12703,429,4118,55,31,10046,9710,12,0,0,259,3,28,5,0.5384615384615384,0.16666666666666666
7JfLLDL_dSBytoavV3UYAxe9PdffW2qf8uRHWymehpU-cBs,조의 영역1,4547540304,support,1744,1,9,6,6179,1829,8498,78,12,16268,6530,33,1,0,170,14,39,15,0.3888888888888889,0.34615384615384615
k7blW8zPqXxV4Gi-mxL5Ox3ekJsZgRbDm27WSXcZrpmkfO1UgRSTVaaF,놓치다sy,4526989153,support,1668,2,6,8,5803,335,20115,54,42,13521,6736,27,0,0,202,13,41,5,0.6666666666666666,0.25
jBqxroZKaQgmEYFkeebudGYxg0tR3oJUamk-LBplC3BYOTfjs9HrVGmA,창우는 도구예요,4548008218,support,1567,6,8,8,11962,2176,10178,50,19,20195,9232,49,0,0,78,5,23,11,0.5384615384615384,0.20512820512820512
Gj-WZcBwxrkqeACtdmgj25x4WylrkVq1MZLsGA6T-fZC,부들바들보들바드,4531102262,support,1618,0,2,13,4620,2813,14006,68,25,12471,7400,43,0,0,105,7,27,10,0.4482758620689655,0.13333333333333333
sCzaLwFoXfcAjJytxbgYPWQiY1Ead-MrAr1cIfBardTS7d8,흑 당 혐 오 자,4531102262,support,1618,2,5,8,9321,4826,8732,60,36,15032,6503,29,0,0,162,8,37,7,0.7142857142857143,0.1724137931034483
66o5le-tf71yFujYK6XvC_faWy_h8CmF9PI8BoTGL_wB,질판감정소모안함,4537560254,support,1805,7,8,15,28891,3520,10064,47,58,23911,9716,23,0,0,201,12,29,9,0.55,0.19047619047619047
XemSgWtpPOSm7bEhERBkvY71IoELC0dJRSROvD6GwBYg,타이칸,4548290310,support,2358,2,7,22,17321,9737,37943,98,79,32116,10502,44,1,1,368,10,53,10,0.6486486486486487,0.2692307692307692
_JOCst5Sklsv37aGX3RXV2exjP8SW1GQ9yetLomeIXa3,디올a,4547905259,support,2454,3,4,18,14622,7431,11080,87,48,17613,10873,27,0,0,268,10,47,13,0.6363636363636364,0.12903225806451613
gN5pDlvK7SNdLfzt7dtRXwjCDGjDhwvEvJ_0DJOYw9MN,어싫기가대군,4520320050,support,1447,1,8,6,3161,208,16461,39,19,17981,5274,24,0,0,56,5,18,5,0.6363636363636364,0.26666666666666666
4gpUs_ts3tV_opbuk55L8u37v39OSe6VwzGC34LuPAs9HnI,트위치 예르차니,4548624376,support,1528,1,4,11,11111,2118,5732,67,30,12248,6936,33,4,0,43,5,31,9,0.4444444444444444,0.2
fAlUJshrJqY0LS_6S3CWRpMAdb70PARofNC2q0JRRmKhg1_UFm3v1LUj,lilllillllllllll,4548624376,support,1528,1,6,10,4375,638,16586,38,27,14326,5764,30,0,0,37,5,17,4,0.55,0.2222222222222222
yrGMiCNjTbgM08BoT8h_ocPb0zkiFKkaECZeque67S-Q,비틀린 나뭇가지,4548214742,support,1233,2,3,3,11197,1303,3859,26,37,8706,5444,15,1,0,191,4,16,4,0.625,0.15789473684210525
z31BB-tTzMzaC7dfCOVT6t1QmjET_WgYw8JnPiDRoUz1,근 두,4503229404,support,1720,2,7,5,6609,1514,17587,66,9,22568,7195,46,0,0,12,5,34,9,0.5384615384615384,0.23333333333333334
9ygq2MMnH4WIPt1ImQnHQwITM4BHnWNLKwxUmlwm8dHYoi5ydmYVbjfs,Rosa sup king,4503229404,support,1720,4,1,16,8495,5549,15250,65,37,12248,8704,34,0,0,99,7,30,10,0.6666666666666666,0.07692307692307693
EVYjqYWpX9DPjbICnz5yF2YH311FP2JUpL7NhkEjjP-Tjhw,feviknight,4548236836,support,1840,0,5,8,4873,674,8239,64,33,14283,6651,22,0,0,228,9,33,5,0.4444444444444444,0.16129032258064516
0kLzVscZmjN76MpFh867eeizIAoobloKlabV0MpVMtnL,kxxxxxx,4536228081,support,1504,6,3,30,9880,3494,5833,60,22,8461,9459,31,0,0,155,8,21,9,0.782608695652174,0.10344827586206896
TYsbw2iEegp5ZzIrsgPOtzJPdv4rcJPrWMmvxNwwQMQex0E,Porarisu,4536228081,support,1504,2,9,16,4995,769,9397,50,24,13749,7144,30,0,0,182,5,21,8,0.6206896551724138,0.19148936170212766
-t41y_pd8Zq04Q12jKLUBb2Rwr3O0AXnB6L1VnhujKQ1OrY,Youtube 지아소,4547688084,support,1487,3,8,13,8567,1431,11137,41,22,16112,8240,37,2,0,46,4,23,8,0.45714285714285713,0.2857142857142857
KSgtaRUoAFG1DxiaVurinzmdA4fqJvh_UvSPRWDr6O49aaM,와꾸대장 원치민,4547688084,support,1487,0,10,11,3600,3087,8789,57,18,12143,5809,12,0,0,86,9,25,11,0.39285714285714285,0.2857142857142857
YuhkJLbDiOUMHeIQ43gMWQVtTM8HXv1o-lgdDtp73EJXVJtFY7JkP51t,ha1 m1an bao bao,4547874419,support,1504,0,2,3,2658,4610,10993,38,11,9753,5384,29,0,0,23,5,27,3,0.5,0.13333333333333333
0Xugg5U39z_qXnKGq2ozkKE8g5mtD1ppn3cDCQiKPIY,천하무쌍,4548512591,support,1694,3,5,11,9103,2550,6692,60,20,11468,8400,13,0,0,111,11,35,6,0.6086956521739131,0.16129032258064516
66o5le-tf71yFujYK6XvC_faWy_h8CmF9PI8BoTGL_wB,질판감정소모안함,4537560254,support,1805,7,8,15,28891,3520,10064,47,58,23911,9716,23,0,0,201,12,29,9,0.55,0.19047619047619047
p-Z5V1U7RHVRijnfQo9MndMNsVVVShyBIqwmZRO34QizDVXyNxFEGKq0,ONETRICK0408,4548320645,support,1301,2,3,1,5457,3992,4982,47,14,10501,5086,6,0,0,60,5,21,6,0.3,0.16666666666666666
Op1V-I3lAG4s5V6kBmPxAqTaYGlNB-dwZReDs7C8sgyBq20,겜프으,4548320645,support,1301,2,1,12,7298,729,4948,32,11,6754,5827,11,0,0,193,3,18,3,0.7777777777777778,0.1
_scBgaG7NRBxjbPMh4u5W6YM229hD9N5gkJbtS0jUoIO16SnSyRf3X2K,LSHSM,4534654775,support,1979,9,11,9,11185,7545,18100,83,25,28736,12930,47,3,0,105,4,37,16,0.45,0.24444444444444444
Ki-4MNqGJZScU04Gu2vOrqLjCdQ50Ymvw_1lDONp2uXwRl0,메이롤,4534957460,support,1236,6,1,4,5236,6136,2692,42,16,5152,7541,16,0,0,69,6,18,8,0.625,0.1111111111111111
DggAv3MF8QlDM8ms19ZYSuRxVY3up6h9GUK1opcV5tR9,이제동손아섭,4534957460,support,1236,0,4,4,5287,388,4571,33,10,7685,4452,17,0,0,113,4,18,3,0.4444444444444444,0.25
2i0Z43ORHBfhpUCKZ0RyB4vpj247JZDUkCuImxqss7Ez3pQ,Shadow Lospa,4534342799,support,1543,6,5,13,11405,2223,5801,100,23,13989,8922,47,3,0,63,11,48,21,0.475,0.25
6Yt9sz8Bf3_elB2r00N3kRl-NCUhI1jU6PQuCOTr6ovgN0k,asdfqwerzxcv99,4534342799,support,1543,0,11,9,7999,0,26923,42,46,17730,5608,42,0,0,197,4,18,16,0.45,0.275
Y87CJ2VQtuRwU9rZlAe4aR9aY5MU3IQG4jQoapdo8s5fRpo,Tori kelly,4548546118,support,1655,1,4,3,4359,3354,8039,66,32,11181,6253,22,0,0,133,7,51,4,0.2857142857142857,0.13793103448275862
KAmVBJz7x0uwvEiJJ7L5_v9iB0BAq1HdUL5B_iqEw80Q5ig,똥거니,4548546118,support,1655,1,1,19,7034,1828,7863,77,21,10324,8375,39,0,0,184,10,32,14,0.6896551724137931,0.07142857142857142
KAmVBJz7x0uwvEiJJ7L5_v9iB0BAq1HdUL5B_iqEw80Q5ig,똥거니,4547285813,support,1872,2,7,15,12031,1672,23816,70,29,28942,8154,34,0,0,67,12,33,4,0.4358974358974359,0.2916666666666667
R7YtzcJ2wELgPun4hyikuyVD4vMuEvuZpRDcSoifbK8LEDw,행운이나에게,4547285813,support,1872,1,8,10,8916,6976,36758,64,55,24133,7327,40,0,0,117,8,29,7,0.4583333333333333,0.20512820512820512
2VKeVELNaMLQuBmxJcokkZTDxC3CinH1O2oA3TuSxcIlTkthKtv4jXXN,북쪽끝까기대,4548652699,support,1877,2,5,16,7864,9375,11819,89,26,20555,8793,42,0,0,181,10,57,13,0.72,0.23809523809523808
6YCn9R5fsqS9dxvIkPK1jL-GVFxmklj6Rdl7SRoncQTj,칼바람 레오나,4547064373,support,1253,3,1,7,3139,302,7789,30,23,6928,6847,27,0,0,55,1,12,5,0.5,0.1
_z4ocBmjx5yKRyzkZR1ERGLFRs4NGJA3eKMeLY5uKLO0pUo,집사님잘좀해봐요,4547064373,support,1253,1,4,1,2155,766,2506,39,15,5649,4403,18,0,0,59,7,25,7,0.2,0.2
mrjYGuRsjsgudkJogM0AREd3HwK2czeasfokjCnVgnL-QJybRV_NoxhZ,baiguiwan,4544833230,support,2102,1,3,26,12566,7163,14750,96,29,21131,9439,34,0,0,216,10,49,17,0.6585365853658537,0.10344827586206896
A2mkW1aTpCUCzsVp6qq5bhj3SfaZKfAJIFYP9V6ngSSz,거제바텀유저,4503339678,support,1438,2,2,20,7464,2739,8031,62,27,10999,7772,32,6,0,166,9,39,5,0.7586206896551724,0.125
rYInzdANhAE4x5Iwzbhyh_xDPeItCg2T43_qyKpSw0M6svY,와드박기싫어,4503339678,support,1438,1,7,4,4809,137,14086,30,28,12695,4863,30,0,0,154,8,18,6,0.3125,0.2413793103448276
_XO59FCuePxuHssRDaAQbqDuNhgmDONm6-twno5h-NQK-oStvjprY4gj,EX AID,4547284880,support,1635,7,1,16,15933,8049,6895,59,23,11738,10076,17,0,0,154,8,25,9,0.7419354838709677,0.04
K27L1AXDtX2B8eMyehx7fxscqsIcGJWlWwnz9O6QCCmc5vU,입 문,4546802897,support,1331,1,2,5,3634,864,4786,43,12,6815,5891,34,1,1,98,8,20,8,0.23076923076923078,0.2
5aQ0qDz_FJm335WeSybupcDQ5hX2TmMwZ_-h-EvU9C9O,Flex 똠,4546802897,support,1331,1,3,3,1835,55,7504,35,13,9915,6070,29,0,0,69,6,21,4,0.4,0.11538461538461539
YCREXgsPVOswRlewNtwi_PgfTBs938ygf8XbEHtxMaGSN7Usv1uBJOBu,8646,4540087589,support,2289,4,6,18,16919,12285,13716,71,48,25807,10896,56,1,0,210,7,46,16,0.7333333333333333,0.20689655172413793
nHKL2NZvAzUjP5rxSt71yj-Bo2-uvNyrVPK8WB3bQurM,지구본,4540087589,support,2289,2,4,19,14173,20741,16806,106,21,18125,9890,59,4,4,72,4,61,24,0.7241379310344828,0.13333333333333333
h372P10e2Va83TRf4ljirUpIsL1bkhCBlxGUTkrvQHK5xY8,alswnsdnjs,4541390600,support,1894,4,3,20,6173,2062,27050,55,26,15935,9487,33,0,0,80,8,21,8,0.8,0.14285714285714285
nbH4booG6ArJMExJefrOb1hurQ272KHhfAJLuEwHlrZH,키야 나 잘하네,4541390600,support,1894,3,5,9,13202,9628,8349,65,52,17059,8315,30,2,0,172,9,36,9,0.5714285714285714,0.16666666666666666
oeIuDGCtTlOrCCM810hWUHcyUbF-aUAwZNc86EMx2YUv01U,말이쁘게안하나,4544858287,support,1613,4,9,22,12789,7223,11350,70,48,17013,8263,33,4,0,223,13,40,7,0.7647058823529411,0.42857142857142855
wn16TrTv3rjGDCenaeMWnVbpXdxNqtwyH7ck2_yAKhbH,BWG Zenon,4544858287,support,1613,1,8,11,6732,1574,27382,47,54,19424,5948,26,0,0,174,7,26,7,0.5714285714285714,0.23529411764705882
iyjP6cPkXEZ_tiqQR9uT57wBVo3hLK8ddIEbu5g1hL1IEdU_hpOTdYQD,ss 영원히 사랑해,4537296847,support,1207,3,1,8,5152,5372,3358,41,20,8040,6132,14,0,0,93,4,16,11,0.55,0.25
CaPodUTx0bbsuwQSIBcZnUHrpwXiJUn3-1jAORUnrZYU,아가야 서포터,4537296847,support,1207,0,2,2,3835,129,2100,35,12,4482,4335,11,0,0,140,5,18,5,0.5,0.1
l-QzLwEom6-_Q2oL3XdK30mv7ZioC59wHKvQUd6NBRylxi_qCwg4L241,샛노란,4547800351,support,1591,4,5,16,8326,4360,8569,68,34,15360,11097,40,4,0,108,4,22,16,0.5714285714285714,0.29411764705882354
WRxp267R7hKjsn73KW8d39auqPzqDEDZHP8OP12F5u5SD4GmN2JJvQVt,사람이름이윤재조,4516971816,support,1441,3,5,2,3246,0,7037,45,22,11720,5798,30,0,0,65,9,25,6,0.625,0.25
wiKGH55MhsRbzpoyzCpgsB59YRZ6ATSFvuV5ycaFde-UdEQ,울다하 명예시민,4546131235,support,1551,3,9,18,8182,8507,12386,36,20,20083,7840,18,0,0,126,8,11,6,0.5121951219512195,0.3333333333333333
_-jyDvWO65aP6fr6BVaIZ4kXmQBhCsE4IE_idAq_jYcdq3SI9jGOhgvM,mriews,4548573139,support,1412,1,7,3,7525,168,17779,49,22,20378,5208,35,0,0,81,10,25,7,0.26666666666666666,0.2916666666666667
o1_ht6MvkvnCk4I5wNi1lbX2kMlBBJ_V0e_IHWWlIxlG,다음속박은너야,4548573139,support,1412,2,6,9,10726,2017,7075,58,44,10547,6571,15,1,0,166,5,27,10,0.4583333333333333,0.4
VhfUr9bDMvgiOvZRD_scrUDmFmqaD6A2GW5Nsk9fzjG2E-zWfseNS-vG,yutianfuyue,4536712396,support,2310,4,8,35,16118,7780,48375,98,54,36306,11930,38,4,4,268,10,45,14,0.7647058823529411,0.2
4uU49hSNQZicZcgT6-30p3C9rMfAFwgHUy0__fnRFtOr,Blitz lol,4534543006,support,1538,2,1,13,2853,2151,16552,68,20,11779,7575,36,0,0,40,9,31,11,0.6,0.14285714285714285
n5LZFmrxz-uLwtPsiMDn5SU1boSVmnP8puLMWSeKqlx1,이슬이,4534543006,support,1538,0,8,5,3444,670,24439,57,28,17109,5570,33,0,0,171,8,35,7,0.7142857142857143,0.32
0Nso04Vm23VHvli5V9whTMvFS4nf8g2TysoWvqWgMD699NRpynTJWRGs,돼지가 어때서,4547657151,support,1521,2,6,5,5344,431,10931,49,24,12743,6241,28,0,0,71,13,32,4,0.5384615384615384,0.20689655172413793
JTxI8wFnOrBkuTgt8SMjutdKEIgsZ1mPaBFVrxLt1nwndsY,김유정만나고싶다,4547657151,support,1521,0,1,15,4206,1529,8995,50,20,8239,6998,28,0,0,74,11,32,2,0.5172413793103449,0.07692307692307693
IKdPyK9_D7fS-3g6zZdunHaj6NaZPPObHywUgO9dcxLcSwPvgj9fOEVk,tamashii no iro ,4546804494,support,1331,2,3,5,5077,260,3131,47,14,8367,6087,31,4,0,21,6,22,6,0.5384615384615384,0.0967741935483871
XCvnWGriGD7PKTcCmHgxKPcjoAA_vu56P1aM3yrWxSTCKYDRaO5BMuxn,남극새,4546804494,support,1331,0,1,12,3141,1295,12292,33,22,6722,5763,24,0,0,84,7,20,2,0.3870967741935484,0.07692307692307693
xZSxcVL0YlK4tMwM7ZT3_0IErGhOxtqIrAl_pre6Vto8SfE,불계소녀,4538902695,support,1432,1,6,11,5202,4219,13330,47,38,14646,5802,35,4,0,84,11,35,6,0.6666666666666666,0.1935483870967742
i1MBOg2aq9e2sFhgodckHCKn370P7eObHxwk_SrafwBlyKJxnu_RXJQ5,baby honestly,4536854906,support,1677,1,2,17,4428,9258,5198,72,10,9733,8328,7,0,0,76,12,39,6,0.6666666666666666,0.15384615384615385
2SxpsgRZP1JXyYak_NBKw9SsjmigcegZXsj5w7bcySsNFbs,한 실,4514957738,support,1891,1,8,17,8101,1775,10095,74,45,12679,7710,39,0,0,248,8,37,11,0.5625,0.25
VhfUr9bDMvgiOvZRD_scrUDmFmqaD6A2GW5Nsk9fzjG2E-zWfseNS-vG,yutianfuyue,4514957738,support,1891,1,6,18,6951,5192,24389,69,35,21616,9277,39,0,0,180,9,37,5,0.59375,0.1875
ExDddCSeu2MUafg8SzgpNBV-qENjC9ylx5uaMQ1x4nr2,고게키,4544598547,support,1307,1,3,1,6038,1342,3215,30,17,6959,4538,5,0,0,89,4,18,1,0.25,0.15
9iXkPj9YcHC1G7Qj9i0pubPU6iK5DssP_pqKZCU8ic3M,협곡불지르는사람,4546035314,support,1304,2,5,15,6820,1903,6335,38,10,8237,7017,23,0,0,135,2,17,9,0.6538461538461539,0.35714285714285715
bb152ThgKpA8TeGMHsO5i7dIUNztJb7yiEuwCHeH11Ct_04,안 또 죽,4543003745,support,1835,2,3,13,9956,4269,10082,77,15,10977,8391,38,0,0,170,9,41,10,0.7894736842105263,0.15
9boNYR3TaHG_ZlgFAC6zi1brSmxJo4zE1lyAftMtdqd5QKrzXsNGDBEC,사과의신,4545441714,support,2319,3,9,21,13692,14239,22900,116,36,27899,11186,43,0,0,215,18,66,11,0.4528301886792453,0.1956521739130435
7WQ8zNJaF0R1xHGP9LnQ6hCSFVgskdMPvSOPe1k2INhx,여신혜선,4536801254,support,1973,2,4,22,11019,10415,12211,86,31,15385,9868,44,0,0,173,12,51,8,0.6857142857142857,0.13793103448275862
atCaJM3cRncnLWgxHvYgBN5j4WJiDPbIV7RVdLOwWZOgWt0,섹시꽃남성민,4536801254,support,1973,0,3,11,7124,809,17476,79,27,16948,7393,35,0,0,123,10,44,9,0.3793103448275862,0.08571428571428572
kMeACrYK1GYjfuP76Gy4R2-Labe-qLtMjI2yy31tJ92VZgYzgSJJIPHa,Adjani,4542153006,support,1821,1,12,15,13761,276,25520,48,22,27515,7487,41,4,0,81,5,24,7,0.42105263157894735,0.2926829268292683
y5NwOa7_troybow4Ew7OBfrAqiexeM48EmNxBZjAx8j8AXY,소예담,4547598562,support,1809,2,5,4,8618,905,19347,64,27,15421,7517,47,4,0,257,5,39,6,0.42857142857142855,0.18518518518518517
DLQZdqt_ZY6TEZSpvRMtT62oRhGnjPbO0cTRvA6cJ8fHNAg,이대로할게요,4547639382,support,1678,3,5,11,6391,1260,13169,63,22,16845,7351,46,0,0,82,12,32,14,0.5833333333333334,0.15625
LKb4rM7qsmDPKCIJgQaNEKqHbzdjv7Mshsgm9sg0sgwpxJGUhqperae-,vaisup18,4548571666,support,1328,2,8,6,5715,4337,13266,28,19,12967,6023,26,0,0,117,3,15,2,0.5333333333333333,0.2962962962962963
qO5bbmfYrlldSOkcHANX2rQlNB-C6qEF5gF-R-g7tBQO_eBX0eeyNplH,I am scorpio,4548522965,support,1791,0,6,14,6239,1542,30237,67,39,19122,8062,41,0,0,201,8,30,8,0.3684210526315789,0.2727272727272727
xZSxcVL0YlK4tMwM7ZT3_0IErGhOxtqIrAl_pre6Vto8SfE,불계소녀,4539348620,support,2046,3,5,15,6429,2377,18540,88,33,15900,9745,31,0,0,134,14,53,6,0.6428571428571429,0.19230769230769232
xZpaP84U8BUt6G0Evmqw7lt4_wBGlwji9p7OEd-11JM9,빛보다빠른합류,4518491170,support,1816,2,4,3,2764,2343,7146,97,13,12192,8071,45,8,0,74,6,47,17,0.5,0.21052631578947367
Gd2GtIylOoamBolUOQ3KqazaDSqTOkSOlyi870jqN_vk,유미의 발바닥,4518491170,support,1816,2,3,8,6945,1157,16444,55,33,11563,7399,31,0,0,183,11,40,9,0.5263157894736842,0.3
CaPodUTx0bbsuwQSIBcZnUHrpwXiJUn3-1jAORUnrZYU,아가야 서포터,4541934847,support,1520,0,2,11,4367,2273,5963,66,18,9368,5634,35,0,0,208,10,32,11,0.7857142857142857,0.09090909090909091
XC7DK7FaTeO8j6MtOh06ojvWgznwjHIEAib_EwUCQUK0gMc,좀맞자 가드 올려,4541934847,support,1520,0,3,14,6917,1880,8019,32,42,12069,6396,12,0,0,71,6,21,1,0.6363636363636364,0.21428571428571427
cDPx8eLFj-idtbJNClcv2ewFsARismUmOBw84xYsEOya,건들면 대충함,4548322701,support,1996,2,7,14,6286,1301,22273,87,36,20430,8255,27,0,0,144,9,38,8,0.5333333333333333,0.17073170731707318
RTRic8LiswOpZxlI9W8YZ4vzDJqlmW4u0cigWyp62_JgGJ0,주현이그마갈꾸얌,4548322701,support,1996,4,5,15,9852,2306,42099,73,47,21486,9416,43,0,0,144,7,39,10,0.4634146341463415,0.16666666666666666
R7fzm4OlGOVnvF1_jKriV8zgEZn1koy0JGxOFePR-JoV0O4,nameless voice,4540896236,support,1596,0,6,7,9214,341,4717,48,24,9089,6525,16,0,0,179,0,17,7,0.3888888888888889,0.25
gtFl22HY8SrR4PkEnjEWSbvuhCTrE8u1FFYjZk1CI_87uqgaccrtemxc,종로박,4540896236,support,1596,2,3,10,6252,693,12844,63,21,14122,7106,30,0,0,73,10,34,7,0.5,0.16666666666666666
GU2wCbUo_w57DNgf4AoLaNnyNabMObIHyj-Yt0mhc9EsXwhyWK1x_0R2,keair,4548548586,support,1429,5,6,6,5979,2724,5753,55,14,14310,8987,30,0,0,69,5,28,12,0.7333333333333333,0.24
bIfcZA2lzMoatkyQyRyt0sEwxbK4Q1RmkT5a211oqjDJ,Moo Sapa,4548548586,support,1429,0,2,14,5342,842,4748,37,8,7736,6401,33,0,0,93,4,13,7,0.56,0.13333333333333333
oYtcWj61Vgn_-UnSb9s50M6YdU9cYxQscomf5bGvKgY3,Faramir,4548294165,support,1736,1,5,22,10221,620,26979,57,58,14425,8034,30,0,0,266,12,32,6,0.6764705882352942,0.16666666666666666
KAmVBJz7x0uwvEiJJ7L5_v9iB0BAq1HdUL5B_iqEw80Q5ig,똥거니,4547320533,support,1671,1,2,16,3986,480,11108,69,18,8073,7706,33,0,0,67,11,30,12,0.6538461538461539,0.125
jiO7f4R4G509e8YE4KZB0XBkjNAhU6rYqGb3yl5n9mVr8dg,gtqeti361,4547320533,support,1671,1,1,9,7307,4301,9602,73,32,12195,6527,34,0,0,189,7,42,10,0.625,0.038461538461538464
BK6ce4g2OOgwUlbvyK6W7Gdt7X9o4AdDUZ1IdgZtTjPk,예인 러블리즈,4547416097,support,1576,2,4,7,8348,1302,5863,74,20,10882,6403,23,0,0,107,13,35,18,0.5294117647058824,0.19047619047619047
RbXbP-E0C4ew2ld8q-QzgOTPEErrj7OMW6BwU81cc-VzXmU,글 속,4542111777,support,1822,0,12,3,5324,0,19498,41,36,17571,5608,36,0,0,164,12,27,13,0.2727272727272727,0.34285714285714286
dE5wyCILjIJpsXYRxA-FkLZJKqr1V1kLQFBZdG55dJufG9pYWUivE8PD,BigMom2strong,4542111777,support,1822,11,2,17,16272,2248,7475,113,27,10517,11076,59,8,4,69,14,60,18,0.8,0.18181818181818182
72asJh8SYaVwXljKNto0XLmC3EDR_FSW0XwKNqmhpkcSm4ya3QDrN_bm,마스터좀가고싶다,4518554254,support,1798,0,5,12,5049,12776,6034,45,25,9563,6321,25,0,0,46,4,21,4,0.5,0.16129032258064516
wZy2gujSJYxCX0RKlzCw1LyXxl8-nS3jzDIHuFufSrKuXqXRR9x_qK_Z,Comet Dust,4518554254,support,1798,3,4,18,13362,6709,14970,80,22,14788,9512,27,2,0,202,10,42,7,0.6774193548387096,0.16666666666666666
PH6fwy_B8SMT0dDCGe9N_XZrU3PbK5jjwmJ_Qpcm_WwzTOY,머라라구,4543303077,support,1315,1,1,6,4127,838,5378,33,13,5242,6104,26,0,0,77,5,16,1,0.3684210526315789,0.1111111111111111
FkGLeFUABqOCJon8rCUaKVHuOcHIws6_NHqzj4ibBvRe,ExiIe,4543303077,support,1315,3,5,4,5139,700,3123,28,15,8731,6058,24,0,0,59,6,14,4,0.7777777777777778,0.2631578947368421
ODk2eJ3KRXSuUc3RjOaqcUJEUPVU5dCuB226NVZ6m7_6m2k,안던지면이김,4548602123,support,1411,2,5,7,15011,1191,6402,40,40,13130,6067,12,0,0,204,8,17,10,0.4090909090909091,0.35714285714285715
novgExM-IwkJ37hhkundkHIDlbSrIn8wg7FGQdIWYij5oCs,아갈창닫어씨1발,4547450354,support,1776,2,9,8,9549,900,29353,84,17,23879,7849,48,0,0,47,12,36,17,0.35714285714285715,0.25
WL6ZcdwgRgtTOnZI6YROKoyDX1cpddeER1pOd2korlMF,iceMAN1234567890,4547450354,support,1776,1,4,18,7228,2178,12636,67,30,18473,7939,27,4,0,129,13,43,8,0.5277777777777778,0.14285714285714285
5tTZHwqK5wiHteZZyGkJjvtp-j7tIoyekXOestS-Eq5JuyA,치즈마카롱,4548630526,support,1715,0,8,13,7749,1686,27180,63,54,18241,7198,27,4,0,222,15,39,4,0.4642857142857143,0.3333333333333333
7QnGBe57dMOsrFEYfeF9QidZtLvehEqrB2-3NChvT0AN,Saint Ahn,4548630526,support,1715,0,7,15,5499,511,18216,56,26,18144,6690,30,0,0,128,10,30,10,0.625,0.25
JlteLx1rFug78d00n6Q0EQtyFTD0Xj_WS3aRBPkf2Oc-Yj4,씩씩한댕댕이,4542177252,support,2003,0,7,12,4136,8523,24392,41,15,20700,6735,34,0,0,36,6,19,3,0.5454545454545454,0.30434782608695654
W95VxFCMi0gYe9j4GS637hf360Op7oZxdSE3wv0YKRfM,sylwyhksh,4542177252,support,2003,2,2,13,9384,1677,31100,89,69,14972,8637,45,0,0,270,8,47,7,0.6521739130434783,0.09090909090909091
3rOwU5731H8tzJFRWblnFKpcgQlnJanCsvP0IrnBMezKGoE,서나몽,4546997966,support,1523,4,2,22,12616,7789,4750,43,49,9051,8950,33,10,4,146,6,17,9,0.7878787878787878,0.16666666666666666
Gd2GtIylOoamBolUOQ3KqazaDSqTOkSOlyi870jqN_vk,유미의 발바닥,4546997966,support,1523,1,6,3,6054,0,16277,43,29,12146,5719,30,0,0,169,9,26,3,0.3333333333333333,0.18181818181818182
ApjRkk0kjH4tXMhC8drorHHzstA1tn7NHjwqKw5ZB1Np0mM,zhiqiang wa,4548587712,support,1758,0,12,5,11067,3039,9635,67,26,19111,6481,17,0,0,155,10,39,11,0.35714285714285715,0.3157894736842105
6dpbWVrfbYUNAqegA0UQMXlEJkGHRp5a2PbDjNa8QiZS,Etourdi,4548587712,support,1758,5,1,22,8415,10757,11143,84,27,12060,9564,37,0,0,140,8,52,10,0.7105263157894737,0.07142857142857142
3BhqFqDaovAcdtsBe8Xyn7Fc-aU9NomQeY6-L-m0b0BRDgQ,02746,4526255516,support,2137,1,6,22,11829,15847,7552,64,20,9134,8384,4,0,0,60,7,34,2,0.6216216216216216,0.15
RCl0cOSAPW7u9JbIwfFax7Efikzb2e3GGf3dhA8hXI8,임윤아xixi,4515145950,support,1230,5,4,3,6061,241,4883,39,15,10101,5706,22,3,0,42,5,17,4,0.8,0.2222222222222222
8GAnYMU-XFcgBgt27NKAmY9nosywI7UFvIIEqBxNJOkx0IGC5DVnj-mG,sup17,4545104112,support,1436,0,6,13,4662,12945,14655,44,15,16047,6199,30,0,0,59,6,23,5,0.52,0.3333333333333333
Nb89mABWHpkqPOUZGKAqKmfrG3it8IUNtSalhOEH4TjH,양강오,4548033489,support,1554,1,9,11,10640,1312,8390,62,49,15404,6915,27,4,0,94,9,31,10,0.5714285714285714,0.2727272727272727
qs_kpLdLTzxfRmomrjVGjHlT-E_R-YE_whQA_9Fp0iDT,지훈 오,4548033489,support,1554,2,5,17,7590,773,27562,59,50,14487,7650,35,4,0,192,10,25,13,0.5757575757575758,0.23809523809523808
TVE16OQ5o-8PwYr4SuLuiyTF82NR5kAiizkPYYk1IKwfhxk,이기게해주세요,4531893815,support,2194,5,5,22,11088,15084,44708,87,52,27178,11514,35,0,0,121,13,60,8,0.7105263157894737,0.14705882352941177
vfy8O9eHWl9riHpOj-3u27uSqPG9fUDfkCtJhGTqsvMCLkQ,Arylu,4541554126,support,1467,1,5,14,6597,5862,8102,52,33,12193,6288,33,0,0,199,10,30,4,0.8333333333333334,0.2
KAmVBJz7x0uwvEiJJ7L5_v9iB0BAq1HdUL5B_iqEw80Q5ig,똥거니,4548287901,support,1487,0,3,10,9030,2324,6735,53,21,11372,6285,28,0,0,130,9,25,7,0.3448275862068966,0.3333333333333333
sCzaLwFoXfcAjJytxbgYPWQiY1Ead-MrAr1cIfBardTS7d8,흑 당 혐 오 자,4539688186,support,1731,1,5,6,5256,4904,7247,77,17,14343,6986,37,4,0,147,17,56,12,0.4375,0.15625
novgExM-IwkJ37hhkundkHIDlbSrIn8wg7FGQdIWYij5oCs,아갈창닫어씨1발,4547450354,support,1776,2,9,8,9549,900,29353,84,17,23879,7849,48,0,0,47,12,36,17,0.35714285714285715,0.25
WL6ZcdwgRgtTOnZI6YROKoyDX1cpddeER1pOd2korlMF,iceMAN1234567890,4547450354,support,1776,1,4,18,7228,2178,12636,67,30,18473,7939,27,4,0,129,13,43,8,0.5277777777777778,0.14285714285714285
d5Wpro5KYgl7nBLwq0KWJMY7jrebC3uP0XsBUDeZbNLx,roTlqkf,4548528637,support,1730,2,3,12,10173,1316,7531,54,23,11621,8489,17,0,0,203,8,32,11,0.5384615384615384,0.16666666666666666
6_WG4XGJBpgcdK7zWZKSPsM9mJCJSd-SvoRbsQFQsWVl,lLL HV JR lV,4545423267,support,1820,3,3,21,5203,3451,8617,65,30,15690,9361,37,0,0,171,11,33,10,0.8,0.15
hLp2flKLrMNwJz0_hp1VBCoEOPpE3p5h_Dne4kCFyNzz,all mute 44,4548616726,support,1822,0,8,18,10435,3231,11526,83,24,14798,7779,24,4,0,169,12,41,12,0.5294117647058824,0.27586206896551724
WLrMm6P6UVA43OkAgR8QoywpvyIEJ2H8L3htRsDy3-ORdvc,슈아멍,4548616726,support,1822,0,5,24,4466,3564,8172,55,17,15038,8531,27,4,0,133,8,36,2,0.8275862068965517,0.14705882352941177
DiZv1CR4gAyu00iwRenSmiP10Z_oSPNOeBEv9qQ4UQwe0862f23dxD2S,baby sweet,4530354745,support,1596,0,5,9,7563,7912,4955,42,14,6843,5698,7,0,0,40,5,22,2,0.6,0.16666666666666666
QLsidzY5ZNmAYl5vrp6qY4IXACle0aiuddyt1Bl2LH9Jr98,녕준쓰,4548281320,support,1322,3,3,7,5423,0,10068,46,35,6529,5588,24,0,0,139,8,21,6,0.5263157894736842,0.17647058823529413
3OnuyjqvifG0snPuPwZx7os3i71xWVNq2gkeAJ6XcPE,DinDin,4548281320,support,1322,1,4,8,6965,4305,2846,33,21,5048,6348,3,0,0,48,6,18,2,0.5294117647058824,0.21052631578947367
BIyzeiPHtdVkwuQsg3h-qjxDKs_0z1tW0L7-goUOghJxq1z6VwUsXAPb,보람사랑행운크림,4540143466,support,1380,4,3,17,9479,6253,9414,34,34,12851,7611,24,0,0,193,6,15,4,0.5384615384615384,0.23076923076923078
x_xoZ5IzAqRI4WergC4_1E6WxYJLm-r9ZxM4T1S3XWCGR4w,강타 딜,4540143466,support,1380,1,7,5,5119,2898,21081,23,34,18064,5309,35,0,0,82,3,11,5,0.46153846153846156,0.1794871794871795
mmUiKjty3awVzK9jm0oMaEFOmmQsheU6tf-Z5O12poLs,다크쥬레곤,4547076644,support,1401,1,9,12,8111,2137,8606,48,31,18016,5890,8,0,0,118,8,28,8,0.65,0.2903225806451613
U5phYJ8QF9DC74XnZ45lDv9QsmOPU4vjx6-H6w7gASjIvwjJrwiVSUe_,dinh menh ,4547076644,support,1401,4,8,11,11871,805,8348,56,27,16835,7773,38,7,0,58,4,28,9,0.4838709677419355,0.4
1yfVQIkGEPzJuRZNOEPIp8wtUqXMKsv7xEsuaZJvq9kYtCuBJSA6LhWA,피해봐라 애송이,4548620940,support,1866,4,8,9,31499,104,5210,52,43,16740,8836,16,0,0,206,2,28,6,0.5,0.16666666666666666
K7GwUgwfZyLsN2ginjiXRh8e-OF5AQ_trWu3g6LUx8ERv0k,happy game111,4548620940,support,1866,2,7,22,7587,2251,26910,67,50,18555,8919,28,0,0,99,6,28,10,0.5,0.2692307692307692
TKF5VGZjJNuV5kkt6S3ogozozKoZLF-gqHMMvun7P9J-cgFfFqDz0Pcn,쿠캉해,4547032539,support,1384,11,2,3,8538,5906,7097,41,12,12622,10839,36,3,0,90,5,12,5,0.4666666666666667,0.13333333333333333
v4Gtqxg3HmHU2HO_QhElZqomPGr8aZCnxHD2iAn-JpU4,Exile 상욱,4547032539,support,1384,3,4,4,6101,4112,4457,26,11,8215,7450,22,0,0,50,1,12,3,0.4666666666666667,0.13333333333333333
iF_ejB-dWpxZbpiYj2hJYmLvv1Xmn1RaXJ2UMyGlV7YK,이윤찡,4547595819,support,1536,1,6,13,4486,10981,4304,44,31,9341,6819,9,0,0,155,4,20,4,0.4827586206896552,0.2222222222222222
2vtcsQ6mEfz_wTNe22XoJCjxy2C1E2qukvOa6mTP9rpYYPgF40-gq0uC,케리아권혁진베릴,4547595819,support,1536,1,5,12,5347,605,15814,49,24,13338,6190,26,0,0,123,9,21,9,0.5,0.1724137931034483
HHcfcbymrsxJiqGCfNNOsYLRrfz-6NfPviSngbDq2knVc80,팡잉킁,4547197754,support,1531,8,6,9,9789,3338,7783,56,24,15300,10763,29,4,0,72,9,26,7,0.5666666666666667,0.16216216216216217
J9A7BHuxdRUNI7moZI3eAOU4eZ8QDNl-9EbloK2bdUelun0,그발언금지,4547197754,support,1531,4,9,12,8330,1554,22761,54,51,18485,7657,28,0,0,240,9,31,4,0.43243243243243246,0.3
6_WG4XGJBpgcdK7zWZKSPsM9mJCJSd-SvoRbsQFQsWVl,lLL HV JR lV,4548464805,support,2045,0,5,29,5709,3131,16178,72,32,21606,9358,28,0,0,261,8,32,8,0.8055555555555556,0.2
1izgwYEx-jmyqdj5nxY1eaQhh5DQkboNqeAjBWSxbbQ,rokinas,4548464805,support,2045,4,8,15,9184,3057,44820,71,46,28028,8618,39,0,0,167,5,45,9,0.76,0.2222222222222222
vKwOunHStOEDpiShM64UNcF8N0p5YEsu1ILNI4MNgOg_,솟솟상회,4536886612,support,1349,1,4,7,4091,269,12456,47,26,11417,5792,32,0,0,37,6,20,7,0.38095238095238093,0.13793103448275862
PqxpOF5nFshFglsImH47oPGHdVvAW_d7GJfUxlQ0YYAt,브짱아,4536886612,support,1349,1,8,16,8664,1797,7936,52,28,11769,6469,7,0,0,135,6,28,6,0.5862068965517241,0.36363636363636365
