account_id,summoner_name,match_id,position,playtime,kills,deaths,assists,totalDamageDealtToChampions,totalHeal,damageSelfMitigated,visionScore,timeCCingOthers,totalDamageTaken,goldEarned,totalMinionsKilled,neutralMinionsKilled,neutralMinionsKilledEnemyJungle,totalTimeCrowdControlDealt,visionWardsBoughtInGame,wardsPlaced,wardsKilled,killsRatio,deathsRatio
WsLZ8bRVQ7djOlID54P4urVC6yUqUn3l_8eIG22iwgkLaMQ,김다현 보고싶다,4547215720,carry,1840,5,4,7,24554,4120,17568,17,9,18723,13480,239,4,0,381,2,8,6,0.34285714285714286,0.2
R0lFeZLBUr2ixHgcEQHTKJPcjzTYEk3ymqO7KaXLEpz_,happy every dy,4547215720,carry,1840,2,5,6,22401,3169,9502,23,23,19555,11539,259,4,0,78,2,12,3,0.4,0.14285714285714285
Caq6uXuZg-tyi72Y4vjvcFOdfLbX74ejXhWAlC4VwvINCHO9aM-FV1Rt,HUYA1SEHUN,4519662268,carry,2350,13,7,5,46899,4615,13822,18,4,30425,18690,262,34,0,68,1,11,2,0.6206896551724138,0.1590909090909091
0qrO3JVerOCzhrHipqpl_WR6dmx2wwdy3qXQgO87wE7Nq3F2LfAYbseC,빙결 천국,4519662268,carry,2350,10,8,14,30435,6297,10367,49,55,30113,17059,227,29,8,753,1,12,10,0.5454545454545454,0.27586206896551724
bm49DWDNW0-ICIOIqD9_K_atZSYbyKZ5rSWu_l29Vq87gSsB5Uyg5qAE,baby   ye,4544442637,carry,1911,6,6,6,21179,5810,10351,18,0,21077,13953,230,30,1,15,1,10,4,0.42857142857142855,0.17142857142857143
zatAccgJH3-WnSrRYyxol3ML2G-k74BkNcN2IYXEMKQe8pNG2FcFQZ4_,WOWWWWWWWWWWWWWV,4544442637,carry,1911,8,3,11,51175,4446,14551,13,31,19696,17786,279,12,0,102,0,5,3,0.5428571428571428,0.10714285714285714
5kkFUnDEv0IF6ap7rDQvb9ruhwuILOXZpbs8ot09hAPclKM,Cr4zy moving,4548580676,carry,1609,4,6,8,17873,2283,6599,22,52,14401,11898,221,15,4,760,1,9,8,0.631578947368421,0.2222222222222222
pubFVCEgL22OYizMoVU47a8MNlu5n6SMgu6jbcHj69oVRc0OzBtYbj04,누누슴,4493694633,carry,1252,1,1,1,2771,658,4508,12,0,3586,7645,180,0,0,17,2,7,0,0.15384615384615385,0.0625
lUsWOe7PKH0Wk0iTaXW4XLelBWXgcM_VjiCj2y_Tc7I,obsequious,4493694633,carry,1252,1,3,3,4204,882,2861,21,24,6564,7492,177,0,0,389,2,7,4,0.25,0.23076923076923078
p6VdhU1x0hy1M-b-iyuCa4uOwXG3moTfjiYkXnCNtJ-VXgQGj0_AGuFS,huang jia lu,4547862966,carry,1541,7,6,3,13367,2568,8564,13,14,15859,10561,144,3,0,42,1,9,3,0.5882352941176471,0.24
B4X2Rn4mW8efDZGQxAcEy-l79oDqozY0Dz5NeKLCBrHm,xiang wo sung,4547862966,carry,1541,7,5,6,20905,4964,9249,16,3,17029,14281,229,33,9,109,1,6,8,0.52,0.29411764705882354
pyrgjaOJs6DfrAp6LxVE227UtpnUDhNCyHBezyfc_TVVn6s,꼬치는강반닭,4537133725,carry,1620,6,3,8,15315,1997,7634,13,11,11593,12776,208,4,0,129,0,4,5,0.4666666666666667,0.2
_fRkhowZs0oMFzlic4PUI-aVjyLR8O6y5Ck_I5xjR18pfAA,표정표정,4537133725,carry,1620,3,8,6,18838,975,9510,9,7,15435,8977,164,5,4,125,1,10,0,0.6,0.26666666666666666
QhMewzVzE40QVaakukM_6PAvV8_XvJtpsKEPMQpgPIqftvUYVGYIMml1,용완김,4547711167,carry,1630,3,7,8,14042,3669,8436,28,10,18293,10328,178,18,9,21,6,14,5,0.39285714285714285,0.21875
E9h4jiUyAT61Q14aMFBgxgdQqESc5ZZVGMu2tIKxeeB0WBQ,Bullet specter,4542918190,carry,1313,7,7,3,17094,478,8872,11,9,15732,9287,147,11,0,225,2,8,1,0.7692307692307693,0.3333333333333333
cxtE2opivhGlEI1uiPHIf5_JVOkoOPPhaw78wW7UU87etc4,장지환의 분신,4542918190,carry,1313,9,4,8,13783,1644,4529,16,39,11950,11487,151,20,4,584,1,8,1,0.8095238095238095,0.3076923076923077
vwR1KxPT4flTlQnq1CRtkRkmyNrduRphXmTOJTqUfnZC,아주 오래된 후회,4548573139,carry,1412,4,0,5,11499,8110,6169,16,26,12240,8101,132,4,0,120,3,9,2,0.6,0
AqQyMCvnmLxUjez59xGi7YdF4ohdVmgkxDzNaAJzrDth5sE,민혁이이이,4548573139,carry,1412,4,1,7,19339,2146,6613,20,5,12002,9317,160,8,0,50,1,9,2,0.4583333333333333,0.06666666666666667
kCljmP3YVWDGW2vz8elAxEuHxK_RtbsXvjZv9tcSg5JkaxQ,키티키티헬로키티,4547279182,carry,1490,2,6,2,9383,1775,4626,15,7,11044,8598,154,4,0,29,2,9,2,0.36363636363636365,0.1935483870967742
EQ7k0LOhk6MH16xzzrt9iR9cYGVMJCJkJNnDa-vuHK2_SkVmgZY8lJwS,Xornhub,4548624376,carry,1528,2,5,8,9338,1133,7909,23,32,10891,9469,168,16,4,565,3,9,4,0.37037037037037035,0.25
yQ90bA_uHN4Es67cft0xFVlvTsTmzsyFNQTBVhaW8Poy,비상구길막,4548624376,carry,1528,8,5,2,13830,2153,7254,23,5,15263,9948,189,4,0,29,3,10,7,0.5,0.18518518518518517
iph59bDDkgVt8FppV7JGDjaAF1DBYL79MCHW62sRKtTd,PaSeHo,4547509823,carry,2083,7,7,3,33570,2674,8235,28,16,19954,14178,202,21,0,165,1,12,1,0.4,0.19444444444444445
RWk5gEuxtC6WGYi4x1G9PCAdcscgxkiLasdAArLX4-dY,삼중인격유발게임,4546987898,carry,1710,2,7,12,19872,6807,8876,11,17,18498,10188,174,16,0,329,0,8,1,0.42424242424242425,0.1891891891891892
oatdQFhgT8cG2wInwn1Zq7mTwZI7lHK5WwnYzNCFcd_l7kGCdAEMaLsX,TESzhaoZD4506303,4546987898,carry,1710,6,9,8,18671,2277,10557,40,55,20740,11922,178,31,4,860,2,9,9,0.3783783783783784,0.2727272727272727
4yDaaC3NMjcg8PgHj4QOptJ9ahgCuqG6BaqxqUjiH8mTwAg,무호홉 딜링,4507145974,carry,1452,6,1,4,20892,1239,9710,30,9,12725,11298,201,20,4,239,2,9,3,0.5555555555555556,0.05
PVJC80QtLMrXe5k7CS-YKEbzhVLrdagasTNZO_otDq1gpKwcj3QSXcru,keng  adc,4507145974,carry,1452,6,7,6,15572,2417,10790,17,10,17518,9610,176,8,0,209,1,6,11,0.6,0.3888888888888889
1obEnxGkHKDXdP-pdgG5QgX4WI7Whgm2SH6GB4xPBmEM8xzc58TB0u6b,정국 오빠 fan,4523227532,carry,1841,7,9,11,18697,1817,10773,28,6,19763,12024,167,26,0,69,3,11,7,0.47368421052631576,0.23076923076923078
fJoloeSMJhhoXog5EoMFsPi7s_ae3eNRWNSZFGNkc8eViUBU6WXyi-B2,AD Awis,4523227532,carry,1841,17,7,13,41037,3612,11448,27,4,19088,16783,185,18,5,67,2,11,6,0.7894736842105263,0.18421052631578946
daSbtmkUaB3KVN5ExJI-qciK-0rbRA6tPuloAefofgisLSCJskd3ewZQ,차콩이,4547458966,carry,1853,7,9,8,21725,2972,12558,17,5,20295,13012,202,9,0,335,0,6,7,0.6,0.225
J9A7BHuxdRUNI7moZI3eAOU4eZ8QDNl-9EbloK2bdUelun0,그발언금지,4547458966,carry,1853,6,6,5,21256,3057,11708,22,4,25185,14478,250,20,12,44,3,12,3,0.275,0.24
F6-jKIBRWNZRY5F57U8cHK2w3amBrFJzg-r9CPJfjf2u,Iost my pieces,4498607210,carry,1299,8,8,7,15804,1887,9204,10,3,16471,9882,139,10,2,31,1,5,3,0.6,0.23529411764705882
15nZY_NCGfd4ViqOQCLWvybMsR51Qt_lVA4A2VhmbcX8z9cQW1VFvVUX,나갱민,4544076603,carry,1683,0,6,9,9986,1200,11519,15,9,15813,11472,210,25,2,74,1,7,4,0.5294117647058824,0.2
HIaj4aLZ6kSbn3jZaIIqybY3PiFr0m2a2JK8arxR0WS6zncZ_f0aKAeS,Wanan0w0,4544076603,carry,1683,6,6,8,13795,904,7204,23,40,12360,11242,176,16,0,734,3,6,6,0.4666666666666667,0.35294117647058826
vYDzU0qFFMErpX9U0BYKExcE5PSPG80WBy3QdjlD-vUipjg,Poursu,4511957640,carry,1227,5,2,3,12324,208,4277,9,3,7447,8624,168,0,0,106,1,8,2,0.34782608695652173,0.14285714285714285
cHXo7Mlrmi4UJVTDE8ImO7rcrLffzByJSukhO7BWzyyD,원딜이동훈,4511957640,carry,1227,6,4,1,12742,1720,5278,11,14,11274,8721,165,4,0,119,0,5,3,0.5,0.17391304347826086
SWvec_GHZ7TFha-JAZyIeZDSEEiopapu9XpKpc2XO5DlC5ec9U8WupFS,오늘은 피곤해,4547111796,carry,1716,12,7,6,38443,4340,10670,34,18,18980,15749,223,26,10,202,3,12,7,0.5806451612903226,0.25925925925925924
8t3coRSioAuTxskSGZOJ50WpPGuZBd6wnGO-pMi9E9eoxqU,1239875428749777,4528783607,carry,1522,4,5,4,19162,1921,6854,15,1,16155,10548,205,8,0,16,3,7,3,0.3333333333333333,0.22727272727272727
SAWVVmhXmafAeU23aliQmBCW5hbaCzQhA8mV94eEdB9G90Jv5kiL1o8u,재미없는원딜,4528783607,carry,1522,3,3,4,9093,3111,5172,18,9,12491,9213,164,4,0,41,3,10,2,0.3181818181818182,0.125
CfNPdhZ0Ezq2HVo9ljqmqfJB3m5O64VuJHM7WMsfSiLmoc4,벗겨보니김원진,4544570911,carry,1705,7,4,15,25383,3757,8784,28,21,19100,12913,197,24,8,110,1,10,0,0.55,0.18181818181818182
8_06dq1GsHf4HWJnT7HeDhquBb854txIQT6rSZ3nlMcEs3k,뉴 피,4544570911,carry,1705,1,8,4,11765,708,9867,14,12,20226,8622,175,4,4,35,0,7,4,0.22727272727272727,0.2
iqBaOe762jcUJlBCTl3-Ed2S6QO38Jv6hkV89JtOC8dAbmI,Serendi YA,4544474276,carry,1379,1,6,4,8682,481,6350,7,4,14140,8111,151,4,0,69,0,6,0,0.625,0.23076923076923078
pXGdaiJR3E_zvNztj0aiNk_xHL7x8E7Na0uGqgQ5JLufi1w,로제치킨파스타,4546014672,carry,1903,8,6,12,33784,1855,16217,33,37,15216,14408,224,20,0,192,1,12,10,0.7142857142857143,0.2608695652173913
EyzWKcTOXKHL4eHnCN6p9jhsQ5GfkeHtK2M8NLq9gR3724A,또르륵또르르륵,4545947978,carry,1712,11,3,5,28704,3406,12708,40,11,14131,15392,225,24,8,356,2,12,8,0.6956521739130435,0.13043478260869565
Cr_dYEhg-KWFTfbN9BtE9xqndSiTeHWxjyYufWi2ntsN,망구나무,4528948724,carry,1328,5,3,8,8748,747,2964,21,23,6902,8707,137,4,0,415,1,7,1,0.6190476190476191,0.3
wPnL6F9CrlcMzPTqqxMf4Y3p4Bfz6E1qt_pG53axhXEP,TTV 먹물1,4528948724,carry,1328,1,4,3,6064,1099,4803,11,6,7730,7996,178,8,0,29,0,5,3,0.4,0.19047619047619047
b12RqIeYXKCrN0Ir8Ch6aD4bYsusdU4dO_dvUacrBR6hlLn4Z412E-Ib,adc02,4547540304,carry,1744,4,3,10,15866,2706,6671,29,6,15002,13382,230,38,11,85,2,9,6,0.5384615384615384,0.16666666666666666
iddWQ0No6nC-FyzBRQyIxsMuoejV1A9esKfyB9Byf48E9UM,뻠쭈우,4547540304,carry,1744,5,3,4,12443,1736,8099,9,5,12012,10256,170,4,0,173,3,7,2,0.5,0.11538461538461539
9GZxZ8Gw5kYUwXNTGNkYo5UEuhJdrKZen0f8mLtvb_y383t4Xt7wmnJX,너에게벌을줄거야,4526989153,carry,1668,5,4,6,23190,2492,5871,40,21,11819,12055,210,19,4,161,1,9,11,0.7333333333333333,0.16666666666666666
qiqOqpyFct5lOPuxP3qPkwyKJkbEeydxMImkaX_5c69LKzmUncyNvMd-,SnSn,4548008218,carry,1567,6,9,9,22531,1933,7106,12,18,18684,12804,180,16,0,92,1,7,3,0.5769230769230769,0.23076923076923078
J9A7BHuxdRUNI7moZI3eAOU4eZ8QDNl-9EbloK2bdUelun0,그발언금지,4531102262,carry,1618,4,3,5,14224,6035,9265,28,9,20194,10511,172,8,0,198,2,14,3,0.3103448275862069,0.2
MEGjgzDq93LxqrZz5I3owrjvoX0O5_kJaAJrrHxT0_Ljxg5PAyM4wE5Q,이 영 꿔,4531102262,carry,1618,3,6,7,18970,1351,6761,21,22,18813,10316,184,8,0,89,6,11,6,0.7142857142857143,0.20689655172413793
PsMZHzMR6cl-Hv-0Cti-avQ-nG2uSyWFCk5BOnYRtcvv_UZZQ0KONcqT,shiyoubajiu,4537560254,carry,1805,3,11,15,15350,3523,11676,18,34,25014,10855,165,20,0,749,2,9,2,0.45,0.2619047619047619
QuITQDbFyALtPhrOs_KKCfPJL2Re5i0eHDYadh8rW0UNgqI,AfreecaTV 김탐플,4548290310,carry,2358,7,6,18,22200,6116,14972,39,52,26089,19568,310,66,4,1124,2,9,12,0.6756756756756757,0.23076923076923078
83wp_qSMdmCU9nturnL5K4Sy8erM_pa8rK1fHuY6-wTc,네스타,4547905259,carry,2454,8,8,10,34158,5937,20644,69,52,27340,16208,232,34,0,936,3,14,13,0.5454545454545454,0.25806451612903225
mWnAwl7GYQW7A7cDni1D3SG4nGuq56syw-ZspHvbu9EB,개화기,4520320050,carry,1447,4,7,3,13659,1677,5232,18,35,14027,8424,133,4,0,532,0,7,4,0.6363636363636364,0.23333333333333334
EQ7k0LOhk6MH16xzzrt9iR9cYGVMJCJkJNnDa-vuHK2_SkVmgZY8lJwS,Xornhub,4548624376,carry,1528,2,5,8,9338,1133,7909,23,32,10891,9469,168,16,4,565,3,9,4,0.37037037037037035,0.25
yQ90bA_uHN4Es67cft0xFVlvTsTmzsyFNQTBVhaW8Poy,비상구길막,4548624376,carry,1528,8,5,2,13830,2153,7254,23,5,15263,9948,189,4,0,29,3,10,7,0.5,0.18518518518518517
yXOfRzofk9dzZedRVFsdgFt8SJSQolxCfjgjQw8CNOkB,극암팀운게임,4548214742,carry,1233,1,1,1,5235,876,2921,12,2,7843,5870,124,0,0,11,0,5,2,0.25,0.05263157894736842
J4kwp9y4M7R-Cy8654wF6XvU11DM6Lv5dJHbZWSHwhWpjUQp95pE0_Xi,08년생 Bj유망주,4503229404,carry,1720,1,4,4,11525,2805,8417,28,2,13682,9711,217,8,0,28,1,10,2,0.38461538461538464,0.13333333333333333
9jebwKukpZOy3fJZqVQhPuShJ6PXkr94gXZGspCyiRdKXHXIAqcKFXf1,크캣99,4503229404,carry,1720,7,2,11,18821,2538,4054,19,22,8762,13369,206,24,4,162,3,7,2,0.6,0.15384615384615385
HWyK8bcUgRHZaDH9eIjeoP_SPiJcvE0R9C28WbVfbQwgHEE,난 교복이 좋아,4548236836,carry,1840,0,7,5,12811,3473,10175,17,28,17915,8593,160,12,0,277,0,10,4,0.2777777777777778,0.22580645161290322
4Zbor0pUgAXM1hXvwDPbV6qEw_t1diIYWjt-qLbCei63QW4VGV9SWX7H,STSTSTSTSTST,4536228081,carry,1504,9,9,19,21145,1331,6126,18,45,16234,11369,130,12,0,651,1,7,1,0.6086956521739131,0.3103448275862069
YnHPNHgbt5kb7omhaks7xaNSGUfd9dwTZv9Oq7YS6biBoNNFQ_mim6l2,DRX Eign,4536228081,carry,1504,5,10,10,14099,2099,12518,13,2,20368,9471,134,4,0,49,2,7,0,0.5172413793103449,0.2127659574468085
ItCfl52NDG117zxiy6GGJpzAgFetLxm6hysGNJOhi9SIMTMt5FmLYDlW,비 준,4547688084,carry,1487,5,4,4,9082,1689,4078,32,26,12375,9803,159,12,0,487,4,10,6,0.2571428571428571,0.14285714285714285
vxQtUAyI7bzhiBg93V6e3sbq4hKjedDVBWQFmzLaK9EyUU8,lqhnb,4547688084,carry,1487,3,5,5,11148,2095,8331,25,1,14989,8640,156,9,0,108,1,8,7,0.2857142857142857,0.14285714285714285
DyH2UZTFnaXdJMgFmuQXNS0BD-Pd6ZKhbIotuMv1PvlsuIEkqLRV2yTm,Change y0urself,4547874419,carry,1504,1,5,0,12152,1901,5846,8,33,13825,8223,195,4,0,588,1,7,3,0.16666666666666666,0.3333333333333333
lfYaDZmsLeW_u2hR8xmrWi25HWlDQ4ve0jvt3d-TycoKzFo,Refuge,4548512591,carry,1694,5,4,4,11499,1698,10191,14,12,15158,12317,173,41,0,141,2,8,5,0.391304347826087,0.12903225806451613
PsMZHzMR6cl-Hv-0Cti-avQ-nG2uSyWFCk5BOnYRtcvv_UZZQ0KONcqT,shiyoubajiu,4537560254,carry,1805,3,11,15,15350,3523,11676,18,34,25014,10855,165,20,0,749,2,9,2,0.45,0.2619047619047619
X8Y1_GUSGh7KK7LQ9rFRP3AEr7clww9zwSZL6ya4t_lB6dp4W_NuD3yb,cxzl,4548320645,carry,1301,1,4,0,9064,1118,7267,4,8,10577,7249,162,6,0,58,0,2,1,0.1,0.2222222222222222
1A1Hd0ocuixW-d3fCCz_gzzTgUEN9vU_3cnts0AapUun,백인롤,4548320645,carry,1301,7,1,5,14113,1107,3759,8,4,5705,10059,163,4,0,100,1,8,1,0.6666666666666666,0.1
KJPnhxMKTJlgm6UUga0NcD9ZevoQjrYHlCDWhxjNTePd8-RG8YTwCp8c,덕구아빠 최욱수,4534654775,carry,1979,6,6,14,20282,3979,10617,12,5,21144,12929,176,7,0,24,0,10,1,0.5,0.13333333333333333
B9qElgFGQzBElCem8JiHAQT8LhD8j0vcXYHcwgI8ZkeLspdfxrIsAuFh,마모쿤,4534957460,carry,1236,2,0,4,7793,1774,3595,18,6,7769,9344,182,11,3,16,1,7,1,0.375,0
O-ZrW5z8XdbjZfUreC9EsxjCypmrfPRvXjLp1QA5DQqSa6xVuP-hn4B4,bye sakura,4534957460,carry,1236,2,3,1,8574,747,4695,17,3,10627,7175,150,12,0,46,0,7,5,0.3333333333333333,0.1875
gKP1VeuechnVOcFXm-LYmSB9_ofH4ia_SXabXe-mqdSpgUg,10s10,4534342799,carry,1543,3,4,14,14208,1731,8318,15,2,13011,11123,177,15,4,136,2,8,1,0.425,0.2
oZXm9xT50JF3rZaKqDNOlB4iLOzD9D8ZgtY51XKzB0KT1OA,Bluefrog1,4534342799,carry,1543,3,7,9,16075,475,5759,18,36,14865,8716,159,4,0,531,5,10,3,0.6,0.175
HA2xw6bAo2SjKFe5IjwVE7Jk2cAQtD3t8S5bcH5BTdtkGMqwouK9RxD4,강등당하는남자,4548546118,carry,1655,0,4,1,6988,2194,4988,25,15,10082,9887,223,4,0,83,1,11,5,0.07142857142857142,0.13793103448275862
uLYgk1pJl8U6iMdyisMuZW_kAYzVBMmD6qDSBlTjGcSXtPQ,손 동 민,4548546118,carry,1655,8,2,9,17231,2181,8231,37,7,12908,13761,231,20,0,120,3,9,12,0.5862068965517241,0.14285714285714285
JCzjK5BW-a17tLOf3i0LO7vVk2uE4tQMMCHK4cwjbyRC,DWG 후일담,4547285813,carry,1872,3,8,10,14139,2303,11423,13,21,15910,11446,175,16,0,134,1,10,4,0.3333333333333333,0.3333333333333333
qT6VbzWVokXMubASt6hRM8xJww4zp5ixTgCk8IlMFHNB8DI,기대안했어,4547285813,carry,1872,6,11,8,17746,4769,22384,16,27,24640,12319,197,10,0,123,1,9,3,0.5833333333333334,0.28205128205128205
HA2xw6bAo2SjKFe5IjwVE7Jk2cAQtD3t8S5bcH5BTdtkGMqwouK9RxD4,강등당하는남자,4548652699,carry,1877,2,4,9,16331,3012,7312,47,41,16380,11903,238,18,8,814,1,12,12,0.44,0.19047619047619047
DEZpz85OxNYwc5wKC13RWrMyokeE1xmK7ieLfGOGjE9OJZI,이스트건건,4547064373,carry,1253,4,1,3,6567,2812,4423,23,4,9363,9867,178,16,12,228,1,12,5,0.35,0.1
tvn0jYGWUAUkW5u0TH4tAZkqrQcEtC5EC1Y7iu53h2H6UEo,Nearly Dead,4547064373,carry,1253,1,5,1,6207,962,4022,15,7,9345,6939,151,6,2,25,0,7,3,0.2,0.25
s7uwtwmKe5UPKoMaKdkN2Lu_WIihEpO02bt2kYH1qZw,닉네임변경이취미,4544833230,carry,2102,12,3,10,29377,5868,18933,38,30,20962,17169,262,28,0,305,1,11,6,0.5365853658536586,0.10344827586206896
E5QTm0JlbnanT7Nq7d9IF4MjhIia_u2HRKPrEPGalnWw,설웅달,4503339678,carry,1438,9,1,13,16805,1916,4853,20,36,10156,12063,153,22,8,576,2,9,2,0.7586206896551724,0.0625
7hatBGscxN9hbdixJhFwnWgxKO3eNAxTViP2CIAtrVJOR-A,롤이 몰까lol,4503339678,carry,1438,0,5,4,4934,1206,5698,16,0,11834,6454,124,5,0,1,0,5,9,0.25,0.1724137931034483
xNC_LqBduqWu3Z8PM5Ec54PnX8QvTh138zoTQgTu4HZPlTw,청주 로맨틱가이,4547284880,carry,1635,4,5,13,27020,3527,11653,19,49,19316,11969,185,26,6,886,1,9,2,0.5483870967741935,0.2
xxXI_fCjIN2PGEuhehD3pYluRAICQlrkqTp4Np6Elk5iREGkgnu6z05B,Spoon0,4546802897,carry,1331,3,1,3,7197,1008,2630,19,1,5338,9591,180,8,4,61,3,7,2,0.23076923076923078,0.1
6g1l9BSHOsSgKbBacmW6OR3Ggu5WRkjRKLDDXlW4VJeuj2Eg5VxrsZ6z,지면잠못자는남자,4546802897,carry,1331,2,4,1,8373,739,2877,25,6,7967,8347,180,0,0,12,3,10,5,0.3,0.15384615384615385
xxXI_fCjIN2PGEuhehD3pYluRAICQlrkqTp4Np6Elk5iREGkgnu6z05B,소년가장 성빈,4540087589,carry,2289,6,3,10,20832,5517,11456,31,28,25113,14675,231,8,0,152,3,14,7,0.5333333333333333,0.10344827586206896
HWHghDfgQ9GH0nHO8TB2MOzg6BxnRkxrAT6KBZ39vGLZ,zhuxiyuan,4540087589,carry,2289,6,7,7,31102,4298,29996,23,11,29426,15189,271,16,0,405,3,14,4,0.4482758620689655,0.23333333333333334
7GgTT6FdFCGst9WYldAzBFdRugdE3HspkspjWMrbfZaJ,이성하,4541390600,carry,1894,4,4,12,17091,3396,9908,25,27,15250,12025,185,20,0,66,2,10,5,0.5333333333333333,0.19047619047619047
axWoNrwaEVkyz0EDfWQZy_uquiTCbIIPlqf7GLi4WF0avGg,40세무직,4541390600,carry,1894,3,7,5,11912,3108,6778,15,29,15416,10256,208,0,0,147,2,11,1,0.38095238095238093,0.23333333333333334
Mkh9CgxBNqiS4JVHH9UMJbRvORTLWVkYW84jA0OprIfRFHUhQ1BvJGnN,Gumayus1,4544858287,carry,1613,12,3,12,31253,2964,9125,26,15,12296,15158,208,12,4,294,2,6,6,0.7058823529411765,0.14285714285714285
AAY2BbHUwpJ11m8fx4TfGV--lNRt8mg1qoO1i69lPbK1ZM_O8GmMY8w0,그래맘껏비웃어1,4544858287,carry,1613,4,6,8,14719,2259,9209,20,21,16579,10982,210,14,0,230,3,10,2,0.5714285714285714,0.17647058823529413
piOAxS1y9pP4KBlu5y8dhbVen_yHxOozsNUFXiSesJeZGQAIo96GRdza,IlIllIIllIIllIIl,4537296847,carry,1207,3,1,1,6767,1451,4514,18,4,10165,8357,149,12,4,166,3,6,3,0.2,0.25
fBFdXWrxmPmW8m6p66iQE5C-sXZEnZqZ8neiB0QFoZe-PYmyK2oQhovh,AuSong,4537296847,carry,1207,1,2,1,11411,458,3628,14,2,7859,7903,179,0,0,94,1,7,2,0.5,0.1
DKdPCg10lHUNFTrd-qriqDNhyQDuPPwO2tuuW0jtje8H7rA,공부하고 자자,4547800351,carry,1591,7,5,17,24068,2250,6267,24,7,16441,12796,177,31,11,89,2,9,5,0.6857142857142857,0.29411764705882354
nitporjAId29JvkgT_7yynboJ_Uw3SPJOJgnhA82Bc6N4EubREmiGEvx,112595,4516971816,carry,1441,2,2,3,8458,840,3644,28,5,8163,9306,204,12,0,157,3,11,9,0.625,0.1
ulVFRiF5EHT4Ipt96WJdq15sF_Na50sOrPvm6kwJkFNGcb2369p3FRAJ,Deft fans TnT,4546131235,carry,1551,15,3,8,27756,6221,9832,24,3,17105,15609,213,29,5,68,3,9,4,0.5609756097560976,0.1111111111111111
vwR1KxPT4flTlQnq1CRtkRkmyNrduRphXmTOJTqUfnZC,아주 오래된 후회,4548573139,carry,1412,4,0,5,11499,8110,6169,16,26,12240,8101,132,4,0,120,3,9,2,0.6,0
AqQyMCvnmLxUjez59xGi7YdF4ohdVmgkxDzNaAJzrDth5sE,민혁이이이,4548573139,carry,1412,4,1,7,19339,2146,6613,20,5,12002,9317,160,8,0,50,1,9,2,0.4583333333333333,0.06666666666666667
_HYkhkKhExT6eN6YVb2RDXDsp7fExz4j3-HOLw6Ccca2,득이님,4536712396,carry,2310,12,5,27,49612,6872,23374,54,66,35311,19821,281,43,0,973,1,12,17,0.7647058823529411,0.125
17YlHxaUyiEu9uFwtZDk-uWB7RxRcJKztf9H9L7877d3,나만믿어 미포1위,4534543006,carry,1538,13,0,7,21602,1567,2299,13,6,4880,13403,178,12,0,53,0,6,4,0.8,0
LD33-wrSW7szSPQhRvFpYgE8nSa4Hh-l4i7xpkKEQHp9ago51SnQ3WLC,gtqeti796,4534543006,carry,1538,0,3,1,13589,159,8135,11,11,8710,9901,244,35,6,251,4,8,2,0.14285714285714285,0.12
UmCVs4-m59H5d8LqLdP_Uk102SXr70lELs9JZ0RJWcqFh3xFHxbDNB_s,gtqeti731,4547657151,carry,1521,5,7,4,16229,1292,11207,20,13,11994,12966,204,40,8,189,2,7,10,0.6923076923076923,0.2413793103448276
rymbYooxXZuZ6pX0Nr3vA6JPLHdwp1WPp5zc8pBfwP0BjS0,sosyy,4547657151,carry,1521,9,4,8,14537,5258,12691,43,9,15854,14273,235,24,0,350,2,19,8,0.5862068965517241,0.3076923076923077
arn95BIcE9l7jO6xLwsXKu803sjPk6LYxjk2RDyZGKiVP8ogSGdXlaby,Henre Leger,4546804494,carry,1331,4,8,5,9770,810,4536,9,6,13028,7772,106,0,0,48,1,3,3,0.6923076923076923,0.25806451612903225
mnoWGS57tV45ilVsAE3VOOuYhAEglW0sA9dATUA4lL2IRVY,뱀준영,4546804494,carry,1331,5,7,4,8219,2663,4130,6,10,11824,7729,109,5,1,107,0,5,1,0.2903225806451613,0.5384615384615384
lmsUytlEGhh31JPKQQv3QMKgxKW7gYwRxz3d7bvg6RgpjyC4jgJ-4Q2W,qingjing de ren,4538902695,carry,1432,3,5,8,10448,403,5077,26,29,11253,8784,190,1,0,670,5,12,8,0.6111111111111112,0.16129032258064516
sfjxPUYJOfxMEy1r90oHyc49tJf1Bg3ne0gdHstBvyosL0bqdc0925Wd,혜민님의 발닦개,4536854906,carry,1677,5,6,3,12625,1952,7227,19,2,14004,10940,162,16,0,85,0,8,3,0.2962962962962963,0.46153846153846156
QuITQDbFyALtPhrOs_KKCfPJL2Re5i0eHDYadh8rW0UNgqI,TwitchTV레인보우,4514957738,carry,1891,5,4,13,22086,2938,7020,24,35,15028,12841,189,32,2,140,2,8,7,0.5625,0.125
0I7PdzCFVfe4T2Ggq4S8cpsbf_yjJRJVuE9U0MC-ndEv2ECMjv0_-POw,ZZZZZero,4514957738,carry,1891,17,5,7,39416,5974,13846,25,10,23575,20024,206,22,4,122,0,6,11,0.75,0.15625
Kj3k2gEZaYOIfpUeM7Y87V034fiO0RAEmbz17MPRltBk29g,우마 챌 훈이,4544598547,carry,1307,1,3,1,9426,1562,4642,13,0,10631,6992,173,0,0,0,1,7,3,0.25,0.15
PbkgWgaIYGmlso9EAU2lHKxdng8cHlAQtFXv1B5KVq6vvH8,한둬얼,4546035314,carry,1304,8,0,9,12090,2215,3934,28,27,9069,10934,144,20,0,450,2,7,7,0.6538461538461539,0
Q-pXHx7KhnfWmx-R7DiFkWRCivvCncTWNSnTObVDDToS1Bg,원딜은무기력하다,4543003745,carry,1835,8,4,3,35255,3417,21110,28,10,15069,13948,243,28,8,397,5,14,3,0.5789473684210527,0.2
b2N8Qor4C_U-OK9bI4o37QWUvScX5uGzy3SI_Et7Qixgatg,꼬딱지나파야겠다,4545441714,carry,2319,3,9,16,34428,5693,25948,49,17,30972,16129,232,20,7,537,3,15,10,0.3584905660377358,0.1956521739130435
kMeACrYK1GYjfuP76Gy4R2-Labe-qLtMjI2yy31tJ92VZgYzgSJJIPHa,amendoukusaina,4536801254,carry,1973,3,11,7,21380,2247,11431,18,19,24335,12603,212,28,0,186,1,10,3,0.2857142857142857,0.3793103448275862
GpoPFH6c1YmnWVmKwZ3ThWF3uFHdctnT79Fp2BFQTY60CfgiKfwEujfk,충북청주시모충동,4536801254,carry,1973,6,8,6,16006,6807,12593,16,15,24967,13871,232,36,0,407,2,10,3,0.41379310344827586,0.22857142857142856
vYKKmxObOKCdPJSHmOgBlqnEpL0_wI58eprnFzbo1jr8,여엉문,4542153006,carry,1821,10,6,13,28811,3835,9796,18,55,19286,14861,204,18,0,826,4,11,2,0.6052631578947368,0.14634146341463414
UZoit503zVsJDGlDlXNvj5U81OmRWSdHXCvAkoBDAmFn,밀 루,4547598562,carry,1809,2,5,4,13215,2495,6972,16,3,15830,10625,227,3,0,33,2,11,5,0.42857142857142855,0.18518518518518517
X-qKbY4_2LR58Gyq8sTrtwxeP1XxpUfEGL1qDlvCuYtU,별이보고싶다,4547639382,carry,1678,5,7,9,19035,2156,7854,28,30,15152,11592,183,15,0,93,3,11,6,0.5833333333333334,0.21875
UJbwvHPbcvd7y7msVWDbCmW0SmZEPWz0yHWNcsIRxSPueeSP89HwUuyE,최강 정현우,4548571666,carry,1328,5,5,3,10038,2650,7752,21,15,12774,8588,134,12,0,204,1,8,7,0.5333333333333333,0.18518518518518517
YF67vgd49muDRkM_ByQOogXV8JWtEDGT3YB43OkPVzQj6BXB0s22e6L3,woai dandan,4548522965,carry,1791,6,6,5,10479,5051,6831,24,1,17695,14811,245,41,8,51,0,10,4,0.2894736842105263,0.2727272727272727
wlwHAj4cDYrH3dDHG-_ueQRiotR87kP_4yf1FmznWlo8dnk,Mr Humble,4539348620,carry,2046,11,4,7,43534,5585,13500,37,25,19888,17303,264,24,0,98,1,10,6,0.6428571428571429,0.15384615384615385
l3D5qR8ZcsVcFqZxmF1iijM9F3SC4QnegRYyJ6q2POJR,연욱이개패는사람,4518491170,carry,1816,1,4,3,11314,1832,5890,24,2,12996,12186,283,12,0,31,1,7,6,0.4,0.21052631578947367
Ga8TiQnWGxB1AvCYON1-1jkRaFEz4jR-NhqSxFrHSCmeCNkEp7lxnAdK,xiamulan,4518491170,carry,1816,3,2,7,10423,3215,8513,30,30,13371,12717,269,4,0,873,5,10,10,0.5263157894736842,0.2
Vy4cZ0l79Uvqxaw0VIHop4RIGiUqN_ZwxwxCdHDYRg1G,shcot,4541934847,carry,1520,2,2,5,11256,658,8985,22,3,13157,8949,195,6,0,53,4,10,5,0.5,0.09090909090909091
AOoGm4Mbn0iMolU1MEDnDd5H1GtY9x7M_C0bnAuqv0hB,감자쭉,4541934847,carry,1520,5,4,8,16864,3935,5448,16,14,10392,9328,162,0,0,264,2,10,2,0.5909090909090909,0.2857142857142857
oVGdVt8Wem_hwZNWQ1YpKhZtzBa8ofW_0ueL5rwgBjtI92Ybwyu2P8Dq,Rightwrong,4548322701,carry,1996,4,7,14,24107,2987,9772,35,66,21920,13665,228,38,0,1066,4,16,1,0.6,0.17073170731707318
gDbntJfhEcqH_TO4Dhhj-GLx6KBAXs5mpS7ESRERnqP6OFQgrSLO6SFF,코코오빠 o,4548322701,carry,1996,5,9,15,16761,6616,27342,29,26,21810,12851,197,5,1,349,4,16,3,0.4878048780487805,0.3
l2T_-5Pu3duzBUYqVIkLTRLAzKjsajVClG_eXU_YWR1XUy0,혁은주,4540896236,carry,1596,5,3,4,15874,2243,5014,35,35,10730,11479,190,28,0,698,4,10,9,0.5,0.125
CDtlP_JNK_FwJ9PnRyiIL1gIPhNoMLaHUM4eSVQ0MIsM,아이훈,4540896236,carry,1596,3,2,10,9166,2168,7449,17,8,10011,11019,189,4,0,121,3,11,5,0.5416666666666666,0.1111111111111111
QMITZatiBcxG3rkQXkcBa3nhDU-7vq6kur5onyg6tnHZeXU,04정글,4548548586,carry,1429,3,4,1,9501,885,3403,12,0,10920,8581,178,4,0,0,0,6,0,0.26666666666666666,0.16
N6Idil6Cai-YylmX_wB6ThvzzOAYJ_HcP4zK_Ao6bm90v2KVD15rtAYz,Toskbox,4548548586,carry,1429,7,3,6,14861,1342,3384,20,7,7649,9908,144,20,8,208,1,9,2,0.52,0.2
TMTmsAn3MtL8ThS3eN-4u6BDBZhUYftPw-sC_cf1hVMMemann6b6OIKv,Deft65432l,4548294165,carry,1736,12,6,10,21048,8812,15651,29,21,26746,15405,230,21,0,331,2,7,8,0.6470588235294118,0.2
Jpg83uOGe84KyNxzRaTJywVYUYobMmrrftpqjL8IwfkZ-Yc,제 능,4547320533,carry,1671,9,2,8,23198,897,6207,32,12,14222,14094,246,20,4,157,2,9,14,0.6538461538461539,0.125
_yZ5WRQK-3i2EYsBODYSPNRk-6LN67XCbTZG4rdnJ8s7NJvy3esBbY-X,Anyare,4547320533,carry,1671,0,6,4,8366,1376,7569,12,9,11444,9728,214,8,0,15,3,9,3,0.25,0.23076923076923078
8oJuPH6CnTJN-GbyHakFbpwb-agVdtkn8Di0WSxwvymd,김세돌,4547416097,carry,1576,5,4,3,12334,2008,5847,14,1,14437,9353,165,11,4,12,2,8,4,0.47058823529411764,0.19047619047619047
TTnbXq9Nak78LTk90rVagv4BE0v0C4WHtSpOlyFijL4ADFxyhV-9vYJY,XIAO XUE NAI BF,4542111777,carry,1822,3,7,3,15412,1243,10850,21,5,15515,10932,211,17,0,189,0,7,12,0.5454545454545454,0.2
LL5gMFzmah6AY-EbYnXGUO5LcAo9IVwU8PXzIJSSGjj8E9o,zxxzzxzxxzzx,4542111777,carry,1822,7,2,14,19300,4507,8823,42,32,14199,13877,230,29,9,888,4,13,8,0.6,0.18181818181818182
S_UpqmOHTcsLKyvyLTeZFdGamd9tZkVl_Rx6vvduSfIasKM,검정딜러,4518554254,carry,1798,3,5,3,11466,923,10604,21,2,20061,10186,199,12,0,67,2,9,3,0.25,0.16129032258064516
kMeACrYK1GYjfuP76Gy4R2-Labe-qLtMjI2yy31tJ92VZgYzgSJJIPHa,amendoukusaina,4518554254,carry,1798,9,3,6,26890,1048,8127,14,24,17029,15586,231,21,1,97,1,6,2,0.4838709677419355,0.125
b-oIsarHAHV3Eo84woc5EsY8q2e6dPLzxLRrEJN1ee4W,기 욤,4543303077,carry,1315,2,3,3,9563,929,5331,15,2,8372,8312,154,8,4,122,2,8,2,0.2631578947368421,0.3333333333333333
DhfbRVk5RyZAb-UoOGUbl95A276T-P5yq5B7vdwt69ob,동천동불주먹,4543303077,carry,1315,3,2,2,9459,524,3044,12,26,7917,8646,166,8,0,661,0,6,2,0.5555555555555556,0.10526315789473684
GpaNd4hyxD4exLKyqMDlTgXy0r8qH6pmZB_ehWkxmHANiKc,Tirin,4548602123,carry,1411,4,2,8,10147,8897,7419,23,31,14633,7859,111,0,0,166,3,9,5,0.5454545454545454,0.14285714285714285
aXZIGSQsX6KP8laAv5ay43Sb8lJBqWsIRbRU5Z38Mj10_G_BWuoFkJS2,서예지예쁘다,4547450354,carry,1776,9,7,6,26412,3057,10267,22,15,16114,12753,157,37,0,389,1,11,3,0.5357142857142857,0.19444444444444445
BOSYEvZRKWd981A2IR5KWWhuxtaNvjtTLR9gZh9CC65X,탕수육군만두,4547450354,carry,1776,5,6,12,19740,2577,8008,37,23,17429,12227,153,20,4,239,5,14,9,0.4722222222222222,0.21428571428571427
rKsl1_Kdf-LpR6GNPk0DVR1GbetRu4Lz9Uc4tvTiEC1E,유재민 그라가스,4548630526,carry,1715,10,6,7,24212,2744,6801,41,16,16375,13884,191,9,0,74,3,13,8,0.6071428571428571,0.25
AECViuDsNlh5oW_MuPk1Ed6M6SX-u-3r6cSzRERgdyW-CUcApNg8973I,겸손 노력 성실,4548630526,carry,1715,2,4,13,15113,2654,8759,24,39,16050,11270,210,25,0,935,2,9,2,0.625,0.14285714285714285
uVIBm8w8u1W1LzBU8C86fXqEzdmzdKaaMzrjSOOzOPMQ9qsdAKk4fPzE,cqwerqwefads,4542177252,carry,2003,1,5,6,14745,2646,10855,15,14,14262,11268,249,4,1,521,1,8,5,0.3181818181818182,0.21739130434782608
z75IhGXKV-4IceHhmjo-cBocS50PrEnHYwmMpzVxlqaCV8EHR1gxJRNp,전라인다박살,4542177252,carry,2003,5,6,8,21283,5393,10242,26,4,22110,12216,190,18,0,48,0,9,5,0.5652173913043478,0.2727272727272727
j6MWY_fFSu_FLeBxwWWGB9ELkORxf7_B1t0qr0vh_kxa,덫밟기,4546997966,carry,1523,7,5,12,16432,1909,6507,28,38,15410,10276,156,5,1,641,4,12,1,0.5757575757575758,0.4166666666666667
xsVuV6IUArxl7EvtJQdoQNmuljGZvwi_7VfH4iOtjxAmIMVfyPOTg1Wj,우단 타석,4546997966,carry,1523,4,8,2,16717,1587,7789,15,7,18320,10173,182,0,0,48,1,7,3,0.5,0.24242424242424243
ZH-AfkPPHM17s48d4dfN1w3TLd_STA7rWSh_b-Wcb_ZNbHwfkl15fV4n,liuzhenmoon,4548587712,carry,1758,3,11,3,16015,1974,7891,13,7,19198,10281,178,8,0,63,2,8,5,0.42857142857142855,0.2894736842105263
XA6HdTuLW8q6jN-FQ3Ce4fFn4hX3iQSXMW4njLk5Hpbh,원딜은 배고프다,4548587712,carry,1758,10,1,12,35431,3835,12065,43,5,21872,13615,229,29,5,97,2,11,5,0.5789473684210527,0.07142857142857142
tCOP7Ywg0yXZx987A8URu-jtP8XK3L-Wk2qkn3uHooZ5NzELzG34xKKX,신이선택한븝미짱,4526255516,carry,2137,13,7,4,27759,5106,21564,39,8,25896,16114,201,22,0,281,2,14,7,0.4594594594594595,0.175
JAqj902sVsY6mSZKQBAevwLHa8QjsVGvltsZNLBsCodkEuzuscl_02_Q,Kimory,4515145950,carry,1230,1,3,5,7258,1702,5576,13,31,10057,6586,146,0,0,497,1,5,1,0.6,0.16666666666666666
vfmonhXGD3OlF0We1M4vimUsN-YTdAf1IWZRPOI8z4Dn,원딜하맨,4545104112,carry,1436,5,4,5,17226,1285,9207,17,6,13259,10410,160,12,0,128,1,9,4,0.4,0.2222222222222222
FTVyJohIEAkAPaaJnckSvd4WMQ8Su6Ic3A3hJAu1TwpP,카오스할래요,4548033489,carry,1554,4,8,5,15598,2850,6508,20,12,15596,9632,163,0,0,48,2,6,4,0.42857142857142855,0.24242424242424243
DMGtBZtmJKD1E7gOjD5FzX2bxJOsuraRi7ISGauikwPKRUDEZQintdOs,want to rest,4548033489,carry,1554,11,5,13,21967,7571,11125,28,18,21483,14589,193,29,5,335,1,7,3,0.7272727272727273,0.23809523809523808
uLYgk1pJl8U6iMdyisMuZW_kAYzVBMmD6qDSBlTjGcSXtPQ,Carry Is What,4531893815,carry,2194,9,6,12,19645,5409,30207,30,30,22874,17541,232,26,6,163,7,15,4,0.5526315789473685,0.17647058823529413
1PxBwMVGwG0wsKirypyy_-IgZGb34IXTL3JUJpkkeBF6,더 샷,4541554126,carry,1467,5,3,7,11134,1096,8307,27,24,9912,10007,188,20,0,246,3,10,4,0.6666666666666666,0.12
GY7zOLpdIbMgMcBYwk2qDOW7F6Z_1C43wCllxtkCIcZpukQC3k-TPlhA,용감하네,4548287901,carry,1487,4,2,8,10474,3691,5250,18,11,11454,10341,173,12,0,39,2,10,2,0.41379310344827586,0.2222222222222222
MEGjgzDq93LxqrZz5I3owrjvoX0O5_kJaAJrrHxT0_Ljxg5PAyM4wE5Q,이 영 꿔,4539688186,carry,1731,0,5,6,15105,2110,6267,28,2,18752,9496,201,20,0,28,3,9,8,0.375,0.15625
aXZIGSQsX6KP8laAv5ay43Sb8lJBqWsIRbRU5Z38Mj10_G_BWuoFkJS2,서예지예쁘다,4547450354,carry,1776,9,7,6,26412,3057,10267,22,15,16114,12753,157,37,0,389,1,11,3,0.5357142857142857,0.19444444444444445
BOSYEvZRKWd981A2IR5KWWhuxtaNvjtTLR9gZh9CC65X,탕수육군만두,4547450354,carry,1776,5,6,12,19740,2577,8008,37,23,17429,12227,153,20,4,239,5,14,9,0.4722222222222222,0.21428571428571427
nBvf6ndd8YEoZY3BtQ9qRXXY4U4dUWL9yrIyPmSjMibN,사과랑귤만안먹음,4548528637,carry,1730,6,4,5,16596,1932,5323,39,46,12884,11804,174,17,1,663,3,12,8,0.4230769230769231,0.2222222222222222
sNV1jf7xMUnM38QYQBuvyezoLhqlVtYxPi4momtnMi0k,French Cookies,4545423267,carry,1820,3,4,14,22130,1758,12629,36,39,22104,11879,200,32,2,867,3,11,6,0.5666666666666667,0.2
GCi09iMYUp-r6xUVC6YBiTvsslsIJ5Jm-IbQ9ZXWOn_TCcU,어린이즈,4548616726,carry,1822,12,8,7,32843,1849,8378,40,7,22680,13364,206,8,0,77,7,15,4,0.5588235294117647,0.27586206896551724
PFvYybGDU7m5CF1GZOYgRlA4wNyjBrNIO-uNyIRpsct9b9W3qyqCm4Hq,욜 율,4548616726,carry,1822,12,9,10,48864,3790,23623,38,14,25201,15756,228,20,0,222,1,8,11,0.7586206896551724,0.2647058823529412
ka4wGb9qxC0uWsOt6rsOnaoL2Y__iX8UcqletISE3n2Hv50DPi8C2ASS,아직도 쓰라려,4530354745,carry,1596,1,6,3,11718,2107,6787,13,0,15082,7622,170,0,0,39,3,9,0,0.26666666666666666,0.2
fiAp2WFlxBaTXPysC6-dmmeAVu4JE9j8L3p_sxceATaX_Wu_j-gKMMtv,라즈베리파이3,4548281320,carry,1322,5,2,8,7834,1385,3476,12,14,8207,8399,134,4,0,37,0,4,3,0.6842105263157895,0.11764705882352941
3ywYXtWWlGOLlvORgt4XqvpkLJOQqYTzGre7rh2_rQ2HWBA,영선e,4548281320,carry,1322,4,4,4,7763,1456,8453,13,13,9986,8601,125,8,0,72,3,8,1,0.47058823529411764,0.21052631578947367
GYihduRt_kZZAc_meNI9WjLBCydDnijOQhtKuOvIQ5kL976DNlGk8MdW,Ol승엽,4540143466,carry,1380,12,4,9,25373,2003,9822,21,6,15976,12138,171,16,0,202,1,5,1,0.5384615384615384,0.3076923076923077
5YIIeVLV1BtOGPu_zofdr2FEFId88xi-1z-4FvHPlOTPYgo,점멸 딜,4540143466,carry,1380,2,10,5,11655,1029,6498,9,11,16526,7497,127,4,0,301,0,6,1,0.5384615384615384,0.2564102564102564
1pY2o3IbMeZGw5Vbi1k5025Je5GS-gHlgJfFAku6bggQIJbCUr6t8uyK,THIS is AD GAP,4547076644,carry,1401,8,4,6,16131,6775,7128,13,34,14468,10333,147,0,0,190,0,4,4,0.7,0.12903225806451613
ZTZV0ttmfqtWiPKjn5du4t6nDZPw6iGWnt4avjd2FNqH6jk,Cyaaa,4547076644,carry,1401,10,3,9,21857,2164,9497,16,5,14020,12238,174,12,0,169,2,8,3,0.6129032258064516,0.15
f6cDOJXvP_iaVzVtH9UUPKd_tawyou05YE-rNdRBjvds7J4,수달커여워,4548620940,carry,1866,4,8,6,18710,2091,8860,16,0,21544,13327,252,13,0,2,0,8,4,0.38461538461538464,0.16666666666666666
Kfv_hqXzGmI91N5T7utw6JOfySCuxHrXNFwtNW3UnCC4,가래다,4548620940,carry,1866,4,3,17,16996,3431,5811,24,40,15250,13026,194,16,0,621,0,10,4,0.4375,0.11538461538461539
xxXI_fCjIN2PGEuhehD3pYluRAICQlrkqTp4Np6Elk5iREGkgnu6z05B,Spoon0,4547032539,carry,1384,2,5,8,3671,1392,3936,15,19,10937,7970,108,2,2,302,2,8,0,0.3333333333333333,0.3333333333333333
BkyJKkWiGizYEZYgVzHKEV0XC8MiDAfp7qnPvcW1AcYj,chick,4547032539,carry,1384,3,3,3,10431,3849,5072,18,22,10304,8726,160,0,0,126,1,7,0,0.4,0.1
XZeRd8OBWtRC1g7LQxr88Lmr3aZAjvFCtZEp9JKG1Yf1,농사길,4547595819,carry,1536,3,5,7,12208,1827,6201,24,11,12835,10257,190,8,0,51,2,9,6,0.3448275862068966,0.18518518518518517
W2gxptREEHYBTw7gOUoxhg7_HoYKKi-5dTDrOX6_DIK5z_djHKy4N9vm,모솔경력20년,4547595819,carry,1536,8,7,7,23621,3058,9714,21,51,17207,10396,148,8,0,710,2,8,3,0.5769230769230769,0.2413793103448276
4OtdgiAe1BQ6sQc7cal3lZ17r7wp2n3BC8FhOHHyyzjg77U,공원호,4547197754,carry,1531,10,8,5,19619,2352,9897,17,6,17375,11408,154,4,0,153,1,9,0,0.5,0.21621621621621623
-kInfbybqncz2WRvr4mbiHXh4gGzrYhUdBkQuDp4zyAU8ekjcXs1ikXR,lin chen si dian,4547197754,carry,1531,4,9,5,14884,3962,8717,20,0,18055,10753,163,16,4,0,1,9,5,0.24324324324324326,0.3
XBUwnsTxMFahMy6ZktDMQXmCAWilet27tyfoulZ2VpskguA,DRX Dalft,4548464805,carry,2045,13,3,18,41772,1196,16923,32,6,22546,17295,255,16,0,62,2,12,5,0.8611111111111112,0.12
g3wfSYazcywSwk3U1M-U5yDQOJmaoEZMJ3Z8-Tmb1a66,우리끝까지해보자,4548464805,carry,2045,5,10,10,21739,2433,11906,17,53,23657,13590,211,14,0,832,2,7,4,0.6,0.2777777777777778
ZruCPM1QA4PUfkMN_Z2vQjhus6pqsm_hsPoojQp99KoYlGohOXMwkgJG,long1029,4536886612,carry,1349,2,9,5,6394,1046,7198,12,16,14231,8151,161,8,0,170,2,8,1,0.3333333333333333,0.3103448275862069
E9h4jiUyAT61Q14aMFBgxgdQqESc5ZZVGMu2tIKxeeB0WBQ,Bullet specter,4536886612,carry,1349,11,3,10,18333,1211,6583,19,38,9809,12460,162,16,0,571,2,7,3,0.7241379310344828,0.13636363636363635
