account_id,summoner_name,match_id,position,playtime,kills,deaths,assists,totalDamageDealtToChampions,totalHeal,damageSelfMitigated,visionScore,timeCCingOthers,totalDamageTaken,goldEarned,totalMinionsKilled,neutralMinionsKilled,neutralMinionsKilledEnemyJungle,totalTimeCrowdControlDealt,visionWardsBoughtInGame,wardsPlaced,wardsKilled,killsRatio,deathsRatio
5nac16OMvEPXPPr2MHWhpQHDHbg4TEfgTWWozBYjkeLoGrJeON59KCrW,누누버프점 ,4529288161,top,1235,4,2,6,8086,2117,6890,11,10,10713,9676,141,8,8,40,0,6,1,0.2702702702702703,0.16666666666666666
79gRcW8VLbXh3pMx5dnJFib3x1TkvNMwCAhpMAzgjXGlb1ml6zZxWmjQ,펭수펭귄,4547763753,top,1284,4,1,4,9985,4665,14196,7,12,14445,7512,93,0,0,111,0,5,0,0.20512820512820512,0.16666666666666666
dB5e6oNrcWZ8sNWig6E_PvvN0PcNiHIjSVQZwssHTWZ0_srjhKfPOWWJ,넘버원12,4547763753,top,1284,2,8,0,7911,2681,10079,2,1,20009,6037,81,0,0,18,0,1,0,0.3333333333333333,0.20512820512820512
8QNLCZ_1MGkKiVEP_8yry5wZGspYMAwuvOByRk3Eonk,Kim Babo,4545083743,top,2266,8,5,5,22821,17241,78257,25,34,51593,15429,211,4,4,428,2,11,3,0.6190476190476191,0.1724137931034483
8TViI9MdTG0nSVoa1hkAUk-p03O5vEnC7lUwZmLaPaznzM0,으누 겅듀,4545083743,top,2266,18,5,8,47524,11066,38424,19,53,42711,18383,195,16,8,226,1,11,2,0.896551724137931,0.23809523809523808
WKnbXFeWeRTcIGnlNeNTOljX91bvav3WBptKhH6FG0_8mi6x8IxZUE3H,혁 데 기,4543413063,top,2077,8,7,8,31024,10078,35168,27,8,35121,14530,204,0,0,54,4,8,6,0.48484848484848486,0.2916666666666667
pvdx0o4TOPNG5asqzKR03Aaejqj3M5tq-fpL4zII3IAhDyM,주급도둑김기인,4543413063,top,2077,8,6,2,26911,11499,22425,29,28,36015,14237,198,40,0,590,1,6,4,0.4166666666666667,0.18181818181818182
gx_IpVJ_gSqnMiGGMy0AIvNFksbv03kCqi699FcI1DURVom3z3amtB8n,힘마스터,4515766018,top,2277,4,12,6,10329,4960,45127,25,32,35871,11613,135,1,0,169,1,4,6,0.2631578947368421,0.2
6XIzuCCUWtguM1z25uhG-Opxy3bd9lJ_M_3Y9L9NL2SUIB8,티모의 버섯볶음,4541771457,top,1905,7,7,4,17336,9380,28483,16,24,30053,11190,201,4,0,375,0,10,0,0.39285714285714285,0.23333333333333334
8uPcioLGmqweWfs1DYiuJKJOIxfm2qse2qMLutgLCU6yUj4,ViRuX,4541771457,top,1905,9,9,2,30103,7753,25623,16,15,32504,13517,209,8,1,72,0,10,2,0.36666666666666664,0.32142857142857145
x5Kq6PB24LtlZTKba9rBuTuGrQ3br6Dx7FICEvKtk1Xyxsj9CWUGQqzs,F점멸 애호가,4547735711,top,2069,8,4,8,25657,9926,26831,15,21,34823,15524,245,19,3,106,0,7,1,0.6153846153846154,0.12903225806451613
No8JMZdoy_kTpmXxyyLUaey1QFNnoCeIrENCHdHgnYJW,성찰하면서살자,4547735711,top,2069,2,6,7,13933,2685,26867,25,21,25821,9967,140,10,0,170,4,7,3,0.2903225806451613,0.23076923076923078
_u0qCZL7FYyJOQ5BAsTtUFIuPrV6tiu2QKphhbF3Xb0Q,순간 침꼴깍삼킴,4467763245,top,1639,7,7,3,19460,951,22765,28,11,29456,10035,131,8,0,57,3,11,5,0.2857142857142857,0.3333333333333333
X_ML8YK5P_7A_UjyIq-BR5MtFe1v-1Wgw9_MOzP-Dqa7,수련하는 스님,4467763245,top,1639,5,10,6,26286,7584,25710,17,25,36284,11325,159,8,4,56,3,8,2,0.5238095238095238,0.2857142857142857
nlmc6APhRANzfdZNekbOzJsZ4ysehOqDD1Q2ZJCLbJfChsmGwFj3mDwW,꽃등심스테끼,4522944975,top,1435,2,4,4,8486,2045,10685,9,3,15099,7493,123,0,0,35,0,6,0,0.16216216216216217,0.17391304347826086
hgPdwBZeGe10OLvZtUgegUNNax4OBa5zZV7LTX7WXjHD4-BgfrPTPAD-,불꽃남자 김희권 ,4522944975,top,1435,4,3,3,12969,1708,15221,13,25,18906,7955,159,0,0,65,2,6,0,0.30434782608695654,0.08108108108108109
uKDpT1LzpDlMd0ShTw8DVQ7X9Fw98cDkM9Wl8hKLDzrX,이유비1,4515480857,top,1525,2,8,5,19207,6056,21976,16,4,26463,8715,143,4,0,24,4,6,3,0.5,0.2222222222222222
H2HDTgSbPClP5xsPKw-W3TRqRFRHpDOJTsxTp8YIQIQeIOY1LYVNai3e,퐁 냥,4542134272,top,1988,6,6,0,18913,3030,45771,17,38,29538,13565,224,32,12,123,0,9,2,0.25,0.17647058823529413
TI2FyUuriK7j7V0MvLgLl0FrZd9LEN6iMXzqr0lHxwsJS0BzKtWuSw2v,SKT TI Y0J0NGD0,4548704855,top,1332,7,4,0,11464,7476,12760,6,13,23442,9294,128,0,0,212,0,4,0,0.6363636363636364,0.2222222222222222
KYzGLdND83OBnxcSMbq9OxxN5Gy2wntFHCVJBzkzC9xaVkN3Nijg0tJ7,oLUSTo,4548683387,top,2078,5,1,5,12698,5577,31634,16,10,28725,11985,183,4,0,130,0,9,1,0.24390243902439024,0.05555555555555555
577pP0-vBLvvUUfsHlzM0RMHFimMCz9lks4v3dAgoQpyLvpGXRRXVTfr,홀리머더퍼커,4548023719,top,1212,1,6,2,7992,7028,5760,5,1,15971,5777,103,4,0,48,1,3,1,0.25,0.17142857142857143
rA_kFOxu-7hjLYs2FNz8to294joHyV2WX365hhXf6Y8u,틀딱진쥐,4548023719,top,1212,6,3,9,17316,2717,14080,8,14,16217,9426,128,7,0,177,0,4,1,0.42857142857142855,0.25
x5flGm7zTYWXDU970jGm9xgjLPmyRicHvssiOwFhFYZSW9U,커피분노조절장인,4523076307,top,1348,5,1,6,17121,5175,10106,22,30,18024,11187,197,8,8,59,3,7,2,0.4074074074074074,0.14285714285714285
vA3WWASQaQmJOx1VF1sk5zdDg8Fu4o8sHwZ1PEZqwerX,샤크오일,4523076307,top,1348,2,7,2,12252,4859,22357,9,3,22290,6942,126,0,0,32,0,6,0,0.5714285714285714,0.25925925925925924
ttM8utgsME9CCxdaIXhhe6ToMjCNIVn2hhupLr5FdGGf3D0,샤코가샤코해따,4503543622,top,2091,0,5,9,8595,3428,7273,18,24,17204,8574,111,16,4,641,0,12,1,0.391304347826087,0.19230769230769232
ZlUymiqk0r8p1uUdROdii4zv_bXvObX1TzF27DnM9y5RkTtXw0QTX6P8,바텀전용캐릭,4503543622,top,2091,3,3,6,19444,7576,16411,19,7,18636,13425,239,28,4,147,0,10,3,0.36,0.13043478260869565
zOZ3i-vWfDp8uHus854M5FLgfvTdq25f2gzUS6kfhhGm2YU,듀듀듀듀듀듀듀,4548039430,top,2031,10,12,3,21346,5545,20308,20,8,37188,11969,116,18,4,105,0,9,5,0.4482758620689655,0.25
AxwjAGV_NBj8ApNCEFzfyHhEyYb6q38ZSBIYXiZKV-ZKpAo,자고싶어죽겠네,4547110857,top,1725,5,7,6,15627,2475,24674,11,21,26545,9395,136,4,0,93,1,6,1,0.39285714285714285,0.25
R6IOq9j0pKNMJ1f7dXKV9C-mhDHrBR854-sPxVEMEbkNb8A,성무가 온다,4547110857,top,1725,10,7,4,24687,13032,36510,26,25,32283,12327,182,0,0,327,1,11,0,0.5,0.25
ZJwELTlCQxSK66u9jzLw090uPcSnNdCU7IgQVIXX58y4,woowung,4542765264,top,1978,3,3,2,19824,5040,24203,9,6,18734,13834,240,8,1,111,1,7,1,0.23809523809523808,0.13636363636363635
PWot3gW49fkI5drMwSlxMyqYMpg3OqSpuq7spVryMQGQ,tree 초,4542765264,top,1978,6,5,1,16371,3212,46014,23,31,36852,12440,194,20,1,112,2,11,2,0.3181818181818182,0.23809523809523808
BHjfvyBvBa2ttyj-nt88AuO0Ofo8iqkeKUcFtrXi79FR,Aze Fighter,4548791524,top,1650,1,4,8,12340,455,31497,16,27,15910,7459,140,2,0,449,1,4,6,0.47368421052631576,0.12903225806451613
-OsSS-4PT968yc2gm14Hpo0XGGlvF18AYw8dkxR8EgpuVXY,집앞3번출구,4545703188,top,1350,9,4,0,14516,1927,7998,14,12,19309,9788,142,0,0,253,1,7,1,0.5625,0.14285714285714285
t1ZULboDZQ99xsXr206xpwyc-5ypBCSVKJxPdMFxNH0w99g,앰설병,4545703188,top,1350,6,6,2,21421,312,4729,11,10,11986,10360,163,0,0,126,2,7,0,0.2962962962962963,0.375
9MqnAzb9qDEDOSnmBvkTpj4uhRz9lkVWBCQNEXI1jG0nw78,뜨리썸플레이스,4540863027,top,1398,8,5,5,16758,958,23946,8,31,31352,10871,100,4,0,299,0,6,0,0.5909090909090909,0.125
gbi4FSoTO4A57-KaRkd34LYwB88icLz0XU4zsQ5vKJEjANnuuZrgzr1e,탈모존잘남,4540863027,top,1398,3,6,5,19604,6355,13966,23,0,22781,9486,135,0,0,17,2,8,3,0.2,0.2727272727272727
K516sfFbseekiE1LP9kzgjsc7CAFA6-R8tmoIyNnltlG,와꾸대장 명운이,4547156055,top,1361,4,6,0,11846,0,7490,12,19,12487,7128,119,0,0,86,1,5,2,0.4,0.25
9yTKsR7ESpNDuxV6XEl5Krd8kqTQHDNChX5M_Wh8gqYyewjRvYGOh4Ja,5252일라오이,4547156055,top,1361,8,3,2,14082,2406,9199,11,2,13785,10299,154,10,6,43,0,7,0,0.4166666666666667,0.3
sARE5eB9VEZVHxm8_skK0bkoZHvDZvDhBdIMHOIg8pQa,동규빠,4376679232,top,2079,6,6,7,23024,2671,5035,21,43,16820,10269,138,17,2,476,0,9,9,0.41935483870967744,0.24
Fr245AXZC1m-rwDP3Gec9slckr_clSxxUEZVx1ybtgFIgTI,빙 매,4376679232,top,2079,3,4,4,6619,1848,16248,35,15,24090,11825,156,6,0,150,4,9,13,0.28,0.12903225806451613
5ir_fRLniv7QB5BqZa7ftHUkgyYUMBCazYlQ_tT33zpd7UE,수수깡이다,4537396892,top,1408,4,4,4,11306,611,12193,11,14,15269,7856,123,0,0,125,0,7,0,0.4,0.11764705882352941
o0OZPlvhRoaDpS996JqF_iCPDSzOW3KYIlyUovPk46K0,향미각,4537396892,top,1408,1,2,4,8008,1736,12658,10,11,14222,8404,149,24,12,172,0,7,0,0.14705882352941177,0.1
SCF8QvvJBE-g2Ap9x-dV7GqOuKr2oP3Y0LOqC-6mptEOMp0,슈퍼탱커말파이트,4540503659,top,1399,5,5,2,14746,0,29651,8,21,14101,8512,122,0,0,596,2,4,1,0.2692307692307692,0.1724137931034483
3lq2nAPPScouH8Tj4oAQpTGwmtwKlX0Ecih_Rycoo-9p1PpvxMQGedHI,강한 머리 하나,4546134557,top,1630,6,11,4,13731,4089,20657,7,20,34289,9952,121,4,0,60,0,4,2,0.5,0.2682926829268293
qUU8L5G-7ryFfeD94kDOcsKyBYYJgfuvNtSrn08M0Uqr,DWG 0sori,4546134557,top,1630,9,6,10,23083,6352,19676,16,19,26081,12122,175,4,0,49,3,11,0,0.4634146341463415,0.3
NkpPTXh972RtsDXxssgi8Im8GzaaLZWCjaSXHQe5rF404DLJBEUwz5kT,Challenger갈꺼야,4461984202,top,1346,0,6,2,5707,2929,8638,9,5,18482,6147,119,4,0,38,0,6,0,0.25,0.1935483870967742
ZjCkWSi1FiSfQWvoOAl7YKkHcujhJx7E1i0en2MBOUI7V7E,신지드뽕맛개꿀맛,4461984202,top,1346,5,1,1,11453,1158,10737,16,24,13751,9943,152,12,12,65,2,8,1,0.1935483870967742,0.125
VKns1jheYc22Ye9Rs70A0Gj0QFT7I94MqJQjeB_w_vXv,제영이,4548565027,top,2077,4,14,7,15475,6142,31268,8,78,51049,10449,130,4,0,592,0,6,0,0.3333333333333333,0.3111111111111111
iL_-4VJpqodCv5iEXNXbc4vhG-g7zei07-lD_detns4ewZ8,점멸딜필승,4487509783,top,1707,6,6,5,22092,5046,10995,9,4,23894,9490,117,12,8,61,0,6,0,0.2619047619047619,0.3157894736842105
dKlmZMe6I678YPzA0GABx2BaE9Pb4kM2KR7Dq8eU7SBOLlQ,짝은태발이,4544238892,top,2195,12,11,2,22499,3737,38660,23,25,41159,13947,148,3,0,185,2,5,8,0.4666666666666667,0.22448979591836735
xa6gBuXOQecSLssmjscQJRS9MeeFtMdlQ1b2XkDHQMrMOzoTnRmdZoDb,총질하는 짱아,4532912832,top,2320,22,7,10,41871,6599,67664,19,68,47638,21283,244,7,7,161,1,9,1,0.6037735849056604,0.125
7rMu7vCdODT07vrio6Mg-HAqFeCpxvaB6Ma8dbwD75xupYEdAFYVfMq2,22012313,4532912832,top,2320,1,10,16,23189,8449,48910,24,19,34281,11421,165,4,4,377,0,13,2,0.30357142857142855,0.18867924528301888
Of03CxmotY7M_b9mUIBx-kxonJkAoIVTcnRIkSmmGqjxOjU,Chexs,4545808651,top,1421,5,1,6,16742,2741,6272,17,28,10053,9263,126,12,8,67,1,8,2,0.3142857142857143,0.06666666666666667
CVcYaS4iIm4BOUdP6EovnkMjBjJwuPXLljuyWaIYCvUdqNT7o7JxHU-S,연습용아의듸,4545808651,top,1421,1,11,1,6425,265,14710,10,17,24332,5526,83,4,0,218,1,8,0,0.13333333333333333,0.3142857142857143
TRA-tOsQynlhOcF6IfM1nznEsnaslUJ4tA5cb0NMbQGt6HA,양 효 렬,4426234353,top,1720,5,4,7,21712,8290,26389,23,12,27133,14446,214,34,13,188,3,11,2,0.6,0.16
tJzfJtzDbnJurfSGnx74r6eGhUsvXGh5jjtWvGpVhtsI,샌드파인,4548718181,top,1565,7,3,3,13823,5082,15126,11,5,22295,10674,158,4,0,59,0,5,5,0.23809523809523808,0.15789473684210525
PnLr__bGUPVm6y_ja_-b0JqunoLkmKs325_3V9DNdreSz6g,다리함,4546561149,top,2393,16,8,5,45494,17853,61387,32,38,54505,18994,248,20,8,236,6,16,1,0.75,0.1702127659574468
Km45CvYRscIxfs3aKBJYmQHCrrqX0TSvqaTRXTF13Y2ZZDw,강쨈뽕,4546561149,top,2393,17,8,11,59888,23311,84989,36,34,59838,20535,260,14,4,233,1,14,0,0.5957446808510638,0.2857142857142857
NPBariurK5vQUwbo_Kvk0aLCdnp2zZ6BRu63A0E9Xno0DEyWtA571A4h,파랗게불타올랐어,4532527107,top,1704,3,4,1,10269,1789,28813,18,33,22722,8856,150,1,0,361,1,9,0,0.36363636363636365,0.2
9uY7mf4LmziMmrJNbTXjXumle-8Bex3YDl_dIGYXs_HL4nE,간다 롤한똘,4532527107,top,1704,2,2,6,12240,7085,17844,16,16,19406,10767,200,12,4,101,0,9,3,0.4,0.18181818181818182
sRHaFe4_oqODdhNbxX8xbKAsL8QAPElhD9g2inyFAV9g5NaDHjHBKoZJ,푸짐하게싸는유저,4424675158,top,1681,13,5,5,25833,5803,38402,13,34,24873,15246,204,8,1,83,0,8,0,0.45,0.20833333333333334
Ft3h0dqH-tKCSNecr0FEtXSV9AObYADU4-JCCvC1eJxn0r4,앙기러기의 똥,4502026154,top,1276,1,9,1,7935,511,9737,8,19,17882,5010,88,1,0,132,0,5,1,0.2857142857142857,0.20930232558139536
huF1aHJxBOASzDEMlvC1ly6Frq83fYNFLDnYWT-bs-xjcitu9DsggW_h,이렇게딱,4440382665,top,2275,7,3,3,34918,34939,18098,24,5,37220,15172,250,25,0,122,1,11,3,0.4166666666666667,0.1
f3W9uOXMWXwXCNpqKL0ZNvUAAIghe80XCfzcK8YqhVFGcdk,포크스튜,4440382665,top,2275,1,4,5,23967,6298,12412,34,38,24778,14879,259,34,0,58,3,14,2,0.2,0.16666666666666666
U8Ij1z9RKZUWFqvGVf_iYKNq_SHkirHj4RfAt9OUD0XBXm8EGudGzXFN,바텀아 왜그래,4509738322,top,2038,2,9,4,13029,6229,32063,15,11,36072,9233,141,6,0,113,3,12,1,0.20689655172413793,0.19148936170212766
zs1j-G7jl1a77G0lU50Sve5I_ThehqptQ3YM1zA1xZkI,괜찮아친구야,4509738322,top,2038,10,6,13,32384,6058,36941,30,25,28676,14932,171,7,5,398,1,12,2,0.48936170212765956,0.20689655172413793
21wjw45hdj3zBnxOwH13c-ApIVGOrN7V3-EF0V5a4ncDe8I,EaGL,4522117725,top,2207,5,6,6,13781,3391,10144,25,10,19116,13538,145,16,0,28,0,11,1,0.39285714285714285,0.18181818181818182
RuHMfohmEfimMQ9w0wsxTGTNu5b0SFnthCCnoRRcXZuFSaY,임금수라상에휴지,4522117725,top,2207,5,9,11,17118,4905,27428,36,18,30697,13372,206,24,12,48,5,15,4,0.48484848484848486,0.32142857142857145
1048nOVnBgnTjuty722tFDMfMe4XqKcpzzUppv2bqsmX,부쉬속108배,4097861757,top,2260,4,6,10,24661,11299,37439,21,21,33479,12367,174,8,0,315,4,12,1,0.4827586206896552,0.1935483870967742
6g7iWRb2AyuXvFSOEa3hxOCKvlonWiOj6xxJooFWLouy,뇌종양의원인,4097861757,top,2260,6,6,12,28862,4803,54320,18,64,43360,12683,174,18,4,593,3,10,1,0.6,0.20689655172413793
cj1yV3TGpjwJbKg5BZk6-tumOd5c6m2NBNfm0ba95ym_n60OQLN422aX,Godr1us,4533600307,top,1889,7,7,10,24970,5784,16220,26,6,25284,12091,170,0,0,65,5,15,1,0.5862068965517241,0.2692307692307692
kBoWxSonlxmzheGZ7SHEUSBEd1VGswjaNGPVseV2xKrxrsc,dl준형,4337679912,top,2837,8,5,18,57333,8924,26277,14,39,34394,18392,275,16,0,640,1,10,0,0.49056603773584906,0.11904761904761904
_PdzU_e1shVjlGTCqgqV3nQWjbMYHhpG3lwj4ES1gLy5xQ4,rnaxim,4337679912,top,2837,14,9,13,59504,22791,76772,39,33,59885,20053,253,22,4,393,1,15,6,0.6428571428571429,0.16981132075471697
vEUpJHwzej4CRgPIB4VyJIEnZEQXGF8krNecKzS1HQPoaGk,라코스테다,4545678728,top,1282,5,0,4,11704,3106,12631,18,17,15285,8291,145,0,0,120,1,6,1,0.45,0
NyZK_1-CZTi2X_8_2BA-SwfjC-6M7KRNtR3scwuUuaCDB2gGBd1HwTyi,Feelings,4545678728,top,1282,0,5,2,10548,9588,5738,6,2,15086,6509,134,0,0,75,0,4,0,0.2857142857142857,0.25
wHF1LRzlBGiRov4ZOC4tZ7N1MGNOGW7-t3CtXn7IF-UmsdbxT6MdFeps,롤버스충,4516998346,top,1962,13,2,6,31005,26359,50660,27,36,38689,17702,218,31,1,311,3,14,2,0.6333333333333333,0.1111111111111111
aKAPs3cwsl9hczHa30jLiqbDYS1eBNLYR90aAdjWvL6Nnzg,Death in Mark,4516998346,top,1962,3,4,0,11606,3054,30181,28,20,23166,11712,199,24,12,137,3,5,8,0.16666666666666666,0.13333333333333333
mLJNtomHHTHlWDfJmbt3Q64YTMLkxnICtkjWQgq36ElM,대딩년,4511920916,top,1516,6,4,8,14811,1812,8218,25,22,15226,11029,147,8,4,140,1,9,0,0.4375,0.16666666666666666
Nxkn-LHiWXO228i07NAp-uqhK63qbES3HAlE10Cv3pI5n_4,GTT Riven,4482280574,top,1990,13,7,1,40037,8558,42724,41,28,36827,16823,267,16,4,261,1,11,8,0.5185185185185185,0.15555555555555556
r7GMsW8qwFpkYwr3RgcdzJle281d3tTPzPxUzetHm7c7qA4iqBbVCrbl,Tanosang,4548589328,top,2065,2,8,2,8661,4474,15841,16,11,25167,9002,125,0,0,78,0,11,1,0.15384615384615385,0.15384615384615385
_AZfZgT9YTXEQKwv0Kx4Wljv9-_mSTpr0RdjjGO_Ce6qqp7lWPMJecbU,쉑쉬한남자 ,4548589328,top,2065,8,2,14,20140,7984,31891,21,24,22126,14395,224,4,0,328,1,6,4,0.4230769230769231,0.07407407407407407
6W71_opDSblWXg8iJPpSBEfhQt4IE5RuZB2SKhKIKW-JZQ1WlH27CMk3,신레몬,4547804457,top,1368,4,5,4,13964,1805,18316,12,19,19942,8075,121,0,0,134,2,8,0,0.20512820512820512,0.23809523809523808
M214BrXDgQOSxk5Rt7E12RE1gOvUvaR5owshjE2w9Kjl0DQ7SXp2Vpw6,D G B N,4471802877,top,1429,4,6,7,15450,4977,14504,19,19,22799,10637,173,4,0,73,2,8,2,0.8461538461538461,0.25
p5W4TfS5I8VOrM26ETJGjt_arL52z1HS6eWI-eZlrO_J95I,방패톱스,4500180393,top,1927,5,10,6,17559,9679,24529,25,27,32580,10435,139,12,4,210,2,12,2,0.3333333333333333,0.3448275862068966
fROOJ_E5CsuabKhdSJeY4OAR1EQO2-6AO4o4qexESkISYDY,웬지얄미운나,4500180393,top,1927,10,7,4,21951,2787,37796,18,28,31731,15386,188,14,6,91,3,5,2,0.4827586206896552,0.21212121212121213
-KUoe3MnkOTgJdnipEGkP05qO6025I9lSjkyZb6rag_i,GODM4,4492877319,top,1947,10,8,2,22221,3356,11125,18,9,20256,13120,180,25,0,94,0,8,6,0.36363636363636365,0.18181818181818182
lMYHFn-de14oxM5-pHYa9mZxkAeomWPefdO5UqkI2br9dDgxELQZG6HY,치발려나,4492877319,top,1947,21,5,12,39318,13699,24335,30,33,34144,18178,180,12,0,263,0,10,4,0.75,0.15151515151515152
ggGzbwtNsAHPm1tH1022jm_AHJKtgXxkSqUnYb9R62QGrJyTqYalLSd2,리얼팀운씹망게임,4502174025,top,1479,2,3,1,7700,1276,15209,2,14,15804,8085,157,4,0,238,0,1,1,0.23076923076923078,0.08333333333333333
qxZosOWG9crztd8cHf6yiBfEjoj1M9RSHCppLv4XNmi15Nk,사실확인서,4502174025,top,1479,2,4,3,7069,854,14000,9,15,15846,7514,122,2,2,131,0,8,0,0.1388888888888889,0.2857142857142857
o1o7KzTt_4I1v6tCevHDPZWMvXbIZnYifsrReNWzmRlOlPNs48GXyCdz,리안드리 아칼리,4518122280,top,1452,2,5,4,5637,1396,8263,17,8,13624,7258,117,0,0,23,2,9,1,0.3157894736842105,0.16129032258064516
M_QnJENPgiKZca70pg1czh3897mojXlVxOAFkBd9t8p7lYU,뜽호야골드찍었어,4518122280,top,1452,5,5,6,8539,3043,14403,16,17,18335,9528,153,8,0,163,0,7,3,0.3548387096774194,0.25
AjBDge9qvOnQL317JdJL5ZSDBAoaK-5wVD9KpRYmBufpgPkxGhKbIXG-,여섯번째 소환사,4548715572,top,1554,4,4,8,17743,12364,13637,8,7,19556,9893,146,4,4,70,0,5,0,0.3157894736842105,0.21052631578947367
Z7rCRf-vbxRCrJOeVygKHi_63xQ18ectj890xAU4K7KP9AQ,ESAGGI,4530484794,top,1944,15,8,12,37210,11664,33776,9,14,34472,14546,134,8,8,132,0,2,3,0.5869565217391305,0.25806451612903225
uzeaLuAOq1f4WofojsrcVlzvSPr-2NsaWAc6yXeRJw_Gx4fF4mIXKKgZ,뽀삐 KR,4430073909,top,1531,3,4,3,14779,2997,22663,26,34,13827,9879,178,6,2,677,3,9,2,0.21428571428571427,0.4444444444444444
kJWDc1EA5-JpkdrlWIfmrKPFss95mTp64Mx0kJrAQHob_HM,성장형캐릭,4541485993,top,1562,4,2,5,12922,3822,16548,15,5,19895,10203,152,12,4,58,0,7,1,0.32142857142857145,0.18181818181818182
FtK4ly-V4DE4i2PqUOrYIBHBd5-ORkikrGwr4jNprDkhGQw,SKY TIMO,4535181208,top,1946,10,3,7,35475,17035,37035,17,11,37647,15662,252,2,1,89,2,10,2,0.4358974358974359,0.1111111111111111
58-RWmp1Pfw4XqqXy9wIn26Xx1NsZxO-fMGJvt2Bqcv3,굥산이,4535181208,top,1946,3,9,6,18375,8288,32154,13,19,36643,11832,215,0,0,32,1,6,2,0.3333333333333333,0.23076923076923078
f_rk-cQyRI2gvd2H7dDMIkzQNd-mRmzdfaPPTYPj3EoFQ9U,빵초띠,4478799783,top,1222,1,4,0,7558,2568,5303,11,14,11448,6415,136,0,0,260,1,7,3,0.14285714285714285,0.2857142857142857
5ygxLEWNJ4asaYMuTWVT2orTTVQ2bfTWiraO-Q_947zRgs4,교드래곤,4478799783,top,1222,3,2,2,8739,3287,13591,23,14,12671,9527,176,16,8,235,5,6,8,0.35714285714285715,0.2857142857142857
An26Vx07Vut1mNGSBubY5hysqtYRNR-FmUQs-z8vOlpsjrwfFeteYlhx,그렇게할거면접어,4478284277,top,3123,3,3,9,20284,42499,52372,20,41,37778,16608,207,60,20,750,0,4,2,0.3333333333333333,0.15789473684210525
wsChcUy_BpuKxkDwd8uFn-7VeX5Iptn7nmbtC4lIpPabIOs,쟈 르,4427874345,top,1492,5,7,4,15011,9275,18375,15,19,27695,8136,114,0,0,176,2,9,0,0.28125,0.2916666666666667
s5EzCTUHevQqq5p9H6pzFfCmhqDgQz6WQR1vj8WnMXr7Ek4,긴급상향,4427874345,top,1492,4,8,3,20177,3961,21131,22,20,22316,10246,149,8,0,29,1,8,2,0.2916666666666667,0.25
mxaQRXPYVdidLtcJ7rzLIZmca2URMNyHGipQR5xss9hUCe4,맛잇는컴푸터,4517967363,top,1626,2,7,3,14385,1258,6799,16,28,15553,7935,86,8,0,230,0,8,1,0.21739130434782608,0.2692307692307692
BKIapEUAq21ewqKqDWVpOJZevgD8LNmqInaliAKLEvuC,긍정왕 원시킹,4517967363,top,1626,6,3,7,13468,4937,11088,21,18,19091,10234,160,0,0,82,2,9,0,0.5,0.13043478260869565
ZsPwvd64J7RSeRnlQBlf4_PFCr7ojMjxS8FKAogAzPQy7z-_tCGZEX8Y,꼬wu면니가하든가,4475119037,top,2225,0,4,0,3018,53,3999,4,6,7150,6792,60,0,0,57,0,3,0,0,0.2
PP3zqobZFgx7XpxYqXNleiSysTPqdfO1YyJQKiB8AdxMZng,핑구밍,4508822476,top,2248,5,12,10,18338,0,33415,35,35,27316,11941,147,8,0,1015,4,17,6,0.42857142857142855,0.26666666666666666
AQToL2LVAYqagp3bcYtPhH93yDhOYSJllc7batnk0NagFnU,지성이면,4546570418,top,1987,14,1,12,22063,5397,48107,9,37,28161,14874,169,4,0,239,0,5,1,0.7878787878787878,0.0625
4z120TEdjj108Rz2reUTm0iqM7tCTcKUYwMN3dcQ0-wm,덩  그,4531497036,top,1324,1,1,5,7149,3718,10567,15,16,16405,7784,155,6,5,86,0,7,1,0.3157894736842105,0.16666666666666666
6ImF3lGe8QOI4nzlSk1ty9CBhRqYx1Sh5n_8B2Ec7uk5h8IIXjB25qoJ,서폿하는 자 ,4531497036,top,1324,1,4,0,10824,953,4734,21,21,9468,5780,121,0,0,55,1,9,1,0.16666666666666666,0.21052631578947367
VGlLyWA7n8P6hyaqVdqswpRseVd3ufLY6h5wj7QWSlc8_6nTC1hkTvTr,피자너무마시써,4389666793,top,1440,2,2,6,11099,6848,12199,8,17,20128,9469,176,12,4,158,2,4,0,0.2,0.10526315789473684
Ch3sBXPlAZey1pFEFym9STSCe_ciyrSLs8SJOWMw6IBRFcE,둥 e,4427802820,top,2093,2,7,13,11513,3367,14749,41,37,18797,8662,82,4,0,65,2,21,3,0.375,0.14285714285714285
oxneRp50L53eVv_EPN40Vo2Y53K6VJkd9LukVdMOmUfa58oO9Ain5Xgg,HYJ2,4427802820,top,2093,15,5,7,27269,5530,56680,26,28,36586,18547,203,40,12,85,0,11,6,0.4489795918367347,0.125
XmP8-s8jyeYc6CzPeruuRAsvDcXqZ0z3s_0elqM1BQ9vm8YfKSUd_aCz,큐미밈,4481744234,top,1922,3,4,7,8366,3023,14876,12,29,21052,9494,102,0,0,320,0,6,2,0.2631578947368421,0.16
6oxDHIEt27_YXk8r1APUleYzTzhJDMWOBs9TlokukB3SFNPNugraKadl,미드황족입니다,4536119746,top,2151,10,5,5,23608,6514,55014,22,31,26419,12954,161,10,0,670,1,11,6,0.3488372093023256,0.1388888888888889
CimGSDhTqZoDoVS_MUhRbmGFD2G-0gBNCQ2wVgHZoTp3u5PFXvLbxGGC,ldhkevinlee,4424165067,top,2470,12,13,5,37224,3275,20185,30,18,35770,18682,252,18,4,119,4,16,0,0.425,0.3611111111111111
vosV45rHH3PbqXi0EGH6QWOMz1XDzWlxoXkhaSDj3gqRonY,10이야,4546186613,top,1634,5,6,0,11670,3818,21996,13,23,25650,10449,164,4,0,46,0,8,1,0.29411764705882354,0.2
dylwlbZvDAt_FLN-OoEMkO5jzANEkEaho4C5c29oGS_qqmueT3buT8XM,T1  Justice,4546186613,top,1634,3,2,6,10251,3616,20699,12,21,19038,8821,123,12,0,241,1,8,0,0.3,0.11764705882352941
IoCv_Jo_ZojebLAke0EfWnXT_6KpuyYjwDJRbBZJq5oF0Hisu1I9-Htt,죽빵악마,4532814781,top,4747,8,15,11,62029,22654,220240,41,65,117064,24208,307,16,0,1340,0,20,3,0.3220338983050847,0.1875
nuqe9uLC67tXXN3zqHoKbQKSx1b7sZmFQDw7W3EneOCNg1E,신흥동잠수함,4544474736,top,1954,5,5,12,23152,1372,24576,30,16,19458,12171,181,0,0,183,4,14,3,0.4358974358974359,0.15151515151515152
LQYNHnPVFq7GgJqdgWx8pzN3srhBzoXeVARjilAm-zi6KPSTPKJXoJuQ,연계백숙,4540184267,top,1824,2,7,6,14695,199,13173,9,22,19786,9021,135,20,0,103,0,1,1,0.32,0.1590909090909091
4-UIoasIBe-aEZ0ZWwOIAoI-ucwmQ-jTuh9jLPLrO_Py,God Kaiser,4540184267,top,1824,7,4,7,13685,6027,18717,9,8,22581,12051,156,0,0,85,0,6,0,0.32558139534883723,0.16
pxtdQaDxBXkTi7OWHQKZ-9G3lJE1VhMMh_JUbTsWM23-vrwEJnV5LDge,황혼의인도자37,4547623366,top,2314,8,8,7,32003,8449,32918,17,198,38707,15863,228,8,0,401,0,10,1,0.5,0.27586206896551724
yd7XRFLVVc0-N6oOBbtCfp7l7uw9KkIav4WtGM2NczHcJ6I,TT잘할께,4547623366,top,2314,5,7,11,31657,7470,20515,23,37,47058,14028,211,28,8,527,1,13,2,0.5517241379310345,0.23333333333333334
uNSp6Zdor2RJEE_8TUzGexKJLI1iptjxJDRKYvUzFyzd_aQ,탁이에요,4546617242,top,1542,3,7,6,10207,1898,17917,12,11,22080,7341,99,16,0,81,0,8,1,0.42857142857142855,0.2413793103448276
GDAdCAMC5qcMVyTxAwcg1a7XrvIQXbBnwMPM91lxcB9t,혜지 여자친구,4424150739,top,1682,11,8,3,29128,7132,25639,2,17,31064,13106,178,16,7,130,0,2,0,0.358974358974359,0.2962962962962963
-UWwDf3Q8reTYQJfQlpAGY0tkYyX27zuZgjimIZZ9kuDHfY,꽈르보나라 취킨,4424150739,top,1682,7,7,7,19288,117,35945,11,21,35797,11653,175,9,0,244,1,8,1,0.5185185185185185,0.1794871794871795
kzFl5RlVF5jouiHuZtS8T4Jja-psZ9DgWVehfJmK8IFk,권오달,4547204545,top,2136,7,4,15,20176,3511,50967,33,46,21459,12787,137,7,7,700,2,9,7,0.5116279069767442,0.18181818181818182
kAPUJPkTopO9jVQXotqJbRLklxbMbj9s89dn6pU0WlaV,장어헌터,4201387606,top,1420,8,2,3,15309,4864,17536,14,21,15022,10763,159,12,12,88,2,9,0,0.4074074074074074,0.2222222222222222
dtrl24G-DyHG3iSRC4I_KVukbaNngGVq3YeNeGtbhRFW,건영아,4508764086,top,1788,1,3,9,15260,7844,25492,11,46,18665,10358,173,0,0,323,2,6,1,0.3448275862068966,0.125
PScPsAImL5vjcXqNV0Crf1FODT5iqHIrpKOfEbXi5D9B,CHUINGER,4508764086,top,1788,4,5,8,16776,7159,24799,17,22,30034,10809,183,16,0,57,0,7,3,0.5217391304347826,0.1724137931034483
qF3Ei3H3iAeL_GXkPXt4gIj4-J4Aic9GWOXbh6YbUGq92o1L3-dPGRE_,pentamino,4538654964,top,1954,8,2,5,18865,6671,36051,35,21,31105,14699,207,16,2,161,4,10,9,0.43333333333333335,0.047619047619047616
b0I_cJYJ3cmdqI10BqONOex6REw3OIJaWZ48az9HBmNE5kg,미쳐버린게임,4499141165,top,1889,2,8,2,8556,2847,16156,18,2,22479,8301,129,4,0,33,1,9,1,0.19047619047619047,0.32
OQ9osQXugWtVBfG5_zYyhcCEi4oYXpfWA8qad9VZ-aKHSeWWWjFrz8jU,2021 Must pass,4543342507,top,1381,4,2,1,10948,1451,10610,7,13,14555,8236,125,0,0,106,0,5,0,0.4166666666666667,0.07407407407407407
IM5qpoL3vicf6XZwxWT9D1VGFdZp1R7HuWrd0mgeYk_o,거 미 새 끼,4543342507,top,1381,2,3,3,9659,2262,4158,7,3,8966,6939,104,8,0,36,2,4,1,0.18518518518518517,0.25
V7crIMDwmAe5CT7hH--yWk2GxegN9fpdLRJRMUNVkCj0,asdfjkasdfgwebvv,4517064672,top,1598,3,9,3,12679,1,9882,3,6,15920,6604,86,0,0,46,0,3,0,0.24,0.2903225806451613
1n5C3cdx8E7yYkEpdQsEgFlnIV7eHndXnFhiPgqOMnIbZjMLz-HPqPn2,밀jip,4475721142,top,1256,7,2,3,13075,1873,15094,11,33,14528,9505,142,4,0,85,0,6,1,0.43478260869565216,0.16666666666666666
8TyFAI2PcYY3azXE4WCcgZk3w720CFNvActjqTe3EGzS,김태희내거,4475721142,top,1256,3,1,2,10985,1018,10296,11,18,10135,6341,104,0,0,124,3,7,0,0.4166666666666667,0.043478260869565216
08swaaROJML0XBcgRI7E2vYwj1kiNvbXgEB52xKGu8DvhRwEzPE4DN1y,Trurdamage 에코,4536022606,top,1426,8,9,7,15631,3456,17595,11,19,26716,8867,94,0,0,84,0,6,2,0.5769230769230769,0.1875
c_zPt7GyjCK1Q9C48ZFZfbGk3X51Ivsr6p09zNUM3AcYpRTCy0IL_Ebw,서폿이징,4466380368,top,1714,5,8,6,17220,6813,29400,8,26,25547,10489,115,6,0,202,2,6,0,0.275,0.2222222222222222
gUZWrcrwyH05cbx5xNMnUZr6fk7EAPnJV8wdR-wmcgzChdY,우파합시다,4252314817,top,1226,3,6,0,16484,933,6581,15,25,13243,7357,110,0,0,262,1,5,0,0.3333333333333333,0.2222222222222222
LAcXHHsNb2MJSFsvWvufRe9TSUMhTK_nFEaVPbIN10rX,뷰띠끄,4510638832,top,1558,1,4,0,14565,566,11959,12,30,20143,8109,152,12,0,461,0,7,1,0.05555555555555555,0.0975609756097561
6LB0IghZ5N7kUHsTUpOmceH4iYEUMl83QBHvSkf2jeHm,Watch out,4510638832,top,1558,6,1,4,16268,26978,10841,24,3,23217,11530,195,20,9,141,2,10,0,0.24390243902439024,0.05555555555555555
0J0GUfhwH8r4XZsfHONnqKRebo-uiMUEPAN-ujA12DnNp8OaN1ujBgQH,우암유치원,4547891521,top,2527,4,10,8,24216,8319,34034,21,5,40246,11779,176,0,0,34,0,11,2,0.375,0.2564102564102564
UTEMbn9WC0hBRYlkz4wzzG_cqJJ1nlnm2vp3CsHyRmG7h6S0HJpR2XB5,독빡맨,4547891521,top,2527,7,6,8,30566,9028,28689,27,31,42243,16371,224,24,0,202,0,12,3,0.38461538461538464,0.1875
G0N1AUN-PW4eODoZNxTMUFqeS9fmhvw7orTiTHkPMOc,겨분이야,4545156271,top,1478,2,4,1,5630,4386,10808,11,9,18631,6803,115,4,4,69,0,8,0,0.2,0.18181818181818182
XT-jNn3SJtjhImanU5Vmv5EC3JDvlkA-h117y2-2twB1CeI,코따나,4532380977,top,1405,4,3,5,11520,2680,8620,7,24,15923,9803,172,0,0,137,2,5,0,0.36,0.3333333333333333
p1nUBUibVW9-229_4WGvyeSGSDqiaF5sLLJennTiqsrfMdg,사일러스꼭지,4532380977,top,1405,2,4,2,12405,4330,8711,13,3,16413,6963,138,0,0,63,0,6,3,0.4444444444444444,0.16
CdNbA_LLV_uHG7ywv6xGEvE7nPZPZZyuwjsaCEBiVqqgIj9P4xP7UGHD,Boss Of Top Lane,4544813109,top,2052,8,11,11,18324,1441,53748,29,22,47364,14610,197,9,0,291,3,13,5,0.48717948717948717,0.19642857142857142
ruVb5eKIMUdMJiO1Q3xIB-8E-wjZqo7UqoW5o_pGfWQ5_mQ4kLLEulW7,KOREA 대한국인,4544813109,top,2052,26,10,7,53877,8655,39516,19,39,49074,21468,184,48,24,242,0,10,2,0.5892857142857143,0.2564102564102564
jHRCGzh8Ac6pI4S9aIK4-9sjPNpAxSw--4Ya4iy6R74Xe8drXcxdNdiY,샤라르,4520131694,top,1911,3,4,10,11972,2996,13746,16,16,16177,10051,135,8,0,36,0,8,2,0.48148148148148145,0.26666666666666666
PX1GSdWuGwqf7Y7jiR5BzZqPKkr3q55shb_PM6FEYAuwKs7S9eRS9yL0,HYNN H1,4520131694,top,1911,5,5,3,20133,8586,34860,14,10,29820,14226,263,4,0,98,0,6,2,0.5333333333333333,0.18518518518518517
HdzGHuRVi_eIVA0eoPsXs6SOSNgNAbRDcjUsgsWbpnzmx6o,탑와라 이년들아,4548500873,top,1924,9,4,3,22851,2431,44863,16,29,25282,15636,205,4,0,275,0,9,3,0.48,0.1
mS5aGW-majcz3JnMBzXcL64jRaDV9x8-FxjAoNVtDJa69s4,도영탄 ,4548500873,top,1924,15,9,8,45395,691,22145,15,34,29720,16887,208,26,9,177,1,4,2,0.575,0.36
vEEA1Kp-CcktIyVs2Yp8tNKq4_M-ijWdbyIC-LUR-y-tQ6M,물좀빼고가시게,4548257380,top,1820,6,13,14,28208,11221,52989,12,103,41983,10104,120,4,0,692,0,8,0,0.5882352941176471,0.23636363636363636
w4nOrh7I3PoTyprualcbL-S3iDVgGqEbRLBL1WXKAmVwxT0,우에하라윤희,4548257380,top,1820,10,7,18,36164,4765,29799,22,27,35062,13650,126,43,15,103,1,9,1,0.509090909090909,0.20588235294117646
QktlMTRF5JHkKvxGLzBw6qdcJZZJza74Eadx0tozfAXb_QKrEVvh0FoO,서폿길인생,4536682395,top,1409,14,1,6,24735,8980,11087,18,17,17706,13789,172,20,8,362,1,8,1,0.5714285714285714,0.14285714285714285
x1ns3PJZ_i1rhsFpy4RvLMaRLg0Y_Tkod2ym0aJtTIr3cXM,베인곤충,4535375376,top,1922,3,6,12,18449,9063,50001,19,71,34281,10659,178,1,0,403,1,10,5,0.5172413793103449,0.16666666666666666
_nLy07ut-iFaqSi2DXrgfzQ1xZqzjAwrQgKR8AqV7apha6BH2bMsOIWW,스쳐도골절상,4521352264,top,1672,2,2,8,8347,3259,8717,12,3,13228,10264,192,4,0,19,3,5,2,0.25,0.09523809523809523
22nDikQpghyoJY6IZS-t8JeBjpOLSXcH9HiAQUOQF_M_GsA,MvP 대표패기,4500116715,top,2028,4,8,11,13356,9095,24003,17,19,29537,11257,132,4,0,114,2,9,1,0.625,0.2962962962962963
2A6RleptPrvdr_zSIGigpHQ21CINttarPe40jU1RjMdmRCv4uUVPME8K,top911,4500116715,top,2028,8,4,2,14566,4549,9423,15,11,16482,11933,158,12,8,54,1,7,2,0.37037037037037035,0.16666666666666666
cokU-m6XIfP4jxY4L0CvWmGCOksxcKkaD8kb37QthqKje8A,Meongchaeng,4538583931,top,1200,8,2,1,15355,5893,13032,6,5,13291,10760,152,9,1,30,0,4,0,0.8181818181818182,0.1111111111111111
bmXLjckARkS9rGrtqHW6VtIxFJPsHg1GYpsV2qM1RYACXUQ7oT3z2Uhm,Bule Sapphire,4538583931,top,1200,1,7,0,6426,1466,7574,8,10,14330,5046,77,4,0,21,0,5,0,0.0625,0.6363636363636364
-iU9fTNsk3MltUH08n7qha2E6SWB5SdWd6JvfziDznos_7-ph-thEi5O,오이 개,4536063480,top,1607,3,4,2,9214,2938,15293,3,16,22852,7068,100,0,0,76,0,2,0,0.2777777777777778,0.14285714285714285
AmUXiYPtNrsAEa3qvMJSNj1AliM4rx0CLlXQZTkmuvCtS4-cSzf4ucoF,호상잉,4536063480,top,1607,0,3,0,11391,1941,6583,16,19,14353,7906,135,4,4,239,1,8,1,0,0.16666666666666666
o1o7KzTt_4I1v6tCevHDPZWMvXbIZnYifsrReNWzmRlOlPNs48GXyCdz,리안드리 아칼리,4518122280,top,1452,2,5,4,5637,1396,8263,17,8,13624,7258,117,0,0,23,2,9,1,0.3157894736842105,0.16129032258064516
M_QnJENPgiKZca70pg1czh3897mojXlVxOAFkBd9t8p7lYU,뜽호야골드찍었어,4518122280,top,1452,5,5,6,8539,3043,14403,16,17,18335,9528,153,8,0,163,0,7,3,0.3548387096774194,0.25
-gwAv21QYgw8T2Xay5TWntTYg-N15_Na2yFBS33g2JH1slQ,조쉔족,4512610322,top,1827,3,3,11,13332,1491,25819,19,23,19465,10645,139,4,4,390,3,10,2,0.3888888888888889,0.15
0YfNvmiN1Y7jsKWV-Sy1UYiLhMfUF0blLvWkEnlkBq3FbDvCT40l0BPr,애완견 스칼,4512610322,top,1827,3,7,4,9648,4033,19145,19,19,26126,8503,139,4,0,222,1,10,3,0.35,0.19444444444444445
KmgJWceDy5spwP8mYz1-CvSuOhvuWn4gnoq6Us67mx3Bg-k,이노무땍끼야,4539230197,top,1241,4,3,5,11113,6508,9617,11,11,15406,9351,136,9,5,100,0,6,0,0.42857142857142855,0.25
f9w2W95QdL-jealQKdv9Tc8O2JNNAbP2WlGdIemqn1oQwJDyd5KxGRA-,무룩잉,4477666819,top,1704,11,1,3,32682,1159,12494,29,30,21438,13744,188,16,12,140,3,6,6,0.5833333333333334,0.16666666666666666
Fbn-v3b2lON0TK9vUUvyKzl9V1Pxs8WE_q3aMHfnqf1zSdg,동메당로,4477666819,top,1704,2,3,0,12724,7949,10910,20,14,24959,10028,192,28,0,72,3,11,1,0.3333333333333333,0.125
Qzu5je5FnlI6DODTA83OV9KnLQFyCD96vsq_Fl_46Hks3Kw,스오 치는 리븐,4540887002,top,3208,22,11,6,49525,25989,54185,20,7,66505,22041,191,42,24,127,0,11,0,0.5833333333333334,0.22916666666666666
YrmiPqLgi4VHMCq_RgVPmsCSUAr-ylqg3DnqEkWTm_DrBac,좀놀던넘,4540887002,top,3208,3,6,27,27632,23171,115201,45,131,57604,14120,178,7,0,1329,3,18,3,0.6382978723404256,0.125
jGZU4VJLsjFClJjur3Rq87RJ5ScHgaot4pFfOC0HLQulK8vCUyM2kF-2,담겜가자 수공,4539279058,top,1900,1,5,5,13630,2136,33131,9,31,23737,7828,132,4,0,230,0,5,1,0.3157894736842105,0.16129032258064516
DSlar6JiE5fLvahLbr7JXaY9Ki0kt7qK5tzGt9iq6nl1hkk,CJM1125,4539279058,top,1900,9,3,5,22714,12352,15143,23,25,25931,11616,175,0,0,332,3,13,1,0.45161290322580644,0.15789473684210525
6Nw7-BXTY-8W6x1A2T_BmpKL3C6bm0DCHwXR03-XGNMb3yN-s3D7XCHo,호동초1짱출신,4547832234,top,2047,13,11,6,27011,11177,23213,9,4,39741,13274,147,0,0,60,0,6,1,0.59375,0.2894736842105263
kab1b9J6UXMLgMlebMwYvU5V1sJqDv24JvOoIiGgVzLIdy-N08FKttpM,이민쭌,4529189124,top,1677,2,9,1,24492,2207,18190,13,49,30825,8493,120,1,0,404,0,8,1,0.14285714285714285,0.225
tbm0wGbwwVsqxZ67D_9dQ_WEdR1Hgb46-6i0M1rm_FW2,여왕님때려주세요,4529189124,top,1677,16,3,11,38266,23568,47281,17,39,43107,14237,147,4,0,191,1,6,4,0.675,0.14285714285714285
OE-X8fo33Nlzm5yFsAfTqddnV4MoqVYEa73fkyfXQmGTVD0,우횽에몽,4547782668,top,1410,1,5,2,4591,280,13163,18,17,14553,6812,113,8,0,98,4,7,2,0.09090909090909091,0.3125
iYIa0j7FInBLRsGoDBhJKvtLLU_iBJt613LlBw3ZL2wd,남탓하면블랙,4547782668,top,1410,4,8,3,11497,1039,16299,22,19,24116,9005,130,4,4,90,3,10,1,0.4375,0.24242424242424243
pDC4TeKCyOHuzU2l8_pymQswjspMs6gTXmReIOjSQqBsoB0Mj_8xSCd3,슈퍼콘 민트초코,4548326721,top,1629,15,3,10,31990,12637,19792,13,21,26559,13522,143,8,0,230,0,8,0,0.6756756756756757,0.14285714285714285
udYTt-rhfMoH3ZSAyveMW9xmn0j9X1OpoJkqw0WcQv886ow,성수2가1동,4500092277,top,1225,4,2,6,8785,1508,17834,9,15,14223,7926,139,0,0,121,1,6,1,0.45454545454545453,0.2
3vbLjeHXZ_XDh-DxLI_J8LuKwiTb51XIyGZXFqtCNLS2UDw,Rebellation,4500092277,top,1225,0,3,2,6577,4915,13104,12,6,14732,6334,129,0,0,60,1,6,0,0.2,0.13636363636363635
XfAqXRKkud284QOQCW0bFTCLE_a8OB3CtKygW_AyRuwJ,우문직,4495723097,top,1798,5,6,4,17818,9684,31803,16,13,31044,12261,154,36,15,442,3,8,1,0.23684210526315788,0.2608695652173913
MnOzOJtoNqkdGk4KpbaGBmgY36E6NzqaOqC6AHEQlAWZuDQ,레고혁,4495723097,top,1798,5,6,6,21308,5359,22314,11,7,25991,11730,202,0,0,206,0,8,1,0.4782608695652174,0.15384615384615385
c7HhQGjWcyPx7TG_a5rlYqHZ_pwUxALzFlWSQdHcvP-2,A7M3,4427723469,top,1622,3,6,4,17925,1010,11955,11,3,15631,9319,188,12,0,123,0,5,2,0.2413793103448276,0.35294117647058826
t99SbTZtJ0NjA9nWq_VkIsaD2sk8rq-54Vl6TgsHK9YuIhM,이호킹,4427723469,top,1622,5,4,0,8944,2552,15671,13,10,21802,9963,192,0,0,79,3,9,0,0.29411764705882354,0.13793103448275862
f6rhM-GjOzTNx8C4xJKaqhn6zR6-rvq8kra9fAgZAHQ43xw,진격의가렌,4353405785,top,2240,6,6,4,15573,2247,48722,18,36,35115,12055,170,12,1,192,0,7,7,0.2631578947368421,0.12
lyVfJ7EDbdAGRUKBDe0f-Di2ehJrzW-lNVHmi_O00GyC,고자의꿈,4547179488,top,2766,15,7,8,54033,28168,77701,32,16,62187,20948,241,20,0,198,0,15,6,0.5897435897435898,0.1794871794871795
WDrhIpib3zorDZQAypRUaDze26qIlXeiIH3EWECO3jnrktg,앤드 듀프레인,4547179488,top,2766,9,10,5,35998,11109,94137,28,48,55175,18125,220,12,0,134,1,16,1,0.358974358974359,0.2564102564102564
KO_R6aKFpcPtgEzq5GlitCsrzdf2JbnKRy4aVpTEcp8XZKo,유사 예린이,4518838090,top,1537,8,4,8,20388,11771,17243,13,27,26132,9999,125,4,4,195,1,8,1,0.5,0.2
OCAhIQL0_L_Pu-__4llyOwS3XlPP9_G_tE9pu8CDoDRrcPWZkWTK29lG,AP ChamPlon,4518838090,top,1537,6,6,1,19870,1306,21490,11,29,19804,9115,133,6,0,477,1,6,1,0.35,0.1875
duUWDVFCd4UbgyrhV1ah48CC0hj1tGtiaXbU_iuWT7AewIY,유혹합니까,4546368803,top,1210,1,5,2,6030,2141,9217,7,3,12812,6744,114,4,0,55,0,6,0,0.3333333333333333,0.20833333333333334
L2yjZiQ4kkduhu7-4tVLk2yO6BWR0vwqse4u1uyj7neeSEE,AJUBU FORST,4534955321,top,1605,8,3,2,14872,440,17232,12,12,22558,9783,126,12,0,106,0,8,1,0.25,0.13636363636363635
Q6DV-KzOWB1GV6q6gU1ZO4L8XnOZNao1hDpCpZjHNTnP,쉔 연습중,4541398146,top,1670,8,5,5,18100,2700,31393,10,33,29863,10734,133,0,0,128,1,8,0,0.48148148148148145,0.11904761904761904
FQgbdrgxZpvl08ZHslGdiOkCvXk2v5iLK2vwIb9fh0hKSsvaVsnOG1gi,GetOut로비,4542010833,top,1619,1,3,1,8368,4814,14764,18,21,20381,8046,177,0,0,49,6,13,1,0.18181818181818182,0.10714285714285714
mgeEpEBvdz7eS_wUBDqJ3C1u0jxKKA8H8gX5RajQCfbTfhI,광명 케빈,4542010833,top,1619,3,4,5,18611,492,35650,20,31,12973,9817,190,12,8,1815,1,10,3,0.2857142857142857,0.36363636363636365
mL-zBTfQjslbYNvBMUtaPqK32mwx7JqZI2RV11eyOUzyfz5B53YciDXW,김윤재 노예,4314316843,top,1464,5,2,5,13884,4226,16381,16,36,17656,10255,175,8,4,93,1,6,3,0.5882352941176471,0.25
a2FnYFvlw1L-917B0Bbzyo23PqIy-y1Wz702m2BMkaf7BcI,15마린레넥케넨,4314316843,top,1464,2,4,4,15009,5253,18764,14,5,19431,7747,146,1,0,27,1,8,3,0.75,0.23529411764705882
my82QeplRjcCsFf5Ou5Vd15nEmRdpOTOSAwDuQlgzRUIcL4,내가하면하는거다,4543901160,top,1632,10,1,6,17291,3061,26071,3,30,20618,11648,117,10,6,415,0,2,0,0.43243243243243246,0.0625
PbcEIqGZP4GnjuMKEhGo2zggfmPgN5u_TMJfrngZgfXhMVjbXv6ydzrW,GAREN IS LEGENDS,4542823380,top,1631,7,5,1,17676,4258,15177,15,15,18372,9526,121,8,0,196,0,8,2,0.38095238095238093,0.1388888888888889
01KiJ8akuqlasDxf9llDprLIZhlq9bMLbunGumyf0unq6gY,Justin1206,4539951479,top,1571,6,7,3,20326,2503,24660,11,24,30921,9681,136,4,0,114,0,7,0,0.5625,0.18421052631578946
hp_xnh0RPbKGPTWfllimdhbYWT-zG2uTffFmBZ_Mh73bNVjucKzZ0_7K,창원둠피스트,4539951479,top,1571,12,4,6,23496,8114,18399,7,22,24933,12639,164,0,0,116,1,5,0,0.47368421052631576,0.25
9y0WSrwdAyL5NMcu2w7SpwP0jOLXJnwxmkIc966aS18Ex7s,살빼자 준혁아,4543972297,top,1875,7,3,4,13580,2165,27212,15,20,27245,13133,171,32,9,140,0,3,2,0.36666666666666664,0.13043478260869565
k9FVpHYx89JzieCKhnj2Rm5sfUdYGahrjCp-Bz2YFbIO6q8,응애세력 도겸쿤,4543972297,top,1875,3,7,5,9746,2932,16927,18,13,19409,10770,168,8,0,122,3,12,1,0.34782608695652173,0.23333333333333334
v8avFGsveDyv-7x0JA2Fbie1V3aUUJaSI8_d7T6j3__jlC8,민트천사,4532684952,top,1548,2,6,10,13672,2350,21866,9,8,31609,8063,147,0,0,74,2,4,0,0.75,0.2727272727272727
vL0IeMQ113_f7XYZ_JukCAFtGrhjBx7aOJt4tuHyM8XR,코리올란,4501432684,top,1484,8,2,4,11183,3068,7462,8,5,6267,10663,144,11,0,148,0,2,2,0.5454545454545454,0.08
9-7lj-NNAamhwE5cMH9SVd6dFAQm6-Pib6Juwcaf1vJ8aD8,BBangkyu,4504346068,top,1459,5,3,1,16801,2274,6077,13,24,10760,9871,158,12,4,277,2,5,1,0.18181818181818182,0.11538461538461539
v4BNdYFgmaebERRDeAgGpLrqRJBU06J_Aq1aE3LLrJ_OBYjM1kvziMmr,뼈맞았냐,4504346068,top,1459,4,3,3,5570,603,14141,2,12,17895,8344,121,0,0,55,0,2,0,0.2692307692307692,0.09090909090909091
8jiIyg2nrkEW2np_w85zFak8S5BDYKIeIQBLYTeQOfrl2mSqUdzovKU6,앙 쭌모띵,4548811718,top,1508,1,3,0,7087,2312,8148,9,53,14199,8548,171,0,0,106,0,5,1,0.1111111111111111,0.2
zmEy6ttxWJZ7cHK0i3fFcl1K2xWYLtc_zZCRv-tGb33P_O5tmf5j1YF6,포리주인님,4548811718,top,1508,3,1,3,10482,5042,8883,12,1,12501,9359,157,2,2,42,1,8,1,0.4,0.1111111111111111
jOxgO_dsqBY-mydiF_YkDzwef7iiSDLal_Dm2xjShVoXA0Q,영진이군대감,4536669654,top,2075,11,2,7,35417,1586,63838,9,19,52764,16667,210,50,16,323,0,1,1,0.5294117647058824,0.13333333333333333
V40KVdSUB7dgRvB2pZ9qnY9Z_g3PjljzaCMI70dbg_y3UzY,외 단,4536669654,top,2075,0,10,3,26914,9662,65895,26,21,52232,11267,218,0,0,195,1,12,1,0.2,0.29411764705882354
DG3II2SqR3_zaZJp-3tRoS5Y26R4VRtixBpU_0xJLKenYAZ9p4AcMlmM,프렌테 트레콜로,4542424515,top,2117,13,8,11,39887,21877,55191,44,32,48052,15691,129,38,14,155,2,11,2,0.6153846153846154,0.3333333333333333
uVz5Fk6juujvxKdjko-k06Tcl_TPp30EUfWy2RzOWV9OSQAcRhCBNdcU,쌈싸라디스,4543496293,top,1892,0,8,0,5933,225,9332,18,17,18244,9503,169,0,0,343,3,10,0,0,0.42105263157894735
MX_6dwT4gDtHzhXm3ZzBEHwbU-vamImbWt9bfR1Ki1k2eMg,최 중 간,4548802807,top,1624,3,8,9,18454,3733,20478,15,24,20748,10712,204,5,0,152,1,9,1,0.5714285714285714,0.2222222222222222
ytWlPwGa4T3B63hXKf95hEFhcgtWk0hBqI5MApYcla34kT1TjVsUIzxT,지상계 Effort,4532819731,top,2435,5,9,5,34545,193,13500,19,33,24765,14940,225,26,0,486,0,9,0,0.3448275862068966,0.23076923076923078
0v3byIDVe501tC0T5G1L-tixF2bvrUx8MjSfRSatJX-p,시비트면미드달림,4532819731,top,2435,5,5,7,12192,9958,41374,11,12,38031,14906,234,0,0,104,0,0,5,0.3076923076923077,0.1724137931034483
tMD4p4bQctpqy3FDFxyA6PRnu7fc09bmLbmIZHf3uji2hwI,Travis Scott XX,4548245916,top,1796,4,7,4,20504,4321,22452,11,40,28070,10803,188,0,0,535,0,7,0,0.42105263157894735,0.23333333333333334
gsyCq7jOf8KKXDeIx0O7UBWjd5OpwuTzEi1Y1Kk5mkTiD0T4ZbRjk5jG,4인가족,4548245916,top,1796,6,4,7,22281,8008,25073,21,6,25115,11471,172,4,0,39,1,8,1,0.43333333333333335,0.21052631578947367
VOGqKgGZ6Eo0l0r0xS_WwIck7hdyW4LKvQ1naE0ZNxPOXmYC7AfTv3ui,농사의 힘 나서스,4519737754,top,1625,3,2,11,17816,15424,21121,36,57,23679,10272,155,4,4,411,0,0,4,0.34146341463414637,0.125
YiXqS8r_DQYpyxGzuKkN_ib4dxYwOHxtx-eVkCBQrgOlsDzumy9fmsye,환꼬희추,4496251088,top,2003,8,2,3,17231,5157,30699,21,8,19989,16784,279,16,3,227,3,13,2,0.21568627450980393,0.07142857142857142
aBHOnkxYV9CUFSYWTp29pYAZGbteqO3iXIS8BKlTN1eA,로리장인고영욱,4496251088,top,2003,9,7,3,20685,7318,19578,16,144,26990,15883,248,24,0,354,3,10,2,0.4444444444444444,0.13725490196078433
Fhzy-b64nDlk40V_AjHNGqfygwnZdzmOoD_BMEut7Ze9qdgN95hf9UN1,krlakrlhgk,4536981969,top,1835,6,4,4,13862,2219,32209,20,22,22308,12133,166,4,0,73,1,11,3,0.37037037037037035,0.10526315789473684
d1iPy1WEBS7lmGbxcsRwk0eUy_DA7-XejhlOXlRzGVwIoIE,Genius of Gnar,4440533517,top,1210,8,1,3,19694,1251,20919,8,42,13217,9967,159,6,1,566,0,5,0,0.6111111111111112,0.14285714285714285
iGRHlXBt8Yh3L7XDbRIDCc6NssYAqsUnD1BfXwu0miP7c7s,밥은역시갓지은밥,4110041025,top,2192,11,8,6,19471,2813,18538,26,11,28711,14724,176,19,4,102,1,13,5,0.40476190476190477,0.15384615384615385
seWvYdSM0_i_w4YeZrtfUrcfN-iXgdEFCY4DTLu65o7l,져뚜라이츄,4110041025,top,2192,3,7,12,19639,2329,13480,38,4,23976,13486,209,12,4,41,3,14,4,0.29411764705882354,0.16666666666666666
g3P6BOA4EMMRQTpY8uTKiSgRuSv1KHQBcNgqymO3WvDLA8RatohWol0p,노무현형,4538397430,top,1635,2,3,8,15349,4888,10819,14,25,18231,10956,140,8,4,200,0,8,1,0.30303030303030304,0.16666666666666666
CwtwoI95LIDFwsdvBlt-o83TSc8k5LrEt0hHETWbpf6_,쟤는미쳤어,4392295962,top,2216,4,3,9,23178,13638,18138,21,9,22996,14346,257,21,0,220,2,10,3,0.41935483870967744,0.12
IogAI5LLbr1u0aQDOiqqLQ-0AlSvpoIKqIGm75HNKBOm3KA,hokim6838,4392295962,top,2216,3,4,4,10394,6849,24971,43,5,32948,12124,196,24,0,217,2,13,2,0.28,0.12903225806451613
n7MsxYigKo5Zcl4MV01DJ2sQSRsclX69Q9dxmSYpZ16tCyQ,용감한니니맨상,4546863526,top,2102,0,6,3,4832,4123,18038,16,8,20520,7770,125,0,0,331,3,11,0,0.25,0.20689655172413793
EY0dsRpOa7EhaiQAqrDT7xXZ_grERuUxvEDNkM907I5T8-e7JpxVL0yq,분1조1장,4546863526,top,2102,8,1,6,12147,1372,18811,29,19,15402,15309,173,73,38,107,1,9,1,0.4827586206896552,0.08333333333333333
mzdK_uK_ix17tbgu0NLSmUmKmnavsiwX5dXTjiLrqgn6,드렁큰당나귀,4548735583,top,2200,4,10,8,17373,6774,34484,13,31,31030,12181,128,0,0,123,0,7,1,0.23529411764705882,0.2222222222222222
d2E5nfPHRKnbpmto4P6l-3fAU-3XJLQ_bZSqtDCCj-lI3XsMMtpNOXZ7,zizus군주,4548735583,top,2200,10,8,5,23535,6612,39925,13,28,39267,12744,185,0,0,126,1,9,0,0.3333333333333333,0.1568627450980392
NY5wO44GKx09I6wcZ40Hug6LveceMagyhqFD9Ocnp62fNQBalft4-Isx,대우여성목욕탕,4541402247,top,2737,1,10,7,7754,11597,33588,30,10,49054,12177,157,21,0,47,5,16,2,0.14285714285714285,0.2857142857142857
v7jw47_2SMk-1OqOk-kK_dwph28GeRwyAUe6d8pDv3YOWnY7GPsqpSLx,나없는대싸우지마,4509526698,top,1616,9,0,5,15005,2516,17951,17,17,20009,13734,177,12,12,170,1,4,1,0.4,0
PJxHH0byEq7y3d453_xtw7yPXUcnHvCVWYtMKDaySJwBFyQ,강구피바라기,4529429444,top,1601,5,8,8,20949,4246,7627,14,18,21408,9318,146,3,0,111,0,8,1,0.38235294117647056,0.3076923076923077
FAa_P846xsvaudNm5T2zvGzMLBBVoKrzFoSqaLhrdSxR93s,아기물티슈순둥이,4498321863,top,2027,5,9,5,19660,9264,33918,28,29,43020,14017,217,16,0,71,2,12,1,0.37037037037037035,0.2647058823529412
9k-3ETbr-g8cCQO0wbsx0Ziu9ctV030OgC58M_oDFtmpoNc,godfaa,4498321863,top,2027,10,3,5,29564,12533,15870,21,11,25504,16306,259,32,17,184,2,8,9,0.4411764705882353,0.1111111111111111
60WFCV6nyr5zW7mFK-n35fK6FjTQicW6c2lrdAPDz5K4qT0,정글종합선물세트,4539657352,top,1596,3,6,5,21237,4405,21466,19,16,24281,10242,153,20,4,331,4,9,0,0.24242424242424243,0.375
GU7uSYYd6Rl3WeaI8FTx3wwfFYVbzrxql9V0TPFdenEuJ5o8Bff7FSue,Queen KimCHUNGHA,4539657352,top,1596,2,4,2,5390,475,15064,4,27,18407,6885,70,0,0,71,0,3,0,0.25,0.12121212121212122
VBJpLLKk20Uu8_c3nn1IncxfAQ8bH4JhYw-6xkgCDd0PPoo,프로 운빨러,4546320050,top,1247,0,3,0,7712,428,4299,7,1,10979,6325,159,2,0,14,0,5,1,0,0.15
S6JA4GheGHV6wkphqE8KeBx0CtrsVMvkQOLwiyPCSQYBpug,홍성대,4546240446,top,1823,18,2,0,37124,11386,49316,11,36,28696,17640,245,20,12,144,1,6,1,0.5142857142857142,0.09523809523809523
lpj80RGhJ4H-r6QKBiIB46YYgt4nhlCnMWTVgY8JqTIChTkR8wQSyTkF,밀가루야,4546240446,top,1823,3,4,2,11170,1309,32848,10,21,28988,10142,174,2,0,76,1,5,1,0.23809523809523808,0.11428571428571428
g86Z880NpfVJUAM39llh9JfE0gVs9KrEK_g0kzbrn7gzqdif02HbiNXR,스텔라루멘111,4487361693,top,1637,2,2,4,18913,4532,8281,18,7,13200,10771,188,3,1,83,3,9,0,0.2608695652173913,0.13333333333333333
PXCntpmoyliKIzoxp-7HDBO23Xrx4B0Wkf6vHQZYbbaUcrFyRU9tiUaF,Ppoppi jungle ,4487361693,top,1637,3,4,3,13768,5401,30397,15,17,19528,8436,138,2,0,388,2,7,2,0.4,0.17391304347826086
UqxSvY_tA5RFQEP5eQRXSKAwwC0jGbA_vZq-zIo2M71nHQps9iPybGDm,일Zr오이,4544477643,top,2015,9,10,9,31082,5755,90651,31,56,45102,12517,132,8,4,413,2,12,2,0.6666666666666666,0.23809523809523808
61Y0i9GRhnNbpjpEDFCTnVykKIWCap2bt4rmY2l-YeQVhig,마스터 카타리나,4544477643,top,2015,12,7,10,24002,6573,38388,18,55,28563,13899,152,13,4,852,3,9,2,0.5238095238095238,0.25925925925925924
1-Kq0vs9NSA0IeSmilt0P2c0XdtlHHQZaQqdMHixfzKOCo0,ROTC 202,4544976040,top,2571,10,8,23,28913,15889,70251,27,43,53411,16761,182,4,0,279,1,16,0,0.7021276595744681,0.17391304347826086
91Tcyz4A8sE7C0MAC-SB7Fk8q__m_ba6fZ-l0zjUZ4Dz1-5vOLTN7zLE,알리스타밤,4544976040,top,2571,12,6,12,39563,12203,93236,31,53,49866,19357,231,25,18,319,2,9,5,0.5217391304347826,0.1276595744680851
gl9KNxf88DT38MoXq414reFkrFKxUdYI92WHLeDHREJM3Vt6DPMuMQCz,존꽃향예,4548051388,top,2515,7,8,15,39011,31449,70279,24,44,62575,15691,212,13,5,388,1,14,2,0.5238095238095238,0.22857142857142856
efxT7Evw5oyI1yJ6D6CaLbNdlxsPkkiPBUStBsbhcey7,안양급식킬러,4543463700,top,1826,14,3,7,21157,4920,23011,15,16,23459,16269,155,32,27,143,1,9,1,0.65625,0.14285714285714285
