account_id,summoner_name,match_id,position,playtime,kills,deaths,assists,totalDamageDealtToChampions,totalHeal,damageSelfMitigated,visionScore,timeCCingOthers,totalDamageTaken,goldEarned,totalMinionsKilled,neutralMinionsKilled,neutralMinionsKilledEnemyJungle,totalTimeCrowdControlDealt,visionWardsBoughtInGame,wardsPlaced,wardsKilled,killsRatio,deathsRatio
TbG2iMSEs_lPvIHxmDa7OQ24SpeqHdIAyPh87V7CcepJuuA,똥똥이형,4529288161,carry,1235,3,6,5,10881,1558,5425,4,10,14191,7430,128,8,0,55,0,3,1,0.6666666666666666,0.16216216216216217
c8cMs_S6y8RoGwKVg2NTogik2yz-EH3R1NlFJ9rNlQejiwI,유니콘꼬리,4529288161,carry,1235,12,2,8,17090,1404,3722,7,18,8822,10573,135,6,4,36,1,7,1,0.5405405405405406,0.16666666666666666
9WBmQE-jcFeovxdY2vdz1Md6BhiqGZKmZPfq8AkraE1-YgxvKzLHT-WZ,팽수팽귄,4547763753,carry,1284,6,2,11,12530,10193,6058,18,28,12385,10475,118,8,8,100,2,8,1,0.4358974358974359,0.3333333333333333
dsk45DwavIsctDfr_HKbOonwoj0c6eC5GDgHz2tJi00,까고싶어,4547763753,carry,1284,1,12,2,8329,1375,6231,16,30,18093,5367,86,0,0,498,2,4,2,0.5,0.3076923076923077
rLfwwTuK75J4CamXKVSDlPdjM47gmtATNQdJtwhDDEo,FIRST클래스,4545083743,carry,2266,4,5,10,26976,3871,11935,37,63,22105,12634,199,16,0,926,4,9,4,0.6666666666666666,0.1724137931034483
EGdtknnhNm4_hzzaXp3c0jb9knve8pFk9br0NGoZmpU,Fukin Comedy,4545083743,carry,2266,7,3,10,28425,2838,11019,18,5,21626,12291,179,16,0,137,0,10,2,0.5862068965517241,0.14285714285714285
EnAFsSpsWNngIxlNDdgYUm9yXG7RO9TbrXSOPqSNVEfuEz-oQvEACkzJ,진이진우1,4543413063,carry,2077,16,2,7,29155,3502,16204,22,10,12570,20175,248,73,1,242,0,12,2,0.696969696969697,0.08333333333333333
hd4qGWXfx0_OkXUtpzR7-_BPcxZESC6XXz0FZ3pp0sQyT-g,마법소녀케틀,4543413063,carry,2077,6,8,7,22401,2675,10221,32,46,20914,14525,248,16,0,990,0,11,6,0.5416666666666666,0.24242424242424243
SV9mQELcRaecIU_q6Ggg50DlKwaswxXB_kgDjQTqeqkchS4,GUCCj,4515766018,carry,2277,7,14,15,34971,3958,16222,16,13,33969,15877,201,27,0,151,0,11,1,0.5789473684210527,0.23333333333333334
90kVdlHk-pEF4-ZKDjb8sCTh4IwDaQmk4J9gI0Ls9oT5,Leon0,4541771457,carry,1905,7,6,7,22385,3385,7986,18,5,19890,11866,184,12,0,48,1,8,4,0.5,0.2
kZK6lcZsSgwe77tESxc10gYEgxLdND1x7YxZIyQnjiNldL0,qkraldus,4541771457,carry,1905,1,8,7,18345,1967,9402,21,8,19261,9081,149,20,0,126,1,11,2,0.26666666666666666,0.2857142857142857
Zl6mz7fWZbNbdgnQ4D06iiSlcZVoFmNo8OJCR4eOtD0G,Deep White Eyes,4547735711,carry,2069,3,5,14,26143,4730,20021,20,28,21300,13173,215,40,5,353,3,15,2,0.6538461538461539,0.16129032258064516
Jkj0i7186AdYVPVrU_u1i8hYu03NE4AOuhCrNc7JtTqz,HitachiAuto19,4547735711,carry,2069,13,2,10,38441,4412,10846,12,17,19980,16678,236,8,0,122,0,8,1,0.7419354838709677,0.07692307692307693
xbkiWpG67g8uilMYwR7J2loGswkT2SojBbYyd_-UfhtKhxM,Luckyyme,4467763245,carry,1639,11,4,10,20645,11125,11408,27,6,21998,14830,184,44,9,85,2,10,7,0.6,0.19047619047619047
jGZS7wgd7IUhIx6-_qcxrSGLd3SeHkvncyUonwssdMrE,qkekqkek,4467763245,carry,1639,3,8,6,16010,2156,10265,18,16,20816,10485,175,19,0,272,1,8,5,0.42857142857142855,0.22857142857142856
pNZxiJL71y1iSDha_6pygSNLpIHp-NJc5ml_K5j4mfO5LO8,동글해요,4522944975,carry,1435,10,6,8,23639,1349,5908,19,8,12686,12894,159,13,3,283,1,7,3,0.4864864864864865,0.2608695652173913
81eJOjx3G8yDTWijufMZl0HQcvXznDFCL56_Qjs5BfF7XjU,ISENSE PC,4522944975,carry,1435,8,9,5,12101,1760,4663,16,4,16186,9767,136,4,0,15,4,11,0,0.5652173913043478,0.24324324324324326
48Ddr9Eg2X8pIJ_Ey4XXvgcZIkdTzwruGbLZVYDz7VrxX4BiLk3Ds8hE,아델 이렐리아,4515480857,carry,1525,3,6,4,16281,1237,8859,16,2,15113,9529,168,4,0,60,1,8,2,0.5,0.16666666666666666
U7cUsZhLF-50reDUskk1s1hx1BgkGyBc1bIscpCE_AJLZjvhBa6WBDKd,억 량,4542134272,carry,1988,6,7,9,20349,3024,18345,25,14,19317,13654,226,28,16,228,0,7,9,0.625,0.20588235294117646
KWoCSboGwX75fdIyCAhXkgWAQ_m0jq_YJhZ3HEgij3CC,렝가의기묘한모험,4548704855,carry,1332,0,0,1,2309,801,1489,3,2,2320,4898,88,0,0,6,0,2,0,0.09090909090909091,0
Jgga7E2RVGj8Epg3upBC-5Qaho4ZFngxrmFCDRo97Gly0CkBtTimhaIR,촙촙촙 펑,4548683387,carry,2078,23,4,10,54394,5452,19191,28,7,36210,19535,235,27,3,73,0,11,7,0.8048780487804879,0.2222222222222222
TRQtkKM1GAyn_zPtvsUEBH-hOa-W43_6ZAusZ_HkG8qD,스윗킴,4548023719,carry,1212,5,8,4,12058,1439,4358,9,30,13665,7538,100,0,0,368,2,7,0,0.75,0.22857142857142856
Oug4jA3jJjJAb1LoqEpeMLV7AhVKg0nG__9jcTvoo1Ap,찌지우유,4548023719,carry,1212,2,4,15,9786,2963,3689,12,23,10266,7594,110,8,4,44,0,6,2,0.4857142857142857,0.3333333333333333
xwvmo6n5zZTE-vpEtVNI8N4iy-x90bYB9bznLIyO2Qt-,누텔라맛잇다,4523076307,carry,1348,2,1,8,13989,1589,4482,20,37,9577,7318,123,12,8,579,3,9,0,0.37037037037037035,0.14285714285714285
-TVNNSMWQPU-sN0nEGOCaUQVIEIimzXkjmtpcq_CB-wG_8k,패션쇼,4523076307,carry,1348,0,8,1,9203,361,6868,12,1,13551,5437,114,0,0,19,0,6,3,0.14285714285714285,0.2962962962962963
F7Dml9XxiDIcOtFsspUabNJr0hHj-g6SnfRgcxYAFDkZ2-4,내일도치즈,4503543622,carry,2091,11,5,8,20847,3279,8246,28,4,19036,16448,218,50,11,68,5,14,1,0.8260869565217391,0.19230769230769232
o8s7i-zpSIu69eufJhym8ubUMcpc6PfqUyzMrmruZ3QYVWLPh5LmwpX4,챌린저칼리유저,4503543622,carry,2091,5,7,3,12494,2135,7756,9,5,17517,10134,153,8,0,105,0,7,1,0.32,0.30434782608695654
D6h3xFsvuPQWFUotbfR8WuoXccNUFNx_ho6QuNAW-bvo,눈털망치,4548039430,carry,2031,1,11,11,14776,3810,10050,14,26,30657,10216,172,21,0,116,0,8,3,0.41379310344827586,0.22916666666666666
v8XaaswOGQt9YT2NNyNZdlx9ersIOtwl7aCkkRbgRqyST2U,케틀장인케틀칩,4547110857,carry,1725,3,9,3,9707,2390,7555,16,9,16982,9991,193,12,0,80,0,9,2,0.21428571428571427,0.32142857142857145
HX1G9qhiNFE6xlz1rnOW-YXvNVl9DxbfUYFtDk6cvT_6,망치련,4547110857,carry,1725,5,4,12,12993,623,4618,20,37,11640,11580,184,12,0,541,0,8,1,0.6071428571428571,0.14285714285714285
XL8Nn7Hgth5vNSQ3OfXQEsOPsUuFR4DAXyDQapn0t3-KrIM,문제고전교1등,4542765264,carry,1978,7,4,6,19988,3462,8579,23,16,16948,13993,174,51,14,102,0,10,1,0.6190476190476191,0.18181818181818182
eZ7y1ccD5bF6ppSZf6iRUKP88GA-3JaMfDRVTwmiwMmH,아하어헝,4542765264,carry,1978,4,5,4,11259,2992,17155,22,9,19602,12093,192,16,0,117,3,12,1,0.36363636363636365,0.23809523809523808
00zXjSJZgEkVcxETd6rFEG7B2ZLV6ZFI2JYbXd8dQRMa,채팅치면아군패배,4548791524,carry,1650,2,6,6,13602,3856,10287,11,28,22608,9009,169,0,0,85,1,7,2,0.42105263157894735,0.1935483870967742
YSxX3vGXjmvGgS4d75cSV_BCzYw3zYnAtb3nmt_Fq4EiR_I,우리집따발총,4545703188,carry,1350,1,6,2,7564,1318,5205,19,23,11240,6617,121,4,0,120,2,8,0,0.1875,0.21428571428571427
Puty_PxVLO8CKeB5bLcfIaBmvLUTGXSuuDTb3pxGpmw0Gd1CHtI9dgs1,아팀운좀제발,4545703188,carry,1350,3,3,11,10460,1434,4708,3,31,11728,8610,165,0,0,615,0,1,1,0.5185185185185185,0.1875
6j0p14mAlD4TQULFcpC7cXm1FKIndjcvEC8I-q7EQ-8t38VYo3VN-aV4,오직시비르만,4540863027,carry,1398,4,12,4,9876,2518,7692,7,16,16821,6521,90,0,0,60,1,5,1,0.36363636363636365,0.3
SqXmWBgmDid6aNdIvYn1ugTcHUGCeO9Pc83kPa5uvJtFGtQ,카운터나오면던짐,4540863027,carry,1398,25,6,7,54098,3387,12014,14,64,23306,16440,174,9,1,878,1,2,2,0.8,0.2727272727272727
OGOVQyKNOZm8KQ_8yxHJO2dVM_UBlpBiB5FheKEXwyxg,협곡 혜지단속반,4547156055,carry,1361,4,5,3,14431,1537,5329,11,0,13082,9015,194,0,0,0,0,5,2,0.7,0.20833333333333334
nP1De4taDeZQMxR0P-nukcMVqMDpfk9w1ybHSFWC1sb5,남사20,4547156055,carry,1361,2,4,6,7679,1297,4250,10,0,10255,7832,128,4,0,11,0,6,1,0.3333333333333333,0.4
rNrnQqf7cYfgJvVrb0w55zQpXTiSps8s39o-qHHvHA_VBA8,너무 달달해,4376679232,carry,2079,14,3,10,20729,2132,4637,25,11,13786,15937,222,18,6,202,3,9,2,0.7741935483870968,0.12
WuODW4x84RgWDbHFUI3RwtV8c_BxCTKglD4kvWxbuNijcLc,하니가좋아요,4376679232,carry,2079,0,3,9,8402,2797,4859,35,4,10027,11153,179,34,2,62,2,13,9,0.36,0.0967741935483871
o1RvABWH6mv5sqYzwgTAKwur1t5d7URb5MKD9V3B-QcEgaZB7IyZTrd9,Double Corrupted,4537396892,carry,1408,0,9,7,4142,664,4695,8,22,11937,5488,78,0,0,358,1,3,1,0.35,0.2647058823529412
Xec5kAQDHmG-P60-T62KKl7prr6FjTgJsgejRuLnfgGUUgQ,이게먼데a,4537396892,carry,1408,8,4,8,13377,2584,9495,13,5,14115,10364,140,9,3,94,0,7,1,0.47058823529411764,0.2
kFxtpAdaDBYgxqVpAC9oMJdksHWcISuP3aKHsYaMlX-0,Twixs,4540503659,carry,1399,5,6,3,10614,0,6655,9,9,12835,8608,147,0,0,50,0,6,1,0.3076923076923077,0.20689655172413793
lZ0IeeI-j2QtHILJQ_JC0LAglWel4fCNAWnwtCQJklMVXMFe2WuVOtgt,통갱통갱,4546134557,carry,1630,10,6,3,13892,5644,16971,4,16,18276,11989,151,5,0,83,0,3,0,0.65,0.14634146341463414
suJx_BfRqjw64tJtMINoZNjbDxtA5U3v-ZsdjAJ7vLOf-86-1BSdxklS,나살고싶다구,4546134557,carry,1630,8,5,14,14127,1437,7147,17,40,14276,12373,144,14,8,589,1,5,0,0.5365853658536586,0.25
420pGG_6rsKKywlHJFUQlaRIc3lGp1AbX_--FA2dNEWZ,지행꿀주먹,4461984202,carry,1346,1,8,4,9801,1711,5290,10,27,14862,6675,97,0,0,474,0,6,1,0.625,0.25806451612903225
tawPUZYOoN89Vl97gXd5XBR-6X7vw_cxkpLO2QXd3CFw,그냥하는대로만,4461984202,carry,1346,8,2,10,20959,4108,5921,23,23,11985,10701,143,0,0,59,2,9,4,0.5806451612903226,0.25
YWDM-R3wY406H79Y_rwfAJW-9lv7rBGmGXxcGqDq1XyWoAk,안띄우면 궁안씀,4548565027,carry,2077,5,6,8,23203,7788,26608,34,27,30050,12693,167,26,4,119,1,13,1,0.3939393939393939,0.13333333333333333
T14m2mZTPeIyEkRh5oaON17HqdTU9v_qi47HywF1myB8lNnIONX2n219,벌레 경민,4487509783,carry,1707,15,2,7,23770,3614,6655,14,3,16316,15489,176,50,14,39,1,8,0,0.5238095238095238,0.10526315789473684
HuNjsShgbOAUue7GCEABFwLOcgCsr5IO_UiNd2QwGVzcc6tNztFyQ2Zy,시노쟈키 아이유,4544238892,carry,2195,3,5,15,28794,3402,17662,29,12,25288,12567,228,2,0,410,0,9,3,0.6,0.10204081632653061
iaJk5jjXigcz8SrOynks4BBfQqMNJHvLnGq2P-T35GdB,Score12,4532912832,carry,2320,10,12,16,29408,7434,19493,27,72,33731,16643,246,16,0,1204,0,12,2,0.49056603773584906,0.21428571428571427
UsZSjTrll5J1xSZUj-mXvp6BdP1Ze16TRDEZ5pyduOlr,대구렝가39대손,4532912832,carry,2320,19,11,15,51948,9484,28726,22,3,39208,22498,226,52,4,58,2,8,3,0.6071428571428571,0.20754716981132076
7fzD5yGpCN0ougtBxnw4bO_WtiuWb-PcCq_jW-O_SD20lzY,죽동사랑꾼,4545808651,carry,1421,3,3,12,7942,2937,4110,9,10,9171,7656,72,0,0,39,0,6,0,0.42857142857142855,0.2
O-emUVpKggvtkBeydoyG_P2w0_Bx-4leFxNqxjrYzUYfOZ_8vhQgZBqF,겜좀하자유,4545808651,carry,1421,4,4,5,12878,1473,5927,4,17,14423,9161,162,0,0,28,0,4,0,0.6,0.11428571428571428
304L4oep41uwlQfVPY2ST6cMHCGVrM4NSwM5ZcojWvQgvR0,나is여시바꺼,4426234353,carry,1720,0,6,7,8989,1733,6077,13,26,13447,9103,146,20,4,635,0,2,3,0.35,0.24
m5IoJjXClcFH0CeDOlbecQv27bmP1xKoMuQpkjJx-ow4a8Z6ctSp5jGF,IRon T1 faker,4548718181,carry,1565,11,4,9,25882,4092,11735,6,8,15199,14335,206,27,15,285,0,1,1,0.47619047619047616,0.21052631578947367
NfKiCliI6wX6sdOkxb8pCYL4YpqfrgV-Uva1KVJEfXibRmCXo2F1RGmo,맞짱뜰라면뜨든가,4546561149,carry,2393,6,6,6,49132,9691,21534,28,26,26038,13301,191,6,0,421,0,9,9,0.42857142857142855,0.1276595744680851
MK1___6_TClGJf8X38Etirhv1UQvwGKfmbvAYzzAvNaX,호텔 시월애,4546561149,carry,2393,10,4,6,33353,5126,13862,37,17,24967,15869,215,16,0,248,0,14,7,0.3404255319148936,0.14285714285714285
5mc1YidW6fMV9NArRAyfTmVjIl2yHchYqimNT70Mk8BDUsw,MoveandHigh,4532527107,carry,1704,0,3,2,12293,1837,9397,7,14,14903,8670,191,17,0,138,0,7,0,0.18181818181818182,0.15
yHp1yhjlCD8dZ2H67X2G6V6YtoGpJr0NMA6hz1eWayvlaZkAeNW3JlhD,김하승,4532527107,carry,1704,8,1,6,26575,2905,11258,13,31,12928,12555,232,4,0,151,0,7,1,0.7,0.09090909090909091
HP3PyD-osOSTd9WWe0cByJwt4HdO7Jq1uU_b120bSBCh,봐놔놔우융,4424675158,carry,1681,7,6,9,15264,1111,6298,5,2,13244,11377,170,8,0,135,0,5,2,0.4,0.25
QD_6nhYZxJov1UloW-17EqcG6tA3Ln5hVJqdTpEFb91xrwo,WF Red Ice,4502026154,carry,1276,2,8,3,11034,1964,5048,10,22,12938,6615,106,0,0,49,3,6,1,0.7142857142857143,0.18604651162790697
99V11g2LnV-qGi6UyAuSBebj-p_lYxuy7pGW0arT6CJZz1I,탑은 집게차이,4440382665,carry,2275,4,8,8,15495,2001,13341,27,0,24413,13603,249,4,0,0,2,13,3,0.5,0.26666666666666666
SuHJyguYsu3-dethl1GkwX-d9SDY9MwfsNwpgSICLdMwoeKwFtxAZTwz,누나현태왔어용,4440382665,carry,2275,6,8,6,19368,2964,13581,41,32,26378,14494,213,27,3,99,2,14,6,0.4,0.3333333333333333
RMYNczyR6ek7mlsvw9Lq6BgfrI42akXhzUOi0GcMaWZjky5IVKEYpTKe,굿찡굿찡,4509738322,carry,2038,4,10,9,19758,2096,13859,12,16,23796,10704,173,14,0,213,0,8,2,0.4482758620689655,0.2127659574468085
LpkDSKAK9hLBSwmu7quZMCmLVEQlJlbIkP0A2QnDBjx7,당 삼,4509738322,carry,2038,8,7,16,29134,3109,12579,17,57,21116,13801,163,19,4,906,2,4,5,0.5106382978723404,0.2413793103448276
RDOs5YTW8HZNDnfjtCMCB_QCJkyV1kb25uZCbl_YgHlr,금곡리 양날도끼,4522117725,carry,2207,1,8,12,12645,2098,8425,15,37,18073,12117,152,15,1,646,3,3,1,0.4642857142857143,0.24242424242424243
HhIRMZHXGpBcwWTUwmMXcFTzxMkal9htRoZ4dgghsz6u,똥도그,4522117725,carry,2207,5,5,8,17701,8354,11692,47,3,26500,12930,142,79,8,158,1,12,6,0.3939393939393939,0.17857142857142858
u5GlasUJmwkuXVW5FYT3sSo-0yqMFkvV16aHFfdMOqZJ,연예의신,4097861757,carry,2260,10,6,8,24068,2954,9831,31,2,18085,15298,220,28,0,97,1,11,6,0.6206896551724138,0.1935483870967742
hE7wlwHu2e4dmSdU7CIAdrLHcA07Ngl931HRS1OdG30Kd5bQSHClgO1x,01039549406,4097861757,carry,2260,2,7,15,25759,3392,10590,27,4,23476,13669,235,32,0,52,1,12,5,0.5666666666666667,0.2413793103448276
6uGuvwKAyBh2-tXK8ikrxjDDWBdwCbFkHKVWuXmIWXrk,냐옹하는멍멍이,4533600307,carry,1889,2,4,8,15455,2384,10485,21,9,17455,12715,262,22,2,27,0,9,5,0.3448275862068966,0.15384615384615385
mGpA1LpT4KBZO6fleKKH44ydPLXEZo-Io3wobN4iCOKE,톰과란제RI,4337679912,carry,2837,9,11,9,29342,4319,18946,38,36,33286,19277,235,44,0,354,2,15,5,0.33962264150943394,0.2619047619047619
sTolZE7vcZqcyxQA2wPCALzbS5BfLH0p6DEjlmCsTsJ3HV4,dnwlals3,4337679912,carry,2837,2,8,21,25116,6867,12136,45,59,25928,16044,246,12,0,905,5,17,3,0.5476190476190477,0.1509433962264151
NI531pkt_Do0OKxjBxhcomCqiRWFE5iH8HH5lglBgMDLGa0,갱모유,4545678728,carry,1282,2,1,4,7064,972,3902,25,19,7878,7126,134,12,0,538,2,8,4,0.3,0.14285714285714285
RHUAZzGj2p91p_d8FSCu3kJBgxOW0W9CPN8WCBpwAEv-lRe9jmDxVX_H,아이게죽네망겜수준리얼실화냐,4545678728,carry,1282,3,2,1,10866,1309,4168,11,1,9630,8042,169,0,0,12,2,6,3,0.5714285714285714,0.1
OrsxVF8WeYf2jOHbZVWXM98DJd5fBNeFcCmXFvBBmYBOQuI,Smiling flower,4516998346,carry,1962,8,6,3,13534,2285,9807,28,27,15858,14147,226,12,0,593,4,11,3,0.36666666666666664,0.3333333333333333
DI9-oRePmnzZRxmtrOJFzlEa-fdIP-0_JL3e5xkaa4Gq,꼬치컨트롤,4516998346,carry,1962,4,3,5,12375,2953,5517,22,31,13491,11690,204,11,0,162,2,12,2,0.5,0.1
KIZR3DVl0X1iD-Mc3JqwDmJruhaqSEg_nrBcbhvuBIEsbgKA50XQSFIE,Azubu Frost 민기,4511920916,carry,1516,3,8,8,8432,1154,12096,14,5,16211,9746,151,8,4,131,0,8,2,0.34375,0.3333333333333333
uNp4L8Z0BzHLb5LnTKALmZIqk7N98B-GS1VQaHT9Jhnh,화곡동윤스타,4482280574,carry,1990,0,10,5,14468,784,11990,13,7,19276,9890,217,0,0,210,2,7,0,0.18518518518518517,0.2222222222222222
HWCkZL4JXALMab8R9ATBioy5bqrGLmEL0bNVDtR47Gg4,헬로우롤,4548589328,carry,2065,5,12,9,22075,3463,13379,17,12,30303,13094,154,16,0,115,0,10,1,0.5384615384615384,0.23076923076923078
yH2Y8YPQpyhtvGbSQOQ_pxirmFjtcilKy_aDOKO5h0Ue,박지호랭이,4548589328,carry,2065,11,8,13,25988,4643,16606,12,14,19943,13567,187,12,0,366,0,8,1,0.46153846153846156,0.2962962962962963
fkPHlBOabx7jbAYjvYn9X3c3wkUjRY8bKib_d03gcVKD,호날두의일본사랑,4547804457,carry,1368,16,5,13,26491,3386,9683,10,11,14765,11274,113,12,8,204,2,5,1,0.7435897435897436,0.23809523809523808
wQu8IRFxYYXms01YRVQisJqaMMM4Ry7DmBKzGdh0Zlaj,베개튀김,4471802877,carry,1429,2,4,4,2590,1344,3303,7,1,9120,6314,99,4,0,7,0,7,0,0.46153846153846156,0.16666666666666666
1cQT4qFjLT7ehJlB4SqjLmLPoLfLYrg83RCR5lxiiKIh,브베속옷도둑,4500180393,carry,1927,14,7,6,30510,4882,16412,14,2,26087,15456,220,17,0,63,1,9,2,0.6060606060606061,0.2413793103448276
BxvEkaGiIQ51UX26SDimV2gdnLkFNf78aTIOhzTe7ybXiko0K6BL7alP,PGT 뚝딱이,4500180393,carry,1927,7,8,8,24102,1662,8965,27,3,20290,13968,175,20,0,29,0,8,4,0.5172413793103449,0.24242424242424243
dv97KvOpWGOmFAKtZakch24ALzEDaS_Cmuw3hntOp1Qp,스투하세여,4492877319,carry,1947,17,10,2,31102,3145,16549,31,61,21643,18212,189,33,0,868,0,8,5,0.5757575757575758,0.22727272727272727
nRGuQp26HKHHTJc8le2rQROMdNkem_0l7MPyTK_zL1jU,Y way,4492877319,carry,1947,6,6,15,17428,4423,8232,24,3,17362,13131,184,12,4,31,1,11,5,0.4772727272727273,0.18181818181818182
hM5HkSDVFmtiJP2pQlpNWBjoeelxR6BucG_sWH9aDuum1LR1av9mE3bg,막타만치는사람,4502174025,carry,1479,4,8,2,11686,2078,8007,16,0,17758,8063,155,4,0,0,0,8,3,0.46153846153846156,0.2222222222222222
n2BvaRUa7KnsLIMfY-AXsKPqXacQMaIADvoZcRL2NWW6T8I,신비신비해,4502174025,carry,1479,13,1,11,22200,1967,7135,11,36,14164,13517,206,8,4,717,0,1,5,0.6666666666666666,0.07142857142857142
IJJ1rKdbIxQlhytqpJf7e1CLqqdqteZIZIweYUXmwIMS6CA,룰루의친구카직스,4518122280,carry,1452,1,5,5,9672,2419,6432,12,14,15796,7527,150,4,0,122,0,7,0,0.3157894736842105,0.16129032258064516
hT8RffzL1Wwv8fQBr1_4S0wK79cCY0k6TV7IvDsXHJ9Ecnekxw5uWRhR,Polizeibeamte,4518122280,carry,1452,9,6,11,15137,4208,5444,7,15,16618,10381,127,0,0,110,2,4,0,0.6451612903225806,0.3
t0l-xOunPSCPV0s9OysA5dUB-9IT_7EB2ure4SPgz-xKjJtZPxMp5wSa,지순이,4548715572,carry,1554,9,5,10,18175,4908,7510,12,3,18390,11192,128,26,4,39,0,7,1,0.5,0.2631578947368421
DG9n_ayqGMKSBl6QdkJg8LRPqS3rp9okqtHysIWeczVdkfHTnx2-hhbp,아나장인동현,4530484794,carry,1944,5,3,14,25775,3009,10711,19,10,14732,12109,179,36,8,297,1,12,0,0.41304347826086957,0.0967741935483871
O4P_1V-yfNUdCdGNtow8gtTg1cUSXl6KC6w82m8fbumBswg,침대위에버랜드,4430073909,carry,1531,4,2,11,10102,3261,4673,14,18,10665,11370,181,18,6,182,0,4,1,0.5357142857142857,0.2222222222222222
IY3IX7z7Vowtrzcz1dT9IV5fqT_X4Yq5PJlssvsSNnxo,날뛰는장애우,4541485993,carry,1562,7,2,6,20916,4594,8315,32,25,16450,12105,169,31,3,84,2,9,6,0.4642857142857143,0.18181818181818182
YZXjLNl6xuSrCsl95BPLChvuM6M_2C424NBmjhO0uJ4knGc,복숭아녹차11,4535181208,carry,1946,7,8,11,21039,3402,7310,16,18,18591,13942,167,24,8,106,1,11,1,0.46153846153846156,0.2962962962962963
fO7tBD_5xnJDXrGRMXCHSOSSUVHwQ0wjuwDIIXWYHDBMSZM,미리내꽃내음,4535181208,carry,1946,9,7,2,19637,2156,9869,22,3,15488,13330,227,4,4,286,6,12,4,0.4074074074074074,0.1794871794871795
CgfMxJWLBVMMGNe_JqcVNAT5ip9yrPLhBSYJ8YiwSGsK,불주먹호진,4478799783,carry,1222,1,2,3,7923,788,2813,12,28,6016,5631,120,2,0,440,1,6,2,0.5714285714285714,0.14285714285714285
ibhr51wIYifADGCRnGjs8-BTJDUbjb8p3pz8VAGKELlfNJY,상 아 메,4478799783,carry,1222,1,3,5,6435,1121,3724,6,0,8795,7565,144,0,0,0,0,5,1,0.42857142857142855,0.42857142857142855
1a5y_ZD_oYJR4RPQM_nXLOWn1ZRR-VOkDVXeE5J7w7gG,Unlmtdd,4478284277,carry,3123,4,3,14,42593,3394,8807,41,43,17980,16794,291,17,0,603,7,14,7,0.5,0.15789473684210525
nklBvx_c5Zk1afECZZ3wGUKmv8VkzRp7fN511_B6UEb_t50JTX2uq4gP,키아 나 잘하징,4427874345,carry,1492,10,2,8,17722,4953,7130,27,12,15101,11543,161,8,0,128,3,11,2,0.5625,0.08333333333333333
LLhD9Uc4tJsRuymZ6eG_Di3-BZTeiIlk1Mm83VJMKmAsOyeYtqbBG7mo,용암1동,4427874345,carry,1492,7,7,0,16232,3365,7646,13,5,17581,9848,178,12,0,63,0,7,3,0.2916666666666667,0.21875
dmB2j6OvYHf_Fxa3x3WrL7izxU2XwX46DECZUdlGfuDXlkE,안양의레전드,4517967363,carry,1626,11,2,6,27776,804,9835,21,10,10770,15746,235,15,5,110,2,10,4,0.7391304347826086,0.07692307692307693
kqfkK2eXcw8Xg06IAj34NyuoJm0EiYM4zbC9Imv109maDb05OHkyIo7b,불끌꺼야,4517967363,carry,1626,5,5,8,13562,5312,11024,18,0,20667,10123,171,12,0,0,0,8,4,0.5,0.21739130434782608
JQyDqCfGMcPD5mnLukK-w82RlFFGVxDtEJNPKeDqzxDWF-wErXb3Rv22,liliililiilliil,4475119037,carry,2225,11,4,13,29240,10969,46619,35,37,34843,18499,228,16,4,225,1,13,4,0.7741935483870968,0.2
ZWGGsprv_D1Oca1h4m6uPERvvk45BnfGJi-4Xh2NtjU,늦은봄,4508822476,carry,2248,4,9,10,20994,2229,17205,39,8,22702,12644,194,16,4,262,2,14,4,0.4,0.2
1p5N4bOAC8i2W8x-mY44ZVlVmxETVBg9x6V5QUl_bAODanw,미드만갱갑니다,4546570418,carry,1987,9,4,10,27167,2582,9587,21,2,18518,14410,221,20,8,37,4,8,3,0.5757575757575758,0.25
ImUwfQwn3bUinVTFzVfwD4uIZ-1OHpKkNUnNHSnQ38yVihLxg2Dp9w0e,Call me Alice,4531497036,carry,1324,1,3,9,8685,1694,5698,7,12,9613,8591,168,8,0,194,0,5,1,0.5263157894736842,0.5
cspuK9FM74VQq9Kr9DfukxnGPX9XN9S_hzt4w6yT4Xpa_bY,A mortal Combat,4531497036,carry,1324,1,5,3,8995,1346,5551,6,9,13795,6621,135,0,0,29,1,4,1,0.6666666666666666,0.2631578947368421
R147u7TaYRNCXC5lXb25ujCAI5KatDben0Tj-RmQIiyywBc,울부짖는흑우,4389666793,carry,1440,17,6,9,28264,3618,7423,20,37,17890,12770,140,4,4,604,2,6,1,0.65,0.3157894736842105
579-F6n4JpR3-XMdka-jq0IdhZFKlcqYaRtnW3K1FADQkvsyYF7M4kfc,깜별 12세,4427802820,carry,2093,11,6,14,30507,16727,21622,21,40,33322,16694,213,20,0,701,1,10,4,0.625,0.12244897959183673
urAbCrc_4ltPbH4-HvWkAAgF-OodofLgdLZ4F5FwuYXx,Fork판매자,4427802820,carry,2093,14,8,16,40762,5114,15293,28,14,22265,16624,207,24,0,464,2,13,1,0.6122448979591837,0.2
2eXqfljkD2yRfSZjPNMAUZB9Vp44i_UPEujAxiqI-UZgNrY,토토손절,4481744234,carry,1922,9,4,8,18821,2460,11561,14,7,13699,14239,242,0,0,161,0,5,3,0.4473684210526316,0.16
nEVzonVoY_qyNd8_PzoO8dZ03dKUwlqfX_l25_Kc-Jh9KIE,oooollloooo,4536119746,carry,2151,2,12,10,26010,2485,7755,28,21,23430,10353,156,5,5,196,1,12,6,0.27906976744186046,0.3333333333333333
1QNXpiWUOZ76Uaw7Fm47tqWh0graUPfOavHlQlTuhlvE,주체할수없는분노,4424165067,carry,2470,7,6,9,26762,4892,33133,32,16,24673,16382,236,44,4,373,2,17,2,0.4,0.16666666666666666
TBD7BuLt9Hz6F2VFkF2mNtsG-UWqyJKfbnewJC8_49v67JY,빵팔랄라,4546186613,carry,1634,4,4,4,16214,2502,5260,6,0,12906,9075,136,0,0,18,0,5,0,0.47058823529411764,0.13333333333333333
T9P7BOkCSO0R9biswuK0z_BplecXgxrB0JctDm28sr2yrTY,저 카이사 잘해요,4546186613,carry,1634,7,3,8,15606,6174,11200,18,0,18808,11797,205,8,0,9,3,7,5,0.5,0.17647058823529413
P2QlspX8yYcdTps5JFKTakFdCY_bDD1SYGPEFyFohe-BS2G-3is1X4BO,손이좀느린편이야,4532814781,carry,4747,8,25,12,45242,7912,57561,50,13,70555,24163,287,35,0,497,6,26,4,0.3389830508474576,0.3125
VnxtHC9M0b6jcaGOQEMnPzJTEhSQQcygQpZktBYPB8v_myo9Z7sfSzGT,한양대스산20학번,4544474736,carry,1954,8,9,8,26718,7200,11476,13,0,26447,13671,196,29,1,6,0,5,2,0.41025641025641024,0.2727272727272727
rO8lO1P-Tj7SJVE0GQuANr-btnNnMMmz_13bD7JBsj_eiGQ,서른한살,4540184267,carry,1824,5,10,7,20742,2037,8508,20,56,20572,11254,154,20,0,818,1,8,1,0.48,0.22727272727272727
ZkQAxftnbX_-klED-gIeAGSe0I4Wh8JFQ0NFZ13HejrX,대교 원딜,4540184267,carry,1824,8,3,9,21221,2734,11178,28,9,16233,14291,221,27,7,356,2,4,5,0.3953488372093023,0.12
FhHRwEqHis3F_jSdzdGhmi2_pn8VZ4GBu6lfMWlt9f3e6Ihq_mAXJW5A,팀과 소통을 안함,4547623366,carry,2314,1,4,7,16437,3052,17607,35,10,17211,12731,258,0,0,360,1,12,0,0.26666666666666666,0.13793103448275862
yTLoR90AEMstYuT0n5s0adEQ3hl_HJvkA46X5s-vn6NFfwQ,엿 드세여,4547623366,carry,2314,7,4,6,26942,8158,25879,13,37,20685,16956,292,20,0,199,0,8,0,0.4482758620689655,0.13333333333333333
2csQlVEnoTlpa2uJfEvpui2OS8iGtcvFgVvysOhM8jD9l4W6WBDF_xtr,KZ DRX Deft0,4546617242,carry,1542,1,7,8,7069,952,6421,8,3,15062,6950,121,0,0,104,1,4,0,0.42857142857142855,0.2413793103448276
wbCuwCEUcew20r-2vduSK8N8IdAff8mxx_F0wJaNmQC-cNtrSa_yEXHf,KiguRumi,4424150739,carry,1682,5,5,10,23915,3115,9074,11,15,15596,11865,182,12,0,171,0,10,0,0.38461538461538464,0.18518518518518517
iUit89wQ2465jKhBeSx9VqRE9eR2XpjTSSndN9fjPBYHhqk,난던져요,4424150739,carry,1682,8,6,5,16795,3897,11734,15,12,18866,10731,122,0,0,79,1,10,1,0.48148148148148145,0.15384615384615385
BIJziuyzEy48qe1zLpmfGD-DB7oh37eH1qckK7nLNlZjCsy5ls3dG6QP,한윤채희하트,4547204545,carry,2136,12,7,12,28895,3697,34378,9,36,28238,16245,237,15,12,213,0,8,0,0.5581395348837209,0.3181818181818182
VCxeK4IBN1aQ7QmpLQq_m910bG00nfDbub95mh-bgVIumeA,어렵게즤은이름,4201387606,carry,1420,9,2,6,14539,1977,4144,16,4,10342,11460,173,8,4,71,1,7,4,0.5555555555555556,0.2222222222222222
p0R_3LDgmzPjItgFTfXSOROcaldVka82GcIEJdFm5NvRGj8,Daniel Bryan,4508764086,carry,1788,11,4,13,41219,1880,6302,23,55,16360,16239,230,24,4,767,1,10,1,0.8275862068965517,0.16666666666666666
UHneWrUeAIE5nUB9B67fKrhmODpl-F7dFHwYbqQPSOd_SwU,jack snyder,4508764086,carry,1788,5,6,4,9688,3429,8155,20,4,18069,10395,161,32,0,42,0,8,5,0.391304347826087,0.20689655172413793
Tjnn2qmNNjlvz-UheQlXEOmx6ggWMKf5ctPZVgs0zNSeM08,쌀헌아 석것같아,4538654964,carry,1954,6,12,10,19017,1916,12131,17,22,28633,12686,148,42,0,95,3,9,4,0.5333333333333333,0.2857142857142857
vzqGUMpxva04MA0ooH-rSIKfmojju0CIEin2jjp6rt835oI,윤여우,4499141165,carry,1889,6,6,6,18269,3011,10617,19,25,19030,12729,206,20,0,106,2,10,1,0.5714285714285714,0.24
WCueXnmCX_JXKK-5dEz3o40Q9PgijEBbmORIT5tXNvqVFJ60MbOJKmRX,에바라구요,4543342507,carry,1381,2,5,3,7308,1505,3768,10,14,12390,7251,139,2,0,53,2,7,1,0.4166666666666667,0.18518518518518517
BBPs7uVuypHCMvsXrLZY6fq1yh0xIjbed48MR4qdgqCI,Choi Jae Woong ,4543342507,carry,1381,8,2,8,12217,2802,3642,8,11,8293,9995,125,9,4,128,0,5,1,0.5925925925925926,0.16666666666666666
WRNLu2QPAZk8l3l650GOcgJ_V1UVWiO394KUthyojp3P,위대한혁명가20,4517064672,carry,1598,9,6,7,22572,3049,6702,6,2,19049,10020,128,4,0,46,2,6,0,0.64,0.1935483870967742
41CfN45F-PY5joba1SZfwVvbDRNHAWabrRxMVra1kQ4MMmBHwoZYJfSW,람 베트남,4475721142,carry,1256,6,3,2,8500,992,3210,11,3,8628,9843,158,4,0,63,1,7,2,0.34782608695652173,0.25
5r8MxgUTIkPmlEVZFikYLQNtn6MPCkl2NGrE_9vufGJT,hai ting se,4475721142,carry,1256,0,6,4,7857,1661,3558,7,8,10427,5339,93,0,0,145,2,2,0,0.3333333333333333,0.2608695652173913
z4qifk6uYfP02TvvD7EKkjS2bsQm8R5mpacLMkTQU00llwU,버스사업가,4536022606,carry,1426,11,4,2,19496,2831,7204,7,11,15898,12073,129,4,0,99,0,5,1,0.5,0.08333333333333333
9r6y0f7LVU8vlYDHxK-lzS344vdjf1vwFUIw2K5qPHDW,MMR측정기,4466380368,carry,1714,8,7,12,22223,4095,9346,16,16,19218,11623,141,12,0,65,1,8,3,0.5,0.19444444444444445
JlRwPRClujtqf_qcwPRYyZH1eIqDzB8ZB0eCDZg8zIUxADM,도마도집행자,4252314817,carry,1226,2,4,4,4626,1030,3112,7,19,8513,5084,56,0,0,345,0,4,0,0.6666666666666666,0.14814814814814814
mhUMkGx_vRuBulY7wktikZJUxGC4_uIW3tAvX1kqAEbj,졸려졸려졸리다,4510638832,carry,1558,1,5,8,9780,1647,6700,12,28,14903,7530,150,4,0,537,0,6,2,0.5,0.12195121951219512
c8JqkKMuFcckgGdS4dfutht60en9wJ3rDu7onNaTs4K0sWF1I_0bjBE2,시몬민,4510638832,carry,1558,11,5,11,25864,4125,11649,23,20,23781,12430,156,20,8,211,2,9,3,0.5365853658536586,0.2777777777777778
8uSD6YJ-eFy9I9bDprh_Lnk-AyHFyBCQ6nNVuiujfZA5WiZ2jF5oXKsJ,BMUDA,4547891521,carry,2527,4,8,13,14101,2381,15679,22,39,22808,12947,166,4,0,770,3,9,2,0.53125,0.20512820512820512
3Tm7gijWN3AwiA0bvy8T0eTyVBV6WINuYHDKtTCD5EB0zY-Ynt2f9Pul,니엄마싱글레이디,4547891521,carry,2527,5,5,12,22700,4940,11824,32,15,27359,14850,166,46,8,171,0,13,7,0.4358974358974359,0.15625
G90nudZ17bdtHYi78uJznm7OpTp3CV3xe_NRwHe4cKpJnsD109KSQxNf,고도영은 못말려,4545156271,carry,1478,1,4,8,9960,1533,4918,14,5,11369,7745,123,4,0,114,3,6,1,0.6,0.18181818181818182
j5IxT9P2vTUU2Y6w9E0JDlOrcd_5f_iJX3b7TORcD_15MMApW2Ncajho,심심해심심해,4532380977,carry,1405,4,2,10,11205,2817,4978,18,7,10671,10472,178,16,12,83,3,10,1,0.56,0.2222222222222222
42gOS1GMsaOP38mrirplZPdusEHQ6EdwQkmQbFqYZwRC5TU,한 훈,4532380977,carry,1405,1,6,1,7435,1642,5397,11,0,11334,6600,142,0,0,0,0,6,1,0.2222222222222222,0.24
FyIoyHGUSCBkoAxM_H1_i4YTc12JZrMnWV_ugQumFKC4,삼겹살안창살,4544813109,carry,2052,6,10,10,13497,3023,12120,17,24,27115,12301,176,0,0,109,1,7,4,0.41025641025641024,0.17857142857142858
yxErqVIdIl7vTuuz9K9xZYrGJbFyhn1z_RxDA1boduzwbHc,여리열e,4544813109,carry,2052,13,8,15,34084,4553,14970,27,11,22388,15333,132,25,8,251,2,8,1,0.5,0.20512820512820512
EjES9cgwWMp3BKSFLxkfwW_MXM0GWNiBsD36-BcxDs5rh10,겸치만먹고싶어요,4520131694,carry,1911,11,3,6,26960,6345,24291,44,41,19670,16275,211,52,33,167,4,14,3,0.6296296296296297,0.2
JTt4H7cjNSOACkLAPEZlKV8nFmFdDjSABNC3N3XkpVDbYebqF2dr6h7U,2018 09 14,4520131694,carry,1911,3,4,4,13553,2418,16700,19,8,16828,11097,211,17,0,409,2,7,2,0.4666666666666667,0.14814814814814814
YLogsIpOAE4CMXzh3hNdKGWto2aETRu35x2aTMI0l-L3kQI,내꼬지짱커,4548500873,carry,1924,3,9,8,18727,3892,8402,10,10,20895,11460,210,14,0,50,0,5,2,0.44,0.225
QKmgIw7UDh-NQSIE7XDbLYH-UofFq-dCaOJOXThKDA4AXTs,경일고 데프트,4548500873,carry,1924,3,9,7,11671,4866,9360,23,8,24001,11548,164,16,0,44,2,11,2,0.25,0.36
yRj87RkdoJw68v2r_JKaOKTi00X-NUWtbk6bCi7tZMto02CMu0-vad96,Kaylae,4548257380,carry,1820,7,13,6,17953,2249,8675,8,0,27161,11424,198,0,0,1,0,5,0,0.38235294117647056,0.23636363636363636
BtF-ib_U5IbdpfzB_Pg0CX4PFkWUCkpIOV4Aj0R5BdkiPtaGvQZlnvR4,VIPER 나와,4548257380,carry,1820,15,7,14,37785,4084,13419,24,30,22033,16355,226,12,8,188,2,8,3,0.5272727272727272,0.20588235294117646
dvZsolaA_lXeG6U8LerBeu-esjzMVy3tkQc_p6DloWb0YeLl1Gyy4Gi8,버버리 커피남,4536682395,carry,1409,6,3,10,12446,2325,3560,6,0,9984,11065,162,20,9,50,0,4,0,0.45714285714285713,0.42857142857142855
vNV_1W_y2GWDhRIX0AIkY2zGrGQBtGL0je3xz-2zdqTFGHk,ks3835,4535375376,carry,1922,13,3,8,26745,3174,11535,31,1,19874,15174,219,16,4,10,4,15,6,0.7241379310344828,0.08333333333333333
TWBHcPNuivXUAm_CTVKRs29ntH4Dw239l4tnerFWYK_oAojzQ8U2I8UE,어둠의존재이유,4521352264,carry,1672,3,10,3,7279,1079,6109,11,0,14427,7413,88,4,0,0,3,7,1,0.15,0.47619047619047616
gzRWPLaM5g7DizeccX1ykU3D4ijnCNOgIzzhB9-tNMwdl-A,아귀레,4500116715,carry,2028,11,2,5,22132,3974,9081,46,53,18930,15332,204,28,4,917,4,14,1,0.6666666666666666,0.07407407407407407
tIpx0ivL18Wck4qcpcdGML9YPU9u8TlCg0s7KTYyS3VwvGI,향나무아파,4500116715,carry,2028,3,5,6,34443,3184,13156,20,12,17230,10233,192,4,0,181,1,10,3,0.3333333333333333,0.20833333333333334
D1UYBliyPoAb08dg-7O4o3RdOipoa0CEfuTN9-RG3FhTTopnNNf5ugsC,thelim7,4538583931,carry,1200,1,5,1,5488,1033,4785,9,9,9204,6379,118,0,0,28,0,5,1,0.18181818181818182,0.2777777777777778
V4ABQpy5XUfUkGxfi8VG4ArFP3JWhgza1TdcvIZkaRg4vL0,곧추 석일걸,4538583931,carry,1200,8,2,3,11047,716,2981,6,15,8661,8571,127,4,0,57,0,4,0,0.6875,0.18181818181818182
95htrv_gLchUBZrp_b3WVpkp0jGMMketUKXVplqtgNwj,0O00O0OO0OO0O0OO,4536063480,carry,1607,7,8,5,20729,2815,8363,15,11,19007,11717,174,12,4,71,1,8,2,0.6666666666666666,0.2857142857142857
rRYfg9lhIcrj3RgmMYtXHN9I67VdmODSk7orhFDE6h-NnEo,일당백 애쉬,4536063480,carry,1607,6,7,9,14565,2822,6600,9,12,15079,9888,126,4,0,242,1,1,2,0.5357142857142857,0.3888888888888889
IJJ1rKdbIxQlhytqpJf7e1CLqqdqteZIZIweYUXmwIMS6CA,룰루의친구카직스,4518122280,carry,1452,1,5,5,9672,2419,6432,12,14,15796,7527,150,4,0,122,0,7,0,0.3157894736842105,0.16129032258064516
hT8RffzL1Wwv8fQBr1_4S0wK79cCY0k6TV7IvDsXHJ9Ecnekxw5uWRhR,Polizeibeamte,4518122280,carry,1452,9,6,11,15137,4208,5444,7,15,16618,10381,127,0,0,110,2,4,0,0.6451612903225806,0.3
ev-6fr-fjM44zM1y-VjUk2pq4It-7XKW2Ptkq2hMz6Fc,아직한발남았네,4512610322,carry,1827,7,4,14,29576,2702,8115,23,3,18827,15311,246,28,8,48,4,13,4,0.5833333333333334,0.2
xKiPocZ66l3rTGRu6jP0atQor_Pmk3HGRYdVw4WSY4NnPeQ,armdown,4512610322,carry,1827,6,8,5,17522,5093,11836,9,2,23800,12816,200,10,0,55,1,6,2,0.55,0.2222222222222222
GjgRCCblVdmnLYGW1eMk13G57E1ef6gM61miJvS1dAIlhAKojxFdwWE1,버스기사원홍,4539230197,carry,1241,8,1,0,6514,1159,2841,18,15,6471,10452,162,20,11,678,1,7,2,0.38095238095238093,0.08333333333333333
m8BkYhijkBJh3ZWAEaDrMTqGp5P0qpDtat7Lq7Q_UJkF,봉명히드라,4477666819,carry,1704,2,1,13,17538,3007,10752,20,42,11642,11730,203,16,0,717,0,7,2,0.625,0.16666666666666666
dyRbkjtpsfXb8rYgqdplypN4N4hkAXcI_ptJ4_Qn_S2VTxVJlVOpGyEJ,섹시 Teddy ,4477666819,carry,1704,1,5,3,14603,1337,6572,9,0,15674,9275,213,0,0,4,0,8,1,0.6666666666666666,0.20833333333333334
h21ZbsDh3rSq1cPHA_FZfp5RV2a_ig-ZoK1CyLwwJI5KKknPn3UscyP4,ahs0098345,4540887002,carry,3208,2,8,7,21926,7425,18398,37,25,37705,14997,192,30,8,87,0,18,4,0.1875,0.16666666666666666
qbzeA5pHWmJnMTrVVQP15fxdRCPrL4lVkO8JVx8-1ka2Q90,조끔만 덜,4540887002,carry,3208,13,8,17,55446,5335,27649,17,28,39960,28544,468,33,0,149,0,7,3,0.6382978723404256,0.16666666666666666
iNHWU27Cr_8ukrhDf_yDKkJhSyAqMduisH0OIQoZutoJsyNg_i7ttkV3,이즈로플레가기,4539279058,carry,1900,0,10,3,13230,1832,6114,4,11,19508,8623,153,12,0,473,0,3,0,0.15789473684210525,0.3225806451612903
KbKXicsRMfY1aZfeB2oBKElWcCeVN6i-HmFcyKKxmLDEfgywjWqhKfGd,백사수,4539279058,carry,1900,6,3,10,17286,3818,6866,16,6,16234,11877,164,12,0,86,0,10,0,0.5161290322580645,0.15789473684210525
My71mRFeqrqI3TemQ8W2VvDsKlnRSp6RlP347xCMFo51,저화내지않습니다,4547832234,carry,2047,10,8,9,28770,3697,15800,16,6,31105,14538,188,0,0,90,2,11,0,0.59375,0.21052631578947367
wLkkIn8kNymfLZFLlw1FGVrvZrpLIssaFx-vmZVJwaaN,신라의달밤,4529189124,carry,1677,8,8,6,24880,1174,11588,24,7,18444,10723,149,20,0,74,3,11,1,0.6666666666666666,0.2
GJU7nZ5la1TsRqIQvCncptJJxGg2vAIXaHereJW5HTyE,unkiller,4529189124,carry,1677,4,6,9,19232,2616,8007,20,9,16587,9501,114,12,0,69,0,8,4,0.325,0.2857142857142857
140mQ4uLD71ITLTNmRXyaBHz_LvED8XijqUfq9-JG3n7pks,confident always,4547782668,carry,1410,11,3,6,18161,1915,6774,14,0,15163,12068,163,15,0,4,3,9,1,0.5151515151515151,0.1875
l38UOQ0mJRryutdP9Dq3Du_ZwEshmPv5Mnb1GWv41vGP,핑찍지마SSIBAL,4547782668,carry,1410,1,4,6,12111,2698,4160,7,10,11192,7821,129,6,0,37,0,5,2,0.4375,0.12121212121212122
vb8I-P3OlYK26lB1WB1V1uhpdtAS7_tZiiliC6Kv3tZU-DQ,정재영,4548326721,carry,1629,4,5,11,10002,1149,6105,16,34,12287,9522,155,10,1,608,0,5,2,0.40540540540540543,0.23809523809523808
iAoexhU9VlrE0jwQ3kT8CZgsqgd2iCYKz1LqbnS0ASM-DpoFhXTHIIei,방플하면 즈팬다 ,4500092277,carry,1225,7,2,6,11711,1729,3343,12,26,8037,8719,126,12,0,534,0,4,5,0.5909090909090909,0.2
D1NHk77tNg-CNNiy2zHDhsU5PStII-0dKvuh7PAQuB0eR5Y,지상계 패이커,4500092277,carry,1225,0,5,3,6520,861,3335,13,0,8864,6018,110,0,0,0,1,5,0,0.3,0.22727272727272727
zMTLfh0EglzClMCneR9XWZNdQTcuLheTUAPrQTI_pOBL8sU,쥐훈쥐,4495723097,carry,1798,13,3,6,24932,3680,10215,25,10,18477,15775,221,20,8,124,2,10,1,0.5,0.13043478260869565
rfA6jzoUmfEBM3gYQhzhz5SnVU1tnIoZ5HlNSq-n5nPM,공장창고일라오이,4495723097,carry,1798,2,8,12,11128,1360,9792,19,32,17511,8862,141,0,0,574,0,9,2,0.6086956521739131,0.20512820512820512
0tgjj75PpiyAVRnbTQCv16NYYp6zPLLx6k2cK2jJ1M8i,닥터선쉔님,4427723469,carry,1622,5,4,12,14248,1462,5671,23,35,8033,9846,126,6,0,513,1,9,4,0.5862068965517241,0.23529411764705882
lwH3gIMeTJJnyoZeheIMWQm_0JHrYM3A-Dis1kkh6wzKcks,임송이,4427723469,carry,1622,6,8,4,19442,2586,9128,14,11,20821,10970,196,4,0,35,5,8,0,0.5882352941176471,0.27586206896551724
WPefFv5GiTRQ9EoggPmdx5TQOWic4LoLLsbP0P0bsd8sGVZeO1WYombm,그냥게임이나해라,4353405785,carry,2240,9,14,14,34610,6749,17301,20,6,37153,16465,212,10,0,55,0,11,4,0.6052631578947368,0.28
xAXW59lUwup5y9X7hDakiNN7BGQtvwclxDSqWzgXb34rwYY,민둥콩,4547179488,carry,2766,8,7,11,26785,4483,15290,19,16,27291,17541,248,8,0,173,0,12,0,0.48717948717948717,0.1794871794871795
Wo_O6PHxym8l_9uHGQ-Fpu8b3JoElDcZLHE_HgvtIYhJ,괴물쥐이다,4547179488,carry,2766,11,9,11,38458,7284,19829,31,6,31135,17810,189,91,14,170,0,15,2,0.5641025641025641,0.23076923076923078
jVWFTjrT4fJyw_DSfp0lBDmEuOIGE5XUUjjGKWmNgu09,고고람쥐,4518838090,carry,1537,8,6,11,17172,1708,7247,21,16,12289,10463,125,20,4,141,4,11,4,0.59375,0.3
ZUXWtUCVgnJn-R4YC_3n7ildAu6pnql60Py29OUE23B4l2o,브론질,4518838090,carry,1537,4,9,5,13494,2185,6053,12,36,18588,9176,126,20,0,470,0,5,2,0.45,0.28125
mNDs-oH45Xz55EMsH3d9161VUGbY_1HdPdGHKgwfUi_-xgA,평타는 장식,4546368803,carry,1210,1,4,5,5734,1199,3696,6,4,9940,6339,99,0,0,6,0,4,0,0.6666666666666666,0.16666666666666666
qCv2K40cbB9mN6Ka7VYwPV9c8C74doXpN4hhYZBDIxbWr7V7RUhfIhGx,형광공,4534955321,carry,1605,10,5,13,23841,2753,5698,17,52,14615,11022,114,1,0,702,0,8,1,0.575,0.22727272727272727
vBQUz8fY4MDq9iZAmXJSlrund_hCNNZYcwWjIIk_aVnEi3BrIGUGjqPg,생각만은아이언,4541398146,carry,1670,5,7,6,14608,2743,7766,7,2,16787,10116,148,2,0,47,0,6,0,0.4074074074074074,0.16666666666666666
Dya6_PCTzvNOLWn4KDvzIIgORJTj2IjJ42X33aBVu8Fx,골드들사람아님,4542010833,carry,1619,1,7,0,7395,884,5897,8,0,15547,8694,169,0,0,0,0,5,0,0.09090909090909091,0.25
7_oPkmC2uVW0_n55nl1PyXozvPfU4QTiB6jRNpQu1KmKV-KnLy5wsjNk,싸이오펜장인,4542010833,carry,1619,5,1,13,13453,1700,5755,12,29,9284,10211,158,8,1,548,0,5,1,0.6428571428571429,0.09090909090909091
PeoaSFGaB8ZwpwgqIDdFvt-aFfHZRnFh-nM0jBk0d_YY,동남북서,4314316843,carry,1464,4,2,5,8308,1632,3207,27,23,8270,8992,118,8,0,475,2,9,4,0.5294117647058824,0.25
hDNXlUFIfoL3CHujnaKvPIbJdXF-UsZnt0ArsQ2dXbFI,박카스사나이,4314316843,carry,1464,2,4,1,6758,1445,5176,14,6,11460,6420,106,0,0,119,2,9,2,0.375,0.23529411764705882
PNFMNUSdAJ6cwvACdNaO-QABJ2Sav_QDhMreK4q6OUF0,PYGpureum,4543901160,carry,1632,11,2,4,19719,1918,10243,28,37,14555,14212,171,62,14,784,3,11,2,0.40540540540540543,0.125
D7Fhgpx9ygsx50R70aZ3FcKaxa97I5vqeDrCmW2v43L3TXsIGbcJuJFG,조카크레파스싶색,4542823380,carry,1631,4,7,10,11916,911,4663,12,38,13636,8443,120,0,0,466,0,6,1,0.6666666666666666,0.19444444444444445
m0nVrBuD2BXtDbaSNFCi_Xd9vfTtxQeRh_kI9Ng336QD,가슴에뽕브ra,4539951479,carry,1571,5,6,1,13470,1598,5672,21,1,15782,9453,138,0,0,8,2,10,2,0.375,0.15789473684210525
7bAh0gDcrR2rbqUp_-xybJPp9cQE9wOSlqkXKRnGI0q65Ej7TWzffqkE,낑 맨,4539951479,carry,1571,8,4,9,18727,1594,7014,8,3,12586,10951,150,8,4,91,0,4,2,0.4473684210526316,0.25
pNtIndUFjMwQZdXZjoGC3l-E_HkQSmQB5rR4HpqgOVrdHVXgPRat8RcX,Edogawa Conan1,4543972297,carry,1875,4,5,7,13197,3974,6836,17,18,15355,12592,218,14,0,126,0,10,2,0.36666666666666664,0.21739130434782608
VoTmD4CzHc9sv-hjQZJfutn5aluEjtIXSsVJ7xmWnddauxyOjKE0xn6X,형수와둘이모텔방,4543972297,carry,1875,10,3,7,25031,4157,19161,13,26,17556,14839,217,22,0,268,0,7,1,0.7391304347826086,0.1
TQPUzEBt2Ot_NLhvdPFRSdgnlASp4pyLtKY1KXIt1DIv6nqDjSjmwPEE,정아fan,4532684952,carry,1548,6,3,2,17916,63,7108,4,2,15520,9518,179,4,0,16,0,6,1,0.5,0.13636363636363635
RQH5As3kzA1NaYRh7MosOgCcjY6T90sMB91s2-0x3CFN,강해버린남자,4501432684,carry,1484,1,0,7,14303,1197,3516,20,2,6060,8862,146,0,0,48,2,10,2,0.36363636363636365,0
k1HkaS7ht-j8qnNhA56m1rWRSvFyO830viZdkzciBuTBYik,노랑 코뿔소,4504346068,carry,1459,22,5,5,43529,4059,15502,14,27,24451,16618,177,24,12,268,0,8,0,0.8181818181818182,0.19230769230769232
pdVtnfeh3PPcME2fMJouUDZZ1mZRdrGQ-5oJhLdhSwQwh6RYm_cTILA7,한여름 밤에 서폿,4504346068,carry,1459,7,9,5,8959,1811,7745,11,5,16701,8802,104,4,0,49,0,7,0,0.46153846153846156,0.2727272727272727
g86_pMhPbIYhy_Ctr7BF6cKiCQxMi1to6wwoCZbUi6oxF4M,The Meteo,4548811718,carry,1508,1,3,4,8328,1260,4441,10,11,11564,7932,138,8,0,43,1,7,1,0.5555555555555556,0.2
h8wD48JJjnsz05BARo9w7PmQ9Q9_BoWCwMTLnIYD-g8X,황토마당,4548811718,carry,1508,5,3,4,14474,2042,4751,19,23,11244,9781,128,22,0,320,1,9,5,0.6,0.3333333333333333
DuwwUMnmzPi_quYlIXcrd-rAhMoRb_osEYDDn6fencc8,Fallenkim,4536669654,carry,2075,13,3,8,33484,5267,9765,30,18,22361,14714,194,12,0,100,1,11,2,0.6176470588235294,0.2
QFiNSxYdWbWDpgt9WyMq8wPnpDqOwt5OnDOfrRC2Kn7W,make a sacrifice,4536669654,carry,2075,6,3,7,29936,5567,14241,18,0,21255,15566,281,4,0,0,2,12,1,0.8666666666666667,0.08823529411764706
stWeW8TvbrDYONCCvy_uVKgaSV9gIK1Dn_rZNJ8Uo44y,로zl헌터박태현,4542424515,carry,2117,12,2,14,37401,5605,8321,12,20,15407,15487,207,9,1,96,0,10,0,0.6666666666666666,0.08333333333333333
ridB0HqljCuBcu8C18yQ7ax2EO2UI2qOhbdbI1iOvMq630Y,개섀기,4543496293,carry,1892,8,2,13,24723,2700,4712,23,12,11661,12947,159,4,0,214,1,12,2,0.5675675675675675,0.10526315789473684
uwWPhWPBj_VrYK4cSEDhQ2krRGeg6yNrwSbdE0Ol2UHH_Q8,기라이짱,4548802807,carry,1624,8,7,4,18046,1066,9802,14,1,17289,12008,138,16,0,18,0,9,3,0.5714285714285714,0.19444444444444445
a9lSSVM96IhTOa9OIx1jEWzvQeG1WZdg-q2SFAhOdbg4,대포동6ho,4532819731,carry,2435,6,12,5,21898,2193,19048,35,15,31165,14735,202,30,0,70,0,13,2,0.3793103448275862,0.3076923076923077
TD61wmNjip3wZxl6EHIoGidXf8w-g9IuAj7h9zS8zum8bmc,캔dodo,4532819731,carry,2435,13,10,8,36699,4775,18310,42,69,32338,19703,265,28,4,1312,3,15,4,0.5384615384615384,0.3448275862068966
0GqSYv3uJN6ZrtVp8S20bS9AlGLu1qw2Ihg51ETsLsG4-CwhFcOTf_84,ioio111,4548245916,carry,1796,6,5,4,10606,2236,6259,23,5,14629,11825,181,11,4,56,1,10,4,0.5263157894736842,0.16666666666666666
Zos7ajTxlo8nkvrUglgumff1JtO25S_F7QMU8CRAMiB56-U,보아빠돌이,4548245916,carry,1796,6,3,8,13691,1470,4764,6,0,10796,12121,181,7,1,30,0,3,1,0.4666666666666667,0.15789473684210525
gnsdaYlyn7APXsww6UUtf_3X6MCvPcmwUOWyCsJkQQUWf94z4gY9PnzX,bruno2mars,4519737754,carry,1625,10,4,9,14049,2202,5921,14,2,12396,11527,154,8,0,31,1,7,2,0.4634146341463415,0.25
8U7SZ_g6B944u3KUc7EZhebPWMLOeLZ2hFdgTkK_orXi,미드트린장인,4496251088,carry,2003,10,6,21,30399,6202,16664,15,8,20746,14445,178,16,8,258,1,9,1,0.6078431372549019,0.21428571428571427
V8PFx8mE4W6cQ2DtDDfF_ua0x01VV8UdAuI6xC2J9O8u,성교왕 기택승,4496251088,carry,2003,4,8,13,23437,3736,10536,15,54,23197,13361,212,20,0,849,1,5,0,0.6296296296296297,0.1568627450980392
7Q3pYHeoVAr2ystAFKudnXpywUXkZ-ru5eoa_PuvKgiXFtoj8XYwpce0,왕호딸,4536981969,carry,1835,7,7,9,19016,2383,6817,20,28,18938,10981,167,0,0,148,3,10,1,0.5925925925925926,0.18421052631578946
N3pfZF43F8guEacclec4a14lVrKxmBuxpD9AIJ4oSOuAXzc,으이 잉잉잉 이이,4440533517,carry,1210,3,0,3,7654,1509,2375,11,9,5247,8505,155,4,0,28,2,5,0,0.3333333333333333,0
kTsS0lDfXxjtsvVfx160N27Y0mzeVPZM_VFfQ-E3Ouhe,세은이형,4110041025,carry,2192,9,12,6,27582,2777,24354,16,13,30335,16035,229,5,5,80,2,13,0,0.35714285714285715,0.23076923076923078
mtPTzgjKgdQOohvO9YsvFkzaDQ2ybM_5q9XHoVp8Lq-z,Mirage lIlIll,4110041025,carry,2192,15,10,14,33205,5332,15673,23,25,32061,18834,193,20,4,209,0,10,4,0.5686274509803921,0.23809523809523808
5qH9or1EmgrCNAtb3MYb4Z3Q4ALsUSqtQ8RCdnB-YT8o5W4,패왕색현욱,4538397430,carry,1635,12,5,7,22913,2935,7069,18,21,17267,13009,171,20,0,128,2,7,2,0.5757575757575758,0.2777777777777778
V51KQ_uMGeC0oHM1jxWskCIPwNsqfbZ-3vRDD5G-ZhjaPBbSlJF9hdmf,푹 파인애플,4392295962,carry,2216,8,5,16,29237,2139,9770,33,38,14103,14487,191,39,4,251,0,10,11,0.7741935483870968,0.2
0CuzJu3g-MarxyJaL79725eC2hN698LME391CJE9k28LXA4,거창 도란검,4392295962,carry,2216,6,10,8,23013,4382,11969,26,48,27142,13968,215,36,0,898,0,9,4,0.56,0.3225806451612903
g9OwDamQfBbvCLfPRhkB1BIg_faXV-aWIB2OEBsueRrxGMM,제임스 발렌타인,4546863526,carry,2102,0,5,5,7851,3626,13504,20,4,21007,11723,243,16,0,27,2,10,5,0.4166666666666667,0.1724137931034483
_IKIpnARS57eeZvbJ96K4JHRMQh88wAzAJn_zlV8oG11,엄 뒤집개,4546863526,carry,2102,0,4,12,14056,3374,5578,12,10,13494,12747,196,25,1,79,1,7,1,0.41379310344827586,0.3333333333333333
t2weLOzQY6niRvFHpi_J3TFQs-h9Kgm3SgrXzBxfaqmyknI,이웃집 또또루,4548735583,carry,2200,23,4,14,66269,8878,25426,21,30,24800,19952,194,12,0,458,0,11,1,0.7254901960784313,0.08888888888888889
MHLcIZE_rU_jt9b5aZ0T04fUi75g9ejBd5VLO1jA5I08tSiN-9R6fle9,좀놀아봤다,4548735583,carry,2200,2,7,11,18707,3489,11681,22,25,24587,11698,172,8,0,72,0,9,2,0.28888888888888886,0.13725490196078433
NT175WZ7dsH2LHNr9libkQpcWsXg-k_WsoLKshI8ooOYpGY,무릎에멍듬,4541402247,carry,2737,12,3,18,28513,7729,29536,17,19,29374,20245,295,42,4,231,1,11,4,0.5357142857142857,0.08571428571428572
aQQXFDJSPeOuQbURfZaSdX1Z8fUb3j2Z3oMuTsvrAhhZHFU,Gorgeous bro,4509526698,carry,1616,7,2,3,16952,1712,6603,23,1,16140,12479,193,41,21,93,2,10,0,0.2857142857142857,0.13333333333333333
PN_-B9PX_9d0hKa9CclKFeYRyjiwpVbgO53MFgO-Zs3Oe7s,갱오면던짐OwO,4529429444,carry,1601,10,3,12,24302,1436,8846,12,8,13876,12165,153,8,0,225,0,4,3,0.6470588235294118,0.11538461538461539
Bk5RviV-yy4yT8pG9SZwrUjm1cLw24yHH8cGJqWJwxaFpgvlcqhbVKel,원딜훈련계정,4498321863,carry,2027,4,5,9,17232,2922,15663,27,5,17846,10665,169,4,0,147,5,12,5,0.48148148148148145,0.14705882352941177
0cO4FwXXxnmDkY1kNlLIJbma_jfrb9DTpo-_SfXCDWDWBBfJrEYOOXAq,전우빈,4498321863,carry,2027,10,4,8,36118,5227,15500,31,25,25793,18490,302,57,19,150,1,11,10,0.5294117647058824,0.14814814814814814
q8ZUaTucIYo6qktUi21MKKL4jh-qZUE23OwbxwUhLYp4biw,다시 도복순,4539657352,carry,1596,14,3,3,16025,3553,8144,29,7,14188,13092,162,19,7,170,2,8,1,0.5151515151515151,0.1875
Xn4CJupDGsun1zvzYuqYLXTH9iK4VpO6eLv2dqB9z9WS15Q,포끝김부장,4539657352,carry,1596,4,9,2,15659,1781,7522,7,3,19203,8805,146,0,0,15,0,6,0,0.375,0.2727272727272727
oQcifdzZhWfIZyB1OiGPlp78gNCwQZPixKJH-y3JjbZsTLE,내가보이니,4546320050,carry,1247,1,4,1,5076,546,2621,6,0,8714,5170,93,0,0,0,0,5,2,0.5,0.2
wL-gPrIRRO7d--jbJLKH9wWOCWuH7hdhNprwbWAayebK,고무대야,4546240446,carry,1823,8,3,7,21029,3048,10860,15,18,10424,13553,168,60,32,107,0,7,1,0.42857142857142855,0.14285714285714285
RNtfVnSeDpmX2kUXtCgDjgsHElOA-SuCIk_r8EFFpMKwebw,딩동이꼬,4546240446,carry,1823,2,9,4,13946,1417,14383,18,7,19484,8442,135,4,0,226,3,8,2,0.2857142857142857,0.2571428571428571
2qrWuJ554SEGbVwmBzyhpXgkyW5Sf20CZGo2mH0OMvfsLRA,정지윤정지,4487361693,carry,1637,4,4,5,14118,2290,8674,9,5,14965,9409,180,4,0,121,0,6,1,0.391304347826087,0.26666666666666666
it1EsGAb9XoyaX-zYcaK7eXQwmFz5nepFQ1_CBkjHuyfSXo,XS시리,4487361693,carry,1637,3,5,3,12800,1141,4897,15,0,12834,9164,176,0,0,2,1,6,4,0.4,0.21739130434782608
nutgUZCP4Ecdc9cuNCpzOrilM-YuQg401dB6XsJLlm-711XAR_hg7ckf,협곡의 정글러임,4544477643,carry,2015,2,8,3,12938,1472,11320,20,4,20015,9494,160,8,0,127,0,11,2,0.18518518518518517,0.19047619047619047
XbnDcFaIUCyBcsXrtRoiPHad3YEmYggEi5PMZNe9Pqs4,만구킬,4544477643,carry,2015,6,4,20,38483,4049,10326,33,67,22214,15418,220,8,0,955,3,13,3,0.6190476190476191,0.14814814814814814
FmhyYH-iE5uABKWRD6e-sDjBZhistPsq5flgoHl9yoJUS0Y,NizeMas,4544976040,carry,2571,8,7,31,51114,4179,18972,15,23,30804,16968,207,22,5,635,0,10,1,0.8297872340425532,0.15217391304347827
DvJXkJM-Y9Mg_Wef0YNdq0jIdSfq3txRC6PYPy7EzhuZ,어미잃은아이들,4544976040,carry,2571,14,10,10,45886,0,18057,12,88,25604,18865,285,1,1,1168,0,8,0,0.5217391304347826,0.2127659574468085
zgvbgR5-eAX9NhFF_um8GizmdE-sC-Fv36jtl0bWg068,우한시대학생,4548051388,carry,2515,3,6,16,31986,2732,18204,47,18,30924,15447,202,64,4,132,0,13,4,0.4523809523809524,0.17142857142857143
3KfwR87_wNrA2bgY03pB9rynx0WXxvLx9sABkQYGOZeeEG4,송아정신차려,4543463700,carry,1826,3,3,3,11864,1016,5131,27,10,7631,10331,167,0,0,100,2,8,3,0.1875,0.14285714285714285
