account_id,summoner_name,match_id,position,playtime,kills,deaths,assists,totalDamageDealtToChampions,totalHeal,damageSelfMitigated,visionScore,timeCCingOthers,totalDamageTaken,goldEarned,totalMinionsKilled,neutralMinionsKilled,neutralMinionsKilledEnemyJungle,totalTimeCrowdControlDealt,visionWardsBoughtInGame,wardsPlaced,wardsKilled,killsRatio,deathsRatio
A-1Tkp3aQ4ITKIULw7SFDmNq8oZ14hM9ORklBrX0OD6u,착취충,4529288161,jungle,1235,2,2,1,8476,3923,4982,5,23,11803,6138,30,50,0,437,0,4,0,0.25,0.05405405405405406
1l0KsX8aVMaq8ed9Kh1iHIvJkrrBgXYTdgWJcb7qVRVh,WAKE UP Mental,4529288161,jungle,1235,6,0,9,8643,8734,8021,16,9,15043,8336,15,100,8,317,2,3,1,0.40540540540540543,0
sAXwdU60hPkF6Jna7za9UH1In0FZImOWk520jODNdF7S-t5Ay_SFpl0i,LUNA3045,4547763753,jungle,1284,10,1,12,16194,11041,11848,12,21,20799,10390,26,88,0,386,1,6,0,0.5641025641025641,0.16666666666666666
i7q1ajvCjjb51rZbq9KcDC0q9sYPA25uP87cZlXlJO1c,Suka,4547763753,jungle,1284,1,6,2,2835,5606,12644,16,11,19020,6558,29,100,8,182,1,7,2,0.5,0.15384615384615385
UBZCud0h1rGSSjrbp9onDUionodb0MpeQGNhnojnrNOjBt8,긁이즈만,4545083743,jungle,2266,3,7,9,15451,24504,34434,38,42,44786,12158,53,140,4,516,4,12,3,0.5714285714285714,0.2413793103448276
lDeH0NWD3BI3tznID1Necx-3pic3t0jl_pcTgM74dqN7sF4jwClhOwib,누이좋고매부좋고,4545083743,jungle,2266,1,8,23,23446,12888,74460,45,63,49650,11511,52,118,12,1244,7,18,5,0.8275862068965517,0.38095238095238093
51ilre83eNOMvuLEGeFbH1GMy4k2LVrtUlzRQ1hXD-d3ERX845lUNWOx,TY 타이,4543413063,jungle,2077,4,5,13,16706,11335,41448,32,29,34829,12705,55,130,3,476,2,3,10,0.5151515151515151,0.20833333333333334
6W62wWUvtDJ_gftWSAHxdmHguFISg36PZkd1u73_PPL6,찍새님,4543413063,jungle,2077,3,5,8,13810,9984,27237,37,19,26279,11696,49,140,12,373,5,13,5,0.4583333333333333,0.15151515151515152
eOY__VqswUKu-18ceQnriHDcm4Y9AA3XPAROjayT-6rkdgg,zxzqa,4515766018,jungle,2277,11,9,6,26489,20305,22544,39,12,45630,14574,60,123,11,558,10,7,8,0.4473684210526316,0.15
tj2b3hqm2NuDWQ_Bts9OzqhoU5OdO6dAHdC-QGUBNvo3z0uf6LeT5vxD,왜울어상대가난데,4541771457,jungle,1905,5,8,14,15668,21892,36953,27,45,45378,11776,35,85,0,393,4,13,1,0.6785714285714286,0.26666666666666666
nSDUJmDiVR6oOChp0if6ljVnto7wrB0BxByFXhzaHQXJ,밥먹어아들,4541771457,jungle,1905,13,2,4,20972,16515,18814,30,182,27435,15573,83,174,7,553,0,10,6,0.5666666666666667,0.07142857142857142
Yr66Ynl17bawqZy3LRIGLdu4MIypFaRBah92CNVvrqLMEds,Social Network,4547735711,jungle,2069,4,10,6,15762,20519,32418,14,17,47023,11728,43,152,8,445,0,10,0,0.38461538461538464,0.3225806451612903
JKgT4l6vYVNyKVmFG6mxN6rrLF4n0a7FSIdBIdf0EIuQ,그만 살자,4547735711,jungle,2069,5,8,15,16648,9489,39540,32,29,39783,12889,53,130,2,338,5,5,9,0.6451612903225806,0.3076923076923077
9FtClrx-yW1-2cFAoVJ_2MAygfKNnBDCFCarq3-UPsezipU,다쁨이,4467763245,jungle,1639,5,5,10,13313,6965,11927,27,22,24516,8918,19,78,0,213,4,8,3,0.42857142857142855,0.23809523809523808
YzMxItKGa6R4A7GkMn3noeA5E10OXQm5xButEqbKRPzYnahVNhWHqvBH,무빙은 움직이는,4467763245,jungle,1639,6,6,4,10247,7017,18777,30,16,24206,10937,48,125,13,266,3,10,5,0.47619047619047616,0.17142857142857143
vYgaUZGj39f6EEVxje7FnSePtDICdUjc5eQi59fvlZmx,도구면도구답게해,4522944975,jungle,1435,4,5,7,9707,14206,18871,9,7,28996,9475,9,144,22,373,0,4,1,0.2972972972972973,0.21739130434782608
vGLL_qrgnWlVdKtMQPJxVDtDg7492_8u58Am_JFJE_k1qauM07fCkYWm,Dark Relic,4522944975,jungle,1435,3,8,12,11406,4532,5812,17,10,19331,8342,37,68,4,307,2,7,2,0.6521739130434783,0.21621621621621623
IDBX9AuFi9RJxpXHuZhCqsgPaSZv_Yp8oy1TgB7efula,땅거미지뢰,4515480857,jungle,1525,6,8,3,11808,9800,14621,21,108,25532,9151,36,93,0,386,3,6,4,0.6428571428571429,0.2222222222222222
awYS3hu5fUMXKNeOvdDNqcK9v11ySZbyd-Bd2QcoID94gAg,티모벤하자,4542134272,jungle,1988,5,7,4,10231,5500,12936,43,14,19272,9916,28,117,0,332,4,5,7,0.375,0.20588235294117646
ZQJQ8xj-tZcqHsPM89hne2HK9P2gn23u2JbHFdToJtDs5Dw,정글장인 병만김,4548704855,jungle,1332,1,8,6,7351,5970,10228,15,15,22009,6336,24,63,3,310,5,4,1,0.6363636363636364,0.4444444444444444
6lTMrx13hU4u4pG2XztPnWhNgFJzlkqnRoIfVXd7qogvzqQ,0테온,4548683387,jungle,2078,4,5,15,13393,9728,22897,36,12,28859,12737,37,144,4,109,4,5,8,0.4634146341463415,0.2777777777777778
oTZ-IqoKevRynwBrykx5cGEDxsYXlKxi0D7GBzRAMuHFUVNsdUB6ByoK,괴물 멧비둘기,4548023719,jungle,1212,0,9,8,8538,15797,15198,20,30,25849,5896,32,74,8,378,6,9,0,0.6666666666666666,0.2571428571428571
jjizHRBqwGQbi3BBpwAscXx39OsuyiREalOPlkHA9H8,지서우,4548023719,jungle,1212,9,1,8,11570,8292,8185,19,19,15144,10601,33,107,12,314,3,7,2,0.4857142857142857,0.08333333333333333
GDhlaM4Pa4rywik0nU1SzT8XLUU_tA-WO-ZX-1Jqli3ev_TSYh7Z5Tvq,롤조지자,4523076307,jungle,1348,4,3,6,8932,6316,11831,26,21,18369,7845,19,108,12,164,1,7,2,0.37037037037037035,0.42857142857142855
JGltuJ8CNZ8l1JDFvFdhxIv7nY1E5u506SFLUe_Q556WKmsNaYoajXPf,수원넘,4523076307,jungle,1348,2,5,4,11552,11474,15048,16,17,26356,7334,35,80,7,248,5,6,4,0.8571428571428571,0.18518518518518517
aS3kfCVygOjie5d2dUBPfoErcwo5C2pRC08t311Eb7bA,야오밍구,4503543622,jungle,2091,1,3,14,9851,27692,28807,33,35,37702,11335,40,125,1,467,5,6,4,0.6521739130434783,0.11538461538461539
0XA7d0ZiB7LOcnR1NgaUmoUYkEwDqbDEH3ee9cKOF9rOeu8,인형알바,4503543622,jungle,2091,5,5,8,10724,9118,45689,36,21,38421,10523,25,124,9,379,3,4,7,0.52,0.21739130434782608
Q2W24qfYQ1ZCIN0QhLLW8A9lXxXPALFnExKladjECOEI8Lg,나 만나면 겜짐,4548039430,jungle,2031,4,5,16,19107,41595,43875,20,54,54486,12775,85,109,0,459,1,2,9,0.6896551724137931,0.10416666666666667
WfY3LngGCR-V3vYu7blK7sgNi-mE8LtAD-aimoJPMFL-RQA,나쁜나서스는없다,4547110857,jungle,1725,3,2,3,7257,8497,27593,18,6,27799,11030,21,159,3,406,0,8,0,0.21428571428571427,0.07142857142857142
JQXn_B-oMj907bE6bupn0JqnAfkKRouHfy3F0hskPcSDN6TDMMcMedeY,명문호남직업학교,4547110857,jungle,1725,5,3,7,11021,7683,25031,19,19,19373,10637,18,150,0,314,0,9,0,0.42857142857142855,0.10714285714285714
aST8Cp8Nc7-Vn2qcw_SmDghfUT2OJpqtD6jK9nrHBGAiLa6O7D8QzTgd,9330,4542765264,jungle,1978,5,5,2,19010,15785,17389,19,22,34558,12060,92,102,0,528,0,10,1,0.3333333333333333,0.22727272727272727
1QBJnp_tCmX7gSVg96k6NcFD2JGMPf2ZT2d054jbFQzP9aI,녹슨블츠,4542765264,jungle,1978,2,1,7,6750,21692,26111,38,21,33534,10752,86,92,0,292,2,3,15,0.4090909090909091,0.047619047619047616
GZ12yHQR1j51Qvwq1U2M2MPkCDfDpgBeXhw-5-gP1fBW11A,여수방풍초콜릿,4548791524,jungle,1650,7,8,7,8356,4238,18990,8,9,27428,9167,43,66,8,247,2,5,0,0.7368421052631579,0.25806451612903225
UyuCwG1KE-S1CcyOs1EsSZDPvT7LN7lu6CGkAbM4q3OM,lIlIIIIIllllIl,4545703188,jungle,1350,0,4,1,572,3669,7085,12,1,12157,4709,9,56,0,222,2,7,0,0.0625,0.14285714285714285
m-WZta7n84VD8fyC-RLqZ5cu-d5rm1rZVroiczMG3S3BBRw,수제치즈버거,4545703188,jungle,1350,13,1,4,13322,12700,10686,15,11,19990,11307,26,123,5,419,1,3,1,0.6296296296296297,0.0625
_w-ndKJu71aniB_gUZ4-gELNjW6h88qzyA4duHljYPsQPnk,내옆에트롤있음,4540863027,jungle,1398,2,7,10,11765,3374,12138,17,31,19547,7558,32,67,12,533,3,9,0,0.5454545454545454,0.175
uep1CNv99p3fGVRh7YBzb1U74FVW7WSLTxcQF3Udah4g,l3usiness,4540863027,jungle,1398,4,4,2,7669,9757,10150,25,18,21249,8876,46,122,25,213,3,5,4,0.15,0.18181818181818182
BIIE906biMwPIdZglqtSAobccQEWgYKMIOEL2pEjB5fXoNA,흔들리냐,4547156055,jungle,1361,0,6,1,4688,4552,14729,11,13,18657,5331,5,87,0,386,0,7,0,0.1,0.25
p6BnthByBjKm6m1U-mZHtlkc53dbpKTHQaHAkCUy8ci7,화려한미혼,4547156055,jungle,1361,5,0,6,8759,14014,10899,12,11,21463,9154,32,124,1,299,4,3,2,0.4583333333333333,0
wu6gmseH8kGQHpLTlvobsnTcgzy1CaFFgkINWg96-aVu,사과다음망고,4376679232,jungle,2079,3,7,11,6180,7519,20084,39,11,28251,9676,36,116,4,299,10,17,4,0.45161290322580644,0.28
474_313azyC2ux3yliOw8K8KnmRBHTMVm7p2IduE8uBg,someonelikeyour,4376679232,jungle,2079,8,8,2,14276,9899,11380,47,16,25093,13903,55,153,12,135,5,14,4,0.4,0.25806451612903225
Ql9ya_jKQ7rxgjTCETQDLZZf82m06VQShX1bEeIA3vSzOjvhx_-b5T36,마관신모데,4537396892,jungle,1408,3,6,6,9798,8079,9246,17,23,23295,7742,37,88,16,606,0,2,4,0.45,0.17647058823529413
4O-BgGM37fIdzTYKhFuD7MbXMvacrxtN1Yws9QPx0GXTG8aCHuhlpg3g,쉬운거요,4537396892,jungle,1408,11,4,8,16174,13921,8987,22,4,20660,10739,9,119,24,97,2,3,1,0.5588235294117647,0.2
Tp7AMYNq505Qr4iOtYhF-FcLjtq08CICLl1yJGf88_8FKAA869b-i6s5,플레가절실한남자,4540503659,jungle,1399,6,5,5,9972,4513,27462,17,28,22468,7691,38,84,4,264,3,3,1,0.4230769230769231,0.1724137931034483
mApcU5U6GTJ20TC7KSRkPJ9XnUWCtCdeP0n8MLPgJBg_9aM,승후늬얌,4546134557,jungle,1630,1,8,9,8831,14182,23865,21,28,31360,8501,33,127,8,376,4,4,3,0.5,0.1951219512195122
jpN_uwRdFL2-zEeHYaLZDyfUbg6AoKfhI8UWyTBt4uemKuaK5yJ2zjOB,SUPERBEE YONG,4546134557,jungle,1630,9,3,11,21140,17547,19756,9,24,30688,11258,18,132,4,459,0,3,1,0.4878048780487805,0.15
WmkU2vfnSgD-nGVCcOckKLezocEmbUk4zsNE26vrHmUE,우리집고양이최강,4461984202,jungle,1346,4,4,2,9028,6004,8682,16,24,17367,7054,42,44,0,296,7,6,1,0.75,0.12903225806451613
Gtz8tD2AagODT92ht_pFNDAvkPlNLISR3piccU6hYJxh,흑먹는흙린이,4461984202,jungle,1346,8,1,7,12761,9077,15831,20,32,18240,10951,59,133,25,263,3,5,2,0.4838709677419355,0.125
04aFjdcipXgj0jGl73Oj8zjzrLgG2p781Az4SpB2uic0b-Bm4P9ymGe7,핑찍으면템팔아요,4548565027,jungle,2077,8,8,10,21924,18096,25157,28,17,44347,13747,39,128,0,372,4,9,4,0.5454545454545454,0.17777777777777778
qTcj23AYyH5E5VPNX5j8KluhaxmZtqu-IEMM7f3XQS0fs9L2555P783Z,즐겜장인 김즐겜,4487509783,jungle,1707,9,1,10,16410,23287,21785,12,28,30972,13159,57,104,8,192,1,3,1,0.4523809523809524,0.05263157894736842
RLNzwGwPglPzzR-a0SWd58_nJp8vsGdZ6DYbcOq6DgSG,vls98,4544238892,jungle,2195,4,14,7,17526,12975,21796,28,38,41635,10521,22,114,8,108,0,11,6,0.36666666666666664,0.2857142857142857
tDYiYuGy8b46jgHPN3hGwdvRRfXqOAtaTC6W9VMGzExpizE,주 딸,4532912832,jungle,2320,14,9,18,30680,14587,51081,25,60,48712,17454,44,150,8,331,0,12,2,0.6037735849056604,0.16071428571428573
PSWQvXVIWjNSbMF5aUvR86epYQMOObIt5ElUHSbvWHVaOhx88FZQh8U9,성신여대 1등미드,4532912832,jungle,2320,16,8,15,41001,17484,26734,45,50,39959,17298,47,128,12,156,5,10,7,0.5535714285714286,0.1509433962264151
6HPBzDg7kEsXlPVwOxZ_6hxknkiDgxZJNI4RdNyLimOPYJLIxv3LO4lk,l녹턴I,4545808651,jungle,1421,5,6,5,10346,11152,11846,10,102,21246,8329,7,98,18,341,0,5,0,0.2857142857142857,0.4
-Z-Px1AjSpMi3RmfuD1ANadIDMyG_VOkNFIJGeGE6LDV9Z4XJkh15nvl,an2000,4545808651,jungle,1421,6,7,4,7047,4489,8988,8,24,14116,6981,27,37,8,227,0,4,0,0.6666666666666666,0.2
ft476y6JzGxceqR7s9Bjpp4HADGfOexv5AskiT_jotdrItQHnYewRu2-,서포터알러지,4426234353,jungle,1720,3,5,6,7947,4315,20576,21,13,17767,11259,23,164,16,303,0,8,3,0.45,0.2
CSEx-1bi8y7O7bEM8QlxV75WNULndzpkhOI0j-ma7gRbP58,sycol,4548718181,jungle,1565,4,3,3,7150,13277,14675,14,11,25660,10321,21,163,17,249,0,8,0,0.16666666666666666,0.15789473684210525
j-Ksk4DbjAxNEEEO3AoKeIcbb-w79LV5vGNPxRMmUgaWkxM,호흡곤란 김원제,4546561149,jungle,2393,3,9,9,15274,37007,92350,33,51,75605,13865,122,130,0,577,6,14,0,0.42857142857142855,0.19148936170212766
IKcoxA9JoGjM7gCWWCQVRsKOwZr3QPMtdVw25elW1QMl,떽떽떽떽,4546561149,jungle,2393,2,4,19,25479,49833,62396,24,61,62351,13449,52,163,9,484,0,6,8,0.44680851063829785,0.14285714285714285
iSBEeeXDYkC2Q_DOcK4qjGiZCvn2z2C_txgoTF5JwNxNSL6vmK4sbpFe,두부형,4532527107,jungle,1704,5,6,2,6481,4791,19261,26,16,21132,8440,20,98,8,253,2,3,7,0.6363636363636364,0.3
KoHyik9y37QFRyrD8Zm_D5sUn-W2n0npfRndj4b-0mioRw0,사랑이 필 무렵,4532527107,jungle,1704,5,4,7,13566,11712,9340,22,11,21949,10296,14,158,6,131,4,9,1,0.6,0.36363636363636365
T0Ct8DzH00HltUqVRNvJzi2JZ79KkBBJVvIs1qW-OChQDhM,한놈만노린다636,4424675158,jungle,1681,7,2,14,8819,7601,20155,30,13,18611,11221,26,102,27,409,6,8,3,0.525,0.08333333333333333
e0twvWSltxWGsbnwIGou-oSv89rQhqMt7jXLZvbr3Xbl,빠큐원숭이,4502026154,jungle,1276,0,9,1,5501,4200,9200,5,15,18550,4727,13,60,4,196,0,4,0,0.14285714285714285,0.20930232558139536
RTWO6egSnmij9xPa9gdEyNT0TykRKpzOFglKUo9MFK7n,골드까지 가 JUMA,4440382665,jungle,2275,4,6,2,16006,12990,19836,32,18,34639,12670,42,179,0,392,0,12,4,0.25,0.2
H4RY4wbNvgL83NQet4_ZODWETQn5HXyEYg_rsvKU78Qe77M,FIZZkining,4440382665,jungle,2275,3,5,8,12344,26621,51666,36,26,53188,12641,65,162,0,413,1,13,5,0.36666666666666664,0.20833333333333334
koCG81gQab0-ZFv0E-8RFZyKYAaWdqQw_J0jJkommMZK,1달뒤 입대,4509738322,jungle,2038,3,10,9,15536,12908,25034,14,25,40439,9500,20,88,0,147,2,4,0,0.41379310344827586,0.2127659574468085
Pd6Zaeq_U74sWJp3mLpZnbhCVp8eMotBWIcMIIwc3rbTWtDRP_eIC1oU,헤 뮌,4509738322,jungle,2038,10,2,12,21492,13537,29620,33,19,32581,15417,35,188,42,193,4,8,4,0.46808510638297873,0.06896551724137931
uR8qAREX1HMzCwywAWKJT7nvX0jNwLmyFuULb5E9DouMv8o,붕어입싸망코,4522117725,jungle,2207,9,4,14,23266,36404,43638,17,70,36907,14750,77,118,4,825,2,3,2,0.8214285714285714,0.12121212121212122
hztpSsPf1H2h9I6qivY-8xkWK4lV6ClCN_i2OSID7j1G,비수리차,4522117725,jungle,2207,9,7,11,19127,12510,25754,32,29,36190,12980,58,86,10,306,5,13,5,0.6060606060606061,0.25
dk-Dswt2E-xso6F3xDNOR5q3NPSNzwxbZWZ03JJX1bWa,노들토박이,4097861757,jungle,2260,9,6,9,26619,25473,31777,26,29,45050,15014,62,159,29,640,1,7,2,0.6206896551724138,0.1935483870967742
XNQmh5_5Dte8Y8udoTnCTt6ZccB3FRtExjMpw19aGDE7,임교순교순,4097861757,jungle,2260,6,6,8,11867,11493,24294,40,7,27873,13243,71,108,4,406,3,9,5,0.4666666666666667,0.20689655172413793
8fBx7qxFKnTp3dsqjq2n3Lbaw2_jRe-4oyQcxJC53JrgLM9xhl0UnkUU,한티역일찐기준,4533600307,jungle,1889,10,6,10,16864,8524,37020,27,20,31012,13927,14,152,4,497,7,17,1,0.6896551724137931,0.23076923076923078
VBhVEk3GaW91bgF8cISWunFBDjvMTV9Yz9WN_mdDuepK4Bx_3cd0Tzw9,옥곡동 주몽,4337679912,jungle,2837,23,9,15,45465,15272,85316,52,39,64583,24648,97,172,3,611,3,19,13,0.7169811320754716,0.21428571428571427
TrWcY5ZBL50C5yFQqydXR-GgYHHOvXSOL1BaohinWTfARly8PqJ4PPB5,바나나는허옇다,4337679912,jungle,2837,8,13,21,20911,15237,52199,40,31,56888,16438,33,183,0,411,9,11,7,0.6904761904761905,0.24528301886792453
69ADGgu5_usAFkXlj2AC2Wx1BTcskAn75xt4weKtYre1lvk,보름달 뜨는 밤,4545678728,jungle,1282,8,2,7,12252,19467,16784,28,36,27209,9912,18,133,23,765,1,1,2,0.75,0.2857142857142857
AQ797Ypa1iBgu28TTUx3NM23t2UiPN0aiMOwRlp3wteaEy4,ad my carry,4545678728,jungle,1282,1,4,2,6247,5756,12485,17,14,17531,6298,16,98,0,341,2,8,1,0.42857142857142855,0.2
0v8D9lze-hAbi-0celXVJeB9QsmcckZu2y40q3Vf6UOVYuU,정세형의따까리,4516998346,jungle,1962,4,4,8,11963,9182,17351,9,13,23985,10615,39,103,4,402,2,3,1,0.4,0.2222222222222222
e5K1i3Tt2-P4r-AXJkzdgMVsyfPb_Aqz4qyxY7FaEgPp,대화X핑으로소통,4516998346,jungle,1962,4,7,6,13427,9502,12337,30,26,24835,10763,28,140,8,214,5,6,3,0.5555555555555556,0.23333333333333334
3EEAXPgp-RQ6Y9wDeGBZ5tb_GK9lqio7KyTGzi0lMXsS,루피노,4511920916,jungle,1516,10,4,9,21517,12819,14673,26,9,26459,12427,32,119,29,158,1,2,6,0.59375,0.16666666666666666
aiTdGAfWqcuV1hPUZQC5F65TcvJVMTW1CIn525IDo95E8NE,리븐왁왁,4482280574,jungle,1990,1,7,12,19223,8391,9773,33,29,24521,10946,51,100,0,112,8,15,4,0.48148148148148145,0.15555555555555556
QhFRcEEhArTxTqcwm-PRNR6SytrRTPzRL0QdEMn3Mj1gpwM,태훈곤듀,4548589328,jungle,2065,14,9,4,31126,17922,26921,19,10,39166,17702,57,159,9,184,1,5,3,0.6923076923076923,0.17307692307692307
u0fb6QpxUC6J25hZx-xVT9m6f6nkx_0RmkXJ5UPz9cAN6D0,김떼데,4548589328,jungle,2065,16,3,11,28322,18552,27947,46,13,35971,16414,45,217,28,501,1,11,3,0.5192307692307693,0.1111111111111111
xvAGvkbzA5zdDqu8i75wk2AwSvlU3NS6V7z72tYm33gToHcahAEbKZdB,바다달걀,4547804457,jungle,1368,6,2,12,12480,15982,12615,19,26,23753,9500,27,134,26,584,0,2,0,0.46153846153846156,0.09523809523809523
nWI8G83y3LQ1c9ubWTPjqQG2wsM8HVYwa4AayhYTGLV7GUKsXKLNf3Zl,전생했더니손인욱이었던건에대하여,4471802877,jungle,1429,3,5,3,5660,5168,13269,13,11,18369,8319,6,112,28,310,3,3,0,0.46153846153846156,0.20833333333333334
b1KgRh7nmeSmwKEI6HMQpSQsxAiVrRO6GR3hbDTJfa9EcrdhNFYvnt-z,대창났네,4500180393,jungle,1927,5,6,1,5923,9581,20957,24,14,28891,9378,22,115,0,429,3,8,3,0.18181818181818182,0.20689655172413793
ayKNkxLOwsRTz5gLoNv_YonTAM8_pvVVKNXr9TeBSMQ,솔이랑별이랑,4500180393,jungle,1927,8,3,12,17087,8190,12059,29,19,24211,13132,53,137,13,696,4,3,6,0.6896551724137931,0.09090909090909091
o79lWIShyKaWoV-nBmGiDkarGphRO5AFQV5Z9AekkBfK,왕실고양이,4492877319,jungle,1947,0,11,11,11808,6822,32998,46,34,32699,8840,52,91,16,187,1,11,8,0.3333333333333333,0.25
ZunZom31lSYw9PNqAo-ERFWFjSNxOncJ4GFwZIOyimF-rmc,4ka1i,4492877319,jungle,1947,9,5,18,12298,11215,34250,31,16,35253,13521,16,134,4,471,14,24,1,0.6136363636363636,0.15151515151515152
KvQLDfOW8FwzKQSJRyIzrOV8UpAgwYmuqUYhaE59h1TGYek,신과 일베저라뎃,4502174025,jungle,1479,3,7,4,11886,12211,14222,19,14,29036,8260,31,117,0,368,0,6,4,0.5384615384615384,0.19444444444444445
ZwnEpN-BN-5_EYbmM55esU_DsdNBRU09FDCbCaGnoSX8,BoardingDisorder,4502174025,jungle,1479,3,6,14,16636,5443,8664,31,10,19304,9712,10,141,8,138,8,12,1,0.4722222222222222,0.42857142857142855
ZGt5-rd1PCU8L8EtdjCaXhxUB7wr41NxK4SRCptK0s3FKpF1X6HbQI4b,6974lol,4518122280,jungle,1452,7,6,4,18159,4931,8061,9,10,21946,9747,25,128,0,141,1,4,0,0.5789473684210527,0.1935483870967742
_MTllYy661U71bfEetIcm937vwXBLMuiBF4Z3juo_TJRdQI,Ignite 소리,4518122280,jungle,1452,1,5,9,4441,11141,11077,39,19,21181,7013,22,92,0,522,1,4,2,0.3225806451612903,0.25
ziSuhGO9cVdwY73HH0DVstj5o-v5Ro3LIZ6K3MISIL-InHfHQbM8OeHK,꽝 권,4548715572,jungle,1554,6,4,5,9675,6532,17134,22,15,20419,8801,13,90,6,279,2,8,3,0.2894736842105263,0.21052631578947367
1ATvWsy1y9PLGJd3pH9BCCptT0VG_6AINLnV2U1UmkvKT8t6M9Wt1jWl,Wfgrayhamburger,4530484794,jungle,1944,11,7,8,23376,12676,45953,34,41,49154,14463,64,157,20,562,1,8,1,0.41304347826086957,0.22580645161290322
8tjoME6YlmdoIXR90aXn5gLSu_kUA_2-uxGAnqxpEzKZsi4,동주견,4430073909,jungle,1531,7,0,5,10086,10355,8524,30,10,14624,11025,62,142,35,385,2,6,5,0.42857142857142855,0
_vQsFWgRiVT2hCN3yrbvllsRLGnM7TdKWMSelPiyt1nQ8kk,이기는거맞지,4541485993,jungle,1562,4,4,11,11224,14127,13546,22,128,25591,10365,18,160,28,404,0,2,7,0.5357142857142857,0.36363636363636365
Ro-_BIHfd8h4P8y9jvmr9R8VDpQGp4h8sf4QsQA9WqLG_Ac,1김인직1,4535181208,jungle,1946,6,7,14,20780,19702,19106,23,23,38181,11220,19,115,25,413,0,10,1,0.5128205128205128,0.25925925925925924
_Gla_0HTxxBzP2CdnQXcuRMo6fvQXvxIjAoC2f9IyYjW,칙칙푹폭,4535181208,jungle,1946,2,6,7,12699,17993,24001,26,15,36526,10928,39,162,25,547,5,6,5,0.3333333333333333,0.15384615384615385
WGWY6fCqRXpP6SAYItN9a4jpKFmPDjUZ7VI1Pnvw6Nga,달달딸기,4478799783,jungle,1222,2,4,1,4121,8577,10602,11,10,18412,5778,7,71,2,293,4,5,1,0.42857142857142855,0.2857142857142857
y2BEGx6Awiui9Pf3XcCclJvYMW_A6rDb3SEInduYQJSuvnY,피즈려밟기,4478799783,jungle,1222,6,1,1,6561,7242,6771,25,3,14587,8359,13,100,17,128,3,5,4,0.5,0.14285714285714285
kFO2tKVfcCPYFUiEkJPjibA9OkFi3V_c8n1sMBrrK-bL,즐겜유저소름이,4478284277,jungle,3123,9,7,8,59747,21192,45594,57,12,53878,19529,166,185,31,326,4,9,5,0.4722222222222222,0.3684210526315789
OrvalTVMsJluG4xuMCxIUgCEI8YBZStg5b_mSQJ8Yus8Z9-PAnKQdWP0,You Are       it,4427874345,jungle,1492,5,4,6,12613,10949,10880,14,8,20813,9554,15,98,0,231,0,5,4,0.34375,0.16666666666666666
7mXgB7Vx1R7dDZjm5OCn8L1WlAopGMaMJa85yGN-tOF9U98,Daffy,4427874345,jungle,1492,3,6,6,9465,21217,23803,21,28,29577,7199,12,92,8,276,3,4,3,0.375,0.1875
RtGol9jyTFE4t5QQLj0x0NBD0IGUd-EeUO8EzXeWKmQ2JljEe_KK2EdH,OFF WHITE TM,4517967363,jungle,1626,7,4,3,8690,6988,19572,18,13,22779,11254,20,119,0,418,5,11,1,0.43478260869565216,0.15384615384615385
n6m0c4mFT3-yEPqSSS8hFQTNbgkCaXJm9FQMZbuRywPslxc,부여초등학교,4517967363,jungle,1626,6,7,9,9698,6645,23115,20,18,22128,10078,25,113,1,206,1,3,4,0.5769230769230769,0.30434782608695654
AVSIiE1Ht_0zO19ebwfmxMETMNp_So6XkeZr0K7Bw-DQMEM,니인생피바다,4475119037,jungle,2225,2,6,9,10443,16938,26574,29,22,34771,11756,39,143,16,435,3,4,6,0.3548387096774194,0.3
G-HJCciRwI6LyAZhjh66k33JMqKTt2giNjmi49N2K42Q,빠따밍,4508822476,jungle,2248,5,7,13,19954,8080,26630,30,19,34432,13063,61,148,4,336,4,13,6,0.5142857142857142,0.15555555555555556
0U3z0_KS4fbvVvIc4se1_I4q2aklrSEO-gfrV7oMx1sd-aU,NKJIN,4546570418,jungle,1987,2,6,10,11186,7700,23885,39,23,20887,10905,26,134,8,237,3,13,8,0.36363636363636365,0.375
8P1AEr3pZNumR4kHWAbJfrl5qJeIIYzx1GzCj94gLdmImte-vVXF4awH,낮이밤이 녹턴,4531497036,jungle,1324,12,1,2,14173,11520,12184,10,4,19911,10301,14,106,0,165,0,2,1,0.7368421052631579,0.16666666666666666
6KWlHSs5nhDLe4oAwxNFPU2EmCEQb44F7TUwkId3H0wD,주모선생,4531497036,jungle,1324,2,6,2,8063,5458,23958,10,22,20455,6248,7,96,0,514,1,3,1,0.6666666666666666,0.3157894736842105
q4bzVOPDXsMgjtrxtJcI6LJZsDR4JL_l_IZvywXfjQafpUo,궁박을게,4389666793,jungle,1440,17,1,1,25130,23400,19386,16,19,33866,14344,61,155,21,480,1,1,1,0.45,0.05263157894736842
piGC0I85RaWQvnYQssOZganAxw_KfYbplXmc5comTyHw,국밥한잔,4427802820,jungle,2093,12,10,13,25074,11137,35580,18,12,32492,14386,51,137,8,168,0,4,5,0.625,0.20408163265306123
UtRgs_ikJ4FByf_ktEAVxsyJWmzmAHHzIDi3z6NSz8QA,배 딕,4427802820,jungle,2093,11,7,12,18319,9595,30970,43,18,33102,14618,24,147,4,390,12,23,4,0.46938775510204084,0.175
AEWM28Nz4yduOnECCvGJrlKVEW_35GjdFHiB7BGp8fksznRI0v-fAcKj,003s,4481744234,jungle,1922,15,6,8,26819,12791,38189,24,28,37601,15688,25,170,21,425,4,9,1,0.6052631578947368,0.24
wfJN64eZ94gilPHUGbYtpySXpeMBric7a00c1iWEg_RASGw,Parker다이,4536119746,jungle,2151,13,9,9,33865,11865,20534,25,11,32651,14095,31,137,20,219,0,6,6,0.5116279069767442,0.25
mI2zx1NQyzvS2K1bW50zNJ7kRh35r2XcPcgsSpX-9XG_,쯔리짱,4424165067,jungle,2470,6,4,9,23357,25376,36107,30,16,47916,13935,92,136,0,463,3,2,6,0.375,0.1111111111111111
BfKYWEzbHviDJcF8pkisBbEgpTyDj-CriXm4eYglMpMOwk-8N7e10LZd,A man of tear,4546186613,jungle,1634,5,7,4,8318,11753,13202,31,10,26186,8778,35,88,0,382,9,10,5,0.5294117647058824,0.23333333333333334
KJ2ELvkvJqueth0AB7nZwAmSu2nP8g6D6XXG73hWuxxZ_ic,쥬니에,4546186613,jungle,1634,15,5,10,33042,13834,12123,38,18,24372,13672,26,115,33,207,8,9,9,0.8333333333333334,0.29411764705882354
TSrE_RyEw6tX6aBC_DcJZ-rLVrpGMWN40egYE0xdaeCUClUPP52LqiVK,귀 검 객,4532814781,jungle,4747,12,9,25,66513,23488,251188,33,164,99784,29112,203,131,14,2343,0,12,4,0.6271186440677966,0.1125
1G8nDZck0CI4GUq5QwxzR88-F_I31UA4GgXQsFefaWBTzJo,No C6at,4544474736,jungle,1954,13,3,10,23545,10862,36412,36,35,34905,15295,43,151,18,460,14,19,3,0.5897435897435898,0.09090909090909091
QzCbt5gGbSlMOmGOft_UkpRW2j_dlW-K9KsTMWLWThJv,v볼베의신v,4540184267,jungle,1824,8,9,2,11366,5174,18662,13,17,26057,10437,33,98,4,249,0,6,2,0.4,0.20454545454545456
MKB-zBfbh-XRnsq9JoQXNPNPIMPF-uOTM4mtaWJW8yNb6N4bFmHjuG3K,dog10bird,4540184267,jungle,1824,17,2,7,30309,12451,21061,26,226,28822,16970,72,144,8,554,0,10,4,0.5581395348837209,0.08
-i0mTby0y1KHN0Ltbeh6V5KRt1F2eSXvpvCz77LwKkxhAUIbeSJzl4PS,초l샤코l식,4547623366,jungle,2314,9,6,7,23560,7833,19772,24,22,29992,14538,34,140,0,801,0,11,3,0.5333333333333333,0.20689655172413793
-ljM4Ngza9YDy-0AzC-4jWtf06E76lu3nEvMmsrh3W1I,천냐니,4547623366,jungle,2314,7,7,6,20063,12031,18508,16,3,36291,14583,80,150,20,249,3,2,0,0.4482758620689655,0.23333333333333334
8-kvodB1872TWhpfLetcqCAUZ9E__fj-aXEjPkFQSy9o,닉변장인 팡영훈,4546617242,jungle,1542,10,5,2,7135,5713,20061,19,12,20511,10544,23,76,0,84,6,13,2,0.5714285714285714,0.1724137931034483
Q7bXmY4G1xBmCkUv2Z9WqgzZyD3x6acAJukA1ptcWvzl,punch shower,4424150739,jungle,1682,11,6,10,17087,9140,28896,21,27,32691,12710,50,84,5,337,2,6,5,0.5384615384615384,0.2222222222222222
gjwL8gzWKO_0nACSAkyJZEJMjHen2u7G4G7vopfZZWOv,개못하면서정글탓,4424150739,jungle,1682,8,11,6,23511,16255,24939,28,25,39950,10803,43,111,5,404,6,5,8,0.5185185185185185,0.28205128205128205
1m5ybnQv5_kP-oYfSNn7cWXk9OQBSaanPNwvbpqC34mUfaQ,Maya Anais,4547204545,jungle,2136,18,2,3,27442,15345,24892,35,9,29664,18874,80,214,59,533,3,5,8,0.4883720930232558,0.09090909090909091
oNETZMfR26_szp2cTb_1v8dWQgGsuXXiel2rPYbUFDLVbJwzThfJkOrm,MoonDIE,4201387606,jungle,1420,8,2,9,11732,10260,16821,16,10,19025,10399,26,124,16,221,0,3,3,0.6296296296296297,0.2222222222222222
tQSRXoXy86a1eOuNPleobmqPivoQOiSjqZa4qXWO6DyQjoQ,승호야 할래,4508764086,jungle,1788,7,6,11,10522,8220,22871,31,12,26793,11733,22,127,0,381,9,16,1,0.6206896551724138,0.25
R4AoaNt6vZvcAphjuwKaHYWyspOZP2JSU5r2ZrLhbjjm,balotelli9,4508764086,jungle,1788,6,6,6,12612,15960,19684,19,23,34217,11143,46,98,4,423,0,9,1,0.5217391304347826,0.20689655172413793
kjp845h9YhYZEURt9KsHPsoHyRzLUkX08Cd9vJ59r3_dvwU,KHAXIO,4538654964,jungle,1954,6,6,11,15865,13624,20072,21,17,35399,10164,67,65,0,343,7,14,2,0.5666666666666667,0.14285714285714285
pT3zOn8ltp8m0b82whw2aNYmMooXaWqybEk3_0xMSlzk-F8,기본심화,4499141165,jungle,1889,1,5,6,7459,7410,26124,25,9,24319,8731,25,104,0,260,2,12,2,0.3333333333333333,0.2
cUBr54bGPK95yWgnaDDCMk8VgqYoQh6YxsewSNRofpqFotg,KimGabriel,4543342507,jungle,1381,3,5,0,7191,5705,23778,11,13,24583,8208,25,120,0,404,1,3,1,0.25,0.18518518518518517
q3ngO0q4qe7hwLgLsTRJh5sTuWItRGayXHPSj6FjPolG,해킹꾸르잼,4543342507,jungle,1381,6,3,5,9665,11137,10348,14,7,21944,8213,31,96,8,228,2,3,0,0.4074074074074074,0.25
lQpLY7Fw3uWjwTSMAbMOVwPr_TIrTQRCFDI4fEdGWwfc9Rk,KING ZIZON,4517064672,jungle,1598,8,7,6,19244,15194,24508,16,20,32766,10796,46,104,8,259,1,2,4,0.56,0.22580645161290322
Rz7E3kZ7hYzfOAaKv7Gr5mvXFFII4wQ29_GS6J7Be3DlwrT9UekBtUMl,박하사탕맛 사탕,4475721142,jungle,1256,5,2,5,10459,11637,12209,20,6,18936,8556,11,108,16,128,0,5,4,0.43478260869565216,0.16666666666666666
nmNNF24FBkTIyF94PldekEEswvNRgxcSBnIdHrJs1zVTmsJfRMdFqpJb,배찬영,4475721142,jungle,1256,6,6,1,11571,7704,10223,17,21,20987,7646,25,76,8,446,3,6,1,0.5833333333333334,0.2608695652173913
sKepmEuY1Q57Y6CpTbU60M7SmTDtUhMeNqUsxH9IzMu4Ru8,위비뱅크,4536022606,jungle,1426,4,10,13,11576,5729,21024,8,23,25626,8358,28,64,4,330,0,6,0,0.6538461538461539,0.20833333333333334
PP8anfXLlgehznNwVlZ1AW9lYG_EOa-ojMSEIf4FUiNF,찌리것다,4466380368,jungle,1714,7,5,7,14127,10652,14701,26,10,22904,11534,34,137,25,221,2,9,1,0.35,0.1388888888888889
6w0x4cE4P_F1qAcmkMpCNWZMyEbjFkINw_Zd0QBACEnZW48,미르매로,4252314817,jungle,1226,0,6,2,7439,8341,7272,11,6,17804,5158,14,73,11,142,2,4,0,0.2222222222222222,0.2222222222222222
lzVGPXj-wBSjYjkDONXppzf8rs1sQa8l35EY0ZY4ECr_CNzHa3jS8R__,아침햇살살,4510638832,jungle,1558,8,9,4,13440,7240,21881,19,14,31743,10352,20,85,4,357,7,13,2,0.6666666666666666,0.21951219512195122
cd3fwAbDaiZ9QinMIYpMsTC659f7FI1dI5hXAcASrxAXWStYa8yd7QZl,하와이진주만,4510638832,jungle,1558,9,4,5,10382,6256,6639,29,22,18022,9994,22,92,12,99,6,7,5,0.34146341463414637,0.2222222222222222
CK_YZoYSmvU_Q0h_gft4vMYLRyL3qcu6JJwh608kTzlLLk3wMMuvZjG8,123asdd,4547891521,jungle,2527,9,5,7,25606,21925,58562,25,33,51769,18327,80,175,3,640,0,11,3,0.5,0.1282051282051282
AOMiIt74mvJUzp5hiDsvzGzxhWYYLmfMrsgbG49vtBSK6dWFAMsV5OBa,저승에서RIP,4547891521,jungle,2527,10,7,8,28127,26188,43049,15,0,49410,16488,36,194,16,127,0,5,2,0.46153846153846156,0.21875
TiV8ul7yCHkx3IevT1sBNMcdof35M3p90UU4F7mm-eEFSWskPQFAcI1A,쭈루꾸루,4545156271,jungle,1478,6,4,1,7427,5564,20784,10,19,22078,8763,39,100,0,315,1,1,1,0.4666666666666667,0.18181818181818182
oup2-gZZLmp6JD1ETWzgBLVuj6h__-qCXuZBYVpQy-Dc,aNg노아,4532380977,jungle,1405,10,0,4,10041,10919,10886,22,8,20370,10585,20,126,4,493,3,9,2,0.56,0
kTvPrnWrXza60zvu3osO2_kb0cH0S5G45UE5ievqpEEpoAEGtHQrDjQw,필패는 자유,4532380977,jungle,1405,3,7,2,7543,8663,11507,14,16,22440,7290,14,107,0,245,0,7,1,0.5555555555555556,0.28
ITNzr_tFOdvs7azm69Vo6YbiSMZ6SeNExzkmh1DVyIEq,ROKSTA,4544813109,jungle,2052,10,11,12,26667,7626,37765,37,40,33784,14235,46,147,7,307,5,8,10,0.5641025641025641,0.19642857142857142
r0N0zH854_gGkEiLJikrVblEhmCqJQabVw1Y2wkJw1kn,PARKCO,4544813109,jungle,2052,6,7,16,20878,8500,18188,37,37,29677,12515,43,118,6,181,9,9,7,0.39285714285714285,0.1794871794871795
dI3VOFCGes4su__06n2NHOCNH5RuUK_K1rnCpqO9T2epebs,지인예,4520131694,jungle,1911,5,4,9,11582,14614,17310,29,176,25264,12595,23,193,6,642,5,6,3,0.5185185185185185,0.26666666666666666
6b6i8_2bX6goJXijNwQAwUrbM3C1dHxHbsjviLLdltwUBg0,미드가는 용가리,4520131694,jungle,1911,2,7,2,6603,9007,30467,29,15,32984,9564,28,126,4,606,3,10,5,0.26666666666666666,0.25925925925925924
W9N7VzfLEPK-Bgm-ZpbjMdtU9-dWk882unaAmWNQQ6eM31E,롤 깨달은 여자,4548500873,jungle,1924,2,7,9,10183,30615,28230,15,35,42630,8854,39,91,0,361,2,4,2,0.44,0.175
ga9C6gQ61zXlktf6idJIRILllNBYIrey-lWG_00bXwtxJu1LcLWrmgkY,정인앙 ,4548500873,jungle,1924,10,2,14,19282,16407,47108,24,28,32070,14619,49,148,24,512,0,1,5,0.6,0.08
2H6SiYY95nefVUY9k6JFNekVri7o0HKdX_lxFaSHt4Xi,은신담당,4548257380,jungle,1820,13,9,6,22872,8397,51832,38,68,52070,14487,43,100,0,880,3,12,2,0.5588235294117647,0.16363636363636364
0owfTnfrgYOVQfCfoESdKOENmdacMaDx_8DOzwj3ucLUWzM,몽글몽글둥글둥글,4548257380,jungle,1820,13,5,20,27203,11908,40793,16,26,34684,13824,13,123,23,628,4,14,0,0.6,0.14705882352941177
AEpKFr8zlbdNjGNUbcItNNRptmmGU0yFjFcC-R8oy54IJGQ,INCHEON NIKE,4536682395,jungle,1409,11,1,4,15413,15360,12705,8,4,26056,11943,34,154,20,192,0,3,0,0.42857142857142855,0.14285714285714285
-YY56uvQGVaA-1FdoYe5eXpj5U7J7MkUne0rbTIUq8HXha4,야식먹고갈래,4535375376,jungle,1922,7,4,7,19600,16334,19489,26,183,33130,12807,30,143,11,568,5,6,1,0.4827586206896552,0.1111111111111111
w-Xehd4XDMIlCWg0T0y7BTudvpyonrXzWUIutmNlh3AM9ak9hf8Q66TG,느그어머233니,4521352264,jungle,1672,19,4,6,39736,30994,39608,29,40,46219,16633,44,187,35,444,5,4,1,0.625,0.19047619047619047
MD9uhr-2GvG8AWzTc6kumTCmejei7A_gSujwLFgORl5s6Ml15wTE9P5l,강원도의 힘,4500116715,jungle,2028,5,3,10,14431,22069,43597,29,39,37591,12072,37,124,7,1009,3,4,7,0.625,0.1111111111111111
aflJTSOUNbFsLsbhXKNZS8Wxy7bHzjshFVD49NjKGe2hwHg,asdfasdf12343214,4500116715,jungle,2028,6,3,9,18835,9160,23209,29,19,24137,11922,38,152,10,436,0,2,10,0.5555555555555556,0.125
lLyCxqvB_YI4_vZkon6vIbUf9nMN5NdJqDFpm98t9laR7z4a3lQ1lboj,파이터 김동현,4538583931,jungle,1200,0,4,1,2650,6352,7533,9,3,14527,5289,22,76,4,285,0,1,2,0.09090909090909091,0.2222222222222222
Zh_ItIGqwLNSxtyRfmfZUyT5zwrTvocExqOY_y25bm0tz34VvKFHoVa1,홍고 롤 3등,4538583931,jungle,1200,2,1,5,5251,13173,7563,7,20,18115,6882,30,100,0,375,0,1,2,0.4375,0.09090909090909091
eVlf8EDh1rn4-XONwvWHG-wCUss8Rw0oyN4wJ0fSkFf-fBc,part of shadow,4536063480,jungle,1607,3,4,4,8203,7352,14820,27,11,21091,8681,19,116,4,292,2,7,4,0.3888888888888889,0.14285714285714285
IMw9zV36jAAVE1Jda96Uw50jV31PfU64JqwYMEuKOpYcuWvSBLjj3-YP,흠고민이많은걸,4536063480,jungle,1607,13,1,5,20394,14110,18114,10,3,24210,14114,26,140,1,148,3,2,1,0.6428571428571429,0.05555555555555555
ZGt5-rd1PCU8L8EtdjCaXhxUB7wr41NxK4SRCptK0s3FKpF1X6HbQI4b,6974lol,4518122280,jungle,1452,7,6,4,18159,4931,8061,9,10,21946,9747,25,128,0,141,1,4,0,0.5789473684210527,0.1935483870967742
_MTllYy661U71bfEetIcm937vwXBLMuiBF4Z3juo_TJRdQI,Ignite 소리,4518122280,jungle,1452,1,5,9,4441,11141,11077,39,19,21181,7013,22,92,0,522,1,4,2,0.3225806451612903,0.25
wk9RVPslO-Kt5n7S7KVgzfTYs8PLUWcGvGbJIdUn9gr1flU,기모리하다,4512610322,jungle,1827,10,4,4,11834,8596,26327,30,24,25304,12534,23,142,0,396,2,10,2,0.3888888888888889,0.2
JRn-t8SMo0qh6Fn7pac3s6nvZv5c_wTp2iPq4Mx-nBf-tlo,핑꾸빤쮸,4512610322,jungle,1827,4,8,7,12038,11993,19583,19,17,33212,9309,26,100,1,334,2,6,6,0.55,0.2222222222222222
mbmXaK2vmTDg09I9EsRHA_1IqTdGPGNz7sgJjjCntQIoFwY,강리원 전남친 ,4539230197,jungle,1241,7,4,4,8945,5362,9410,10,5,12744,7596,7,72,0,182,0,5,2,0.5238095238095238,0.3333333333333333
yzU9VgpYApVBV0bi4evoIHuVn-PW3DZia0hysaAy5cxi,집나가면서생각,4477666819,jungle,1704,4,2,5,5342,10075,24250,20,19,22983,9833,28,134,18,352,3,5,6,0.375,0.3333333333333333
HoKA878yt5DKHDrhWiHLkoCPWMJJXhNoYTEGernD5FHYo0WxOG3DSBRM,깔끔하게사망,4477666819,jungle,1704,2,6,1,5852,6912,26704,45,11,26274,8088,29,111,24,379,7,7,11,0.5,0.25
Jr2girzdpPmD6NF8HTgoEdtwF8d453DvhJzZfNjwZvai3sg,마이충사형,4540887002,jungle,3208,6,10,14,25864,15168,81308,28,29,59641,17132,70,142,10,567,4,5,7,0.4166666666666667,0.20833333333333334
5wJjb6jiOnFnFrBIzYnUBMEgzRSt0KNNKnOdlv7_u-eoSpl0MkFAJxN5,걸뱅이04,4540887002,jungle,3208,10,11,22,62614,13629,20224,27,33,40235,18199,153,104,0,465,0,0,6,0.6808510638297872,0.22916666666666666
tEu5N9sgqx2o72ba9KSsBjMJ9aVfAXmUQ7OJaFo8yv-yXa5Epo5djqVA,껨끔님,4539279058,jungle,1900,0,5,6,16485,15775,15882,30,15,34646,8952,36,139,0,612,6,7,3,0.3157894736842105,0.16129032258064516
XGrRdTmvTgK0eXTqiVfaUaTNwlAcniNiOeY_oVXrT8nPV2M,나는 빡빡이 원준,4539279058,jungle,1900,3,1,11,9710,34966,27600,15,37,36140,10313,30,128,8,407,2,4,2,0.45161290322580644,0.05263157894736842
tydMuwRepok717pByAImeBnA--aEFe7ijj8eGm5MyZaSTK5JrRh3r_CR,건들면 다르킨,4547832234,jungle,2047,6,6,17,24498,45007,44499,26,68,58254,13337,88,108,14,576,0,10,3,0.71875,0.15789473684210525
p8psiQx-YM8a4WWKN0uMeyyH9K7hDXEbWi94UNBNC7JjJlaLsdsInzUb,평택미남,4529189124,jungle,1677,2,5,5,9511,7204,26600,21,13,27200,9805,64,96,13,327,1,3,4,0.3333333333333333,0.125
53ldArAkIM2NInUbQqOAYgTg5VcjJxztYhzOXAlOMnTkxT8,니코틴 패취,4529189124,jungle,1677,11,1,20,24115,17482,24654,23,60,28845,13312,22,144,12,273,2,6,1,0.775,0.047619047619047616
fOglqaVkXqh_6zCC1VG-DS3oTBBeK6sTLK_zt_xJZRSkucZaJBv717Ol,asdhiun4rel,4547782668,jungle,1410,13,2,12,26352,12126,14677,21,18,22690,12650,60,117,29,495,1,3,5,0.7575757575757576,0.125
m_rVEDcYb0HkUYS9qX4y00Pq1FoSuS8kMEBs1QkZmZU9Yzg,동훈씨하이,4547782668,jungle,1410,1,6,4,5908,16404,15427,18,28,27039,6287,19,60,0,325,3,3,4,0.3125,0.18181818181818182
BS2pVFqi1tIElziYtwW-otZjkmc3Lvak-lXrMuYeYtBqqwA,영롱한정글러,4548326721,jungle,1629,5,6,19,11040,12611,25837,23,33,26119,10995,52,97,18,531,2,3,3,0.6486486486486487,0.2857142857142857
EgX793e2R78MHNQ1CYpBSEcfBFjnYbukv--lHZlEhiKh,Craig David,4500092277,jungle,1225,2,2,7,11042,6754,9174,12,10,16440,6739,25,87,9,471,4,4,1,0.4090909090909091,0.2
z6NkkonoOoDwQ9eIKUoSLJ-zRM2KrZK7gJaDC-lktKKK,Zeniex,4500092277,jungle,1225,2,4,2,4990,4180,8751,11,6,16734,5981,27,72,0,80,0,6,2,0.4,0.18181818181818182
rgNb_WW850KUUPdZ76QQOemCpM55sB_nrH_AvMmf6fuX_cPhi_JnhBlI,홍또띠0,4495723097,jungle,1798,7,3,11,11846,9592,28153,22,31,20923,13052,57,152,16,359,2,1,3,0.47368421052631576,0.13043478260869565
FYQUdFj-l8zU_2a0rQUUkzkraGdm9TQ2k7JAgmuCj8Rb,도락새,4495723097,jungle,1798,6,8,9,15881,5304,43341,23,32,29528,12313,85,82,0,1329,3,4,5,0.6521739130434783,0.20512820512820512
g2myNIqgcBdGyJJl1h5bPo-Ca_Elqfi0Ih8aXvfz3aePifHRMXisEKS_,망포중탑솔엄준식,4427723469,jungle,1622,6,3,11,14495,15223,22735,23,28,27323,10475,30,124,0,194,2,4,4,0.5862068965517241,0.17647058823529413
qVSTDJYgeTSNtYySsWuFxLC73sRysNAuWgujZRyrkZZ0,강초코,4427723469,jungle,1622,3,3,2,5585,9635,10712,18,5,20786,9959,45,144,2,297,1,4,2,0.29411764705882354,0.10344827586206896
KMgCEgZ7IMINtCgV-mOyQ6GLQn-4gLXRx3Sd2XYd0uETvjTYz71vtiFm,향기켑술다우니,4353405785,jungle,2240,3,8,5,15836,26039,40788,19,26,49919,12425,42,187,34,361,0,3,7,0.21052631578947367,0.16
ZpJfFJN_YG5uwVq58UAu-DQ7iBL8ycg7M-KIT6_w9Em4-bAbFjGAikrA,지존쭌밤,4547179488,jungle,2766,2,14,16,34955,32345,50456,25,60,66835,13164,35,130,4,334,0,14,1,0.46153846153846156,0.358974358974359
mQJ-JiILzQuro-BwZurF0OImgVLcYtXXuXRk_7sbNDlhuRALTXnMhpZP,똥싸는개트롤,4547179488,jungle,2766,3,6,21,42107,20036,29157,35,55,44856,16730,84,219,17,1380,9,8,5,0.6153846153846154,0.15384615384615385
2P7gi4aum2WsRJhvr_IscMfuC-gzCHR8O8CwjEjVLH8ssJRPUJM7XuDy,kffkdid,4518838090,jungle,1537,6,2,11,14973,10841,17806,20,2,24546,10698,27,150,4,148,1,8,0,0.53125,0.1
VdaqU1EnFxhiBfnEuDjNSME3-D2SSpt4FINugglUix21,오산이은수,4518838090,jungle,1537,3,4,2,7801,6987,12149,11,12,20480,7489,20,92,0,240,1,3,3,0.25,0.125
QOSdrNe_1MsVqO_Uob28P6cNrOtM07cNyQtkirnWKeuY886glhadPBi1,So Fast Knife,4546368803,jungle,1210,1,4,2,5425,5058,6262,5,5,12558,6288,46,89,4,214,0,0,2,0.3333333333333333,0.16666666666666666
dnswpvdt1TqfIw1XRbwZovD4qHwRjC_9c6SWlF9srrX7,Bubo bubo,4534955321,jungle,1605,4,2,14,12033,5577,24136,31,41,19294,9444,32,96,12,624,1,6,5,0.45,0.09090909090909091
VrIIn0IaVWDJ8N4fYUwmb4Q23DqwkC09riikQ29NcATy_OxP9fC3o49H,워윅 마렵다,4541398146,jungle,1670,5,10,7,12676,13280,23997,11,27,35027,8179,12,86,4,248,0,5,1,0.4444444444444444,0.23809523809523808
CPPQM0uUJKr08PB9wtMNY6h9TSWj4Bx7C8Q3AVqdMed8-EE,김정즌,4542010833,jungle,1619,5,3,3,8546,9736,19870,15,11,24270,9613,15,143,7,188,0,7,0,0.7272727272727273,0.10714285714285714
Hm9LTcQdYFJERAgYIK_9eROY1jBSk5IRlXk1SxptRsGqgok,진짜 레전드긴 해,4542010833,jungle,1619,12,3,8,18860,9886,11305,10,7,21418,9976,19,90,1,130,0,1,3,0.7142857142857143,0.2727272727272727
nZ2dUnkQ9-yma412xQ0rha59cJYPZcAdxta_w7LmGGAZWQA,estrategico,4314316843,jungle,1464,1,3,8,6189,5330,7294,15,34,8901,7096,3,111,12,131,0,5,1,0.5294117647058824,0.375
XAcRyk5OkTAYKeDn5a9BW4sModIeC9ugWfq-mgmN0fPKE3M,풍 뇌,4314316843,jungle,1464,0,3,3,3726,6509,15789,15,12,20735,6384,8,108,8,259,5,10,0,0.375,0.17647058823529413
U-pWFPXLgF2QqPWLncH03VU4EUGSqZUDKj8If6LeXd1kLCmLMEoi3xbi,shinsung10405,4543901160,jungle,1632,4,3,11,7958,8085,23093,29,13,24022,10228,36,112,12,137,2,11,0,0.40540540540540543,0.1875
5XKYhhhGxw9Siyr0HQTSnMaYZjMqb9XPJ3DIjUl1ZBa8i6Y,우르고자갓,4542823380,jungle,1631,1,7,8,10727,11214,13703,12,27,27376,7690,16,115,0,393,3,5,0,0.42857142857142855,0.19444444444444445
DPszguTfosgmlUgfPgMZQxjbYnU4-JQqLrc5BRB4ZBFC6X7aXGuY6Hvm,아리로또,4539951479,jungle,1571,3,9,3,9558,8719,13637,10,107,25592,7245,23,73,0,323,0,2,2,0.375,0.23684210526315788
r3qE6mgBCcMXccHnh2Wht-aVmKJblzIIAwZZourW9a3gm4RBm7jkX0CP,성형외과  수돗물,4539951479,jungle,1571,11,2,13,14397,9752,28671,18,22,24978,13227,39,144,36,401,1,8,1,0.631578947368421,0.125
xbrfcnb-w67oxjdKG8QDmtxbM0ew1RTfSKP2xKT9g8vmgkw,바가지머리a,4543972297,jungle,1875,8,6,5,19191,15765,21756,18,27,36478,10585,16,108,23,444,0,8,1,0.43333333333333335,0.2608695652173913
ErL56DhwKPUQhJPk6i_jj6krHfTfqReu6LZbsA8ekyaQlxI4B5ynHn1i,개리는곧휴가철,4543972297,jungle,1875,2,10,2,9801,8817,11314,20,9,28511,9046,36,76,0,289,1,8,2,0.17391304347826086,0.3333333333333333
IW9C-tbfvhMIdt6CMJsM3X66C8uDHpeqD46Kqc2S9sG6,들온나,4532684952,jungle,1548,4,5,3,13150,8124,15641,26,13,24110,8798,23,127,8,481,3,4,3,0.4375,0.22727272727272727
TnLA7d36LpwKVpzFXaByznKrgZqJALZ4vXsHVnv5Q8qqlR4,금태세,4501432684,jungle,1484,8,4,6,17338,8556,11432,17,9,21393,12041,21,145,21,318,0,7,2,0.6363636363636364,0.16
uWvRvVpcEHTxNxdjvycAtxN8B1sKoLq59O7skBrKJwXAp19hWcih5DIN,Greed of Sin Ban,4504346068,jungle,1459,2,2,5,4952,6636,16056,15,7,14993,9104,3,164,21,246,0,5,1,0.21212121212121213,0.07692307692307693
O8Qa3oKShAEOLVCoIvoK9-orAV5bEyo2dR2qmM7b4r3WN4MF8PHH-MYb,빡빡머리쇼,4504346068,jungle,1459,8,8,5,14900,7195,22077,14,12,28524,10604,40,104,0,393,3,3,1,0.5,0.24242424242424243
ESgBCs1gRR_nJiIGPfazdUL1eNxxyvfYg06konhNcpOwMng,그 0 남자,4548811718,jungle,1508,2,4,1,6295,13329,11312,16,11,23127,7240,24,97,15,302,2,4,5,0.3333333333333333,0.26666666666666666
QZxvwHU6euzSusOZZ96XT3xd_NYsGTT6bdqeuQYUUJpotd8,민를레,4548811718,jungle,1508,4,1,5,7271,28223,15505,19,21,23175,9270,29,96,4,316,7,7,2,0.6,0.1111111111111111
qmd_HTTToejlqJG_Vidi0xvgO4xgzmY-lEkuDUlksrz9f8c,째 쨩,4536669654,jungle,2075,5,5,18,21724,11239,33073,25,34,37648,12974,37,154,12,543,3,3,5,0.6764705882352942,0.3333333333333333
sqAqDZflnrKzBHEan-hKgHNrP6EykMfkcwsdnRyVXqJs,샤코는누구인가,4536669654,jungle,2075,2,8,6,12529,6735,16502,17,32,29625,9144,21,84,0,645,2,3,3,0.5333333333333333,0.23529411764705882
88QTvV49tsw7enWvj44nU_Z1kE6DbAcwEzyI0bhun1NhRME,Shy Deer,4542424515,jungle,2117,3,4,17,22720,17320,21354,21,27,37744,14111,52,189,28,484,0,11,1,0.5128205128205128,0.16666666666666666
z92JuYBzm_h-nEKntkNEAhxfosQoEsqjwaJF9ZCwSokyxGPbXz2UmpBB,진행신호,4543496293,jungle,1892,16,4,6,27494,18094,24716,15,9,37187,15921,61,183,32,183,1,1,1,0.5945945945945946,0.21052631578947367
-CTdyDMG01npMcH3CkOBdApsXPmm5xgeiHjUvixSOA2F-un3Ji9JSA3Z,핫도끄,4548802807,jungle,1624,3,12,5,10464,5534,20869,18,26,29767,9049,61,71,0,138,1,5,3,0.38095238095238093,0.3333333333333333
8HHLnpmVWXGaou6-5_HpiAEY_5teTXciBuAM3sCC1iD8,용문 전설의주먹,4532819731,jungle,2435,6,5,8,28058,13418,25986,37,25,31375,16142,106,175,14,432,8,9,13,0.4827586206896552,0.1282051282051282
lc3HVo37sBhUB6Z1iXMVzmQHYCKLNdJv8ro_SDk6DolKRWjg1giidp2P,젖통을 바쳐라,4532819731,jungle,2435,13,4,8,28369,17804,21955,30,10,37536,16926,69,180,12,267,0,2,8,0.5384615384615384,0.13793103448275862
TgQ9wqj4EHejwqMPdP2wXctYBq0Hw-J6rNChot27plVQZvTx1tsU95he,RUGURI,4548245916,jungle,1796,4,9,4,11875,11674,17604,9,1,30512,9515,8,134,4,114,0,4,0,0.42105263157894735,0.3
Fy780TwNmBq3Pxil0jfU0SqkaBr7ZdpjkVVN7Z7tFn8faczZ98CCkODp,튀김 선풍기,4548245916,jungle,1796,4,6,10,8704,5688,19676,17,17,24031,9516,24,108,20,417,5,12,1,0.4666666666666667,0.3157894736842105
y8jcFdit_JjcjuSwB0jHQ8FdKfU5jYqLEU-OcPY1Pd0bflrMiPAjN-9n,Anuky,4519737754,jungle,1625,6,7,8,13986,12680,14576,37,27,23734,9527,21,96,12,175,7,13,6,0.34146341463414637,0.4375
mqCPDuZ5cjwsr2UbwO8IitZZeSq4ZMvk_A7X5bQfho4SKTo,태용오빠짱짱맨,4496251088,jungle,2003,7,8,7,13022,15061,17625,20,16,36215,10618,12,108,8,306,0,10,2,0.27450980392156865,0.2857142857142857
1LzoZ8WreA7ZvHRLvRh5kTz2_LwPdTmw4-0UuyFO7cm-,Owann,4496251088,jungle,2003,6,11,9,17135,14526,20171,16,7,35844,11236,41,112,0,161,0,7,0,0.5555555555555556,0.21568627450980393
hUgNJfFiwi_qs6PNOr1zBBx-gPCRDO1z52KfFmjwVqhPkes,실버타운지박령,4536981969,jungle,1835,5,14,9,14131,8175,17909,18,139,31960,9679,17,112,0,416,4,5,4,0.5185185185185185,0.3684210526315789
Tg-LWNc5iWEx1jrnVR6tFFiDNykipqq3NtdfTlUJa-Ss,슥 분,4440533517,jungle,1210,1,2,3,4841,9409,16723,10,12,16002,6915,7,124,8,361,0,4,2,0.2222222222222222,0.2857142857142857
bDxltrGiV5emeMl4ADtCrdGttBzeoioc0YHGT4SzavZxBig,재진사마,4110041025,jungle,2192,13,9,11,35218,22931,28074,24,69,44436,16358,49,135,0,402,1,5,4,0.5714285714285714,0.17307692307692307
zHq1odgp5H53KmvsbrVJZCeI5oIiv6_sYvHGX7CFfyqi,행복up,4110041025,jungle,2192,9,8,14,20608,8719,20218,23,26,30377,15044,74,133,0,462,1,7,3,0.45098039215686275,0.19047619047619047
tK8IuBwHXXLuz5Pvwsq2pLx4cYXGyW2mFf4NPi_BY8A8joqJAhEI-KvK,명예5레벨도전,4538397430,jungle,1635,8,5,7,13138,11481,33836,17,13,32642,11209,12,128,12,475,5,8,1,0.45454545454545453,0.2777777777777778
4cxCfFz4cEsNzgBX3Osla5O9ZZFsEN7HglT-gST3Jt5rKok,JGpsh,4392295962,jungle,2216,3,6,12,18291,16262,24784,27,13,37649,11716,66,131,7,622,2,11,2,0.4838709677419355,0.24
FzK08cOjWfvHJh3CkZjTgB688kZuJE0P7LbhWSXrEX-G,미드서야합니다,4392295962,jungle,2216,6,3,9,17047,12404,30330,34,17,33544,12187,34,124,8,517,10,22,4,0.6,0.0967741935483871
6UJEZU2tigjKfmhbTE65ZVDG7N4RWsYjbLz62x-0zY3hEdU,Dianayou,4546863526,jungle,2102,4,8,3,15794,6520,11470,7,5,21742,9983,56,102,4,139,1,4,1,0.5833333333333334,0.27586206896551724
lTG0U37V8JVzJxvwozzVe7xf_4PFwgQvB54qcRsPMutNbzZTJJtSTD_W,라인전다이김,4546863526,jungle,2102,16,1,5,28004,18926,26178,29,16,32757,16952,96,131,15,243,1,12,2,0.7241379310344828,0.08333333333333333
0pZew60Sg_50BsEiuGCJ2qmz2ZjLd0Oh3-eJPiCkbLItpP8Gbb05HOny,아쥬v,4548735583,jungle,2200,2,10,22,24232,20909,40314,11,11,36831,14547,41,191,17,672,1,2,2,0.47058823529411764,0.2222222222222222
r21G9o49yQmEKJoXNzVdsolYFUA4yAtVf3dRDsqIs97-,삼씨세끼정글,4548735583,jungle,2200,9,11,10,14890,13866,33749,21,30,42847,13719,45,100,4,266,3,4,3,0.4222222222222222,0.21568627450980393
u4Sofq1tE9HA88LoBtUDG8FhlwevIZySUEVTFMkWYvObCwlU7yhFuaZg,수셔셔,4541402247,jungle,2737,14,5,23,59621,20290,22858,35,43,52696,20622,123,174,7,424,3,5,9,0.6607142857142857,0.14285714285714285
B47ZGYbR1A2mFAra0g-npZoQ2BEkXu62Vpsy1-0D4VG1,메인x,4509526698,jungle,1616,5,5,12,20854,17992,19035,38,42,30979,11130,42,130,14,630,0,2,2,0.4857142857142857,0.3333333333333333
8vK0aDwXd6tEYdKLx16jPylSmuWpmvTVmnTcYpLEFGNhc_8,삼성고 김도영,4529429444,jungle,1601,15,5,3,17404,11186,15116,17,1,25131,13380,29,94,3,117,1,8,1,0.5294117647058824,0.19230769230769232
qIMubRD1ZDIjhrLMMS36r9WeizKmFg16kdaTPBQewSUbEqDuBz6PCbEU,금딸러,4498321863,jungle,2027,5,6,11,24147,15371,15332,46,12,29296,11781,61,94,8,233,11,13,12,0.5925925925925926,0.17647058823529413
F6YM_CSZPOi3LOelTCJdNTJAGgNqwjO4PBKkfB8tm6TeUkk,무료영상채널,4498321863,jungle,2027,6,8,4,11206,11833,18971,41,4,32023,11792,49,101,16,215,2,14,6,0.29411764705882354,0.2962962962962963
HcJw2qhkOVoXHFgVOkjMzZw2C3HSQu7tlRmQkeE3fIOH,고스트스펠,4539657352,jungle,1596,8,3,12,14737,14515,20132,20,22,24600,11866,59,85,11,294,2,3,4,0.6060606060606061,0.1875
l-2mbVgfbPGHwJJbaOYbTKRJu8zzKpCI9_78FI-YiJ9Nun0,대전오진영,4539657352,jungle,1596,4,9,3,11040,7922,13045,11,104,23768,8944,35,92,0,297,2,7,0,0.4375,0.2727272727272727
kg3uob7bLDPKYD_I29t-485z-ZZaVOsu-Fym-rkSKa8qijo,앙오빠부끄렁,4546320050,jungle,1247,2,2,1,2563,6441,6041,7,7,11420,5668,14,60,4,170,0,3,0,0.75,0.1
ZY2Vl1QwC6FD8OFkfPkn8m2k85ZuSzy2JQwuqdYt2LvqA2Q,윤0호,4546240446,jungle,1823,2,4,12,11037,6813,33797,17,27,24226,9390,25,103,16,411,6,6,1,0.4,0.19047619047619047
6d4Q_GkdKoBChHXh0cAZIPVJQNfsviEXhI_oj313DUFwNLk,배그가젤좋아,4546240446,jungle,1823,4,7,1,16809,11117,28770,30,3,38172,11350,94,111,4,121,1,12,3,0.23809523809523808,0.2
Rk6ZJD0MyJ1I6wRBg_qDsVNaTy0ZTFlNX_OqA3gAF3qrzos,킹무갓방,4487361693,jungle,1637,9,3,5,13161,12249,17347,34,17,24275,11467,27,120,0,281,3,9,6,0.6086956521739131,0.2
2_9Cf50g1s0r_TyiaxwAwy3Re1ez25Nwkw1TSGCaPdPu,책상속망치,4487361693,jungle,1637,3,2,5,15377,19023,19652,53,43,27608,10203,42,138,15,742,3,10,3,0.5333333333333333,0.08695652173913043
coVuefYaR3G-aWzCgJ8_IWn3q6DGzsQ4f7uhXeqTrt_BVWJVIoA0-v2F,팀운을 극복하는,4544477643,jungle,2015,5,7,5,10871,14959,31528,39,19,34736,11988,61,148,1,376,7,16,6,0.37037037037037035,0.16666666666666666
zoNx20Sd-XZHReNhP9PM5-TGdCSMXmarSCxiMXEdN_dR1J8,DJ ONE TOP,4544477643,jungle,2015,9,4,8,25892,16343,22890,28,3,33081,13276,42,150,5,108,5,7,4,0.40476190476190477,0.14814814814814814
AMwrhK7l0lT_6mF1WLvyxUlA97wLGeliqeEqk8n3lJUD,박진긔,4544976040,jungle,2571,16,10,20,41157,20667,50933,34,28,50328,19253,95,155,4,719,3,5,4,0.7659574468085106,0.21739130434782608
O1KYlpNOu9CktnFKhyGAYSbyQUx_RAiX-7JIyjMpidYeeX8IImZ61zhB,렝 겜 망 했 다,4544976040,jungle,2571,6,13,19,24729,8469,77040,26,39,64619,14085,51,110,16,380,0,5,7,0.5434782608695652,0.2765957446808511
C1AzjSSviAuwZdDManWaBm0vh7VjFN3O0x4uIyk3usBgl2w,배고픈 상병,4548051388,jungle,2515,17,5,6,32936,18666,56897,35,17,59650,19750,82,165,8,619,3,15,2,0.5476190476190477,0.14285714285714285
vVy_pGPR9XGWHWqig0fls_Xc_VFcOsyS-EJ8TIyd1cv2,눈 마주치면 벽꿍,4543463700,jungle,1826,4,7,8,10378,7775,21941,28,26,25290,10593,48,116,28,539,5,6,5,0.375,0.3333333333333333
