account_id,summoner_name,match_id,position,playtime,kills,deaths,assists,totalDamageDealtToChampions,totalHeal,damageSelfMitigated,visionScore,timeCCingOthers,totalDamageTaken,goldEarned,totalMinionsKilled,neutralMinionsKilled,neutralMinionsKilledEnemyJungle,totalTimeCrowdControlDealt,visionWardsBoughtInGame,wardsPlaced,wardsKilled,killsRatio,deathsRatio
T6SPBX0KxweQMM_mcJl-iU58eiFbtWEtBV4E2SWTnke-,hanhui,4529288161,support,1235,5,4,4,4992,4491,22537,25,31,11746,6611,29,0,0,74,2,8,2,0.75,0.10810810810810811
dXcBHZYFPeQvzj0uE_frQ7Y6WBv-Cu6cWu67IhhyQ8wYxbh3oD092rcV,흥콘망콘,4529288161,support,1235,0,15,5,5241,35,9989,4,26,15316,3430,9,0,0,62,2,4,1,0.4166666666666667,0.40540540540540543
2JoCv-eDgkYaWX3QnAtlHt4MJng4kHSWyqRHDv5QF-dtP1BbvSceo9O0,베루도,4529288161,support,1235,5,5,13,8739,3570,7953,24,28,13178,6871,23,0,0,87,2,8,5,0.4864864864864865,0.4166666666666667
tc51bCffWSptfw3cx2YhW4RtadNBleYfb2db3hN-K19BocN_Ms2X3ugj,루미문,4547763753,support,1284,12,1,8,11424,5162,6693,60,21,13358,10555,50,0,0,124,2,27,12,0.5128205128205128,0.16666666666666666
XE0I2ft46EXpCYSjeoj7I7h6e1w2ExGyk7yCAcJ4Qz7nWj4,어딜가볼까나,4547763753,support,1284,1,7,3,12267,0,3050,10,22,10300,5307,33,0,0,150,4,9,3,0.6666666666666666,0.1794871794871795
rFyV0laN5F-LOfRd3SDrwZAca3c_frBnA7PiPoYH3tZt3lU,올커니슈방,4545083743,support,2266,2,5,11,17682,3885,17568,70,69,17938,9367,45,0,0,134,3,25,7,0.6190476190476191,0.1724137931034483
jClKpoHa1Szv50eJzSGcXsjEfq08RfRESzSvwyTSL46Q,Sage 내젤세,4545083743,support,2266,1,3,18,8047,30291,9371,56,64,15044,8272,10,0,0,231,7,26,5,0.6551724137931034,0.14285714285714285
1g2z27swZfheBY2pnely6il9hiVCyqPSg-S-04W-ZZyKjc8,중국산 간디,4543413063,support,2077,3,7,16,9229,490,29921,58,44,19519,9843,33,0,0,155,2,25,8,0.5757575757575758,0.2916666666666667
cq0Krb8_i_WaxfxDdHT0V0zsfSRqaTShTc_SssfN3FYq,짱도리카,4543413063,support,2077,2,8,9,6203,298,33456,78,29,19340,8242,34,0,0,122,7,42,5,0.4583333333333333,0.24242424242424243
Xt83R1ZLgJNkoujF4TZwDWl23LDxYpNcWGssEoGfgsv7tLA,불안한그레이브즈,4515766018,support,2277,8,16,7,17173,2093,11914,68,11,35815,11717,62,0,0,86,5,34,6,0.39473684210526316,0.26666666666666666
hKueTcBpZWBQzMXPX-mhWCdPQizjZCaJ-vvx-k4JrbVYRYk-5znCQb5X,장수노우석,4541771457,support,1905,0,3,12,5282,4824,22517,37,24,13971,7132,23,0,0,96,3,23,3,0.42857142857142855,0.1
LA5kCNj1YdK6EhaQIajUskXQkHi7SNiatDbaCu4mRQWKKoxu4KX8B6KS,공주예지,4541771457,support,1905,2,3,9,5819,1827,6116,68,51,9263,8066,31,0,0,382,6,27,12,0.36666666666666664,0.10714285714285714
LIMcYJQm-TQZdBlwWpmkqmlWkue_Mtmn5gq6c2RXZxZR1Z4,씨크한롤,4547735711,support,2069,6,4,12,8454,1841,19192,71,29,15942,9774,32,0,0,103,9,35,7,0.6923076923076923,0.12903225806451613
jXkDZaUfSyHsUSXQsOLSdVFSz_eIXnnrsi6tAd11bQE-,HitachiSol19,4547735711,support,2069,1,5,21,9195,10598,12802,60,26,13605,9048,35,1,0,61,1,24,15,0.7096774193548387,0.19230769230769232
qm9JCsmGCscd7Vll5yzk65bpZZGKlAsdlxqT1Xq3u4CdprZxuAbxrNzp,빵잘사오게생긴놈,4467763245,support,1639,3,2,22,8575,14288,20837,41,28,14032,8551,27,0,0,86,7,23,2,0.7142857142857143,0.09523809523809523
3g69IpouuLAnZUuLr_9YgEEqBlprwzQpnxA5-F1jgMH9q2s,Audio,4467763245,support,1639,4,6,8,9024,2605,11625,32,45,19098,9042,32,0,0,145,5,15,2,0.5714285714285714,0.17142857142857143
xTMZTNRALQuucVVwFL5eVZsGeKM13l004s30NHc-2nt4NRs,새벽3시 지킴이,4522944975,support,1435,1,5,18,2367,593,4494,33,17,7599,7432,15,0,0,96,7,17,2,0.5135135135135135,0.21739130434782608
fe9MVcTDnO_iUoYYmIk8-IiCOFvU3LlQ_Qj5I0HoKs-N,자발순환회복,4522944975,support,1435,5,8,6,6163,312,16272,29,31,17638,7014,39,0,0,54,3,9,6,0.4782608695652174,0.21621621621621623
ZfcIHr-llVbfyu_lrYMfv_ZEDK5zmdfFi7jIMctmzoljGTzEMyAWCYG1,nonprofit01,4515480857,support,1525,2,6,2,6205,764,6285,18,7,12215,5608,36,0,0,114,0,15,0,0.2857142857142857,0.16666666666666666
3vh1YX86Nke4Wj0TBeFKMLJ4CwLtm57y1ghrxVuWf9Yye4U0bIsAnGgl,혜찌야사랑해,4542134272,support,1988,2,7,12,10733,158,32174,59,64,18237,8163,38,0,0,273,10,28,3,0.5833333333333334,0.20588235294117646
2UDY4hVvR9X9_NTeVjM_QJ32iQPaHxHIn2ofRx6MWnBwaeQ,몰디브모히또,4548704855,support,1332,1,3,3,4365,69,10552,36,28,8532,4860,30,0,0,164,4,17,2,0.36363636363636365,0.16666666666666666
QlIPPJrUON8xtRo_HMzTwMr3dlS0LMagY-VZyuHZsJoZ96w,우리에미,4548683387,support,2078,4,2,27,14896,23742,3488,64,15,6146,10713,4,0,0,37,4,28,2,0.7560975609756098,0.1111111111111111
HLC58OiBZLGKwNWCyZq8qwIVtIDFNvmSYUEsu4QmXEJ9Yfx3TWxKNXiW,다니러버,4548023719,support,1212,3,6,6,6522,0,13906,22,39,12564,5072,24,0,0,75,3,11,1,0.75,0.17142857142857143
rvB4LkpCYpdOvCl8PXO_jFBIVT62_obfOhtHFd755CE,시공행,4548023719,support,1212,9,2,12,10808,620,3310,21,23,7742,8585,18,0,0,209,3,8,2,0.6,0.16666666666666666
pfhUw9uvnfiIkBXdC47JDTewI9EqP6UxVJwxiShH6NPg,탄탄소소소,4523076307,support,1348,4,1,10,7806,1887,16018,39,22,12306,6616,35,5,0,53,4,16,3,0.5185185185185185,0.14285714285714285
7jr-b4xNF4MB3zUV9mOeqoUuwmowcF-BsJS6x5D7XGJdw5CXYKSWp6Wj,자기야힐줄게,4523076307,support,1348,1,5,2,3870,9100,4472,35,29,8925,4781,34,0,0,184,4,18,8,0.42857142857142855,0.18518518518518517
TQZ0OigNtD1-pUjXk1ihPnCggwP_y9a_xr8PhooBGTi6tmFswGNOf8iS,개초딩민정현,4503543622,support,2091,3,6,7,18289,1945,4482,68,10,17253,9021,37,4,0,16,6,28,7,0.43478260869565216,0.23076923076923078
-TgwRJu4CR7_KbPvKS_24Laq9uoq2vgjJILlEOkqJvs4,청풍맨션,4503543622,support,2091,2,5,10,8192,16009,6290,38,26,8140,7515,9,0,0,58,1,21,2,0.48,0.21739130434782608
qVxLnDP6FjjRdGr983pTs7dtnXfbyQBqyItzGD9oETRHsm8,부산 박윤규,4548039430,support,2031,3,11,11,14076,897,12107,49,52,23490,8318,31,0,0,392,0,15,6,0.4827586206896552,0.22916666666666666
WAvYfn4mrXdK9NI4undYUqiN_CPAG3L1ZSyJspstU4ot1F0,퐁동이,4547110857,support,1725,1,5,5,3206,1308,14991,38,23,14332,6024,26,0,0,66,0,20,0,0.21428571428571427,0.17857142857142858
MaT_j4qGo1fcUSKJ_e4P8c57EhBdsy4rgEZHmXQcepe0SLg,마왕궁뎅이,4547110857,support,1725,8,3,11,18452,0,5254,30,41,9637,10382,31,0,0,251,1,17,1,0.6785714285714286,0.10714285714285714
yL_jQH8SyaTSTxG2f3UTjoakRUs1Ag7Rp5Y6PE5Unp-Gs8W4IGj5dd4n,상상 넌 그 이상,4542765264,support,1978,2,5,9,6714,6308,6936,92,25,13261,8799,13,4,0,122,12,44,12,0.5238095238095238,0.22727272727272727
uZmwTZyzMtczT736FxVUORil9ZfCpp2xH7wyP0UARSECMqNUNsZzxcHa,kdy12,4542765264,support,1978,2,4,11,15112,22291,5032,44,23,7302,7987,14,2,0,57,4,20,3,0.5909090909090909,0.19047619047619047
86lIeO64XywmG3lDjeBqmDWbphsVeTy7weQXilzkPCbQ6xoUXzWqQhnm,달천 붉은눈,4548791524,support,1650,1,9,11,6999,561,29733,37,32,20669,6067,34,0,0,64,4,15,1,0.631578947368421,0.2903225806451613
Sq2qxhmYoFFElniqmczUDrJA2rIRqqHEDaY54NsBdZ4S7BGEixrztHCZ,Xunghyeoning,4545703188,support,1350,1,7,2,8302,0,14996,22,22,14243,5297,42,0,0,229,0,10,2,0.1875,0.25
3l1r5Jw5EstkfG8HeCwoF6Ce9OmBYYDLvt2neymUjxgVEUE,뒷통수스매싱,4545703188,support,1350,4,0,7,6375,170,9314,18,15,8393,6174,31,4,0,63,0,15,0,0.4074074074074074,0
PQMuHvMmWk7d-5BOM5LrlX8esPF6rRr7RsiQn_ALz0BiHrtdii2U_ZyC,KORKD,4540863027,support,1398,4,9,9,7753,632,27966,21,59,21437,6046,27,0,0,306,3,10,2,0.5909090909090909,0.225
qPZNcxAXFu19bpdcP8twbZIcTSsv8-2u5DJp1YkySQdOCWI,강쓰2,4540863027,support,1398,5,3,25,7992,3524,20336,15,28,15998,10086,30,0,0,109,0,8,1,0.75,0.13636363636363635
y8c6gvnuf0Hqsxx-LpTpca2j7e2oRzerZ0n2DDZQ2WZAknZqONXWB7Iq,M멘탈 순두부M,4547156055,support,1361,2,3,4,3364,0,13142,29,16,11507,5577,21,0,0,56,1,17,0,0.6,0.125
-XQ9dk1UkO93kQKRoQx9cszCoPXZNInR1GFKoTUKVmPRsxnfhfQ77CuR,호재왕자,4547156055,support,1361,1,3,6,7256,3115,5776,35,28,9953,5559,23,0,0,150,5,18,0,0.2916666666666667,0.3
XnzoO8RuCduiXCIOtlgIwaoC4g8oEmuHjSEaVtm1uBvijtw,동물계열매능력자,4376679232,support,2079,3,0,17,7385,3543,19666,89,46,17874,9011,40,0,0,75,12,42,12,0.6451612903225806,0
ZedIGK6V5t9ptndTN4nPLh9x8QpnBezGKyj6605g4i9n,버섯농부 티모,4376679232,support,2079,0,10,6,4984,528,27763,66,36,17050,7499,37,0,0,141,8,36,4,0.24,0.3225806451612903
fnuSEDEL__Lhph52Wlt8DM5poHgLjgZdm_3hh8ACBjfw5Cc,보바보바보바,4537396892,support,1408,6,8,4,13972,641,4184,28,25,13604,7703,48,0,0,135,1,16,3,0.5,0.23529411764705882
ra4x8tcgHAK4yzLW849D4n_4YuD1MgfcI9rx5Z4rLk6LnQM,klome,4537396892,support,1408,6,5,12,13042,243,4839,30,32,9874,8484,24,4,0,173,3,16,2,0.5294117647058824,0.25
vqjt981KcYUAVfxnswyUy9PhX9y47DwBo_gJPmZw6pWIcmaX1fvsOf8-,블개콩블랑,4540503659,support,1399,4,4,10,7173,6520,7155,32,19,8212,7335,13,0,0,68,5,16,2,0.5384615384615384,0.13793103448275862
vsM0IA6NWgQPxBr_NNFUETKNfGT9FPHVka_6f9pbv9B_YBY,윤떠리,4546134557,support,1630,2,7,9,8977,1364,16478,38,25,14086,6848,63,1,0,299,3,14,6,0.55,0.17073170731707318
BvU6TRnXRDyLQNCgdDIVObsdIzFrPEFE-RsiKtYRGgAqJMQ,쥬앙이,4546134557,support,1630,5,4,12,14996,5282,10748,34,34,18396,8893,58,4,4,137,2,16,4,0.4146341463414634,0.2
oxoz_Ilkn2gzj6mFvowo2Scb2VYGLgTx4eFdAog_eROIfkM,사스이치1,4461984202,support,1346,2,4,4,6234,10,4041,32,25,8044,6147,10,0,0,173,4,18,2,0.75,0.12903225806451613
xlfqYl3LC0VyqOM9emGlYSCoNsebMncW-jin9u5fMYLsILE,Jungle V,4461984202,support,1346,6,4,9,8002,478,9226,27,36,11936,7685,27,0,0,93,4,10,4,0.4838709677419355,0.5
a2uBlJFHo6KNUjsyTAr5K0hZnF3_4OaORTWRmUIkdL2v8EY,춤추는왕왕만두,4548565027,support,2077,3,11,16,17594,18186,14080,62,16,22005,9528,22,0,0,20,7,31,5,0.5757575757575758,0.24444444444444444
EyxZ8iJrR8-1llPxJ1bUEdAHCEagQaM_6452Vu5-wNn41b4,PAYKE,4487509783,support,1707,6,5,14,11572,3096,8581,67,28,12998,13048,37,5,0,87,5,30,12,0.47619047619047616,0.2631578947368421
qpHb4U9lGeMtXBuO13ErFn8HTyAaeShT_IshDZVx4WR5X312Rk6fg_R4,LI Nose,4544238892,support,2195,4,8,8,12669,1944,14817,28,63,20629,9153,45,0,0,223,1,13,4,0.4,0.16326530612244897
CClaOniIsUuL97M5ySsFVi_u0d7dkCJ-wkdNrVg4PUkOVas,DAoppa,4532912832,support,2320,2,15,18,14152,1175,53505,47,84,34348,9280,49,0,0,487,3,25,4,0.37735849056603776,0.26785714285714285
AaBu98o3e8pExp7oSFOdN1kMTm2fybCcHAfHTPzeyu1R2wg,녹색깍두기,4532912832,support,2320,8,12,13,15754,4163,21315,71,37,30055,11956,36,4,0,80,3,19,19,0.375,0.22641509433962265
_8fVv-WtdkCEy3ebkOyA4tAg6wqZjd4oGcY-Eqie2Xr-GLU,상명대디자인학부,4545808651,support,1421,7,3,10,15968,527,3373,24,39,6450,8298,33,0,0,258,4,12,1,0.4857142857142857,0.2
V7J0Dbtb3-k9yX9YzNG2H1GzagXPr8wfuCh1TAg5vZ9X_WQ,킬 안먹을거야,4545808651,support,1421,0,3,8,4590,0,13571,28,29,13742,5544,31,0,0,156,2,13,3,0.5333333333333333,0.08571428571428572
F6_ot2IuIo5AZYslifmouIgPm-GF6mEC_PiG5WlUg66zRhE,Hyelinseo,4426234353,support,1720,0,5,5,6818,707,12293,62,30,12718,6751,35,0,0,95,6,27,9,0.25,0.2
IeJbf_D1uB79RXTM5I_0vvXZHeTimVDESlxbI05jgG9VmG-vIaP0wJF_,청주대 항공운항,4548718181,support,1565,6,4,15,11935,7164,11594,51,35,21297,9709,37,0,0,128,1,20,6,0.5,0.21052631578947367
nzxVcsMsb4tm6zlJHC6t2AIGuoivWorExqoxWSYMwpADPgQ,Shamilly,4546561149,support,2393,2,12,7,11198,4550,38746,58,53,34021,9376,35,0,0,171,4,26,2,0.32142857142857145,0.2553191489361702
jB2UMJ9dDBKdKNdt3BrTi63lsSjiT9lGDMMXxwdmAKTQi4A,a상추a,4546561149,support,2393,4,4,24,12011,22716,11937,92,33,18923,10695,35,0,0,130,8,52,7,0.5957446808510638,0.14285714285714285
b-NQewOtLZJ3JtxtjKqDd-CRluzHi7hv7yQF9KIy8c47G14,승범이가슴G컵,4532527107,support,1704,0,3,1,6646,8834,8644,32,27,15102,5372,9,0,0,73,1,19,1,0.09090909090909091,0.15
ZD2XGQSck9QKprZzrhXQPViIUNt497zOhs4Sdz7zvTS4,김숙희오빠좀더,4532527107,support,1704,1,1,10,7049,2254,11874,58,27,9742,6786,27,4,0,163,5,28,4,0.55,0.09090909090909091
2xn-l3Q4NlUuIVHECZlBNJzz6WfDyj1A3siXYsv_F-ptVLo,찌롱이군단,4424675158,support,1681,5,5,13,18329,7682,9072,36,41,22557,8999,21,4,0,189,0,21,2,0.45,0.20833333333333334
FGp-EnQdUNJxvrimHSHJdXRQXsda8ucFBXMTXFFEUFFEllk,Dsu Haru,4502026154,support,1276,0,9,3,4260,450,6053,28,33,14408,4399,17,0,0,46,3,16,1,0.42857142857142855,0.20930232558139536
asFfAGsQrHnT9GsCSp971n7CHzV8AmJX51IXAHQ40gQQSRgi7O6YyCPN,뽕쑥이,4440382665,support,2275,0,6,5,12963,1621,4708,63,21,15019,8069,31,0,0,31,9,31,4,0.20833333333333334,0.2
8-Q_f6oyMTKyOMjMh8qvCOfZfDw1x1HWbjk_WX94Xbs8pn5OTdQYS5yd,오빠시연이왔어용,4440382665,support,2275,6,4,12,16074,936,9383,80,35,12270,12393,60,0,0,189,5,34,7,0.6,0.16666666666666666
ZgwnIDeW7uRxWpuMAook4tp-jubkZ7FNEFOlTHfMhnckoK8,폐휴지짱,4509738322,support,2038,7,4,9,24254,1727,9825,56,51,18324,10616,54,4,0,454,5,28,4,0.5517241379310345,0.0851063829787234
OQserox89L-s6jV-5D6av2vZaE0VOk1uzTduCvamhkwmwM0,shy Lizard,4509738322,support,2038,8,4,19,19246,25009,17082,41,68,22616,11835,71,4,4,539,1,15,7,0.574468085106383,0.13793103448275862
M4RbZ4rtfulcBgmnIuzZommfN5q_gMqUbgIWbmxV0b1XIF8,통영페이커,4522117725,support,2207,4,6,14,25506,776,15877,67,61,14618,11587,66,8,0,330,1,28,12,0.6428571428571429,0.18181818181818182
Y7Pb4xStzveZ7MOVoEKekuyERg12qO0sesQwXKyZdauTCVM,꽃전사,4522117725,support,2207,6,3,7,11345,4722,19725,63,44,20994,9353,73,0,0,158,5,26,5,0.3939393939393939,0.10714285714285714
lFgyAGXPMBhjjbedrCpZNzBaPviWptJ-pGoquUTZg84e,마키데라,4097861757,support,2260,3,5,13,12311,3857,45685,83,76,29466,9538,44,0,0,379,3,30,9,0.5517241379310345,0.16129032258064516
CNrkN6c4x93GmKVYDADRBBGT3W33wv-seF4CRcGyANf8UDs,마린머리,4097861757,support,2260,3,6,19,14409,2876,25274,71,47,23103,10288,45,0,0,144,4,31,6,0.7333333333333333,0.20689655172413793
ZTaS_CzZiLZYpQdxsi_HlC1iV_2Sm_Oayr9g7UDDc8wboOY,게임할때아닐텐데,4533600307,support,1889,2,5,12,6459,3398,27270,67,29,15866,7947,30,0,0,95,6,26,7,0.4827586206896552,0.19230769230769232
E0Dp-eDAEUoz--8rUbwbOoe3K_KPnHgqcmkN2wvVX9GMKnT-odQGBIeg,고재현선수,4337679912,support,2837,4,6,33,12386,38128,12007,52,31,18338,12801,12,4,0,49,0,20,5,0.6981132075471698,0.14285714285714285
e-WgLXliyAQw1XZZPi7DF2P4NcHZEHDs3prg_GiUgYIGnH40nTEpTydl,어 나 김효수,4337679912,support,2837,6,13,21,29973,547,56506,36,51,38010,13979,94,0,0,480,0,19,3,0.6428571428571429,0.24528301886792453
XC9gvgtcgLqfkyRIrb_gX5wGH0QhGoJkne59j9FHi_h1,덩떠니,4545678728,support,1282,2,3,3,2680,0,7974,38,9,7146,5686,32,0,0,54,5,16,5,0.25,0.42857142857142855
i2--cMxYSBO0kRIgK6qn4y9cG0Ofk5SZNyQmr3_ae-VC_VvnQMuPw3ki,아기다람잉,4545678728,support,1282,0,4,3,5109,277,6450,29,29,7307,4667,30,0,0,85,4,18,2,0.42857142857142855,0.2
HIJ2FiQJGB_5L9Yh6g91ntE36HHXdQn4_CebyZ7QUJ0V,캐논마서터,4516998346,support,1962,2,3,16,8345,2239,23876,74,35,15145,9067,33,4,0,213,5,28,11,0.6,0.16666666666666666
sO5BV8SvSgKFH3HhHd3ukPAH-b6hCKmX4g5tFRWqAevhm6D8V6zWjg46,역주행항공기,4516998346,support,1962,4,8,4,16054,365,5569,61,50,14848,8806,61,0,0,244,4,28,9,0.4444444444444444,0.26666666666666666
uzjSr_ATO389JKk7dnfktC9Dzq85Yb7VEgGhtS39I9Q,낭만고래,4511920916,support,1516,3,8,8,11187,745,4218,41,10,12362,7557,51,8,0,24,2,16,3,0.34375,0.3333333333333333
Au3UGItfEjrUbVVDilczu3l70so34iK4XVrYaGAI-THz3tLppa7TxJvX,ITZYRJ,4482280574,support,1990,6,10,3,6000,1660,11768,57,16,16719,11273,33,0,0,56,1,23,11,0.3333333333333333,0.2222222222222222
8eCRXLwt3VJNv2LMeXnRtZe01spGln8AP7fF8R_k7vpslmo,망고콧구멍,4548589328,support,2065,0,16,7,8668,1238,42411,49,64,29764,7349,26,4,0,301,8,23,5,0.2692307692307692,0.3076923076923077
uw9dVWr0AF1uR7nPamR1qg2L0l6DLFtqXCJFi7F9fyBHFEH7ubbNBKlV,범블이,4548589328,support,2065,9,7,20,23258,609,60163,51,26,32689,11336,57,4,0,110,2,24,7,0.5576923076923077,0.25925925925925924
e_jHZbcIvWWQoo9kOCw3yjvsiH3yj5puVQVXOt-uB-_nsj2V7NfZnp-s,이랴이랴이랴,4547804457,support,1368,9,3,21,19046,5189,8816,45,34,12340,8934,11,0,0,197,4,13,4,0.7692307692307693,0.14285714285714285
WRh_wZ98-PHI2wfIYZrkEqhsZFGlrRadaqxSRfsXXIW_wmk,데티의제자,4471802877,support,1429,2,2,4,9237,170,3562,23,21,7896,5317,13,0,0,166,2,8,6,0.46153846153846156,0.08333333333333333
cWnymr-7XZQQUARsFeQ0UzE8RkCZlv2b12wTYQn6UYBhu1XmQXkyoZnD,페이커이기는사람,4500180393,support,1927,2,3,18,6735,1141,17221,34,26,15228,8155,27,0,0,79,1,19,1,0.6060606060606061,0.10344827586206896
Ke2Sk-32PCtxxq2KuEpJDzvLhCbSkeTYoHXLfq8mjhW0_A8,8809184005007,4500180393,support,1927,3,8,8,22358,2252,6107,57,40,16980,9535,70,0,0,255,4,28,2,0.3793103448275862,0.24242424242424243
EZBa7Efm9qZUr9kJocci6R5C0IzMRG8G0r_SXRKJIlgsGPY,Fxxking Pyke,4492877319,support,1947,4,10,12,13871,4904,13897,65,43,25068,9572,23,0,0,147,6,34,3,0.48484848484848486,0.22727272727272727
07xFD_Nl7ROsy9KnX-qN02d2iGHBNcBplu8YSw2kt-9ouvi86oKcEaDt,wjdalsghd96,4492877319,support,1947,2,10,15,8089,2611,7252,58,15,15827,9142,24,0,0,180,4,23,7,0.38636363636363635,0.30303030303030304
GSPujTEzPvdZJyp9_d3XXFHBYzDtfBbhN7v4bSprPPVsW-vgt3w8rT5i,lol실력하수,4502174025,support,1479,0,9,7,5403,1026,6682,41,14,15703,5428,10,0,0,132,8,18,7,0.5384615384615384,0.25
syVjQroLGMqnl6lkRRjAI9qvwaLwGwvCHO8LsHK3Lfr-uQy3sgXZNrnZ,현쥬는공쥬,4502174025,support,1479,5,1,19,7066,1132,12409,44,26,10864,9067,39,0,0,90,6,20,6,0.6666666666666666,0.07142857142857142
shN_q-1MQVT3U4XflgKC5aysPyIkVd2GaGubZsWXXvp_ziA,그대만이날,4518122280,support,1452,2,10,7,7124,5176,5084,28,14,16416,5799,45,0,0,118,7,11,4,0.47368421052631576,0.3225806451612903
49FX0XniTDA3SAW0a9z0ftQXTxhyprTqx8CwU_HMbhdd,oneBcH,4518122280,support,1452,0,1,22,6856,9726,1744,32,6,3841,7165,3,4,0,29,3,11,3,0.7096774193548387,0.05
081i-Sr_L5rgKjtoxIiQWP5Z_5Q8oLwBWJqSxEPmwVQxnmw,Day mo,4548715572,support,1554,2,1,18,11288,4117,26447,42,51,15368,7949,34,0,0,127,2,16,3,0.5263157894736842,0.05263157894736842
d44OgT1uVC6h94tZtOhbOYOrXTVZ2HlLvRhDdLue3aTSKZPDWwH84EVg,이세계로간엄준식,4530484794,support,1944,1,6,18,6930,2192,19331,54,34,18841,8066,23,0,0,189,1,19,0,0.41304347826086957,0.1935483870967742
SnkteMi2kFap7bpezQFH9U8RpwprEGbU6RjvjKFH80EKdm3etvpYzZ3z,고래벚꽃,4430073909,support,1531,7,1,9,13057,2199,14074,40,29,11467,8852,42,4,4,205,3,16,7,0.5714285714285714,0.1111111111111111
DOuURcpQAo4bAMrGuio3sH3T7Ng8fgEKdD9QrFkDCH-mFDzWOH3x2XKo,딸기지은,4541485993,support,1562,7,2,8,11607,1759,5439,58,27,8360,9189,27,0,0,261,8,22,11,0.5357142857142857,0.18181818181818182
3svWCO4RA6x6q5GVZlTMDjmTE8Yegb8Hedfy4SrsEeYQ4HRxOyR6D2SW,탑스카이,4535181208,support,1946,7,5,9,7130,5854,9466,58,15,18848,11924,37,1,0,44,0,23,13,0.41025641025641024,0.18518518518518517
_cTV0IiaKpig7unz2phk6xxcJtacDv9HlLlbz3PtVQWF,미래김부장,4535181208,support,1946,0,9,12,9990,835,29635,58,47,21096,7760,35,0,0,92,1,22,7,0.4444444444444444,0.23076923076923078
mVTcMfLEqXtG14WTCpAJAzsjq4X6WkgRoO5MeIbykAqyiQwz9f5iQ66Y,봉이는귀여워,4478799783,support,1222,1,1,4,5531,1108,2900,25,19,3693,4938,32,0,0,33,4,10,4,0.7142857142857143,0.07142857142857142
LQcjt3Cl9SD16UpisnCt3kgnvlW8z386WJT5hBdFBAFbqY4,정 굴,4478799783,support,1222,2,1,3,4418,6849,3895,21,13,8929,5987,15,4,0,50,2,12,1,0.35714285714285715,0.14285714285714285
lLnNVK5Uw7lgyPR7ienw-2aovUBylzAitQ3ClyTYQE8t,P By Park,4478284277,support,3123,1,3,15,18077,10559,11186,131,47,21754,12405,86,12,1,575,12,56,10,0.4444444444444444,0.15789473684210525
EuXU1nohKYNILTe22h3ZgVsEcShdFIEnbacAQ4De_TfB,이준우전화그만해,4427874345,support,1492,1,3,15,8120,1891,13850,37,41,11199,7336,31,4,0,142,2,16,2,0.5,0.125
wC7y3xpcKgQ0aQDEooma4YXzMWk3FUQoKAk-5C_4BDFm,승인펭,4427874345,support,1492,1,5,5,8412,801,13324,26,34,15475,6023,31,0,0,79,4,10,7,0.25,0.15625
x-OT0jN5wZySlcLw8ukdYTJSXz4yTvAFfPzQqHancQMsK7BN2wbXNhom,욕하면던짐악악,4517967363,support,1626,1,8,10,6458,869,23308,41,36,18517,7412,30,0,0,224,2,21,4,0.4782608695652174,0.3076923076923077
YpagV5_mhuIIt4IqYruJe_xos2BsWNg3kNu0XNBNS48,못하니깐 사리셈,4517967363,support,1626,2,5,8,6086,1487,16692,43,19,15633,7247,41,0,0,177,6,21,4,0.38461538461538464,0.21739130434782608
SkBkzb8esSByQXFrWEROgQUb_E3nQzNXHK-OVLj8ZYvo,현호야밥먹어라,4475119037,support,2225,8,3,14,17814,9313,6687,70,31,20610,12933,86,8,4,219,4,28,7,0.7096774193548387,0.15
hwEKGlhzTxBW8zTd9K31ooPvPkeshc8j7Gzs_4-1wwgO,잘익은 수박,4508822476,support,2248,2,8,12,11236,1099,27543,71,16,29507,9235,59,0,0,100,5,28,12,0.4,0.17777777777777778
t0UMOjay5qufw2Ml_w6YDGTvYvoypTxL_wSefZ6NNU6g,진흙에서 핀 꽃,4546570418,support,1987,5,0,12,10344,6522,12238,78,40,12519,10048,41,4,4,86,1,28,10,0.5151515151515151,0
x_ssW-ZcfTeZovAXNnTRY_pGD24sQIFJFr2iCe_3P64,비를부르는주술사,4531497036,support,1324,3,1,2,9782,4911,2803,33,13,7381,6398,8,0,0,23,4,16,2,0.2631578947368421,0.16666666666666666
UTPuLWtrK-imJi0Q208OsJ-m9deXQExXa4xqEq1udjjZ,섯폿텅,4531497036,support,1324,1,1,3,2935,5085,3978,15,6,6624,4978,5,0,0,46,4,8,4,0.6666666666666666,0.05263157894736842
K_e_QIA3ycwrcY3BZUXINvFUpNWUT7u8egrdn9eeYx9y,박스겟또야리따이,4389666793,support,1440,1,9,21,11257,1203,18363,13,42,19517,7438,29,0,0,110,0,6,3,0.55,0.47368421052631576
JD811MWySPS07kUdzNGa6_4Ua7A-fSWJgletQI5pHvQOTdQ,여자아이들 우기,4427802820,support,2093,8,17,11,13536,7169,31558,16,32,38055,9920,41,0,0,172,1,10,1,0.475,0.3469387755102041
CWMkz1t28POB8G9ZFpdra6f4X_OyWYkbPNAQjrfQfB9h,작박구리2,4427802820,support,2093,4,13,13,10487,0,18843,15,21,21984,9718,44,0,0,212,0,8,1,0.3469387755102041,0.325
qBHqzRiQ8-YBFV2J1EYjPGHZ8m8ErwJZO_6QFYiklj3r,차쑤뺑,4481744234,support,1922,2,4,16,7070,4556,18716,71,42,16969,9511,33,0,0,124,7,29,9,0.47368421052631576,0.16
PBAxVnbH8JfaxxSKEJQvrV26wqpKlj-oppPYI_qW2v4,bearwan,4536119746,support,2151,3,7,9,21373,2031,4874,35,21,15594,10129,48,8,0,111,2,26,1,0.27906976744186046,0.19444444444444445
WbeK_aWCAqYCtLrUxud56nRJld5_dBa-ylkHYnCengk-oHc,바비텔리,4424165067,support,2470,1,5,23,7418,8157,15872,69,28,18999,11492,39,0,0,188,4,27,9,0.6,0.1388888888888889
RXRGDzC0UxTI8td3NYXF1QBEjCYL3pmx31wFsJMFIJq5,육모니,4546186613,support,1634,2,8,8,16763,0,6995,57,24,14171,7909,35,0,0,164,6,24,9,0.5882352941176471,0.26666666666666666
eykPqR9DsgeAo-r8pDcvZBSzI-7rK0VLxKpxBRSfyDl98RqzydbrmGpS,부둥부둥이,4546186613,support,1634,2,2,11,5816,3509,16703,39,30,14847,6748,28,0,0,152,4,17,5,0.43333333333333335,0.11764705882352941
0rCmJDgNzYSGrAvOUMLusOrtUGO11usQfPCrp0xpaRroJlE,ll초보자ll,4532814781,support,4747,24,17,14,75253,25413,65793,88,67,76695,32904,173,9,0,430,3,40,11,0.6440677966101694,0.2125
4yWFXO4vQYL0ZXN6P1ebdUfdNsKRFhg3Yj1f6Zxa9NcY,SPIRITGO,4544474736,support,1954,5,8,14,15782,3821,32048,33,49,23899,9694,29,9,9,707,0,20,3,0.48717948717948717,0.24242424242424243
IW28lWF3hoDlAyKsaL71DPn55SiWQ9GFooqAdUCwhfZH,약오르면좋겠어,4540184267,support,1824,4,7,8,14934,1393,6861,53,34,14391,8097,34,0,0,321,3,24,2,0.48,0.1590909090909091
ryadAqZ-U2W6IDJ5eYq_4nx7xNf_s16Ob1ot2BKryaPnBfY,넌내게끌릴거야,4540184267,support,1824,2,5,13,7700,1712,23026,71,39,18564,8077,30,0,0,131,2,26,7,0.3488372093023256,0.2
9SXy-JMmKNG-O6JtNSWhWsRkgpu5_K9LOVZR0_RBCVXRr7SUoRUosttE,내가젤사랑해,4547623366,support,2314,7,2,6,12376,8094,24921,87,22,21718,15550,42,10,0,166,6,39,10,0.43333333333333335,0.06896551724137931
j7Q-8Exj9zh7BGEhTqRQ9XL6GgbMTfCh1ATE3D3LEEIchIc,달빛천사 조나단,4547623366,support,2314,2,2,17,10042,3858,29662,39,35,16185,10274,44,4,0,280,1,16,6,0.6551724137931034,0.06666666666666667
A19xQtYvUR0C3jpYAhMpkHAvaCFyx0rVPG3kZErU9HTobsTVIQd24Zq6,vvwvvvwwvw,4546617242,support,1542,2,3,3,14179,3130,5934,37,43,10888,6439,42,0,0,355,6,14,4,0.23809523809523808,0.10344827586206896
byFaNl8q6X7exSEGC6v23zUyXPnJFY4Y8YMqYtHHYMP89pU,34ghi98u4h,4424150739,support,1682,2,2,16,11457,5296,11258,61,33,14925,9028,48,4,4,156,10,31,6,0.46153846153846156,0.07407407407407407
JwrM_-2fuoa89PkzVT5OxM4UbFB7pDQH7dig9z_apZtW,콜리님,4424150739,support,1682,2,4,16,8416,1159,8620,30,27,13421,7880,27,0,0,206,4,15,4,0.6666666666666666,0.10256410256410256
SnmGV1bozR__24FEcqIPh1zvycRVrCsjLfv5grAT-fNn,티모말파둘중하나,4547204545,support,2136,1,2,25,11930,15333,2764,64,17,7237,9959,10,8,4,27,1,29,3,0.6046511627906976,0.09090909090909091
-s6sKvLKUpP5NoChOUqv64oHrrNn4x_bMzlj6lDeiLma-CY,변비통,4201387606,support,1420,1,3,13,8613,2449,7596,32,40,12125,6520,30,0,0,84,5,16,5,0.5185185185185185,0.3333333333333333
2GsdchOD3yGaWWqx50olzFTm_HdUGVcby-SglTjnqNX_,like a child,4508764086,support,1788,4,5,19,11098,1865,10084,44,28,14532,9692,38,0,0,236,2,19,4,0.7931034482758621,0.20833333333333334
ghaBQklx11fi-h99e9OGrVzU2ALt4trvcO2IxLBkRj4zFSd_pHzPXtxG,코끼리나무,4508764086,support,1788,1,8,10,8253,1581,9497,46,46,15744,6531,12,0,0,73,1,22,6,0.4782608695652174,0.27586206896551724
nStnR1tkGkJDiVRUAZESiZRg5NfA8e9jgVXNfkTiDQzpjuc,채팅창없어요,4538654964,support,1954,1,10,9,14996,669,14793,50,46,19006,8528,66,17,4,242,4,26,7,0.3333333333333333,0.23809523809523808
ai1ctsb2q-jUBa0XcLzuoX2rodsmthdac8reuuzpaxzl3hw,1인분이힘드냐고,4499141165,support,1889,2,3,10,12525,9560,11197,37,26,17237,8942,33,4,0,131,1,14,6,0.5714285714285714,0.12
Be6maCIfuxajxVNloiH9z2V0uMxa7x8PZnNFijTlglQthR8,400km,4543342507,support,1381,1,10,2,4407,0,10683,12,23,14214,4969,27,1,0,70,0,8,0,0.25,0.37037037037037035
Xr6nqgfZ41upGFEu405DujrrdjG3o8NCkay_owRHvn4nrT8,크롱크롱12,4543342507,support,1381,5,3,15,13414,5737,6557,31,34,15014,8482,13,1,0,154,0,13,1,0.7407407407407407,0.25
kSUBhFMR_kUb0V23U2hgZYX1Jmqwk7jCbsnAuHvVP09XDIklFhO26ZWG,유틸 공주,4517064672,support,1598,1,6,13,4949,739,13572,51,24,13157,6602,34,0,0,82,3,17,6,0.56,0.1935483870967742
txgQPKC0qr2LfPbuqBZ_dviYH9cjaAGFdeL0fMoRv-LhPuM,Yes ben,4475721142,support,1256,1,4,10,5975,381,9488,30,30,12463,5639,23,0,0,81,5,12,2,0.4782608695652174,0.3333333333333333
9Q-LgvlPgouixogwrVcTG-jI6Z_ligo2NcYoOvNeZ3H4LFVzRzXFV4kB,물오름달 이레,4475721142,support,1256,0,6,4,3310,33,12427,30,30,12502,4517,30,0,0,218,3,14,5,0.3333333333333333,0.2608695652173913
wfjr-v4xEtprZd-jN6o2TN68JKMMRPKlgWdtidoUydr0SybhlPVSD35_,난이제짱이야,4536022606,support,1426,1,12,5,4777,128,17897,13,23,18526,5191,19,4,0,45,4,6,1,0.23076923076923078,0.25
nu9w5cHYvUv7c1wMgF_dXlCYnfypWFqwQmdDDaP09DWy,환상의베이가,4466380368,support,1714,5,11,13,12343,485,8024,68,38,16300,9684,35,0,0,213,6,30,4,0.45,0.3055555555555556
VCr7QI6e_VuQlOhmCjYkBqsz0Wf9WhIuSeA4dZkVA4Ck,오다주섯다,4252314817,support,1226,1,7,4,4556,3808,3872,21,43,9841,4883,5,0,0,167,1,12,1,0.5555555555555556,0.25925925925925924
4xPr3Uc560Byo5LvnpSfgO0D-PcZnA9tIzGDhC2BgCE,Pepperoni Pizza,4510638832,support,1558,4,13,5,22826,1341,9413,26,45,17817,7585,58,0,0,284,2,16,3,0.5,0.3170731707317073
SSeBG-C-PxJ1TZrwV6Bsl04J4e9UeMDZWo43MNB-s22lvTw,나비새,4510638832,support,1558,7,6,15,14789,7228,6790,54,22,17400,9210,35,0,0,150,0,25,9,0.5365853658536586,0.3333333333333333
K6w_-8iOy-ZH3Ht7B2Y_vCRbtR8KSt25LEP9de4swX7FRYF1vV_YPA8w,림범단,4547891521,support,2527,7,8,13,33000,6860,24773,73,36,34971,12425,100,0,0,279,9,34,3,0.625,0.20512820512820512
4xrz9Fe4UUDUPPB1i6UFzvUsCFR79SEI66u8g2kARSCnW3g,00oooooooooo00,4547891521,support,2527,3,8,26,25383,19198,12719,72,82,30843,13619,74,0,0,434,3,40,2,0.7435897435897436,0.25
BcgAedo503uUwgb4hj1Fw6sXGdFq7UPna0P0XNyDNvI-pgM,거순이와꼬순이,4545156271,support,1478,6,6,4,7220,2425,7350,50,24,13802,8322,40,0,0,90,2,18,12,0.6666666666666666,0.2727272727272727
K1Rlz6oVhLRv62sY1RcchRxLQ7eYdybaNjC19Q_1GZBJq1A,돈대포,4532380977,support,1405,0,1,12,4357,1196,3326,30,22,4822,6152,12,0,0,52,3,12,3,0.48,0.1111111111111111
Kt8HaxcEMaAHJEfXD1gRR_2M4FOvnSDkUzUUAZ48Oda0PBo,백곰10258,4532380977,support,1405,1,5,1,4741,0,13143,38,22,9266,4667,32,0,0,141,2,17,4,0.2222222222222222,0.2
okAMqWDIsI4KO8-T0v5wiE0BV6qGhIdM1vu89Ma9IU67,연상삡,4544813109,support,2052,3,15,18,31606,6942,20723,61,49,40802,9587,41,0,0,278,5,30,4,0.5384615384615384,0.26785714285714285
SS5xuAtgTTnymllcbxKcdUTuTo5uj9Wd8hFMxOddqYdo,뜰아짱,4544813109,support,2052,2,8,20,25491,2031,8081,81,49,22834,9806,55,0,0,264,13,47,9,0.39285714285714285,0.20512820512820512
9RDRGHdWQfVLHhrtGw7fuUUrWk3AY0B3WsnvO9ZqgxIr06Q,Wo Iai ba,4520131694,support,1911,3,2,16,11854,16660,15043,61,64,19596,9910,47,4,0,341,3,22,5,0.7037037037037037,0.13333333333333333
3zMdCN7oyO8BU3DkuGC0XD1A9eTvTeXULQNfpU_YsCIon1k,포도맛계란,4520131694,support,1911,2,6,4,4574,7841,26754,55,27,18761,6960,29,0,0,89,8,27,3,0.4,0.2222222222222222
deb6XkSMeIpvfo0AtGbeD-qzvNQbHUeohmjeY3LdBqhw,어둠의 호성,4548500873,support,1924,7,11,6,17392,495,9635,55,23,19631,9758,32,4,0,239,5,27,3,0.52,0.275
lx9EcfD-jwbjL7OSb_FTPiYfMocOBB45LXm9_UwKr_RJau0,당분간롤토만함,4548500873,support,1924,2,2,17,7119,3168,8255,62,23,9088,8752,40,4,0,235,6,31,5,0.475,0.08
YyQhJypC_aXcK2YpcD_A52xcFYjT08n6NZlcwl4ZwgIpb9Veh7gkOzy2,WUQING,4548257380,support,1820,4,10,16,17108,3010,20667,20,78,25652,9251,43,0,0,113,3,6,2,0.5882352941176471,0.18181818181818182
naWdLFQ9ip5pfWRGhRsH8Zh3ZZ3xuuurjE5y0YGa7iRK,리블리,4548257380,support,1820,4,9,20,21255,2984,9783,52,70,19412,9027,16,4,4,394,2,11,3,0.43636363636363634,0.2647058823529412
p3NQGvAPqdOzlZ3keowpb5u3UCimJ9IfsnriQnPcJIj1QYLf-LssU-Br,시리야빅스비켜줘,4536682395,support,1409,0,0,7,5097,171,5990,32,20,9246,6457,23,0,0,71,1,12,1,0.2,0
071ST3tTwHVNGfGT3vOx7lNAeGTezWqsa1pQkfp5s9tLmHo,장세윤,4535375376,support,1922,2,7,13,20667,296,8194,60,39,17100,8331,22,0,0,269,4,26,10,0.5172413793103449,0.19444444444444445
fWpPI4wduL8dWax7sN0Uko6Xptxbvuk6HBZNQngGI5Lsnqs,KT밴드,4521352264,support,1672,3,3,9,6539,27,14324,43,28,10335,7961,40,4,0,116,3,22,4,0.3,0.14285714285714285
8Oko9ziysuWnT2I27lnFZkodv3I4dq19oV8kpi9_jZUYQUY,세상만사형통,4500116715,support,2028,2,3,17,10409,15814,7333,48,40,16505,9235,21,4,0,184,6,25,9,0.7916666666666666,0.1111111111111111
Jq3t7i0geCjYPKI_537djsT6-ZuTtyduhwryQf720TZQ,더이상패배는없다,4500116715,support,2028,1,6,8,5847,9128,33450,48,29,21323,7406,54,0,0,111,5,28,4,0.3333333333333333,0.25
WyEuZOmAZgDMyYg8ZeRrcuYQUiq_kRemrv5BJpMag8yh7_Y,동네놀던신동,4538583931,support,1200,0,1,2,2865,2850,4282,12,17,4123,4451,38,0,0,49,0,10,1,0.18181818181818182,0.05555555555555555
4WRiJtfb0zlkvn8Qzp5JrqnjHX6z6E7otFB6QzA7NhTDo8IHS78VaLQT,쓰읍쓰읍넣어둬,4538583931,support,1200,0,1,5,2111,0,4384,15,16,4193,4264,15,0,0,96,3,9,0,0.3125,0.09090909090909091
BJZs1sbzJEVLrBFF4tlA08XX4BWotgRZdQPggpyQalWlSPU,형은벌레인데너는,4536063480,support,1607,4,8,8,6269,2179,17535,29,28,19225,7079,37,0,0,99,1,13,5,0.6666666666666666,0.2857142857142857
y-kAf3KlqaT8yt2PStM4CzCHmGTDabYe9UjT4ynzcunIKieZ33cATOem,아영짱짱12,4536063480,support,1607,4,3,14,12447,1888,6060,60,63,7835,8881,22,0,0,81,10,29,5,0.6428571428571429,0.16666666666666666
shN_q-1MQVT3U4XflgKC5aysPyIkVd2GaGubZsWXXvp_ziA,그대만이날,4518122280,support,1452,2,10,7,7124,5176,5084,28,14,16416,5799,45,0,0,118,7,11,4,0.47368421052631576,0.3225806451612903
49FX0XniTDA3SAW0a9z0ftQXTxhyprTqx8CwU_HMbhdd,oneBcH,4518122280,support,1452,0,1,22,6856,9726,1744,32,6,3841,7165,3,4,0,29,3,11,3,0.7096774193548387,0.05
TU9f3_DyWONpKG6cOJ_cvY3nPBtUNoV051GbN5-fk_8R,서용주,4512610322,support,1827,7,3,9,24647,555,4532,52,67,9596,10206,31,0,0,219,2,22,4,0.4444444444444444,0.15
rojMT4CDB-dGTgVZvTmpsgVSRleFiIeBI5-Cih73VAM_3mA,TZ Effort,4512610322,support,1827,0,8,9,6230,1190,15783,49,29,20145,6495,37,0,0,79,5,19,6,0.45,0.2222222222222222
XO61HKExtrSJDwpXzgWlLjPhspCzzetR-Dg6NGOx9aoMGeI,Bbulkup get it,4539230197,support,1241,0,1,11,4377,152,6887,18,27,4310,5707,20,0,0,126,0,12,0,0.5238095238095238,0.08333333333333333
wEi35I_43j1Rh55cIeMb-1km50pFkzZtvSQP-KpZtOlsge1S3VbFG3P0,500days,4477666819,support,1704,0,2,14,1985,1590,9545,61,12,9744,6969,33,4,0,156,11,39,9,0.5833333333333334,0.3333333333333333
7zm0ewdreb2yj6gIp06VnwD4sPgDUOnwkqq6R1c5_kSv4dc,냥집사가되고싶어,4477666819,support,1704,1,5,3,9375,6089,8589,55,36,14949,6334,18,0,0,108,9,26,9,0.6666666666666666,0.20833333333333334
uMW21-ZO0I8pUPJzcTarMcPRxQGOEbhkWwNNTA1cIeRn,입술먹은키스,4540887002,support,3208,3,12,9,23316,4373,59497,38,48,35285,13284,71,0,0,429,2,18,2,0.25,0.25
WIIJsHeGOzVVzqYiS5tSLmdO0IlxCz204nJxS2VJkscmy7QYhDsdrJf9,게임못하는친구,4540887002,support,3208,4,12,22,22629,8550,34504,112,52,32711,13832,66,4,0,338,3,77,4,0.5531914893617021,0.25
dFZitK6VaJVEJgrbRGDkpf0TPil0gx-iUx31J8STA_ZkFMAGHgwwXIBe,박스에버려진유미,4539279058,support,1900,4,5,6,8489,6532,25805,33,25,19792,9839,32,0,0,121,1,21,0,0.5263157894736842,0.16129032258064516
CTdKLfamtl_xBBHAKoZ0O-zWYekavs19qQlQ1aSmuJzWIka3_1VO7Ugz,규현이십셋기,4539279058,support,1900,11,5,8,24806,2464,8433,42,17,15111,11795,56,17,5,112,0,20,2,0.6129032258064516,0.2631578947368421
thaVVIOVPv_S_yjO9mxranZub80D2bG4gXN-83xT-pTi,거미안하게됫수다,4547832234,support,2047,3,7,17,12299,1356,50370,26,86,23192,9391,54,0,0,917,0,16,0,0.625,0.18421052631578946
lu6isCGoSxfVz8ahkv_l2EpZ8on-FeNLaSA34yAjgWcOfJo,the fan of uzi,4529189124,support,1677,2,12,9,10391,2156,23874,21,59,20960,6911,32,0,0,304,1,13,1,0.5238095238095238,0.3
5YWsYoI7APGg7242EFIcgMPMDcpi44OUpZl0PjwctqQFfmxTEnFElH7P,하서림,4529189124,support,1677,5,6,26,9448,3604,10099,53,36,13426,8980,6,0,0,240,3,23,3,0.775,0.2857142857142857
cAcHRuCEPB74jqaxUlZuhHq0GIfZKqp-bq3ACMnlQNs4mQo,날  뚝,4547782668,support,1410,2,4,19,8107,7410,22705,16,39,15267,6706,18,0,0,82,3,10,2,0.6363636363636364,0.25
7zWfre8cdFCxJNQXrprKZyBIWYFVL2bRW4rhbFex1lXJM0w,누나핑보라니까1,4547782668,support,1410,2,8,8,11829,405,6047,43,47,12064,6500,28,0,0,161,2,20,5,0.625,0.24242424242424243
GiA6PRO8YqkMu0oRAzzaHJGOeD3HteR8o6oSWZRSBWXQ-7Q,배팥식,4548326721,support,1629,3,4,15,7905,694,18635,31,51,11467,7317,28,0,0,237,3,12,2,0.4864864864864865,0.19047619047619047
GLaa4zVyd_WkESEmWJ8jMM2MPnh5siKL9SZQ5jVLvgZoxAo,72번 치하야,4500092277,support,1225,5,1,10,9678,615,4937,34,30,7095,6730,9,0,0,244,4,11,4,0.6818181818181818,0.1
HdMgeMI6oOUtN51L_FBA6xOf8V80niOgtBrdimTFRdME,Cute Elf,4500092277,support,1225,2,4,2,6217,0,4297,16,35,8919,5116,24,0,0,135,2,9,5,0.4,0.18181818181818182
sBNNQB-Q3_EkF3dVK6smQJKrk40twVLO-ZMbdTn5C8kBQ7M,브론즈쩡글려,4495723097,support,1798,5,4,12,13780,1297,25280,44,25,14067,9433,35,0,0,848,2,21,2,0.4473684210526316,0.17391304347826086
RSgfz1BMkqkN0X3Rc6tOaOslu7AHqjyvJ2jkwFOrTqXc,곱창렬,4495723097,support,1798,4,10,8,18159,5361,16283,25,36,24425,8584,65,0,0,236,1,13,3,0.5217391304347826,0.2564102564102564
Vstc5quM0duimLZYYUOwP2QqA4rkFtGfiLsuduBRmbqq,까만벽,4427723469,support,1622,0,4,13,6294,1500,6651,55,41,10027,6628,23,0,0,78,7,27,5,0.4482758620689655,0.23529411764705882
msEOc3Z4jC3fn4CExRXb37kfst83oe4eeLp42-q8VKV2,SM원딜,4427723469,support,1622,3,8,7,6090,354,26169,40,24,20689,7179,36,0,0,73,4,14,6,0.5882352941176471,0.27586206896551724
ZSJC9gdGQyxe6WB7H64gCOPwOUqdMqy3qW5rKD8NYb1u9UN_VRNlMstO,한타하는쩡,4353405785,support,2240,8,11,10,29687,9654,23322,76,39,38792,11708,49,0,0,229,8,39,7,0.47368421052631576,0.22
SD0ea5QJkqa9uR9F973x8RnFCxRu-JXKgbtVDlUZ3Ao9,매너가 힘이다,4547179488,support,2766,1,5,18,13959,9004,27650,58,49,30639,10820,56,0,0,231,2,32,0,0.48717948717948717,0.1282051282051282
raU7ptz0b294AeKn19CHwd6ooaNg4xeCbV3LEycre8h4,슬림덩치,4547179488,support,2766,4,5,24,32500,22466,22915,98,80,31858,13239,58,9,0,280,1,33,12,0.717948717948718,0.1282051282051282
Dh3IfljpcQL-F7Ijxhj2TeDEsXdtJ5-WH_POdvGQ0eRcvRs,빵먹고,4518838090,support,1537,3,1,18,8943,5758,14183,25,36,12731,8257,38,4,0,111,0,13,2,0.65625,0.05
kkAYLI8s8o2P_KtCTwb6g4wGT-6LVg60m7oa_kaSgmMi,제제과 조민기,4518838090,support,1537,3,7,4,13157,14272,19824,35,48,23392,7343,65,0,0,235,5,17,1,0.35,0.21875
yDak9bmmJYajeWnM0R9tlHYYSAy4Lt8s_KHJ4Fi79r9CTkBgOfpk-kAI,알라씨,4546368803,support,1210,0,7,4,4257,0,12856,10,11,13473,4190,10,0,0,31,1,8,0,0.4444444444444444,0.2916666666666667
VNMsGNMzNKiU2CGDBtYB3HBLENY8TOeAGkTYBt7WV_GIYeAaQjRWBIPu,송파구싸움짱,4534955321,support,1605,4,8,15,10705,609,22847,41,24,21035,8147,45,0,0,85,4,21,2,0.475,0.36363636363636365
D5ny-_Yh23Y45OPuVphmhxuFyunIQzn5Aj7rOB088O9Z,라이언 일병 더하,4541398146,support,1670,1,12,14,8830,2134,14940,24,39,23642,6325,29,0,0,124,0,7,6,0.5555555555555556,0.2857142857142857
N2uloOp1CDm61IAs_iikAHVoGpsS54IfqzUn3lgtmOJMp3g0wupUKYAK,jameskoh,4542010833,support,1619,1,8,3,3216,3873,8138,15,13,16109,6030,7,0,0,17,0,9,2,0.36363636363636365,0.2857142857142857
1UOn_lK5L7lEm6rzxKYiIep5r7t9pQD1fGD-roA2dZqykr4,덩치피터팬,4542010833,support,1619,4,0,12,7393,9303,5291,42,6,8353,7165,6,1,0,8,1,16,3,0.5714285714285714,0
aSGpdC8GE6wJcaAngKCFBDwnS0C4zvOCM2sZ9oIiCRRs0D_SkuZW9Gfr,버스태워달라고,4314316843,support,1464,3,1,5,9011,1435,3933,54,33,6989,6853,19,0,0,125,5,18,6,0.47058823529411764,0.125
zFmGTZE8_2vjpHwvY4Ai3RLJGEhieAYC6k8moBXGd1lf8mE,애레이나,4314316843,support,1464,1,3,2,4977,6245,2602,23,9,4455,4724,5,0,0,27,5,13,1,0.375,0.17647058823529413
pAvQIn7IJG5qHm_VdGR13lFF6TOPlSBvxUmr3BXtC_bg6ts,KPRyugwan,4543901160,support,1632,1,5,13,15322,1172,3442,49,41,8013,8214,30,0,0,201,2,20,5,0.3783783783783784,0.3125
UG2m7xg2sKuQLN4lI_VJhTJL_Ui23WIY14ygWsuNpdWtiTF1zVYE6tBS,맛없는맛탕,4542823380,support,1631,5,9,11,12115,1005,28670,20,72,22995,8261,29,4,0,289,1,7,4,0.7619047619047619,0.25
vADDbUTuvetuNeSE_RQjEVGnaCZSb_5xtD4IO2XEbxHFo2E,예은97,4539951479,support,1571,0,8,6,15232,88,5631,32,21,11956,5874,29,0,0,155,5,16,6,0.375,0.21052631578947367
9pQIwiSAevbINtzMp-dzkQOIplOwdyw21nebRAruLaiq,실디실디,4539951479,support,1571,1,1,17,8479,468,12282,36,33,9891,6877,27,4,0,116,6,13,8,0.47368421052631576,0.0625
eEOj2YkJtLH36xAY2CcOsDRk9Pop6lxfBlx8AHhq4fAWPgE,물주먹 알파카,4543972297,support,1875,1,5,14,7714,3690,14298,67,25,15102,8184,25,4,0,211,9,31,5,0.5,0.21739130434782608
x7D0QUZ6wInfB2lLrcl-FEPeiXRkc_YqsAdyoGRb3U1WHAmF1NKFh318,T1 Fnatic,4543972297,support,1875,3,3,6,20156,1686,5826,50,39,15528,8173,15,0,0,256,4,17,9,0.391304347826087,0.1
Rl6OaDSjxwY88y7Mhw8U9QiaZmltnevLTmSTYLx71W5XgCANXT3U8pix,뽀뽀라매혀를왜너,4532684952,support,1548,1,2,8,5390,10610,2077,23,10,4259,5261,4,0,0,25,4,13,0,0.5625,0.09090909090909091
XiLH2C7VURH3xrBh9Xo-6uqqNcdkrUz_TFKQRM9z_W3gprtkwJOL-l7w,Reige8831,4501432684,support,1484,0,6,7,3778,1700,12806,45,26,14069,5968,27,0,0,41,3,22,6,0.3181818181818182,0.24
zRKRaqaOdjnbA-c1m08bt63YN0QWxDNE6oXt2lLaHKlfRbP6iyHSeL0y,민지랑두막이,4504346068,support,1459,2,8,14,4183,1319,14731,23,26,15360,7659,20,0,0,46,0,15,0,0.48484848484848486,0.3076923076923077
fTZfbAU8pP_mQt0num6T8LgcNtZB4cqehV7W8_mMPWjqv0THy8dA9X6i,대머리flow,4504346068,support,1459,2,8,12,5885,1231,20311,12,25,19498,6851,42,0,0,89,2,7,1,0.5384615384615384,0.24242424242424243
3CJzq84OGl_64JGyNdAypQxpM8XkPa4WcFMBRrxArYib,민트글라스,4548811718,support,1508,2,2,4,5498,1229,12289,29,30,10392,6367,38,8,0,56,2,15,7,0.6666666666666666,0.13333333333333333
E5rJax0EJz9hpUTd_euij4YRumYPHEyni7B6mQHRKmiAXA0,리버풀 준우승,4548811718,support,1508,2,3,7,6460,216,6193,37,23,12575,7222,35,7,0,41,3,18,4,0.6,0.3333333333333333
6mgpIbgsDBQzHzfWH8on3mXRfU9bISaJf-kc1u3JcZEX7HNtQjgRbHvH,518폭동깽깽이,4536669654,support,2075,1,4,19,7643,4942,16843,58,39,26664,8287,41,0,0,139,5,29,3,0.5882352941176471,0.26666666666666666
WTPg3_SYkFS-AVFhWcojcvj9oFGyoFjE72hdKVOZH5CmSeGv18pAr9rd,옆집이모화분도둑,4536669654,support,2075,1,6,13,18107,17759,14158,33,30,20623,8503,14,0,0,55,0,18,5,0.9333333333333333,0.17647058823529413
O2KfkuCif_fyIA787U5fu2acygF34nYHNScIadYWCA8hRUQ,op gg 입문,4542424515,support,2117,3,8,14,4540,1927,12964,65,27,16841,9756,17,5,1,213,7,31,10,0.4358974358974359,0.3333333333333333
2TrWWHmQKasKBJN4ABRxEgMlMmNLdLu-pvo_i6svdsInTEa-t6tjFsrb,기아햄스터스,4543496293,support,1892,4,4,9,4629,3716,8644,16,15,13148,8390,13,0,0,54,0,10,1,0.35135135135135137,0.21052631578947367
dOP-M8z-fuOpOEaB0qFPpsnTh4sx7aAeKqw5deYx_6xKVhQ,닭똥꼬후비기장인,4548802807,support,1624,4,7,4,11909,9591,9163,50,13,20244,7358,43,4,0,187,10,28,8,0.38095238095238093,0.19444444444444445
Gwk7Jlv-IzF69t2pk6WkM_vhcE3B8EsTQMOi8uns7sp7,ReRex,4532819731,support,2435,0,8,20,12986,15585,14262,56,29,31667,10987,30,0,0,73,6,19,8,0.6896551724137931,0.20512820512820512
jGbxlleSxflehHjfa7SaVqeeWTrnyOhuaLilQvTldGV5,니가슴껌딱지,4532819731,support,2435,1,4,13,10118,3170,26706,55,26,24519,9366,45,0,0,88,1,28,5,0.358974358974359,0.13793103448275862
dnyDkIdh1xpVW2Ct7cbFL_7CDA8yVDbrGa52cQlx6sqT,달밤의쌩쑈,4548245916,support,1796,2,6,7,13176,977,23773,49,30,14310,7644,48,0,0,242,5,31,4,0.47368421052631576,0.2
SgeBW2Qqk1mH94I5PuVURdaDcBaJPneIh4oBCl3lklwqwICsaRvzTUcW,qkralswns1113,4548245916,support,1796,4,6,13,12448,2755,8049,66,27,16626,9101,36,15,4,92,2,20,15,0.5666666666666667,0.3157894736842105
BF-LwSuQK437T1W07ZCCMft3na5sp-VJ6dYPJ02VWm_V-3I,이게죽네아니어떡,4519737754,support,1625,7,1,14,9422,1482,24492,15,35,15785,9404,35,0,0,104,0,8,2,0.5121951219512195,0.0625
6PZxzIC05nyav__rYy0SQyoyXLQsvkLUsGNFEaBJOAhZ,릐호재,4496251088,support,2003,5,6,17,15392,9610,47414,60,27,34445,9873,42,0,0,128,5,21,3,0.43137254901960786,0.21428571428571427
CiITNuSZJAwt6Oz28b8XA9gReyEjzSNQiKpcp9kGc9ro,비정상서포터픽,4496251088,support,2003,3,16,7,23501,0,6547,32,51,24314,8576,22,8,0,406,0,12,5,0.37037037037037035,0.3137254901960784
XKwo-DQmYIDFzuLFclH5Uyc5KfVAm6TanbpS5Oc0u9HC,애콜라이트,4536981969,support,1835,1,9,7,12487,979,5587,20,26,18374,6710,43,0,0,112,0,9,3,0.2962962962962963,0.23684210526315788
AiLQUb6Od2BL_CoCZsCA_caTon2AR0w1E0pgCOX-dFoY,KT밍지충,4440533517,support,1210,4,1,4,11412,112,2065,34,11,5770,6629,14,4,0,20,3,11,4,0.4444444444444444,0.14285714285714285
m1pInd2ANQFNKHCIlcaDETy-GZMpoEr9zGk6q-H47Hrt-hA,세은이동생,4110041025,support,2192,2,12,19,14195,599,43330,52,71,31173,9846,41,2,0,314,7,72,7,0.5,0.23076923076923078
u4fKRhcFsuJmoP6Y_hSZPJLcYrDq2IlAaOW1TE-M3f-VscI,대리로골드가기,4110041025,support,2192,11,7,18,16756,11421,23214,58,31,29401,17658,51,4,0,135,4,22,13,0.5686274509803921,0.16666666666666666
afwIPzyRngGJRXNqCwTC5GQJkEAcEJdQsdrTHTyo9x2o,ulivealone,4538397430,support,1635,7,3,6,12590,628,3202,32,23,9871,9209,34,0,0,92,1,11,3,0.3939393939393939,0.16666666666666666
wpV52EdU2p2LedE5-zoWM5pQArXYMynKfaqNLApbdmtV,옴현식,4392295962,support,2216,5,7,15,20361,3939,15914,88,77,19947,11062,26,0,0,103,3,40,12,0.6451612903225806,0.28
VMs6YUho0qYhnQ2TFG3YJCHZnn65xz3Nvb_A5kr0zfWw,복실복시리,4392295962,support,2216,3,6,8,7748,5227,45478,48,37,23608,8696,31,0,0,219,8,29,3,0.44,0.1935483870967742
xwU424r0aIGUIsYmwaeVOLkbDWOKcbhIXcQXvFJ0jiU1,니엄마내책상밑,4546863526,support,2102,2,5,3,8823,1165,22907,21,38,19478,7097,32,3,0,83,1,10,4,0.4166666666666667,0.1724137931034483
kFpQsz4FhJmNswFX7tzgVeE-aJWP3OQ8foS4wc7zY1cPH-KJh90ENn84,날뛰는 호빵,4546863526,support,2102,3,2,7,7273,3905,8969,74,24,14039,10182,32,0,0,102,8,48,5,0.3448275862068966,0.16666666666666666
MhTGtA41TUGWwmZvijYH_S-4RbFb11-vx_hB1MDxkkd8,파란껍데기,4548735583,support,2200,5,9,26,13479,9630,28711,48,44,24719,12855,35,4,0,125,2,14,9,0.6078431372549019,0.2
R0v4qODa1fTchyoprkZ8ai8i9l2z0Yx7t9WwTLQOgJ9SXvNqiBwUgFI_,촉촉한 바게트 빵,4548735583,support,2200,2,13,15,7902,25678,11337,58,51,20875,8477,13,0,0,232,7,19,6,0.37777777777777777,0.2549019607843137
BBNLBlOyh07a6Em_fLposdiPSKkRwoe7zXazkMmttD1C,rud8913,4541402247,support,2737,17,8,19,27276,19192,10437,80,21,27593,17839,41,10,0,44,7,35,14,0.6428571428571429,0.22857142857142856
EWP0vmW0sWEwT-ItJLcZP5OvDTRGB0s5bXVEGULrUNLa,Active엑스,4509526698,support,1616,7,5,12,11752,8006,6504,48,30,14626,9754,17,15,4,140,6,19,6,0.5428571428571428,0.3333333333333333
ESFSX4Ldkga22UtF2EcuImx57bjZrhkKLhaCpfUX0NBuiUY,Protect you  1,4529429444,support,1601,2,7,20,6912,9194,18681,34,20,18922,7788,29,4,0,59,1,19,2,0.6470588235294118,0.2692307692307692
sNpawlIeqyMmoYXgiWkpan9m6cQsXAanJd2ccoF9UHcuoWi_8ko3FDh3,디케 DIKE,4498321863,support,2027,2,9,11,15289,386,7620,63,48,18130,7781,37,0,0,224,9,41,7,0.48148148148148145,0.2647058823529412
-AZPUa_d7cjpA6W8cjazjCa07dMEMXQ4Wa2uhS_pNBQO67k,배고프면던짐,4498321863,support,2027,3,7,14,10899,4781,22253,74,40,22596,9834,36,0,0,109,9,37,8,0.5,0.25925925925925924
KUron9__Rymn2Ph08F7SRTlxRwV8wJ60FR9CBaAqT_kXz5o,울트라샵숑,4539657352,support,1596,1,2,14,7384,1516,16302,43,42,10490,8038,43,5,1,268,7,19,4,0.45454545454545453,0.125
_p3OSDmi7xZMpAr0KYLW20ql02aIOt-jo3Badb9k9iQm,ilililliillillii,4539657352,support,1596,2,3,1,9862,128,2249,13,11,6257,6463,44,0,0,15,2,8,3,0.1875,0.09090909090909091
1r-Iqji6o3tTQmE6qY4q4jdERtYuA86sxcHTw5lKA4r_dbMcQBe2jN1s,Dark as Light,4546320050,support,1247,1,9,1,7438,76,2954,21,26,9707,5518,25,4,0,123,6,17,2,0.5,0.45
HeAWxWxAEJ_UIwV3rQZEAvEJ60WD9QYGCoIOQqp-IkmoA1OuZwn9GoIt,월곶동짱구,4546240446,support,1823,2,3,15,18242,1610,5596,48,40,11605,10062,54,0,0,206,0,21,7,0.4857142857142857,0.14285714285714285
d5xdCo7QQpYoFpsUvso7KyjfOmxHMJ-tIV8cHuZR6-Kb4G6eMsoC4SDP,갈매동거친숨결,4546240446,support,1823,0,9,4,6109,0,31488,44,40,20099,6256,42,0,0,334,3,23,4,0.19047619047619047,0.2571428571428571
Jk1UhwuXnFNbSN0KQUQCEiBAlrJRh9AWM3NBftVn_uwTAVQ,킬딸만하는놈,4487361693,support,1637,0,2,12,6123,11159,22395,48,34,18807,6677,29,0,0,69,3,20,6,0.5217391304347826,0.13333333333333333
nQcCUCemJbxz0eEdYE4kWVZNl4ltYm8gnusIhHc-cQrG,EH정아,4487361693,support,1637,3,4,2,14623,6777,11064,41,34,17440,6689,22,0,0,78,7,21,5,0.3333333333333333,0.17391304347826086
WqpciWpHddKYjf0rlQVqAWpwExIKv0VXTQ8mViO73gBc,오용훈2,4544477643,support,2015,0,4,8,6360,2480,32170,53,30,18329,7008,45,2,0,85,4,27,7,0.2962962962962963,0.09523809523809523
tZDV7iIu0liN1GqFkmT9uocmeH4TmyR1bzck7oM-WaW8,조 깅 구,4544477643,support,2015,4,6,18,12158,4743,22683,52,54,24775,9342,34,0,0,154,2,14,8,0.5238095238095238,0.2222222222222222
R3dd7CzjNrIM6n_A4zRgqPaL00ojsXyw7YLsf4eWHzDf3tg,퍼플구름,4544976040,support,2571,5,9,29,16759,24461,68606,82,101,37211,11344,26,0,0,345,5,44,5,0.723404255319149,0.1956521739130435
JXO9XXs2N6ZgBK6KTOWMFbax3evOhHy8wcwBdI50W2g-,세테니엘,4544976040,support,2571,1,8,22,14677,6870,41398,97,58,34011,10423,41,4,0,248,2,34,14,0.5,0.1702127659574468
UXVWBaohRMRXbkgdfjfmwH5QgcU3ZsmLK0VI8-tGovw5cAHVz_CyHpmc,Team Play J,4548051388,support,2515,6,8,16,9452,17362,71529,91,57,35020,11022,39,0,0,135,8,38,9,0.5238095238095238,0.22857142857142856
EWB3UppdGJcvSz4vQPe-ZdeKJAvx0BOhFBw9e0ZnALHI,반곡동박형,4543463700,support,1826,6,6,12,9411,5979,12889,55,31,19192,12741,48,8,0,176,2,20,9,0.5625,0.2857142857142857
