account_id,summoner_name,match_id,position,playtime,kills,deaths,assists,totalDamageDealtToChampions,totalHeal,damageSelfMitigated,visionScore,timeCCingOthers,totalDamageTaken,goldEarned,totalMinionsKilled,neutralMinionsKilled,neutralMinionsKilledEnemyJungle,totalTimeCrowdControlDealt,visionWardsBoughtInGame,wardsPlaced,wardsKilled,killsRatio,deathsRatio
Ph-octw7cgKAy2rlP2H74rvWO7gqmR7bo-A_f4P2GBUJLiw,김 망 뚱,4529288161,mid,1235,2,10,4,10264,1826,5628,24,10,15518,6704,107,0,0,21,5,11,5,0.5,0.2702702702702703
Srm2VwE5JSM6x-15Plf_cVGrv_DHq5VIwohEhNfRbzX3_4I,탈론표장작구이,4529288161,mid,1235,10,3,10,15041,4558,8261,12,15,15570,10488,109,16,4,74,2,6,0,0.5405405405405406,0.25
UCqQ75Ygidu_xf3HvWFGl7v6U_6EReHcPUErEnAZ-Eq3qbarqt7tbaY9,RPGLOL E레,4547763753,mid,1284,7,1,5,11524,3186,5079,7,10,11117,9860,159,4,0,136,0,5,0,0.3076923076923077,0.16666666666666666
GE4gRa1WFGMfw2tKLXf08H9cMKj-nyBlFcxE2sw3ZVSx,in safety,4547763753,mid,1284,1,6,1,9517,1195,4955,10,22,12514,6383,115,0,0,130,1,4,1,0.3333333333333333,0.15384615384615385
EcCwEsUim8Yj-wK04X6W9ocDW7s37tniQI9e3RhigkePHTwOxsWW8j9q,제왕의 길,4545083743,mid,2266,4,7,7,25954,12442,25006,21,25,33751,10461,149,3,3,336,0,12,1,0.5238095238095238,0.2413793103448276
4ahbIqS7DUSWBF6VDOHl_s0ey7JqznGYYyWx5dm856eL2aU,R0X smeb,4545083743,mid,2266,2,2,14,25252,9109,9860,31,36,20824,11525,194,16,4,176,5,11,6,0.5517241379310345,0.09523809523809523
juUsiRpjbvOMikaAb2SiPLr2HJ2jSPe_6WOY28Zxbul4,Foep,4543413063,mid,2077,2,3,6,11160,2483,7679,27,21,15251,11561,190,3,0,104,4,16,0,0.24242424242424243,0.125
CVC4q9yzkWDpnJE48NCmOc_EsLm9zAlkdAkSpgzy01kCxqw,hido on park,4543413063,mid,2077,5,6,3,21600,2310,16304,20,10,26393,12397,203,24,6,95,0,10,3,0.3333333333333333,0.18181818181818182
uwpYHCn8FMol7fkBFHGzzD6rPGcay3Al0fnhi4Nk_WyGki34n4STM8qJ,싸 짜,4515766018,mid,2277,8,9,2,16043,3214,20416,45,4,26705,13666,260,4,0,122,6,18,5,0.2631578947368421,0.15
M5vyNCHGmBM000Imcn1cbU3k4VuNv4I3skpu6o8txW9xiZj65HCDEQ-h,roingg,4541771457,mid,1905,9,6,6,22254,1689,14377,26,35,19846,10550,126,8,0,120,4,10,1,0.5357142857142857,0.2
qbUG0iZSor8xv7x8Lp1sdkH-nJocxULviTMmtvUegnPlQ5za0abeUr_f,ADGG,4541771457,mid,1905,5,6,10,27117,4588,56856,32,55,31057,12758,177,12,8,690,3,6,2,0.5,0.21428571428571427
DE1cAsw01VaUWdjHbSWq9fxBjy0gvlC8P5gxd1YTpoGONcU,동발련,4547735711,mid,2069,5,8,4,15897,1620,18437,24,3,22813,11271,170,6,0,59,0,15,3,0.34615384615384615,0.25806451612903225
oA7J5BYKvTRr1dPbG_qauJ4jndDyWLvYbr4s7GhkSb6g-yIYa7L3-YKh,우리집q평e평15평,4547735711,mid,2069,10,5,11,24376,7702,15020,21,24,22828,12957,150,22,2,41,2,14,4,0.6774193548387096,0.19230769230769232
3hjUgnKKekJzLek0y2OUdpi4XC1MgbnLk946MNmZXkR8yIw,나 어때 잘하지,4467763245,mid,1639,9,3,13,29179,4879,8160,27,30,13736,12559,138,12,0,71,3,12,0,0.6285714285714286,0.14285714285714285
2SzrrZrU0SybXbdZ1RWbLTpi9HVQYkmdVw1vaQi38CQ4AHMNRDjySv6n,만능혜지,4467763245,mid,1639,3,5,5,8588,882,4007,24,20,10398,7771,123,0,0,94,6,11,2,0.38095238095238093,0.14285714285714285
gld6PeEVCFXzsBrbDIYCOQ6Vu51-Z-7CAZtE-fBkApdyze0M3gmq89k9,사마귀와진딧물,4522944975,mid,1435,20,3,2,30274,1605,8399,21,8,14251,14106,155,4,4,91,3,5,5,0.5945945945945946,0.13043478260869565
nhsA8foeGojh4c93UXcZREC6arPvWl1ULEGy0AJblC_E565QO2A5V3DU,친도에,4522944975,mid,1435,3,9,4,9328,2574,8926,13,3,20934,6471,93,1,0,53,1,8,1,0.30434782608695654,0.24324324324324326
y-wV1SxQToLSzhyXZkdPPjqY2nQDKit5xuO27fqr2cE,중수키라,4515480857,mid,1525,1,8,3,12110,3570,12788,19,12,22475,7914,156,0,0,60,7,11,1,0.2857142857142857,0.2222222222222222
lcs7i44z3zDBcHoKciK2rInIUbf09GwEWFvoh_RrMg3AZIQ,내눈이안보여요,4542134272,mid,1988,5,7,2,22737,2210,11616,38,24,21489,12257,199,8,0,71,5,14,3,0.2916666666666667,0.20588235294117646
JIzNlq15aDhL0r83AUCwlkM1jqxYJ50LYKgnnywE1ZWqzMOlD9lTBas4,SKT T1 Y0J0NGD0,4548704855,mid,1332,2,3,3,5038,3026,5878,14,8,15172,6881,141,0,0,60,2,7,3,0.45454545454545453,0.16666666666666666
X1IX_KWMlV-foDm_G4r2PAvthhNJ2z6U0kJRI0N2jbx30gjIYqJeKdul,ll수박,4548683387,mid,2078,5,6,11,15021,9877,19597,14,13,32999,9941,116,4,0,194,0,6,3,0.3902439024390244,0.3333333333333333
billMT7NFN7AbuCFbL2BguCiewU6t19MOHg7rT-Raeh2mPEbsVfXyLWK,ClockAtelier,4548023719,mid,1212,3,6,3,8065,209,7350,12,24,12757,6284,98,0,0,142,0,6,3,0.5,0.17142857142857143
voD9VYFdzR7xZVwTfyGThepqn9sJIp0l1x6ULVoFCLxi8L4,미스뚱땡이,4548023719,mid,1212,9,2,5,15625,624,11274,10,4,9733,11102,153,8,4,20,2,5,2,0.4,0.16666666666666666
BbSYQ5rfNETAT_o8OIvxNEsXpwuBe5wYZv0aER6SpynE,팀운글러먹었네,4523076307,mid,1348,12,1,3,16320,2748,6278,30,4,12730,10719,122,6,4,75,4,15,9,0.5555555555555556,0.14285714285714285
xYAzShgS2hWSAAGvTxcUcn9wD0L5K9ElFzesr4oLWmnO,JustLlikeAMoive,4523076307,mid,1348,2,2,1,10084,918,9693,13,23,9048,6454,126,4,0,242,0,7,1,0.42857142857142855,0.07407407407407407
qjUNCNv1T4VTbx_B8XHUMCg3czqcCbchAahgWuRI3IjrLfo,강력한 자석,4503543622,mid,2091,8,7,7,19060,4680,28080,21,17,23796,15758,206,48,20,138,1,10,0,0.6521739130434783,0.2692307692307692
uCVZfzr7pDiobjsGaA4lxW37azOyoHhnbQltZGxstMLwg0g,수성구딱새우,4503543622,mid,2091,10,3,7,31597,1790,14368,22,30,17963,14372,228,24,0,328,0,8,5,0.68,0.13043478260869565
fSppCnnAI33oX6CLpUJ6E66fovr4G4gK02ibvGutdUXm,도란의 와드,4548039430,mid,2031,11,9,11,24813,3551,37831,31,24,29725,13758,133,4,0,301,2,12,3,0.7586206896551724,0.1875
doSitWU2TXsoWKwXBWgJLfpURosh7DrZ_ySJs-GjMjVyqEA,주고받고,4547110857,mid,1725,16,5,3,31498,5644,17037,8,154,26537,15845,179,28,4,401,0,5,0,0.6785714285714286,0.17857142857142858
SbpkQ5Js3tNbnEHI-7770hvUmfK_2UyFvqYhUF9HlrINtbyBkKomEEnH,명문전자공고,4547110857,mid,1725,0,11,4,10093,1709,15856,13,10,19449,8241,166,6,0,96,0,9,0,0.14285714285714285,0.39285714285714285
g3jv2z61QIbFo-h9-VnlF2I-5uR0AaMg_ByJWKORqYluXns2A_Is8ke2,척추꺾인할매,4542765264,mid,1978,4,5,3,21148,5723,14917,25,35,22746,11037,170,20,0,303,5,15,3,0.3333333333333333,0.22727272727272727
h_V85v4NrCIb1rfgINSPpDe94PS1K061aNEZWYH-2u4v,핑크색쭈쭈바,4542765264,mid,1978,8,6,4,28825,2921,16415,30,9,24340,12796,186,17,4,141,2,3,14,0.5454545454545454,0.2857142857142857
kPOvmV9kjfVoOtz4yBCGA7Ntqa-4il-N80k0Vwo9vKBmWnA,AP Mania,4548791524,mid,1650,8,4,3,11946,3553,12353,33,11,22053,10911,148,0,0,138,2,14,6,0.5789473684210527,0.12903225806451613
KTmQgTU_3KGZR9xFQrXCPpOeA7AxaHU7duvhXH-p-RgieYX23zhq_kBq,초코찹쌀떡v,4545703188,mid,1350,5,7,2,12320,579,5958,9,11,16307,7177,100,0,0,44,1,7,0,0.4375,0.25
HaCUDIefK5k9XyaXOJp80DnjGXiOj3yDg7sMZ_RKJwDm4i2dPo8w1nwt,YOZONGDO3,4545703188,mid,1350,1,6,8,8417,2592,8323,16,2,16532,6678,82,8,4,82,2,6,1,0.3333333333333333,0.375
SgKtFFTHZRhi6a31d0PSjBSGVflfoy2-ALd49NqaErCn4vAN-LxMHPRJ,Bosshong,4540863027,mid,1398,4,7,6,14614,2370,15037,16,5,20570,8357,101,8,0,37,3,4,0,0.45454545454545453,0.175
h0wZIbFPPhIC7P-_qPbMwueB9P7wpAh1CHbFGEy0_jxSk3s,나는좋아한다,4540863027,mid,1398,3,3,4,6210,2321,5791,2,2,13299,6091,45,0,0,33,0,2,0,0.175,0.13636363636363635
DvMrynyiOvGp-Kqia0EvFOhDvSt6-GNMTzp1twYiRI-9q2s2O9m3tDnq,모기와술래잡기,4547156055,mid,1361,0,4,1,7882,6162,9093,6,1,13609,5864,119,2,0,36,1,4,0,0.1,0.16666666666666666
9r7R-Gfda-YATYiwXPV1OOBSceI1DczTYEEkiEpUu0PUwjogNKz_2wq1,승리만해봤어,4547156055,mid,1361,8,0,2,15912,5297,8088,6,8,14200,10789,209,4,4,25,0,4,0,0.4166666666666667,0
8UmJ2MHye8JrTTM3GBm_Dngh2UNqdEQQXkcPn7iawKuWMo0,목동재혁,4376679232,mid,2079,5,9,12,13551,1389,6799,20,38,19238,11889,163,7,0,232,2,10,5,0.5483870967741935,0.36
Jse7UPOkTsVnEXuVk_Ce_j_uxM12-DGjvhdnlSVe8Apr9aQ,Profi,4376679232,mid,2079,14,6,5,37974,3458,12544,14,34,18716,17904,222,30,1,334,2,7,1,0.76,0.1935483870967742
1gya0ZccRwsub48qJeV6r5jqKQ4jBTswc_Fu-E7S_epblLk,엠 재,4537396892,mid,1408,7,7,7,11450,3123,10674,19,29,15657,9024,96,0,0,222,0,7,2,0.7,0.20588235294117646
acmn_GUGI5YIEAbyGCXY5yqlQcj_8oW43iiw68TuYfBsM6XdQFML08Fr,DIACOIN,4537396892,mid,1408,8,5,9,12963,3463,8633,16,121,16194,9144,103,13,5,253,5,10,0,0.5,0.25
ZzIZ-eiD98d8T27Xk7u1Ja0Aiu64gWgU_I7yPwMsBMBjTH0,인생 망한 티모,4540503659,mid,1399,6,9,4,10561,654,8455,12,3,17375,7417,94,11,0,18,1,7,1,0.38461538461538464,0.3103448275862069
t0s-1txWidkEjAXeQpkQc4Am-2t3rnJUacS-wuFaGvhqrz8,뚜뚜공주,4546134557,mid,1630,1,9,12,15441,385,7345,8,18,17662,7123,94,0,0,111,0,5,1,0.65,0.21951219512195122
keNWM0cusn0VCOu6Zku3RH1d5UJOaCPNO3dvBAEEisDPXi8,3분의지옥,4546134557,mid,1630,10,2,11,20609,937,4722,32,26,8390,11229,144,4,0,173,2,10,1,0.5121951219512195,0.1
zoLZTmLqJ_mehjNCnixL10Rs2FWA9rvqkAXpI1hQrh1FruNdMuxQ4t1L,시즌 10 Aatrox,4461984202,mid,1346,1,9,0,8460,3260,13271,6,12,21644,7253,154,0,0,48,0,3,2,0.125,0.2903225806451613
d9KPRaeRslmnRaY3bHUqeUzeSHkPIQm8H8NzNOJYuNpyKdc,천재적,4461984202,mid,1346,4,0,9,14797,7100,12310,8,20,15049,9457,132,16,4,123,1,5,0,0.41935483870967744,0
67OPFwEeUSPw_LWxs6AVX2qi6hiQ8ipVRuabnVq1w7AEwwU,재채기가안나와,4548565027,mid,2077,13,6,9,42561,11627,27215,19,39,35499,17277,242,21,4,102,0,9,3,0.6666666666666666,0.13333333333333333
jfov372sIZUd9zo4JRlw-NXufZSPjZoFjVrr1q3TkGIc4R4,잠은호다까불지마,4487509783,mid,1707,6,5,17,24481,7047,44405,14,49,32031,12761,152,2,2,538,0,9,0,0.5476190476190477,0.2631578947368421
KuKXf8HM2I-j2tyHcwZjZUyll2Say1mv_ImX9tF4Osvn5gQ,빵팔아,4544238892,mid,2195,7,11,6,24355,29782,24337,20,8,45957,14516,222,1,0,229,0,9,5,0.43333333333333335,0.22448979591836735
dTGeHayGClLVAmNdn5HkVtQTSYVulZrv1GHv0cs1E34i,곽구리,4532912832,mid,2320,5,13,23,28944,1406,64103,52,61,39275,12768,184,20,0,157,9,21,1,0.5283018867924528,0.23214285714285715
vpASPRB5XEy_ZnQXiTQAYIOCWBJEdloCsBkVpIZ4D6EPhhs,순 리븐,4532912832,mid,2320,12,12,11,37008,13394,69464,29,42,42913,18459,212,39,7,145,1,12,0,0.4107142857142857,0.22641509433962265
SQ--ftksadQYzxN4vawNHflKwpk6PTC__1YfUfrSqBI-2iI,ap상대로w선마함,4545808651,mid,1421,15,2,2,17340,7192,14968,19,14,20660,13490,165,24,4,65,2,6,1,0.4857142857142857,0.13333333333333333
HzdIRuLc7o2_-eaJA35X9t6OM5cN8kCCD8UHt0QaxFX9X3U,쉐리이,4545808651,mid,1421,4,10,4,9592,1426,9959,8,18,17907,7733,89,4,0,71,0,5,0,0.5333333333333333,0.2857142857142857
04vhooomLCfKm9oSfblYiUOrWQQ2hwkfki-PbI_4d8j6TRWS3w8raUYi,소심한 나쵸칩,4426234353,mid,1720,12,5,2,21508,3660,17624,15,23,18837,15445,206,22,11,105,1,4,3,0.7,0.2
MjU7xMdgoTtp7gQDmzi6nU6hvvU-ifx7tTiZ-6CNkauyvDMUUC0UMFxa,scv is mine,4548718181,mid,1565,14,5,2,22701,1281,8764,23,5,17637,11982,166,1,1,75,7,11,5,0.38095238095238093,0.2631578947368421
vRsh5DWMJNCwFJA9hK3gPVGj947m6pNcEm279Da0EqxQMBruQM8CIIuK,말 파 이 트 궁,4546561149,mid,2393,1,12,6,24855,8392,21170,17,8,35440,10815,166,12,4,439,0,8,2,0.25,0.2553191489361702
vL70I8fO0CvH9YMhG9WCWabJxi5jJznbcApIqmWDRlGEyknnp7jDW9my,돌아온 협태식,4546561149,mid,2393,14,8,19,41460,8342,23808,19,36,31620,16912,203,10,0,484,0,12,0,0.7021276595744681,0.2857142857142857
YgOMW29c8xe_P05wyPV4NAE4O9ImG7UJD1tjq3wNW5yKu1cwedNbChM8,김나울,4532527107,mid,1704,3,4,2,12535,2121,8288,41,7,16229,10311,202,21,0,133,6,11,13,0.45454545454545453,0.2
VddcNhradxYkBXbOoAWjmTnix0QLcYnUeBW1IpTiiyGALkI,Twisted fate mom,4532527107,mid,1704,4,3,9,14559,895,24220,22,22,17088,9065,118,5,1,58,2,10,3,0.65,0.2727272727272727
STrQ3D67fvDUkvR4h9Aoh4IJ9-WrNL9QQBu9_tQdRoVF,영양꼬츄,4424675158,mid,1681,8,6,5,11817,6065,12458,20,2,20698,9733,91,8,0,17,2,9,3,0.325,0.25
2G0jEKSdfO51u8XCJSWZ1tEZiwUKsmZQSwsrE30llWc1IXlGIVv-gvzI,서스가높이서스,4502026154,mid,1276,4,8,2,9245,0,9212,8,8,17995,8426,118,4,0,114,0,5,0,0.8571428571428571,0.18604651162790697
0dheQnumTuE1PHjA6dh5bJo8yfTe1LeozAgCzhLQMQKcb0Q,메구밍교,4440382665,mid,2275,9,7,3,39183,12167,50386,23,32,36926,15575,266,8,8,186,0,13,1,0.5,0.23333333333333334
8nF1HLLJwkRYoI5d8Dymi0Ueble1Iov3ec2xfTRRtL3HRx4rl2RDVLrL,FIZZfan,4440382665,mid,2275,14,3,7,42517,19922,45441,9,4,42094,16849,228,7,0,139,0,5,0,0.7,0.125
msA5d-5qDTHWujkBmq9yvo_rejEeMaW3y54eIxwrQ4Ar,암살군,4509738322,mid,2038,13,14,4,25604,4266,30337,12,71,44880,14225,185,8,0,436,2,9,1,0.5862068965517241,0.2978723404255319
oj0pA6og3ByXWbWHW9mO-VokNFKMnAebzAxjYcdv3vXvDpc,이미니베,4509738322,mid,2038,11,10,8,27778,12178,35364,22,4,33962,14248,140,32,12,23,0,8,6,0.40425531914893614,0.3448275862068966
Pe2knFd-Do1bHdp9VkVCZgad7wR-o4qvaGuDsysy5_T0,금곡리 피바라기,4522117725,mid,2207,9,9,13,32291,2870,13671,36,36,22264,14582,180,8,0,282,4,15,8,0.7857142857142857,0.2727272727272727
KKknc2s2QAVGm1a6Uzc0Izy36mwlkeZZ_EnKee1F8xsc9WWoNBpB0sKn,allaalla,4522117725,mid,2207,8,4,6,18696,5923,12891,11,2,24814,12941,186,19,0,107,0,6,1,0.42424242424242425,0.14285714285714285
YPlbL4OKCIHm9fCI2kRYVkWxL0zz5UAO7XRVkAvw24GQg4U,AD녹턴,4097861757,mid,2260,3,8,11,18148,2944,12518,25,27,21510,10268,156,4,0,122,3,9,5,0.4827586206896552,0.25806451612903225
0mSGH7woqRjxkFFCnQ7jljoimZ81JSjzKZIhcnEsiqCvvXYIc5KrMm7N,셀파 우등생교실,4097861757,mid,2260,13,4,7,32327,7850,20173,19,12,22589,18028,239,27,8,153,0,12,1,0.6666666666666666,0.13793103448275862
Qli3rVLGGaQxyWRt1i3R_q8OSU2wx37nNInjmWr6Lz-6LktlUkWywqUk,Shan Kim,4533600307,mid,1889,8,4,8,22654,7292,27538,18,30,20645,14180,192,23,11,124,0,10,2,0.5517241379310345,0.15384615384615385
cG4MvaVQ4qr3gSajt5LfqbOuRyH8LLF3dEMt5o9u23SjnSI,끈끈한풍선껌,4337679912,mid,2837,9,11,20,33116,13669,95259,24,36,69804,18808,231,44,0,96,1,3,5,0.5471698113207547,0.2619047619047619
q63P8l9elYl41E4h0X09l91JoYiKA2c0cEvxr9xmyPgesXo,룬 민,4337679912,mid,2837,12,10,12,43362,5635,25636,24,12,32822,20685,266,16,0,401,0,14,2,0.5714285714285714,0.18867924528301888
oX3-41fRBE5BsaZfJcAs2RfD_9FEAhAHtYIV7HBM10QXsdV4nSoh6sxY,핸드폰만보는사람,4545678728,mid,1282,3,1,7,9303,3690,5965,13,10,11936,7739,117,0,0,179,4,6,1,0.5,0.14285714285714285
EqxMFy8s9dydi4Ln6q1_ulVDCx123XUZvn3-EJZb0GMB3js,언젠가는살빼겠지,4545678728,mid,1282,3,5,0,7880,868,5294,14,12,10806,6719,102,8,0,18,3,7,2,0.42857142857142855,0.25
f61kw7-VECk7UbDyVG_vGcZqTLttU8HoKH8_cOR7M1E3lw82qFIsu3SG,갱갈까로밍갈까,4516998346,mid,1962,3,3,11,12537,2919,8833,19,22,11334,9463,127,0,0,122,1,12,3,0.4666666666666667,0.16666666666666666
gYouXFU6ZDhajPcIC5MAWEXjk2RWCtECHeJlpl7aaTKlK0LyFdn-hQ7k,Hamimelon,4516998346,mid,1962,3,8,6,21360,3956,28223,19,20,24672,12327,203,40,11,115,2,7,2,0.5,0.26666666666666666
FOZwqCAwbBHYL_m9Uvv8arSG07sae1G2H_pb1KpyjQNQx7U,T1 PHYSUCAL,4511920916,mid,1516,10,0,4,16640,2879,9079,21,5,13220,12514,165,20,4,161,2,8,1,0.4375,0
VKcopg7umWFK685qOJI8YH3n0Na4rpqQ7A-1OWwO1EwyXyQ,블랑집에부채질,4482280574,mid,1990,7,11,8,25812,5686,20699,32,6,34619,12434,167,9,5,182,6,10,4,0.5555555555555556,0.24444444444444444
IAtvJZWI0mfhdPBzFKYPDGChFSMlJQmeOwUjcQ-w8a_Z0BI,중계중 Faker,4548589328,mid,2065,5,7,3,22625,6972,22983,13,24,30400,14341,283,0,0,103,0,9,0,0.3076923076923077,0.1346153846153846
JZai3HMCViMCcdpE8dqWsln82odLKu-wQrWQChzmWr_0sIzO7j1NjWzU,분당쌉백수,4548589328,mid,2065,8,7,7,21267,5317,26710,33,24,25356,13173,206,9,0,130,2,12,4,0.28846153846153844,0.25925925925925924
nBR3DagaIsSg5Y9ieDojWkQwHIAGbewOUCXh_7_lCPDLHsiGSFb8TDj1,집니간떡국,4547804457,mid,1368,4,6,7,11607,1910,6891,8,2,13505,7326,105,0,0,39,1,6,1,0.28205128205128205,0.2857142857142857
7MP3MTTSoWq1K4Z_eSDMMjn33RRQsCkelf0HCNtCPDgLiQ8,미드챔맞다니깐요,4471802877,mid,1429,2,7,5,12431,364,7473,10,3,14970,7311,133,0,0,102,2,8,0,0.5384615384615384,0.2916666666666667
Hm6amrlol6MZo7XE789cL9Ql-AJ2B_qq3fXVF1z-387PWhA,박명훈입니다,4500180393,mid,1927,7,3,9,24208,6654,8385,19,32,21134,14497,188,32,0,210,0,11,1,0.48484848484848486,0.10344827586206896
sjhcD0ycu3jq1fs_Eeagc-dA3tZfF6ROCsz7kdbA8LmB_bXqF1shKQtf,꿀 맛,4500180393,mid,1927,1,7,11,9357,1727,7533,11,25,17469,8614,125,0,0,71,2,7,1,0.41379310344827586,0.21212121212121213
lye2Y8TzfDTIwET6OQX3pf_MzHGEZWEQnRA9-2zdpsKW,인컨유이사,4492877319,mid,1947,2,5,8,24768,2523,23014,19,43,21882,9606,140,8,0,613,3,5,5,0.30303030303030304,0.11363636363636363
Nds3BX7z2bX7SM6FPhCulWHqaoimkDhmllj2GGee7hJD,마포구 심데렐라,4492877319,mid,1947,6,7,6,25330,1527,42177,19,25,43916,13670,192,30,6,201,2,9,2,0.2727272727272727,0.21212121212121213
dm3o9udQCAHdf_4sRvHEvB1SFUFeQGDA1DQG5f9Vhikt,샬 럿,4502174025,mid,1479,4,9,2,7064,2157,6398,15,1,18113,7818,122,4,0,29,1,8,1,0.46153846153846156,0.25
iAryNz2yMMuKmxf10NIUPc--hrgPN6xaWzkWDZe4QvrK,이게롤이냐,4502174025,mid,1479,13,2,8,22588,2080,4631,15,19,11217,12934,169,8,0,56,2,9,2,0.5833333333333334,0.14285714285714285
iXSsmv15p1-tO-QG936Qktj5l7hcxbSA9kLYPVAicFh1K8OkSDcSlsVD,웁씌둡씌렛츠고,4518122280,mid,1452,7,5,4,17724,1827,9583,16,4,15512,8354,123,0,0,74,3,9,2,0.5789473684210527,0.16129032258064516
oLztldUnKywbasgmRXZyRyN09cq9Gov85wwvtiOaHpgp9dc,쉬딸기쉬바나,4518122280,mid,1452,16,3,9,29964,15407,24247,12,33,31217,14068,155,32,4,347,0,5,2,0.8064516129032258,0.15
eC6PqpvWMRTWvFQVj2dYeJBeAroJm_TWBj_MlOKQiDUe2MjVWzlARTh5,소환사대장님,4548715572,mid,1554,17,5,8,37351,10351,28773,20,31,26769,14042,164,12,4,155,3,8,2,0.6578947368421053,0.2631578947368421
2kxq0vrEQsQPr3I7JBrNmvzlBdlarBN9GV0y2x1a1L7dI4tWmOC_CWUc,unity0,4530484794,mid,1944,14,7,14,27427,4401,11804,23,7,23912,13900,136,4,0,85,0,10,4,0.6086956521739131,0.22580645161290322
eot4Q1GN4l5euNVp4rWCKdZFVpK3cjezDJhB8ssiePKt,jeehwan,4430073909,mid,1531,7,2,10,15778,8077,5687,18,32,14731,12070,162,9,1,175,2,9,4,0.6071428571428571,0.2222222222222222
qShbXJdeQMzRVwJR-aRJMAqJTognzfcJ2U9jEqvnEaH2,차조심하자,4541485993,mid,1562,6,1,2,12849,2407,6119,25,3,11980,10223,169,0,0,87,4,12,1,0.2857142857142857,0.09090909090909091
wrUMJE53_9tTe68YyrJdAepu61qv7yJcvKIOZHDIMMrguoY,보물 지도,4535181208,mid,1946,9,4,10,20997,4310,8721,23,39,14772,16530,228,20,8,177,3,10,4,0.48717948717948717,0.14814814814814814
EsoUGSMdNUmKS7_A6bKCOi38Pg2sx_CO82qSzfl2QDEaM5Y,재학잉,4535181208,mid,1946,13,8,5,28073,8631,18780,18,3,31656,14228,166,8,0,40,2,6,2,0.6666666666666666,0.20512820512820512
evEaIewkI6J_Al4ymqA6Ub0HjDOJ_2t4P57B9qGjrBFPdU8,LeeSin2MyHeart,4478799783,mid,1222,2,3,1,7563,1135,4615,10,5,8895,6620,130,0,0,77,0,5,1,0.42857142857142855,0.21428571428571427
JUZHjoqQ3qN5lKDcdWBnBxAAX6Jov48LePoJAiAAsEzYYbo,핫체리버찌,4478799783,mid,1222,2,0,3,6381,689,23084,8,10,7529,7273,122,8,8,318,1,7,0,0.35714285714285715,0
65_mtU301zhVjRZge9jUgwCHrSI1LcLPzr18A9piN2uTSB0,Salcheong,4478284277,mid,3123,19,3,4,44262,13979,56266,31,23,36101,25943,229,185,46,487,0,17,4,0.6388888888888888,0.15789473684210525
7VhLtQKp4KePPYFv-tprQa1-QLSIBWd2inh0Sw1HbH3Z1-8,ThisMeansMoer,4427874345,mid,1492,11,8,6,27171,9182,17334,14,33,25224,12574,178,12,0,123,0,8,1,0.53125,0.3333333333333333
0buECssiDW-pyl0CKrGs6nfSJ_B0UjQNJl3-odJ5CSZj,응우옌트렁민꾸안,4427874345,mid,1492,9,6,3,20196,1043,9716,14,11,17200,10305,130,0,0,119,2,9,1,0.5,0.1875
BzsFbTMBXSLYBXODyZasYabOYFDWwTlsy3Nd1zHCnsga,안녕양민들,4517967363,mid,1626,2,5,7,14286,311,7100,13,50,11394,8596,126,22,6,259,4,7,1,0.391304347826087,0.19230769230769232
YTe1eLiLH-2y1fHEoPNJv0zihS74b6-AHDoKwV3GYHA__jnJB_r4yYRY,너를키운어머,4517967363,mid,1626,7,3,7,17325,4812,8600,26,14,19285,9957,155,2,0,76,5,10,4,0.5384615384615384,0.13043478260869565
WT_MOOgYbGA1uGZIdv22Su5mtQ7gPPs2ynzv96Unxwxm8_k,koran778,4475119037,mid,2225,10,3,8,21508,5158,6397,39,39,16737,13115,133,20,0,242,1,14,3,0.5806451612903226,0.15
zU_70O9Pv21xrRI75H5adkQVWPJ_zgkUE9TI9oj13CG62EDXhxyIR6gW,환장하는준혁이,4508822476,mid,2248,19,9,7,34770,5328,34200,26,11,31393,18917,198,32,8,68,5,11,6,0.7428571428571429,0.2
W1pKWV4MQq0PnvvXKJhJ_28sEHYBgBLZbUsQ6H8mhJyEKrqMATKifw8a,팔라라이트,4546570418,mid,1987,3,5,7,19911,3638,8734,14,16,13701,9659,93,30,4,38,0,8,0,0.30303030303030304,0.3125
3A7v8gVnM0aoiLOxxmVA7sTRQvn-7Lb0AkJCmCg5JZy3TQU,구름의달,4531497036,mid,1324,2,0,4,9023,1315,2737,19,4,4896,7040,114,4,0,104,5,8,4,0.3157894736842105,0
lnbePmtDthEe50NmgQPOVr1XqgzWeM8xYbyEtDNsQFfHp3uNvzHVVh47,윤석러브성수,4531497036,mid,1324,1,3,1,4423,1395,11575,18,4,12670,6116,120,5,0,223,2,6,1,0.3333333333333333,0.15789473684210525
SGpK07LRITccpOvsNqvrFcG7s5TPiWJMBehkjMkP2NVsmm4,밥도둑P짱,4389666793,mid,1440,3,1,4,7138,1850,4163,13,1,8615,7742,110,1,1,33,0,8,1,0.175,0.05263157894736842
Ws0HFdfkbhJm_X6mV4E8wAfuBODeilcd5adq5ckdFwafeG0,한잔무야지,4427802820,mid,2093,7,9,10,19832,289,16687,25,3,24372,14498,208,48,0,53,1,12,6,0.425,0.1836734693877551
OkU3ZtAmGX0uSWeGFSr_0b8BtR0LzZ0X9d7PZQ9kuVz1qew,중앙로 역 ,4427802820,mid,2093,5,7,23,23802,3902,9246,39,39,17978,14640,203,26,0,254,2,12,2,0.5714285714285714,0.175
JDhvlI8USbR4eGjWNrJIlInrPaUT0kgE-ztJrawiVkhPMJY,또필요해,4481744234,mid,1922,9,7,5,24059,11797,33207,19,20,40703,17410,265,56,21,328,0,11,1,0.3684210526315789,0.28
tv-SDc_ivQTDgDo7EBz6lYoUZgD7uUJFyy1U5NIdVBJqzmg,RainBowRighLight,4536119746,mid,2151,15,3,6,51942,20631,34635,27,32,40843,17774,252,8,0,325,1,12,5,0.4883720930232558,0.08333333333333333
UNO0efFEi2BJB0gSPzxvYAImca2dDxOYfq-QDMTFanBa,오메가루테인,4424165067,mid,2470,14,8,18,90242,2865,12627,19,40,24360,19553,236,20,1,408,0,13,0,0.8,0.2222222222222222
KYnQpIVfbO1Tqj-nVZD2zVLjO-mwwSxgiyNfseQYaJ9t,채팅끄면편함,4546186613,mid,1634,1,5,3,13176,373,13939,23,8,15131,7791,133,4,0,47,2,12,2,0.23529411764705882,0.16666666666666666
mquwwoMN347p_O9DP2nYaNfXiXhb0dqBnb8ORct5tw0,애니비아로빚은술,4546186613,mid,1634,3,5,9,11879,4124,11033,23,22,16675,9012,128,27,0,386,3,11,0,0.4,0.29411764705882354
e6BlCkO4VVQbJ2uVegGFdm6xLmbF56efMOgM85kxB-Uihj6G0YnCgs8K,FG Pony,4532814781,mid,4747,7,14,21,52546,27405,73346,53,125,62641,25345,317,64,0,1190,1,32,0,0.4745762711864407,0.175
JhlGuWXYNCM3o12XFSnbnio52yhzqr0YR1zKYdWEuX6zA81rkUHpk2c5,연세대킹카,4544474736,mid,1954,8,8,7,23965,7593,26912,27,22,24427,15977,236,20,12,109,2,12,2,0.38461538461538464,0.24242424242424243
f98mwbzi4-nxx_VnuOZFY_Pg9dVJGKRwMVEGbe1TCGHs,박용장,4540184267,mid,1824,6,11,8,21753,3873,51773,4,86,32926,10570,149,0,0,619,0,2,0,0.56,0.25
T8M6NO0QhETLrJVA3wGz7s1CraqiGVKZzMJU9RBRMIR3W6UmVnvEi9O_,xihoo,4540184267,mid,1824,9,11,5,16299,3968,13375,7,4,30967,10376,92,8,0,37,0,4,0,0.32558139534883723,0.44
8k7B0B_KbXWuwWNJPoJLbk1dDHhUA1Z7qwi_r94dSJpHGuo,뽀송뽀송한돼지,4547623366,mid,2314,5,9,6,23259,8356,56971,34,21,45806,14820,253,8,4,43,2,11,6,0.36666666666666664,0.3103448275862069
MssPO3X85NiWjLllguOjlRKmOGRtkjRsJ1_4SU_hJROL89g,쇄골접기,4547623366,mid,2314,8,10,6,26854,5990,14901,33,29,26990,17218,222,76,13,125,3,15,7,0.4827586206896552,0.3333333333333333
Q_QF1PjQibGGA9zKTTnVZN_UvZXUh_elmGNFaU1eKc_a8IQ,종로구 해바라기,4546617242,mid,1542,5,7,4,15144,1799,16467,5,16,17324,8859,160,0,0,127,0,6,0,0.42857142857142855,0.2413793103448276
SRUd7KeI6JgVV1rh5GoJJH-b0tYDeMe2F4kFXZdbDtEs3LiCEOOsDx00,정액정자,4424150739,mid,1682,10,6,9,28766,3176,11234,13,40,17798,11608,141,16,0,198,0,9,1,0.48717948717948717,0.2222222222222222
gXkW_cZY7X-SwVJMu-nfwCQoPc6eMRjO9N7jn7GjIju9,탑솔럴,4424150739,mid,1682,2,11,6,12544,5439,19649,23,15,27029,8579,130,8,0,62,4,12,1,0.2962962962962963,0.28205128205128205
mfFcVmrXRwPyJWg8C0GaxASlRmLzb8XEBHoTWq-JxtG6jV8,쏭쏭이,4547204545,mid,2136,5,7,11,17906,747,27659,29,29,25046,9988,106,13,0,88,3,14,2,0.37209302325581395,0.3181818181818182
x2x-OJ42Nod3IihOjXIQVT-L9p6opBaNEsItj9bmkeqU,아갈빡딱대,4201387606,mid,1420,1,0,11,8471,2044,11248,19,28,13744,7774,129,10,2,459,2,7,0,0.4444444444444444,0
lrAoT3VPX2QC1ghxX_sNoCcRlyvL0iLDb4dI8R88dXCS,그노나대,4508764086,mid,1788,6,6,9,15677,2786,6082,14,21,16321,10022,120,8,0,49,0,7,2,0.5172413793103449,0.25
aXAPyyYQ3z5yg-t9x0xg6h4i8eZ5CB8a6d14WBJrj0Y6kyQ,넵넵치킨,4508764086,mid,1788,7,4,7,18966,4778,12043,16,13,24998,11409,179,8,0,33,3,6,2,0.6086956521739131,0.13793103448275862
SrAfUQB4-teh841TTA9BPdW9ht9Op6apoig2VuLBaj8S,김 효 남,4538654964,mid,1954,9,12,12,25324,6213,33799,27,32,34073,12363,163,12,0,175,2,10,3,0.7,0.2857142857142857
3wISGtJEu4uChpJZAFVkydRB_EKUifsKySvNh0CHy3Zo,글로벌SW융합전공,4499141165,mid,1889,10,3,1,17640,2589,25486,27,8,21823,12715,186,10,4,76,3,12,3,0.5238095238095238,0.12
sAvaR_SHbCGxtygZUTpddBpU4kE_Nrw3VTsQ4RyvXlL3Kf0,Dawon2,4543342507,mid,1381,2,5,1,8732,1397,6464,12,2,15272,6365,108,0,0,125,1,7,2,0.25,0.18518518518518517
DT9Z9WXgP5GMUy7pfwgTOAp7AIL-FPauCvqRDNrvFHFoNwc,MAMM,4543342507,mid,1381,6,1,4,17390,2420,4250,21,39,9388,9504,162,0,0,176,3,5,6,0.37037037037037035,0.08333333333333333
0UkJovMYeSd_hGkErpCVLf8sByENusHZiiv7XN6YvbPVLO8P5q3_8_s5,cs먹게해줘,4517064672,mid,1598,4,3,6,13487,1045,7378,22,14,14367,10063,195,5,0,252,2,9,1,0.4,0.0967741935483871
ykxriJSFLnxMOtsRXOUU6MGVv5qm7sq6OHI5EGq69Yx58bY,김루띠,4475721142,mid,1256,4,1,6,16856,420,1862,13,11,4709,9165,146,4,4,103,3,6,1,0.43478260869565216,0.08333333333333333
vWfEzQN8YsJX6Gr4w5Iidevb2VBAzNBTeNxIGucoEemXi8k,흔한컨트롤러,4475721142,mid,1256,3,4,0,4936,4028,8244,4,7,14586,6670,131,4,0,141,0,3,0,0.25,0.17391304347826086
PLYe-oy8gBp9i1fXs_lbyc2bl-x-aoqrZTz6UitAdKuwW2FXlFYPSwpB,주다사는 하니,4536022606,mid,1426,2,13,6,9661,1454,15632,8,11,20958,6213,82,0,0,79,0,4,2,0.3076923076923077,0.2708333333333333
gCNHa6UsYjVxBL7AY6zOD4RhQqCYvjJ5AajIyVHwHOPL,해물짜파구리,4466380368,mid,1714,15,5,9,47167,24887,47723,13,39,43024,16344,179,20,12,401,1,7,1,0.6,0.1388888888888889
5-IMS2D31Oy3H98F87miTWZtSTS02vMzhcmJPsmOCdo,Joon8Dragon,4252314817,mid,1226,3,4,4,9370,2505,7088,15,84,13692,7642,125,4,0,173,3,9,2,0.7777777777777778,0.14814814814814814
__4i1Fzim7LTJ6H7boDunj_-1nW7XCrmwRr4eKRodoU75q0,징벌치는원숭이,4510638832,mid,1558,4,10,4,15287,2029,8495,21,12,18840,6813,85,4,0,53,3,7,7,0.4444444444444444,0.24390243902439024
2YPHll2jp68kBjvC11WFiBivqapPBqjBwYW5Xu6s8IZkQU8, 랜선친구,4510638832,mid,1558,8,2,19,19792,13252,9411,19,48,23486,11375,160,4,0,301,1,7,3,0.6585365853658537,0.1111111111111111
T8DfnWESzs01_w-OlDNJMA3UhbvSYLhYoC9hOsyMeh4XddI,kmjkmjkmj12,4547891521,mid,2527,8,8,6,32157,2208,17510,36,5,29145,14100,201,17,5,157,15,15,5,0.4375,0.20512820512820512
oXW_oFm5U7oLWOZjac3o5F11xmxwBMJYLgqgdzQ48WoBENR9l7UvZBGf,미드학살잼,4547891521,mid,2527,14,6,10,39428,5315,18941,33,11,26800,17269,222,16,4,184,2,13,6,0.6153846153846154,0.1875
rjuUNrTvQeyyQNZDwMwKK-N47NVomAT_Plba17iUODjVPeE,기계병0r리,4545156271,mid,1478,0,4,4,12711,61,5538,10,17,10321,6682,112,0,0,130,0,7,0,0.26666666666666666,0.18181818181818182
eu6Q0SAJTcTe8Kg7_aOyuxxwwKXEoG36Eglqkswv0Jk3,돼리두지,4532380977,mid,1405,7,3,10,16745,54,4902,17,14,9254,9505,143,0,0,89,4,3,3,0.68,0.3333333333333333
llPmc7mVzyFHotd1kh_ED8JrJ0YfmTOelHLsyQ8MPXBQapEeo7I3SziO,초보세진,4532380977,mid,1405,2,3,1,2795,615,11998,10,6,14472,7391,129,0,0,47,0,6,2,0.3333333333333333,0.12
IItAzR8DEkD9u7cA8hWl3iF_Qkp7SEGQrkrs2oCOaqtigI75emmjjm3h,Ambiton팬,4544813109,mid,2052,12,9,9,24386,7932,22904,25,7,38246,15222,171,11,3,186,1,11,1,0.5384615384615384,0.16071428571428573
i8PIzVhj-sZpQrO-5Mm0RKN0tmO9FsqfB098TJAfwN19Lfg,Putnam,4544813109,mid,2052,9,6,15,27738,3331,16954,21,63,24754,13312,172,13,5,339,4,6,6,0.42857142857142855,0.15384615384615385
VS34y1_4Y19N0O5NixkkgbKkapo0GThzpkqmSiOkUVesXl8jQDBU9nfR,맛있는치즈돈까스,4520131694,mid,1911,5,2,10,16638,2149,31480,14,38,16539,11235,166,1,1,94,2,10,0,0.5555555555555556,0.13333333333333333
UWUfXVjHx2gXVzXghifU-d-r17GdBOYVZmtMa7kGa9g1cFIDeudZVTED,Suzukaze Aoba,4520131694,mid,1911,3,5,2,15768,3391,10169,18,21,19522,9896,174,16,0,160,0,9,1,0.3333333333333333,0.18518518518518517
iduyZK96ZpXUbjpPRRBSaQHSJVlDnBKDBw75mz-RUjzN,예측왕,4548500873,mid,1924,4,9,5,19070,2905,12376,13,24,20990,10783,169,15,0,360,3,13,0,0.36,0.225
RpbXCXy3jSGjDfHUE14tTM8ZNWJG33EL2u1sXJdgATo5,불건전띠,4548500873,mid,1924,10,3,8,20626,8695,10087,23,14,20689,13893,199,20,8,28,3,5,7,0.45,0.12
WY1LfRgpoJ32sHI4D0iOIN3AZTXsU1VZQM3g4qjRCitg1imawmtwhUCm,xijinping erzi,4548257380,mid,1820,4,10,7,12942,4866,12254,26,1,25650,8404,92,4,0,28,4,12,3,0.3235294117647059,0.18181818181818182
9KcN9iTmX6t8c45POJRS2oJzctrGFnY7pfggo4in_n0V4wZe4SoxliyG,야스오의충신동환,4548257380,mid,1820,13,6,3,28109,2545,11846,10,6,24151,12719,139,8,4,57,0,6,1,0.2909090909090909,0.17647058823529413
x30AFwn4exFtRV9m6dqoXcMLMgc2znsdERiHVCou5n_WGeU4uik583ig,SKT T1 G0RI,4536682395,mid,1409,4,2,6,10400,2167,6952,25,17,11430,9857,153,0,0,87,3,10,1,0.2857142857142857,0.2857142857142857
-5eZ2arQb-AWPfJg1XN1Ry38BskyfxO6UGT-mJSW8DlRmkqiK8RuwpK2,유댕구0915,4535375376,mid,1922,4,16,6,13358,1239,13242,34,39,26777,8763,127,12,0,296,8,19,0,0.3448275862068966,0.4444444444444444
74Ka93yMvINJgmVvV0BtYyA-Jq0PmF7cupU6SUYNLONHiGpIP9XIW1HR,스피드왕버드,4521352264,mid,1672,13,2,5,28761,2646,9662,9,7,15277,16007,265,8,0,119,0,4,1,0.45,0.09523809523809523
OWLOhN4b_uci_eBPUUq_zyAJie2p6L2Nd4gjGw29fH7lImU4RmMEc27G,179cm77kg18cm,4500116715,mid,2028,2,11,12,14006,7329,18623,10,26,30171,11603,155,10,0,235,1,6,2,0.5833333333333334,0.4074074074074074
bw5NtTnTvzzN8c_NSiye0a3K8hq0EfY0ek-C2pXTh0fNhi0,저승 제일입니다,4500116715,mid,2028,9,6,5,30488,5008,15757,37,9,25545,11653,187,0,0,151,5,8,7,0.5185185185185185,0.25
SHIGYOurmS1CQic7f9gaZ6fQIe4XW6L-buOHd9E_ormk,김나나s,4538583931,mid,1200,2,6,1,4639,979,4551,18,5,10913,5870,91,12,4,78,1,7,0,0.2727272727272727,0.3333333333333333
X0b5l5wZ1fcZ_cZ3qc6_RoF5qLhWFh7wOvewi_aoqMqOyr0,상남자다잉1,4538583931,mid,1200,5,0,1,9101,1457,3146,11,13,7003,7351,142,2,0,78,0,6,2,0.375,0
rJctD9m0C7vKpc8WNN4Mg2S7truCG_XmhVUWr4_ToPfR4CHvdNmQrhjR,롤해야지 롤,4536063480,mid,1607,1,4,3,10102,1349,6325,8,7,14883,7761,139,8,0,154,0,7,0,0.2222222222222222,0.14285714285714285
opc3R5G3GPJtytPTp86_0pCfyUnwFdMRZB8en9OfDM6pi9Y,멘붕노트,4536063480,mid,1607,5,4,2,13418,6867,11126,10,21,21318,9862,144,11,7,306,0,5,1,0.25,0.2222222222222222
iXSsmv15p1-tO-QG936Qktj5l7hcxbSA9kLYPVAicFh1K8OkSDcSlsVD,웁씌둡씌렛츠고,4518122280,mid,1452,7,5,4,17724,1827,9583,16,4,15512,8354,123,0,0,74,3,9,2,0.5789473684210527,0.16129032258064516
oLztldUnKywbasgmRXZyRyN09cq9Gov85wwvtiOaHpgp9dc,쉬딸기쉬바나,4518122280,mid,1452,16,3,9,29964,15407,24247,12,33,31217,14068,155,32,4,347,0,5,2,0.8064516129032258,0.15
bixUjVghfrQMqzvJJFf7LM3e1RgOTc5B82JQyXuYGuuWcuY,머핀먹고싶다,4512610322,mid,1827,9,6,3,20747,2875,16057,25,37,21489,12620,180,20,4,58,3,7,4,0.3333333333333333,0.3
YVen1yREKvobaMw6Znq1tSd3omZIbtPaxEGAQpbDQIXvV2mnS4Syz3FZ,츄달콤,4512610322,mid,1827,7,5,3,22675,7135,13822,10,21,27017,12668,231,5,0,114,2,6,2,0.5,0.1388888888888889
7CCgKQ7oh-kdu6IVaFm4UN4MERJTEtX7Vy5F8yBOzoG8GmU9cTrHk9L1,초코우유 라떼,4539230197,mid,1241,2,3,1,5705,849,4067,12,14,9307,6539,112,0,0,119,2,8,0,0.14285714285714285,0.25
PEXY124PbyA8bpXYr5oa4GgQ644qC-0ULZSpqXDbplr-UPY,환타한잔주세요,4477666819,mid,1704,7,0,3,13692,8858,13193,14,2,20797,10365,175,4,0,41,2,5,4,0.4166666666666667,0
HN4iLiUkLBoeQeGfWNlTEzlB-sLMEkJlIZFTdD0hLO7c,김 디자이너,4477666819,mid,1704,0,5,1,17681,1713,9772,10,10,11753,9280,216,12,0,210,0,9,0,0.16666666666666666,0.20833333333333334
-UUFc0b6QyICo4fsQYTRK5tBQK-l9NGDFBauNZ4Bb_Rn,논산조교,4540887002,mid,3208,15,7,11,64794,27757,94198,36,18,54477,26151,345,52,8,317,11,11,8,0.5416666666666666,0.14583333333333334
0nwJ3_wXdx8k0KLEVA7q0XgJcp4KUh2DS9TDMgQyROzXefYKTyZnO-jk,울서나,4540887002,mid,3208,17,11,9,33826,17580,65715,47,367,60038,18067,142,44,4,787,4,12,3,0.5531914893617021,0.22916666666666666
xLqzywlln3fl4lWnOH9QSrtEipM_vWhbRPFq57pB5QsSqxrquYRwNBBn,roster156,4539279058,mid,1900,14,6,2,21078,2469,12306,17,8,20174,13534,179,8,0,263,1,3,6,0.8421052631578947,0.1935483870967742
xxtuZU5xt5r_bjwWelx_zDK5sPYVX1n-gDB0SU5OHEhG,위대한남주뽕,4539279058,mid,1900,2,7,4,14596,1274,5949,11,8,14103,9550,169,4,0,152,0,6,2,0.1935483870967742,0.3684210526315789
f7MQgd4VwWwEM4RG_pvuxP_RpLtqvapqv36B5exasnp_XGTaAS1XDxYq,rhdcksgud,4547832234,mid,2047,0,6,0,4341,465,8497,2,9,12419,5470,38,0,0,62,0,2,0,0,0.15789473684210525
WFpsqPNPX2qrrkaMb4SH0k6vsl4KTU7lH50yFw4yryv_,두번째하는롤임,4529189124,mid,1677,7,6,4,17683,11917,23756,21,35,30191,9606,117,8,0,258,2,9,0,0.5238095238095238,0.15
KnOqzUxOap4AGKP081JH_EizH9wHq3Xs_wwTKYD0aGer,WalGwang,4529189124,mid,1677,4,5,8,17932,3812,18175,16,5,18499,10976,162,11,5,37,0,9,1,0.3,0.23809523809523808
NP9bMBAc4NVlDInWXBrldxs4mOLZsOj-6szT8x-2KtVFbuAv24xyjkuC,호나유당뇨,4547782668,mid,1410,6,2,8,15173,400,3004,20,17,7207,9148,122,16,5,188,2,9,1,0.42424242424242425,0.125
SHfFHs0HRVbPncNJqNlkMVmLpiMzS2SodiNZJAuVwlEEwI7iFKZHfNjL,고수될 남자,4547782668,mid,1410,8,7,4,13782,4216,10701,13,20,19333,11197,97,0,0,112,0,9,1,0.75,0.21212121212121213
500jnrxrgPRI-O55NIsdyeOV8txIQlsu6ljnsr_bKjuZcMrN9EJJ-KRN,I KTH I,4548326721,mid,1629,10,3,9,19779,6810,17600,17,15,21600,11734,168,8,4,60,0,8,3,0.5135135135135135,0.14285714285714285
cxiW1lBhc_VTwCN8RN180NYnKyEGcoAZ_Ags7TvxVBiOfyc,김민교보고배웠다,4500092277,mid,1225,4,3,3,8465,1981,5868,18,101,9274,8418,143,8,0,216,2,8,1,0.3181818181818182,0.3
cf-mTjLcVRdrIsFR11TTb0ZMM6q8IXqHpF9sT4yLfsM3jE0,알 룬 입니다 ,4500092277,mid,1225,6,6,3,11795,4013,13090,9,11,18847,7980,113,4,0,27,0,5,2,0.9,0.2727272727272727
m2VoBDWhHmnzNDF8GDyjZdhNZZAfmYD5ROkKEpbhjAj63cc,니 고모 할money,4495723097,mid,1798,8,7,7,26806,18990,31106,7,30,37332,12009,136,29,13,253,0,4,1,0.39473684210526316,0.30434782608695654
Arsme4f5S_4XZ81qcLIciAeZfgoOOrEoQh55os7hEB05,안씨네아들에해줘,4495723097,mid,1798,6,7,12,21349,1618,12223,18,6,21681,10740,131,4,0,92,0,9,3,0.782608695652174,0.1794871794871795
FjRq296zowbR70e9FF3_QztdR5Er-PwwaqqOw4RtukAMCB4,KerMiT90,4427723469,mid,1622,15,0,4,22105,4105,16244,21,6,9814,13453,170,24,0,42,1,9,3,0.6551724137931034,0
bWMoxJS1gaWwoONU_Z_puaxIh7gKFDIb5D6BhdUB4SS375U,소2소2,4427723469,mid,1622,0,6,1,6293,2267,6190,19,18,14066,7386,149,4,0,61,5,11,1,0.058823529411764705,0.20689655172413793
RVfcZ7X4kuYdpIHYDuWIxZlSKJJ6Br5m90Q27YgrNYHu,와우우우우우웅,4353405785,mid,2240,12,11,3,40804,997,11123,23,52,26115,13704,163,4,0,211,0,12,3,0.39473684210526316,0.22
u1K8s245BTAr-bev208UtXpg8cfii0GNIxyR8OFwwV0HaiesEGg-upZl,칼날퐁퐁 제드,4547179488,mid,2766,13,6,4,29432,6326,18089,66,12,30821,16298,231,11,0,159,3,31,12,0.4358974358974359,0.15384615384615385
N6AsnAUHOvkSesOaAHO9oINNWkt8UCs7UcjKN17aGwn4jPVwUNNpaIQz,ROKT Tiger,4547179488,mid,2766,12,9,9,27905,15969,40421,23,53,42624,17388,91,8,4,441,0,15,4,0.5384615384615384,0.23076923076923078
AVpd-LRjM8mOA2YoHgFk2SptEk7HegXKtzfd5vXyD9oiJ9Ak50aWZJSb,유사 럼블년,4518838090,mid,1537,7,7,10,19775,1947,15462,13,10,20459,9169,125,0,0,123,2,7,2,0.53125,0.35
vdAMWYeeyjR6NmQhkg6ELN0EPDkzQsglsRM7eO1G_dMc,딜도안넣을게,4518838090,mid,1537,4,6,3,15971,649,7139,14,36,18483,7830,118,4,0,208,2,6,2,0.35,0.1875
8Bu5g7RArWJ-Gzb_40pTgSUFuhwX84Hmg5mvE_ab5FbiywzXtJgT5KkM,뜨도니,4546368803,mid,1210,6,4,0,11539,4284,7217,16,14,14435,9056,93,0,0,80,2,8,7,0.6666666666666666,0.16666666666666666
kTwQ4TnBH9Tm2MwLLKhz6Go11UbTFCt3VqdDelfk-j5a-lo,bj봤냐,4534955321,mid,1605,14,4,13,37794,7953,7694,20,33,19844,13850,159,25,5,137,1,8,1,0.675,0.18181818181818182
3dRp3Tw2HTCzPil-0NBNMkKSyOf_kbo0eGsTzd5bvokePJM,평점의 신,4541398146,mid,1670,8,8,6,24904,3675,30911,6,9,41995,10470,128,8,0,94,0,4,1,0.5185185185185185,0.19047619047619047
YyL-GIo2WtWEkrhodlwihRSQPZZuNNOamPKYc73s9bfeaa4,마법소녀츄르릅,4542010833,mid,1619,3,7,3,13358,2510,7654,19,17,17106,8984,144,4,0,41,6,10,3,0.5454545454545454,0.25
OnM2-xP5XEJZwGblVEDzoBogpupIJp7slxEWcGkB4rpA2_fn5Afo7oxy,속박을즐겨라,4542010833,mid,1619,4,3,11,15452,4623,7993,20,57,13104,8315,112,4,0,167,3,11,1,0.5357142857142857,0.2727272727272727
m2FSLhJ4CROSNZ82gnRRT2iSn7euv-GvsngBBUMLj1_k,뭉글숭이,4314316843,mid,1464,4,0,4,13088,1077,3003,23,15,6165,9011,173,4,0,78,4,12,2,0.47058823529411764,0
_DH2Dl6_5z6c4zXqBPRcl3CI0PXT65AJgeyIVjMl7hnn,스타콜,4314316843,mid,1464,3,3,0,5068,1036,11082,11,5,11186,7996,169,0,0,60,2,6,1,0.375,0.17647058823529413
_zwkN0wMVoXlz_rp7obeHLm45G0cBkIowEvBFjQTR9CoI4SFuMhxvatP,햄버거불고기도둑,4543901160,mid,1632,11,5,4,16053,10872,18718,29,3,24202,12422,166,30,15,48,2,7,3,0.40540540540540543,0.3125
9c66U8K7zNISR9DSsgdV1eBbLtnNCTF49OkPcCEFt7npd06TAHfebdEB,김치복음밥새우,4542823380,mid,1631,4,8,3,8958,1575,13486,16,17,16046,10525,171,4,0,112,0,8,4,0.3333333333333333,0.2222222222222222
7j6QrLrYYJNCY3F0NFuquuyBWPv9oFcEQlCT-PFb2BQkrxE,승수존못,4539951479,mid,1571,2,8,5,9598,772,14176,12,16,20677,7408,104,0,0,114,0,8,0,0.4375,0.21052631578947367
nEADiLJGJv5_S3YG9JZA26rFZ8KBxsfCxHDLbWeTHjnB,심해의수호자,4539951479,mid,1571,6,5,4,16935,745,9916,32,39,13381,10141,135,16,0,337,3,10,2,0.2631578947368421,0.3125
kuMTj2P5cpNdiqEI8coD0QDw1K9wWKjVWuw3ctziQL27,누구냔,4543972297,mid,1875,10,4,6,20800,988,6749,23,35,17738,12060,141,28,0,552,2,12,2,0.5333333333333333,0.17391304347826086
TVpCVtTj81vNGFyQCfBnTir0AYOgYqaxO3tVmChu5moiusU,민트초코티라미수,4543972297,mid,1875,5,7,9,16317,3109,7490,22,14,17458,11025,155,4,0,31,4,7,3,0.6086956521739131,0.23333333333333334
vxHxh1lYtFOITgWLa-gh6jhTPCNDHC2_P9dAeWh3xrpXiRlJ6swwyIaE,참외에몽,4532684952,mid,1548,3,6,6,12121,5939,11203,22,11,25553,6816,104,0,0,188,1,8,3,0.5625,0.2727272727272727
O8j1qs_yiy_01GWIIxXojUMM7wXcnY1leNf-tBgFsPUW,멘 탈 왕 자 님,4501432684,mid,1484,5,13,5,14517,159,8149,15,21,20215,10259,130,4,0,270,2,8,2,0.45454545454545453,0.52
A21I92bApyeyDmereIhJk7twV506v1iNojNYHc56-jH7IOM,유민주택000,4504346068,mid,1459,2,8,8,7247,1647,7062,15,3,18118,7754,103,6,0,17,0,7,2,0.30303030303030304,0.3076923076923077
N6JGSSatwcgCDbwmog_BXoQnrAQkuvb69f59TS_dKSqW,zzzzzzlzlzzzlz,4504346068,mid,1459,5,5,3,17265,0,9055,7,40,13011,9196,140,0,0,332,0,5,0,0.3076923076923077,0.15151515151515152
5a_t7rm0asmG3n_cDQ_POaxbhcjTXKgpYG8YClXqdqZtFWXkbU7nr_w7,맞는소리,4548811718,mid,1508,3,3,0,16529,85,4806,11,20,6732,8519,153,0,0,154,0,8,0,0.3333333333333333,0.2
whGF22RsU5OtZXbxKJ5_UTFpD0kATm1eIdRAfB4cwdEg57Xn-4Pxj5pH,vbae,4548811718,mid,1508,1,1,4,5101,1542,4666,10,9,12742,7240,103,4,0,18,0,6,1,0.3333333333333333,0.1111111111111111
GypU_aVyI2MWrwrRXmxotN_D0l7MjXZ8OU6DTxW3MQLyifo,잿빛길,4536669654,mid,2075,4,1,17,22207,2517,42395,15,54,18893,10794,141,8,8,755,0,7,1,0.6176470588235294,0.06666666666666667
O4k8LWFgbcXSRULjbg9WY5gNn-90ADUgbBPN6m4jdB5SFwA,본책자5권,4536669654,mid,2075,6,7,5,37075,3112,10587,14,59,22366,12092,175,16,4,208,0,9,2,0.7333333333333333,0.20588235294117646
XLpQemy-U28hESmpVtZwYJd1fc52fExOFLqE6tGltWAVDJdoY0ALA2uF,세계일주솔,4542424515,mid,2117,8,2,15,22876,9910,16780,22,24,24872,11292,109,0,0,284,0,12,3,0.5897435897435898,0.08333333333333333
xofrWAIuwv0poeGWwl-TQgc0wMhkZLeOHc1t7YKLpXbR3PJK75F8A5bo,SADDIS,4543496293,mid,1892,9,1,6,27765,870,4721,15,27,7390,12815,169,17,1,208,0,11,1,0.40540540540540543,0.05263157894736842
vT3hY1N3SoRukd0x--jfl1hXo6cYD6Q_-9zZISdu-rXlfLL1i0cL8xIr,wvvwvwwvvwvvwvwv,4548802807,mid,1624,3,2,0,4195,182,4680,5,9,6397,5907,60,4,0,58,0,3,0,0.14285714285714285,0.05555555555555555
zzKTHSUI1g3CfD7Gro6Edshz7Hx5dqyi9cihMlq_k_V99EgCJa7C1o5m,섭뚜니,4532819731,mid,2435,12,5,5,19373,5121,15755,24,25,22983,17637,151,0,0,179,1,12,4,0.5862068965517241,0.1282051282051282
3x-RETbc8yC__MEPmSAYY5lft0et_TsBzii3i3MGoadhVe47fduZa9lr,어어어어아,4532819731,mid,2435,7,6,8,22160,8870,16093,27,15,26548,13337,197,9,5,18,1,10,5,0.38461538461538464,0.20689655172413793
-mMQnGghhE4fYHPucmH73vHzA974m5UlYO63dKzmXr3EJHw7BZMm5X4b,Re1zrd,4548245916,mid,1796,3,3,4,11884,6834,12109,22,3,18264,9340,204,0,0,58,3,11,2,0.3684210526315789,0.1
k7or9WQTO05V6Xkiay5r5O2XximliFam9PqG84FfdLwFuVE-bsBR575X,시에량,4548245916,mid,1796,10,0,7,20928,3872,16825,15,24,11357,13987,218,22,8,123,0,10,0,0.5666666666666667,0
288_7U4iS4Utms13125zMju9zqOMEfObNQog71ICyYoz,매력적이야Q,4519737754,mid,1625,15,2,10,34403,1854,10659,14,74,14301,14054,191,25,0,752,1,5,2,0.6097560975609756,0.125
qfhX5s-OmYgphzWdJ8P3-s9Cy6Ohe6OTt6gb9kLRnU5h_fI,곽세찌,4496251088,mid,2003,21,6,7,36758,5278,14633,12,7,25473,15460,148,8,0,110,0,4,1,0.5490196078431373,0.21428571428571427
eh-NYEpy7iqdPce-v3LdbUfo-cztZIfuT0whawiAcvGY,최고의가치는생명,4496251088,mid,2003,5,9,8,19351,1975,6919,9,35,25446,11729,127,4,0,226,1,6,1,0.48148148148148145,0.17647058823529413
YHwBNUPC-orpqVVFtXSLdBK_rduJz4_-nzbT3XgaOuFj5WQ,혜지야너를믿어,4536981969,mid,1835,8,4,7,17346,2291,9904,18,12,18897,12278,171,4,0,149,0,10,2,0.5555555555555556,0.10526315789473684
Z3Pq31tYBrxi_OYvcjTbktascSl9Jf3bDZbA56h40neU,탑오면무조건갱승,4440533517,mid,1210,2,3,4,4460,1740,9236,7,8,10169,7299,127,8,8,78,0,2,2,0.3333333333333333,0.42857142857142855
hCFnskgd6hY6gsCaLXdmrEBxzhrYVCj1keFEc0N0Ic0E,군대가머라구,4110041025,mid,2192,7,11,2,22202,3245,15172,29,5,27567,13592,197,10,4,116,3,13,4,0.21428571428571427,0.21153846153846154
lGbB370VWPY4vIea0yjnQM9PUxj0W4CBqPXmcUITYOf_d8I,p아이스커피p,4110041025,mid,2192,13,10,20,33066,6620,24870,34,28,33670,15999,145,8,4,322,3,16,1,0.6470588235294118,0.23809523809523808
u7jFKmdlDDKmAqaWZ4sjH4KxHiehXQaccArCNo2e56WX0W0,서어씨,4538397430,mid,1635,4,2,8,13009,2733,7877,14,18,11107,11171,192,20,0,154,0,9,1,0.36363636363636365,0.1111111111111111
vBN1HTvV-eqVzuTCVwQZfxrBTYBC7Ln3oCp3vR09yjqLtTc,아엄마한판만,4392295962,mid,2216,11,4,4,19717,9191,22118,36,3,26900,14545,192,16,1,121,5,10,6,0.4838709677419355,0.16
QuK1TZ_X9yTdkX5O9rvOXcDrlysUNwSMOZS-CHHYW2j1fCmB9coSedvn,곤룡1025,4392295962,mid,2216,7,8,5,31698,3578,23556,23,12,23193,14494,196,12,0,86,2,12,2,0.48,0.25806451612903225
8w_KcowH1JV0YberPb40UXBZBOAWniXdu_5mXcKOKrSSx-8W-M0aT0sy,기발한 아칼리,4546863526,mid,2102,6,5,3,15710,2258,31744,18,31,24349,12239,218,0,0,194,2,12,1,0.75,0.1724137931034483
JJA0P10oYBtD7PPcg-Sf95ocST-WzAk1ujWeBKm70BndTOc,에이비씨초콜릿,4546863526,mid,2102,2,4,9,12548,1875,16271,35,15,16001,13887,210,53,19,116,3,3,8,0.3793103448275862,0.3333333333333333
mu3D3HEuAVJDDM6A9irLYz6J7xkNwnx8Q7IJhJA3Mna-VkWk4U_s941p,balas,4548735583,mid,2200,17,12,10,32270,8882,20715,24,46,32639,18436,86,8,4,124,0,8,6,0.5294117647058824,0.26666666666666666
y31n0qpQocX52QRPbJZOhZaLSuv5tHUuR9LZVkN0tBYQbcE,llllIlIlllllll,4548735583,mid,2200,22,12,12,50490,15888,39455,18,10,53762,19129,162,12,0,147,0,7,4,0.7555555555555555,0.23529411764705882
tfxkRkXucIsw0JLjGtePa_hl3sfmGFlEXusUSV7r93aR,열린지갑,4541402247,mid,2737,12,9,12,25481,18533,27963,22,39,51877,17872,214,16,4,190,5,12,2,0.42857142857142855,0.2571428571428571
8w51ChdvsU5EXPwFR3IQSeoDyiFetqhBw5Mj3Z5k85E,교대역현피가능,4509526698,mid,1616,7,3,8,19563,2338,5193,22,30,13050,11999,187,13,1,242,2,10,2,0.42857142857142855,0.2
N2OINSUBqud8QFvLYCXrGg3n0ujyP3ypsRNnNcQL6_taDy3YEElQw3HX,Pajamas,4529429444,mid,1601,2,3,9,17891,3314,7933,27,1,16086,8568,139,8,0,191,4,13,2,0.3235294117647059,0.11538461538461539
uB_TEiZiBNK-lDxrKe1W3OyI_JEEw7eh08fvdCxWhsxLfVY,신소재 지미니,4498321863,mid,2027,11,5,3,23950,1744,8570,13,34,18640,14845,217,24,0,204,2,9,4,0.5185185185185185,0.14705882352941177
1GyiUeHXcAq3fmDpX8n3VD0Ztr6dey2q4ZfV0RKiI9ibbUk,황원석,4498321863,mid,2027,5,5,2,13089,10160,16333,64,13,26767,10779,148,20,0,83,1,11,10,0.20588235294117646,0.18518518518518517
nLZ1A37Hc2Jukm8rmvCJJg1g1Q4IosbA5y-5NsvzMoMYxjk,참회하는사람,4539657352,mid,1596,7,2,6,17217,11506,19831,9,48,20354,11738,153,12,8,431,2,4,1,0.3939393939393939,0.125
s0lHZkJx0-v_eUv59KhKTfismu8PoXBvln4K0t6hjnT0Ojpxz7cxFo-Q,물맛 메로나,4539657352,mid,1596,4,8,3,19805,11253,20100,12,21,30138,8765,149,14,0,201,0,6,2,0.4375,0.24242424242424243
Sg8WM3kwEcX9eHncGI__VxNHpbFg5XpAutnNqif9Yjij,부관 등,4546320050,mid,1247,0,2,2,3219,0,4247,13,5,6746,6863,186,4,0,185,2,8,1,0.5,0.1
bKL2eAI5XkZGk6bq-Ffy7eo4Kz2awEC4QpWe_wVnGdDFGto,GGulDDack,4546240446,mid,1823,5,9,3,18242,3034,8555,12,25,22007,9635,117,28,0,146,0,7,1,0.22857142857142856,0.42857142857142855
D1gUQn47bcEBEEOrXzsOWFTS8SXYnyWK3mSKqVqiirXAhEmoZWV5b5lG,용의기운,4546240446,mid,1823,12,6,1,23021,10720,38601,13,28,34249,11468,120,16,4,264,0,9,0,0.6190476190476191,0.17142857142857143
Mj6hUfYw8oEQ0mscI0GpPbpIln_iKKQb6_-J3ACmHtJlwm6RP39sepYx,노약석터줏대감기,4487361693,mid,1637,8,4,8,24554,1701,11732,8,9,17950,11206,171,8,4,171,4,9,1,0.6956521739130435,0.26666666666666666
Ft9_FX4gU6KNY86t-VXHZCdlDOiRSL2otL6uMWq5xtJlmo0qigNKENgi,2001 12 23,4487361693,mid,1637,3,8,6,9951,5939,18483,14,10,22845,8641,151,4,0,361,4,4,4,0.6,0.34782608695652173
3XDA_o3w5DczJT94MRE0sZeRkFDbW_ADUnRS8I4rJY7XBIw,잠자리랑 잠자리,4544477643,mid,2015,11,13,5,24177,9045,37119,12,22,41150,14599,238,8,8,73,1,9,1,0.5925925925925926,0.30952380952380953
HBi6Okiu1-Pag06ptDpppkIqZrvGHYDAsyFee9oOJYWuRiQeNpUmAmJo,살생부만든친구,4544477643,mid,2015,11,6,10,24873,4524,13214,31,3,22558,14089,146,11,0,82,3,7,11,0.5,0.2222222222222222
3SSBqOgQF1Q6IHeGZlUGVVTOed6gz7DUFStvS4gS0diZ,내서읍사무소,4544976040,mid,2571,8,12,24,34411,4420,15329,32,64,32810,14608,157,8,0,351,5,12,4,0.6808510638297872,0.2608695652173913
YNdCXE0U9Xd4qQKFHpvKCDUnIXvrDpGj2qqHeKp0TiyNH-LqL0tDmUKd,탑 미드 혜지,4544976040,mid,2571,13,10,11,28554,11808,27169,21,4,36606,15113,152,21,1,51,5,7,4,0.5217391304347826,0.2127659574468085
ris1BbThEUTsWjSOk_-h0fGiZFGXhiTVQL3kAyUmjXKsBHQ,잉쁘닝,4548051388,mid,2515,9,8,7,16784,9858,25891,22,2,31173,15245,204,0,0,18,0,11,3,0.38095238095238093,0.22857142857142856
5yxmSrW1_aX7-8Td1DiYdCCbISrxsBpX2wG7oM07c6EeAt8,몽실몽실한 구름,4543463700,mid,1826,5,2,12,26297,12433,14813,21,27,24034,13040,198,48,4,78,1,8,2,0.53125,0.09523809523809523
